SubjectID,ToolInstances,ServerTimestamp,ServerTimezone,CourseID,AssignmentID,ProblemID,CodeStateID,IsEventOrderingConsistent,EventType,Score,Compile.Result,CompileMessageType,CompileMessageData,EventID,Order,ParentEventID
13b34a353ac9ea6554f0bfc998b55f394ed800dfc03b32dc37d311d2551a5749,Java 8; CodeWorkout,2019-09-30T13:40:47,0,CS 1,439,1,ce77c44db61888b7aae610a0c5a97896feccdf349d6a4c3bab196ea292ad32c3,True,Run.Program,0.0,,,,168634,168634,
13b34a353ac9ea6554f0bfc998b55f394ed800dfc03b32dc37d311d2551a5749,Java 8; CodeWorkout,2019-09-30T13:40:47,0,CS 1,439,1,ce77c44db61888b7aae610a0c5a97896feccdf349d6a4c3bab196ea292ad32c3,True,Compile,,Error,,,168635,168635,168634.0
13b34a353ac9ea6554f0bfc998b55f394ed800dfc03b32dc37d311d2551a5749,Java 8; CodeWorkout,2019-09-30T13:40:47,0,CS 1,439,1,ce77c44db61888b7aae610a0c5a97896feccdf349d6a4c3bab196ea292ad32c3,True,Compile.Error,,,SyntaxError,line 3: error: bad operand types for binary operator '<=',168636,168636,168635.0
13b34a353ac9ea6554f0bfc998b55f394ed800dfc03b32dc37d311d2551a5749,Java 8; CodeWorkout,2019-09-30T13:41:03,0,CS 1,439,1,80d95468bf2b8fc56e16f7a323725bf38b6a4f2660052b74b4e638eebe836e1c,True,Run.Program,0.0,,,,168637,168637,
13b34a353ac9ea6554f0bfc998b55f394ed800dfc03b32dc37d311d2551a5749,Java 8; CodeWorkout,2019-09-30T13:41:03,0,CS 1,439,1,80d95468bf2b8fc56e16f7a323725bf38b6a4f2660052b74b4e638eebe836e1c,True,Compile,,Error,,,168638,168638,168637.0
13b34a353ac9ea6554f0bfc998b55f394ed800dfc03b32dc37d311d2551a5749,Java 8; CodeWorkout,2019-09-30T13:41:03,0,CS 1,439,1,80d95468bf2b8fc56e16f7a323725bf38b6a4f2660052b74b4e638eebe836e1c,True,Compile.Error,,,SyntaxError,line 3: error: illegal start of type. ,168639,168639,168638.0
13b34a353ac9ea6554f0bfc998b55f394ed800dfc03b32dc37d311d2551a5749,Java 8; CodeWorkout,2019-09-30T13:41:03,0,CS 1,439,1,80d95468bf2b8fc56e16f7a323725bf38b6a4f2660052b74b4e638eebe836e1c,True,Compile.Error,,,SyntaxError,line 3: error: illegal start of expression. ,168640,168640,168638.0
13b34a353ac9ea6554f0bfc998b55f394ed800dfc03b32dc37d311d2551a5749,Java 8; CodeWorkout,2019-09-30T13:41:03,0,CS 1,439,1,80d95468bf2b8fc56e16f7a323725bf38b6a4f2660052b74b4e638eebe836e1c,True,Compile.Error,,,SyntaxError,line 3: error: illegal start of expression. ,168641,168641,168638.0
13b34a353ac9ea6554f0bfc998b55f394ed800dfc03b32dc37d311d2551a5749,Java 8; CodeWorkout,2019-09-30T13:41:03,0,CS 1,439,1,80d95468bf2b8fc56e16f7a323725bf38b6a4f2660052b74b4e638eebe836e1c,True,Compile.Error,,,SyntaxError,line 3: error: illegal start of type. ,168642,168642,168638.0
13b34a353ac9ea6554f0bfc998b55f394ed800dfc03b32dc37d311d2551a5749,Java 8; CodeWorkout,2019-09-30T13:41:03,0,CS 1,439,1,80d95468bf2b8fc56e16f7a323725bf38b6a4f2660052b74b4e638eebe836e1c,True,Compile.Error,,,SyntaxError,line 3: error: illegal start of expression. ,168643,168643,168638.0
13b34a353ac9ea6554f0bfc998b55f394ed800dfc03b32dc37d311d2551a5749,Java 8; CodeWorkout,2019-09-30T13:41:03,0,CS 1,439,1,80d95468bf2b8fc56e16f7a323725bf38b6a4f2660052b74b4e638eebe836e1c,True,Compile.Error,,,SyntaxError,line 3: error: ';' expected. ,168644,168644,168638.0
13b34a353ac9ea6554f0bfc998b55f394ed800dfc03b32dc37d311d2551a5749,Java 8; CodeWorkout,2019-09-30T13:41:03,0,CS 1,439,1,80d95468bf2b8fc56e16f7a323725bf38b6a4f2660052b74b4e638eebe836e1c,True,Compile.Error,,,SyntaxError,line 4: error: not a statement. ,168645,168645,168638.0
13b34a353ac9ea6554f0bfc998b55f394ed800dfc03b32dc37d311d2551a5749,Java 8; CodeWorkout,2019-09-30T13:41:03,0,CS 1,439,1,80d95468bf2b8fc56e16f7a323725bf38b6a4f2660052b74b4e638eebe836e1c,True,Compile.Error,,,SyntaxError,line 6: error: 'else' without 'if',168646,168646,168638.0
13b34a353ac9ea6554f0bfc998b55f394ed800dfc03b32dc37d311d2551a5749,Java 8; CodeWorkout,2019-09-30T13:41:19,0,CS 1,439,1,3f9db63cfc3cc0370de8b3b84796e7248e22a76c87b1bdc2804c968ba3584018,True,Run.Program,0.0,,,,168647,168647,
13b34a353ac9ea6554f0bfc998b55f394ed800dfc03b32dc37d311d2551a5749,Java 8; CodeWorkout,2019-09-30T13:41:19,0,CS 1,439,1,3f9db63cfc3cc0370de8b3b84796e7248e22a76c87b1bdc2804c968ba3584018,True,Compile,,Error,,,168648,168648,168647.0
13b34a353ac9ea6554f0bfc998b55f394ed800dfc03b32dc37d311d2551a5749,Java 8; CodeWorkout,2019-09-30T13:41:19,0,CS 1,439,1,3f9db63cfc3cc0370de8b3b84796e7248e22a76c87b1bdc2804c968ba3584018,True,Compile.Error,,,SyntaxError,line 3: error: bad operand types for binary operator '<=',168649,168649,168648.0
13b34a353ac9ea6554f0bfc998b55f394ed800dfc03b32dc37d311d2551a5749,Java 8; CodeWorkout,2019-09-30T13:41:37,0,CS 1,439,1,59fbc9e6462f445e004c3519793e399fdc947ab0ea3937b4096b3820e56716b6,True,Run.Program,0.0,,,,168650,168650,
13b34a353ac9ea6554f0bfc998b55f394ed800dfc03b32dc37d311d2551a5749,Java 8; CodeWorkout,2019-09-30T13:41:37,0,CS 1,439,1,59fbc9e6462f445e004c3519793e399fdc947ab0ea3937b4096b3820e56716b6,True,Compile,,Error,,,168651,168651,168650.0
13b34a353ac9ea6554f0bfc998b55f394ed800dfc03b32dc37d311d2551a5749,Java 8; CodeWorkout,2019-09-30T13:41:37,0,CS 1,439,1,59fbc9e6462f445e004c3519793e399fdc947ab0ea3937b4096b3820e56716b6,True,Compile.Error,,,SyntaxError,line 3: error: illegal start of expression. ,168652,168652,168651.0
13b34a353ac9ea6554f0bfc998b55f394ed800dfc03b32dc37d311d2551a5749,Java 8; CodeWorkout,2019-09-30T13:41:37,0,CS 1,439,1,59fbc9e6462f445e004c3519793e399fdc947ab0ea3937b4096b3820e56716b6,True,Compile.Error,,,SyntaxError,line 3: error: illegal start of expression,168653,168653,168651.0
13b34a353ac9ea6554f0bfc998b55f394ed800dfc03b32dc37d311d2551a5749,Java 8; CodeWorkout,2019-09-30T13:42:30,0,CS 1,439,1,49170daf29c2499813896219f49327f7de4e7bebfa8a1a7a98267ae4f0b77547,True,Run.Program,0.0,,,,168654,168654,
13b34a353ac9ea6554f0bfc998b55f394ed800dfc03b32dc37d311d2551a5749,Java 8; CodeWorkout,2019-09-30T13:42:30,0,CS 1,439,1,49170daf29c2499813896219f49327f7de4e7bebfa8a1a7a98267ae4f0b77547,True,Compile,,Error,,,168655,168655,168654.0
13b34a353ac9ea6554f0bfc998b55f394ed800dfc03b32dc37d311d2551a5749,Java 8; CodeWorkout,2019-09-30T13:42:30,0,CS 1,439,1,49170daf29c2499813896219f49327f7de4e7bebfa8a1a7a98267ae4f0b77547,True,Compile.Error,,,SyntaxError,line 3: error: bad operand types for binary operator '<',168656,168656,168655.0
13b34a353ac9ea6554f0bfc998b55f394ed800dfc03b32dc37d311d2551a5749,Java 8; CodeWorkout,2019-09-30T13:42:45,0,CS 1,439,1,e735c9fbadb73644b97a431158541068f69f537a45f44202c51f8efe77475085,True,Run.Program,0.0,,,,168657,168657,
13b34a353ac9ea6554f0bfc998b55f394ed800dfc03b32dc37d311d2551a5749,Java 8; CodeWorkout,2019-09-30T13:42:45,0,CS 1,439,1,e735c9fbadb73644b97a431158541068f69f537a45f44202c51f8efe77475085,True,Compile,,Error,,,168658,168658,168657.0
13b34a353ac9ea6554f0bfc998b55f394ed800dfc03b32dc37d311d2551a5749,Java 8; CodeWorkout,2019-09-30T13:42:45,0,CS 1,439,1,e735c9fbadb73644b97a431158541068f69f537a45f44202c51f8efe77475085,True,Compile.Error,,,SyntaxError,line 3: error: bad operand types for binary operator '<=',168659,168659,168658.0
13b34a353ac9ea6554f0bfc998b55f394ed800dfc03b32dc37d311d2551a5749,Java 8; CodeWorkout,2019-09-30T13:44:28,0,CS 1,439,1,2a8eac5808a01f4787f3950edd826c728a680360764f12e9a46694456cb3ff4b,True,Run.Program,0.0,,,,168660,168660,
13b34a353ac9ea6554f0bfc998b55f394ed800dfc03b32dc37d311d2551a5749,Java 8; CodeWorkout,2019-09-30T13:44:28,0,CS 1,439,1,2a8eac5808a01f4787f3950edd826c728a680360764f12e9a46694456cb3ff4b,True,Compile,,Error,,,168661,168661,168660.0
13b34a353ac9ea6554f0bfc998b55f394ed800dfc03b32dc37d311d2551a5749,Java 8; CodeWorkout,2019-09-30T13:44:28,0,CS 1,439,1,2a8eac5808a01f4787f3950edd826c728a680360764f12e9a46694456cb3ff4b,True,Compile.Error,,,SyntaxError,line 3: error: ';' expected,168662,168662,168661.0
13b34a353ac9ea6554f0bfc998b55f394ed800dfc03b32dc37d311d2551a5749,Java 8; CodeWorkout,2019-09-30T13:44:37,0,CS 1,439,1,5e59cb928aeef15471abd8ee7109ff4e1118e6ea9a04d20d8327fddb08e4770b,True,Run.Program,0.0,,,,168663,168663,
13b34a353ac9ea6554f0bfc998b55f394ed800dfc03b32dc37d311d2551a5749,Java 8; CodeWorkout,2019-09-30T13:44:37,0,CS 1,439,1,5e59cb928aeef15471abd8ee7109ff4e1118e6ea9a04d20d8327fddb08e4770b,True,Compile,,Error,,,168664,168664,168663.0
13b34a353ac9ea6554f0bfc998b55f394ed800dfc03b32dc37d311d2551a5749,Java 8; CodeWorkout,2019-09-30T13:44:37,0,CS 1,439,1,5e59cb928aeef15471abd8ee7109ff4e1118e6ea9a04d20d8327fddb08e4770b,True,Compile.Error,,,SyntaxError,line 5: error: bad operand types for binary operator '<=',168665,168665,168664.0
13b34a353ac9ea6554f0bfc998b55f394ed800dfc03b32dc37d311d2551a5749,Java 8; CodeWorkout,2019-09-30T13:44:56,0,CS 1,439,1,c5f92ebadbf5e042e576e640a422b5cb37b40361fe3e62c838926a915bd5caf8,True,Run.Program,1.0,,,,168666,168666,
13b34a353ac9ea6554f0bfc998b55f394ed800dfc03b32dc37d311d2551a5749,Java 8; CodeWorkout,2019-09-30T13:44:56,0,CS 1,439,1,c5f92ebadbf5e042e576e640a422b5cb37b40361fe3e62c838926a915bd5caf8,True,Compile,,Success,,,168667,168667,168666.0
13b34a353ac9ea6554f0bfc998b55f394ed800dfc03b32dc37d311d2551a5749,Java 8; CodeWorkout,2019-09-30T13:47:33,0,CS 1,439,3,25b9591668eb92b0686522eb441975f959d04ce39672a964762e86b1d25fa17d,True,Run.Program,0.0,,,,168668,168668,
13b34a353ac9ea6554f0bfc998b55f394ed800dfc03b32dc37d311d2551a5749,Java 8; CodeWorkout,2019-09-30T13:47:33,0,CS 1,439,3,25b9591668eb92b0686522eb441975f959d04ce39672a964762e86b1d25fa17d,True,Compile,,Error,,,168669,168669,168668.0
13b34a353ac9ea6554f0bfc998b55f394ed800dfc03b32dc37d311d2551a5749,Java 8; CodeWorkout,2019-09-30T13:47:33,0,CS 1,439,3,25b9591668eb92b0686522eb441975f959d04ce39672a964762e86b1d25fa17d,True,Compile.Error,,,SyntaxError,line 5: error: not a statement,168670,168670,168669.0
13b34a353ac9ea6554f0bfc998b55f394ed800dfc03b32dc37d311d2551a5749,Java 8; CodeWorkout,2019-09-30T13:47:49,0,CS 1,439,3,81714218255d4a59d12d95f85f6432c74630b0539f7c8aedc60f80e08a3e67bb,True,Run.Program,0.625,,,,168671,168671,
13b34a353ac9ea6554f0bfc998b55f394ed800dfc03b32dc37d311d2551a5749,Java 8; CodeWorkout,2019-09-30T13:47:49,0,CS 1,439,3,81714218255d4a59d12d95f85f6432c74630b0539f7c8aedc60f80e08a3e67bb,True,Compile,,Success,,,168672,168672,168671.0
13b34a353ac9ea6554f0bfc998b55f394ed800dfc03b32dc37d311d2551a5749,Java 8; CodeWorkout,2019-09-30T13:48:51,0,CS 1,439,3,5de3c3156adae5456569a46f484d223fc31b266c94fe70f708a0de06d531b8bd,True,Run.Program,0.0,,,,168673,168673,
13b34a353ac9ea6554f0bfc998b55f394ed800dfc03b32dc37d311d2551a5749,Java 8; CodeWorkout,2019-09-30T13:48:51,0,CS 1,439,3,5de3c3156adae5456569a46f484d223fc31b266c94fe70f708a0de06d531b8bd,True,Compile,,Error,,,168674,168674,168673.0
13b34a353ac9ea6554f0bfc998b55f394ed800dfc03b32dc37d311d2551a5749,Java 8; CodeWorkout,2019-09-30T13:48:51,0,CS 1,439,3,5de3c3156adae5456569a46f484d223fc31b266c94fe70f708a0de06d531b8bd,True,Compile.Error,,,SyntaxError,line 9: error: missing return statement,168675,168675,168674.0
13b34a353ac9ea6554f0bfc998b55f394ed800dfc03b32dc37d311d2551a5749,Java 8; CodeWorkout,2019-09-30T13:49:07,0,CS 1,439,3,9a8d759961ae3aa95ca5f2a8fb17c16f0edaa231e8072c8ccae5ab131a62c350,True,Run.Program,0.6875,,,,168676,168676,
13b34a353ac9ea6554f0bfc998b55f394ed800dfc03b32dc37d311d2551a5749,Java 8; CodeWorkout,2019-09-30T13:49:07,0,CS 1,439,3,9a8d759961ae3aa95ca5f2a8fb17c16f0edaa231e8072c8ccae5ab131a62c350,True,Compile,,Success,,,168677,168677,168676.0
13b34a353ac9ea6554f0bfc998b55f394ed800dfc03b32dc37d311d2551a5749,Java 8; CodeWorkout,2019-09-30T13:49:14,0,CS 1,439,3,046fea86d65560c5c2bdaf09596bf32d2dddbac76580b95bcd553ebb3a78f6b3,True,Run.Program,0.6875,,,,168678,168678,
13b34a353ac9ea6554f0bfc998b55f394ed800dfc03b32dc37d311d2551a5749,Java 8; CodeWorkout,2019-09-30T13:49:14,0,CS 1,439,3,046fea86d65560c5c2bdaf09596bf32d2dddbac76580b95bcd553ebb3a78f6b3,True,Compile,,Success,,,168679,168679,168678.0
13b34a353ac9ea6554f0bfc998b55f394ed800dfc03b32dc37d311d2551a5749,Java 8; CodeWorkout,2019-09-30T13:49:55,0,CS 1,439,3,aa5724b7fc94c51eada1e624c2ef70509712b7fff287353aa5ac9bcf120ca6f6,True,Run.Program,0.0,,,,168680,168680,
13b34a353ac9ea6554f0bfc998b55f394ed800dfc03b32dc37d311d2551a5749,Java 8; CodeWorkout,2019-09-30T13:49:55,0,CS 1,439,3,aa5724b7fc94c51eada1e624c2ef70509712b7fff287353aa5ac9bcf120ca6f6,True,Compile,,Error,,,168681,168681,168680.0
13b34a353ac9ea6554f0bfc998b55f394ed800dfc03b32dc37d311d2551a5749,Java 8; CodeWorkout,2019-09-30T13:49:55,0,CS 1,439,3,aa5724b7fc94c51eada1e624c2ef70509712b7fff287353aa5ac9bcf120ca6f6,True,Compile.Error,,,SyntaxError,line 6: error: ';' expected,168682,168682,168681.0
13b34a353ac9ea6554f0bfc998b55f394ed800dfc03b32dc37d311d2551a5749,Java 8; CodeWorkout,2019-09-30T13:49:59,0,CS 1,439,3,bac2cb535fc9d679e7a5417024adc81a0c6299c20de2ff0a0ad9f5015a190365,True,Run.Program,0.6875,,,,168683,168683,
13b34a353ac9ea6554f0bfc998b55f394ed800dfc03b32dc37d311d2551a5749,Java 8; CodeWorkout,2019-09-30T13:49:59,0,CS 1,439,3,bac2cb535fc9d679e7a5417024adc81a0c6299c20de2ff0a0ad9f5015a190365,True,Compile,,Success,,,168684,168684,168683.0
13b34a353ac9ea6554f0bfc998b55f394ed800dfc03b32dc37d311d2551a5749,Java 8; CodeWorkout,2019-09-30T13:51:39,0,CS 1,439,3,36c53a6398f344877a8b9a0110c1c588c1d3d109290ed4dcaf22466b41941209,True,Run.Program,0.0,,,,168685,168685,
13b34a353ac9ea6554f0bfc998b55f394ed800dfc03b32dc37d311d2551a5749,Java 8; CodeWorkout,2019-09-30T13:51:39,0,CS 1,439,3,36c53a6398f344877a8b9a0110c1c588c1d3d109290ed4dcaf22466b41941209,True,Compile,,Error,,,168686,168686,168685.0
13b34a353ac9ea6554f0bfc998b55f394ed800dfc03b32dc37d311d2551a5749,Java 8; CodeWorkout,2019-09-30T13:51:39,0,CS 1,439,3,36c53a6398f344877a8b9a0110c1c588c1d3d109290ed4dcaf22466b41941209,True,Compile.Error,,,SyntaxError,line 3: error: ';' expected. ,168687,168687,168686.0
13b34a353ac9ea6554f0bfc998b55f394ed800dfc03b32dc37d311d2551a5749,Java 8; CodeWorkout,2019-09-30T13:51:39,0,CS 1,439,3,36c53a6398f344877a8b9a0110c1c588c1d3d109290ed4dcaf22466b41941209,True,Compile.Error,,,SyntaxError,line 5: error: ';' expected,168688,168688,168686.0
13b34a353ac9ea6554f0bfc998b55f394ed800dfc03b32dc37d311d2551a5749,Java 8; CodeWorkout,2019-09-30T13:51:49,0,CS 1,439,3,369e9563c1bfee13bb40575a57d62da2b4e7899a746992009405889fbc2c88b3,True,Run.Program,0.0,,,,168689,168689,
13b34a353ac9ea6554f0bfc998b55f394ed800dfc03b32dc37d311d2551a5749,Java 8; CodeWorkout,2019-09-30T13:51:49,0,CS 1,439,3,369e9563c1bfee13bb40575a57d62da2b4e7899a746992009405889fbc2c88b3,True,Compile,,Error,,,168690,168690,168689.0
13b34a353ac9ea6554f0bfc998b55f394ed800dfc03b32dc37d311d2551a5749,Java 8; CodeWorkout,2019-09-30T13:51:49,0,CS 1,439,3,369e9563c1bfee13bb40575a57d62da2b4e7899a746992009405889fbc2c88b3,True,Compile.Error,,,SyntaxError,line 5: error: unreachable statement,168691,168691,168690.0
13b34a353ac9ea6554f0bfc998b55f394ed800dfc03b32dc37d311d2551a5749,Java 8; CodeWorkout,2019-09-30T13:52:02,0,CS 1,439,3,879d0e419a724ffbbf002bb1242604fca7e9ccf9714531450f6caf2d31bce5a3,True,Run.Program,0.0,,,,168692,168692,
13b34a353ac9ea6554f0bfc998b55f394ed800dfc03b32dc37d311d2551a5749,Java 8; CodeWorkout,2019-09-30T13:52:02,0,CS 1,439,3,879d0e419a724ffbbf002bb1242604fca7e9ccf9714531450f6caf2d31bce5a3,True,Compile,,Error,,,168693,168693,168692.0
13b34a353ac9ea6554f0bfc998b55f394ed800dfc03b32dc37d311d2551a5749,Java 8; CodeWorkout,2019-09-30T13:52:02,0,CS 1,439,3,879d0e419a724ffbbf002bb1242604fca7e9ccf9714531450f6caf2d31bce5a3,True,Compile.Error,,,SyntaxError,line 5: error: unreachable statement,168694,168694,168693.0
13b34a353ac9ea6554f0bfc998b55f394ed800dfc03b32dc37d311d2551a5749,Java 8; CodeWorkout,2019-09-30T13:52:19,0,CS 1,439,3,1005851e614e23e1a4421e2d95958f1c2e6bf63d05293dbc29c82ec8ba2e945b,True,Run.Program,0.0,,,,168695,168695,
13b34a353ac9ea6554f0bfc998b55f394ed800dfc03b32dc37d311d2551a5749,Java 8; CodeWorkout,2019-09-30T13:52:19,0,CS 1,439,3,1005851e614e23e1a4421e2d95958f1c2e6bf63d05293dbc29c82ec8ba2e945b,True,Compile,,Error,,,168696,168696,168695.0
13b34a353ac9ea6554f0bfc998b55f394ed800dfc03b32dc37d311d2551a5749,Java 8; CodeWorkout,2019-09-30T13:52:19,0,CS 1,439,3,1005851e614e23e1a4421e2d95958f1c2e6bf63d05293dbc29c82ec8ba2e945b,True,Compile.Error,,,SyntaxError,line 5: error: unreachable statement,168697,168697,168696.0
13b34a353ac9ea6554f0bfc998b55f394ed800dfc03b32dc37d311d2551a5749,Java 8; CodeWorkout,2019-09-30T13:22:55,0,CS 1,439,5,c247f666349abc4b4674e754b60bc8af665a922f06d80c8db10fdc72f0bf0b43,True,Run.Program,0.0,,,,168580,168580,
13b34a353ac9ea6554f0bfc998b55f394ed800dfc03b32dc37d311d2551a5749,Java 8; CodeWorkout,2019-09-30T13:22:55,0,CS 1,439,5,c247f666349abc4b4674e754b60bc8af665a922f06d80c8db10fdc72f0bf0b43,True,Compile,,Error,,,168581,168581,168580.0
13b34a353ac9ea6554f0bfc998b55f394ed800dfc03b32dc37d311d2551a5749,Java 8; CodeWorkout,2019-09-30T13:22:55,0,CS 1,439,5,c247f666349abc4b4674e754b60bc8af665a922f06d80c8db10fdc72f0bf0b43,True,Compile.Error,,,SyntaxError,"line 14: error: reached end of file while parsing, maybe a missing delimiter or closing brace?",168582,168582,168581.0
13b34a353ac9ea6554f0bfc998b55f394ed800dfc03b32dc37d311d2551a5749,Java 8; CodeWorkout,2019-09-30T13:23:08,0,CS 1,439,5,e36d432620642064c4a43eaede3575fc8d04eed029d7bca2c35a53e0af1db4c7,True,Run.Program,0.0,,,,168583,168583,
13b34a353ac9ea6554f0bfc998b55f394ed800dfc03b32dc37d311d2551a5749,Java 8; CodeWorkout,2019-09-30T13:23:08,0,CS 1,439,5,e36d432620642064c4a43eaede3575fc8d04eed029d7bca2c35a53e0af1db4c7,True,Compile,,Error,,,168584,168584,168583.0
13b34a353ac9ea6554f0bfc998b55f394ed800dfc03b32dc37d311d2551a5749,Java 8; CodeWorkout,2019-09-30T13:23:08,0,CS 1,439,5,e36d432620642064c4a43eaede3575fc8d04eed029d7bca2c35a53e0af1db4c7,True,Compile.Error,,,SyntaxError,line 15: error: missing return statement,168585,168585,168584.0
13b34a353ac9ea6554f0bfc998b55f394ed800dfc03b32dc37d311d2551a5749,Java 8; CodeWorkout,2019-09-30T13:23:27,0,CS 1,439,5,ead315eac52ec9e1f3000d3bd7efda0fc7e4f17ceedab42b7ac13607175f3266,True,Run.Program,0.625,,,,168586,168586,
13b34a353ac9ea6554f0bfc998b55f394ed800dfc03b32dc37d311d2551a5749,Java 8; CodeWorkout,2019-09-30T13:23:27,0,CS 1,439,5,ead315eac52ec9e1f3000d3bd7efda0fc7e4f17ceedab42b7ac13607175f3266,True,Compile,,Success,,,168587,168587,168586.0
13b34a353ac9ea6554f0bfc998b55f394ed800dfc03b32dc37d311d2551a5749,Java 8; CodeWorkout,2019-09-30T13:25:20,0,CS 1,439,5,e27a082bb366608ca48543261d269ad68f4d903b1b8cd99cf0e7692348f38033,True,Run.Program,0.0,,,,168588,168588,
13b34a353ac9ea6554f0bfc998b55f394ed800dfc03b32dc37d311d2551a5749,Java 8; CodeWorkout,2019-09-30T13:25:20,0,CS 1,439,5,e27a082bb366608ca48543261d269ad68f4d903b1b8cd99cf0e7692348f38033,True,Compile,,Error,,,168589,168589,168588.0
13b34a353ac9ea6554f0bfc998b55f394ed800dfc03b32dc37d311d2551a5749,Java 8; CodeWorkout,2019-09-30T13:25:20,0,CS 1,439,5,e27a082bb366608ca48543261d269ad68f4d903b1b8cd99cf0e7692348f38033,True,Compile.Error,,,SyntaxError,"line 13: error: reached end of file while parsing, maybe a missing delimiter or closing brace?",168590,168590,168589.0
13b34a353ac9ea6554f0bfc998b55f394ed800dfc03b32dc37d311d2551a5749,Java 8; CodeWorkout,2019-09-30T13:25:32,0,CS 1,439,5,ea88734b4a9b00d00d3d812049b8bb254111ce8f46a9606aeb0298f50c52ae6e,True,Run.Program,0.0,,,,168591,168591,
13b34a353ac9ea6554f0bfc998b55f394ed800dfc03b32dc37d311d2551a5749,Java 8; CodeWorkout,2019-09-30T13:25:32,0,CS 1,439,5,ea88734b4a9b00d00d3d812049b8bb254111ce8f46a9606aeb0298f50c52ae6e,True,Compile,,Error,,,168592,168592,168591.0
13b34a353ac9ea6554f0bfc998b55f394ed800dfc03b32dc37d311d2551a5749,Java 8; CodeWorkout,2019-09-30T13:25:32,0,CS 1,439,5,ea88734b4a9b00d00d3d812049b8bb254111ce8f46a9606aeb0298f50c52ae6e,True,Compile.Error,,,SyntaxError,line 7: error: unreachable statement. ,168593,168593,168592.0
13b34a353ac9ea6554f0bfc998b55f394ed800dfc03b32dc37d311d2551a5749,Java 8; CodeWorkout,2019-09-30T13:25:32,0,CS 1,439,5,ea88734b4a9b00d00d3d812049b8bb254111ce8f46a9606aeb0298f50c52ae6e,True,Compile.Error,,,SyntaxError,line 14: error: missing return statement,168594,168594,168592.0
13b34a353ac9ea6554f0bfc998b55f394ed800dfc03b32dc37d311d2551a5749,Java 8; CodeWorkout,2019-09-30T13:25:53,0,CS 1,439,5,b65318f693a509df68ff79d92e17b9aa8052a751692bef4a8ebcf82e8db85f1e,True,Run.Program,0.0,,,,168595,168595,
13b34a353ac9ea6554f0bfc998b55f394ed800dfc03b32dc37d311d2551a5749,Java 8; CodeWorkout,2019-09-30T13:25:53,0,CS 1,439,5,b65318f693a509df68ff79d92e17b9aa8052a751692bef4a8ebcf82e8db85f1e,True,Compile,,Error,,,168596,168596,168595.0
13b34a353ac9ea6554f0bfc998b55f394ed800dfc03b32dc37d311d2551a5749,Java 8; CodeWorkout,2019-09-30T13:25:53,0,CS 1,439,5,b65318f693a509df68ff79d92e17b9aa8052a751692bef4a8ebcf82e8db85f1e,True,Compile.Error,,,SyntaxError,line 7: error: unreachable statement,168597,168597,168596.0
13b34a353ac9ea6554f0bfc998b55f394ed800dfc03b32dc37d311d2551a5749,Java 8; CodeWorkout,2019-09-30T13:26:38,0,CS 1,439,5,a68ef6dc7e5352aef13f71baa213e67ee6ba83fe3f0426707acfdaa7049bb0af,True,Run.Program,0.0,,,,168598,168598,
13b34a353ac9ea6554f0bfc998b55f394ed800dfc03b32dc37d311d2551a5749,Java 8; CodeWorkout,2019-09-30T13:26:38,0,CS 1,439,5,a68ef6dc7e5352aef13f71baa213e67ee6ba83fe3f0426707acfdaa7049bb0af,True,Compile,,Error,,,168599,168599,168598.0
13b34a353ac9ea6554f0bfc998b55f394ed800dfc03b32dc37d311d2551a5749,Java 8; CodeWorkout,2019-09-30T13:26:38,0,CS 1,439,5,a68ef6dc7e5352aef13f71baa213e67ee6ba83fe3f0426707acfdaa7049bb0af,True,Compile.Error,,,SyntaxError,line 17: error: illegal start of type. ,168600,168600,168599.0
13b34a353ac9ea6554f0bfc998b55f394ed800dfc03b32dc37d311d2551a5749,Java 8; CodeWorkout,2019-09-30T13:26:38,0,CS 1,439,5,a68ef6dc7e5352aef13f71baa213e67ee6ba83fe3f0426707acfdaa7049bb0af,True,Compile.Error,,,SyntaxError,line 17: error: ';' expected. ,168601,168601,168599.0
13b34a353ac9ea6554f0bfc998b55f394ed800dfc03b32dc37d311d2551a5749,Java 8; CodeWorkout,2019-09-30T13:26:38,0,CS 1,439,5,a68ef6dc7e5352aef13f71baa213e67ee6ba83fe3f0426707acfdaa7049bb0af,True,Compile.Error,,,SyntaxError,"line 18: error: class, interface, or enum expected, maybe a missing delimiter or closing brace?",168602,168602,168599.0
13b34a353ac9ea6554f0bfc998b55f394ed800dfc03b32dc37d311d2551a5749,Java 8; CodeWorkout,2019-09-30T13:26:50,0,CS 1,439,5,11e05413382230fac8b6815e6e4c76f04454c20d00454e3c0ad04b30cc46e5d3,True,Run.Program,0.0,,,,168603,168603,
13b34a353ac9ea6554f0bfc998b55f394ed800dfc03b32dc37d311d2551a5749,Java 8; CodeWorkout,2019-09-30T13:26:50,0,CS 1,439,5,11e05413382230fac8b6815e6e4c76f04454c20d00454e3c0ad04b30cc46e5d3,True,Compile,,Error,,,168604,168604,168603.0
13b34a353ac9ea6554f0bfc998b55f394ed800dfc03b32dc37d311d2551a5749,Java 8; CodeWorkout,2019-09-30T13:26:50,0,CS 1,439,5,11e05413382230fac8b6815e6e4c76f04454c20d00454e3c0ad04b30cc46e5d3,True,Compile.Error,,,SyntaxError,line 17: error: illegal start of type. ,168605,168605,168604.0
13b34a353ac9ea6554f0bfc998b55f394ed800dfc03b32dc37d311d2551a5749,Java 8; CodeWorkout,2019-09-30T13:26:50,0,CS 1,439,5,11e05413382230fac8b6815e6e4c76f04454c20d00454e3c0ad04b30cc46e5d3,True,Compile.Error,,,SyntaxError,line 17: error: ';' expected. ,168606,168606,168604.0
13b34a353ac9ea6554f0bfc998b55f394ed800dfc03b32dc37d311d2551a5749,Java 8; CodeWorkout,2019-09-30T13:26:50,0,CS 1,439,5,11e05413382230fac8b6815e6e4c76f04454c20d00454e3c0ad04b30cc46e5d3,True,Compile.Error,,,SyntaxError,"line 18: error: class, interface, or enum expected, maybe a missing delimiter or closing brace?",168607,168607,168604.0
13b34a353ac9ea6554f0bfc998b55f394ed800dfc03b32dc37d311d2551a5749,Java 8; CodeWorkout,2019-09-30T13:27:24,0,CS 1,439,5,eaad040ccd3ffa3debbcbbcef82767e6095228a3a29da1befb0257390dc5c8f2,True,Run.Program,0.0,,,,168608,168608,
13b34a353ac9ea6554f0bfc998b55f394ed800dfc03b32dc37d311d2551a5749,Java 8; CodeWorkout,2019-09-30T13:27:24,0,CS 1,439,5,eaad040ccd3ffa3debbcbbcef82767e6095228a3a29da1befb0257390dc5c8f2,True,Compile,,Error,,,168609,168609,168608.0
13b34a353ac9ea6554f0bfc998b55f394ed800dfc03b32dc37d311d2551a5749,Java 8; CodeWorkout,2019-09-30T13:27:24,0,CS 1,439,5,eaad040ccd3ffa3debbcbbcef82767e6095228a3a29da1befb0257390dc5c8f2,True,Compile.Error,,,SyntaxError,line 16: error: unreachable statement,168610,168610,168609.0
13b34a353ac9ea6554f0bfc998b55f394ed800dfc03b32dc37d311d2551a5749,Java 8; CodeWorkout,2019-09-30T13:28:14,0,CS 1,439,5,8cb2773bfab7796c2df82b562c6f3533d2237cabf7be9e5977cd2a0eda4be0a2,True,Run.Program,1.0,,,,168611,168611,
13b34a353ac9ea6554f0bfc998b55f394ed800dfc03b32dc37d311d2551a5749,Java 8; CodeWorkout,2019-09-30T13:28:14,0,CS 1,439,5,8cb2773bfab7796c2df82b562c6f3533d2237cabf7be9e5977cd2a0eda4be0a2,True,Compile,,Success,,,168612,168612,168611.0
13b34a353ac9ea6554f0bfc998b55f394ed800dfc03b32dc37d311d2551a5749,Java 8; CodeWorkout,2019-09-30T13:34:00,0,CS 1,439,233,ad114b8e6efc0145a9a0b91e57c7ad4960e6d8ce1aaa0b7eca81955dab7faf3c,True,Run.Program,0.0,,,,168613,168613,
13b34a353ac9ea6554f0bfc998b55f394ed800dfc03b32dc37d311d2551a5749,Java 8; CodeWorkout,2019-09-30T13:34:00,0,CS 1,439,233,ad114b8e6efc0145a9a0b91e57c7ad4960e6d8ce1aaa0b7eca81955dab7faf3c,True,Compile,,Error,,,168614,168614,168613.0
13b34a353ac9ea6554f0bfc998b55f394ed800dfc03b32dc37d311d2551a5749,Java 8; CodeWorkout,2019-09-30T13:34:00,0,CS 1,439,233,ad114b8e6efc0145a9a0b91e57c7ad4960e6d8ce1aaa0b7eca81955dab7faf3c,True,Compile.Error,,,SyntaxError,line 3: error: bad operand types for binary operator '||',168615,168615,168614.0
13b34a353ac9ea6554f0bfc998b55f394ed800dfc03b32dc37d311d2551a5749,Java 8; CodeWorkout,2019-09-30T13:37:20,0,CS 1,439,233,e7a1f295dad39ceed80f401d6dc35e3c5db1070df747bf00ce964d39d10d254e,True,Run.Program,0.0,,,,168616,168616,
13b34a353ac9ea6554f0bfc998b55f394ed800dfc03b32dc37d311d2551a5749,Java 8; CodeWorkout,2019-09-30T13:37:20,0,CS 1,439,233,e7a1f295dad39ceed80f401d6dc35e3c5db1070df747bf00ce964d39d10d254e,True,Compile,,Error,,,168617,168617,168616.0
13b34a353ac9ea6554f0bfc998b55f394ed800dfc03b32dc37d311d2551a5749,Java 8; CodeWorkout,2019-09-30T13:37:20,0,CS 1,439,233,e7a1f295dad39ceed80f401d6dc35e3c5db1070df747bf00ce964d39d10d254e,True,Compile.Error,,,SyntaxError,line 8: error: '(' expected. ,168618,168618,168617.0
13b34a353ac9ea6554f0bfc998b55f394ed800dfc03b32dc37d311d2551a5749,Java 8; CodeWorkout,2019-09-30T13:37:20,0,CS 1,439,233,e7a1f295dad39ceed80f401d6dc35e3c5db1070df747bf00ce964d39d10d254e,True,Compile.Error,,,SyntaxError,line 9: error: illegal start of statement,168619,168619,168617.0
13b34a353ac9ea6554f0bfc998b55f394ed800dfc03b32dc37d311d2551a5749,Java 8; CodeWorkout,2019-09-30T13:37:42,0,CS 1,439,233,9420b4138cc833fc539e91c609c95984d9c75aba7f1e8921b34c5ff732b424bd,True,Run.Program,0.0,,,,168620,168620,
13b34a353ac9ea6554f0bfc998b55f394ed800dfc03b32dc37d311d2551a5749,Java 8; CodeWorkout,2019-09-30T13:37:42,0,CS 1,439,233,9420b4138cc833fc539e91c609c95984d9c75aba7f1e8921b34c5ff732b424bd,True,Compile,,Error,,,168621,168621,168620.0
13b34a353ac9ea6554f0bfc998b55f394ed800dfc03b32dc37d311d2551a5749,Java 8; CodeWorkout,2019-09-30T13:37:42,0,CS 1,439,233,9420b4138cc833fc539e91c609c95984d9c75aba7f1e8921b34c5ff732b424bd,True,Compile.Error,,,SyntaxError,line 8: error: ';' expected,168622,168622,168621.0
13b34a353ac9ea6554f0bfc998b55f394ed800dfc03b32dc37d311d2551a5749,Java 8; CodeWorkout,2019-09-30T13:37:56,0,CS 1,439,233,5eaf12172cadd9150047cd37df6184e748251890776f1ddf3c2e1525e2e0d060,True,Run.Program,0.0,,,,168623,168623,
13b34a353ac9ea6554f0bfc998b55f394ed800dfc03b32dc37d311d2551a5749,Java 8; CodeWorkout,2019-09-30T13:37:56,0,CS 1,439,233,5eaf12172cadd9150047cd37df6184e748251890776f1ddf3c2e1525e2e0d060,True,Compile,,Error,,,168624,168624,168623.0
13b34a353ac9ea6554f0bfc998b55f394ed800dfc03b32dc37d311d2551a5749,Java 8; CodeWorkout,2019-09-30T13:37:56,0,CS 1,439,233,5eaf12172cadd9150047cd37df6184e748251890776f1ddf3c2e1525e2e0d060,True,Compile.Error,,,SyntaxError,line 3: error: bad operand types for binary operator '||',168625,168625,168624.0
13b34a353ac9ea6554f0bfc998b55f394ed800dfc03b32dc37d311d2551a5749,Java 8; CodeWorkout,2019-09-30T13:38:09,0,CS 1,439,233,63af6accebfcde432dd7fc0be6f7924a18e9213ef8f0b170073b8488243d92c4,True,Run.Program,0.0,,,,168626,168626,
13b34a353ac9ea6554f0bfc998b55f394ed800dfc03b32dc37d311d2551a5749,Java 8; CodeWorkout,2019-09-30T13:38:09,0,CS 1,439,233,63af6accebfcde432dd7fc0be6f7924a18e9213ef8f0b170073b8488243d92c4,True,Compile,,Error,,,168627,168627,168626.0
13b34a353ac9ea6554f0bfc998b55f394ed800dfc03b32dc37d311d2551a5749,Java 8; CodeWorkout,2019-09-30T13:38:09,0,CS 1,439,233,63af6accebfcde432dd7fc0be6f7924a18e9213ef8f0b170073b8488243d92c4,True,Compile.Error,,,SyntaxError,line 3: error: bad operand types for binary operator '||',168628,168628,168627.0
13b34a353ac9ea6554f0bfc998b55f394ed800dfc03b32dc37d311d2551a5749,Java 8; CodeWorkout,2019-09-30T13:38:48,0,CS 1,439,233,10f0eba23fce0d674d2d8c43c3f4b70f933769012e3febeab3da756278b0ba45,True,Run.Program,0.0,,,,168629,168629,
13b34a353ac9ea6554f0bfc998b55f394ed800dfc03b32dc37d311d2551a5749,Java 8; CodeWorkout,2019-09-30T13:38:48,0,CS 1,439,233,10f0eba23fce0d674d2d8c43c3f4b70f933769012e3febeab3da756278b0ba45,True,Compile,,Error,,,168630,168630,168629.0
13b34a353ac9ea6554f0bfc998b55f394ed800dfc03b32dc37d311d2551a5749,Java 8; CodeWorkout,2019-09-30T13:38:48,0,CS 1,439,233,10f0eba23fce0d674d2d8c43c3f4b70f933769012e3febeab3da756278b0ba45,True,Compile.Error,,,SyntaxError,line 3: error: bad operand types for binary operator '||',168631,168631,168630.0
13b34a353ac9ea6554f0bfc998b55f394ed800dfc03b32dc37d311d2551a5749,Java 8; CodeWorkout,2019-09-30T13:39:06,0,CS 1,439,233,35f0d54823bc51fc8b13d9967fe20a0077fd89c250fb0ba0605a429ed47c2e37,True,Run.Program,1.0,,,,168632,168632,
13b34a353ac9ea6554f0bfc998b55f394ed800dfc03b32dc37d311d2551a5749,Java 8; CodeWorkout,2019-09-30T13:39:06,0,CS 1,439,233,35f0d54823bc51fc8b13d9967fe20a0077fd89c250fb0ba0605a429ed47c2e37,True,Compile,,Success,,,168633,168633,168632.0
13b34a353ac9ea6554f0bfc998b55f394ed800dfc03b32dc37d311d2551a5749,Java 8; CodeWorkout,2019-09-30T13:01:16,0,CS 1,439,236,f60bac6623d2b2eb05379b271f152d7f00fdee16831a51a4a375b8cdc71da771,True,Run.Program,0.0,,,,168513,168513,
13b34a353ac9ea6554f0bfc998b55f394ed800dfc03b32dc37d311d2551a5749,Java 8; CodeWorkout,2019-09-30T13:01:16,0,CS 1,439,236,f60bac6623d2b2eb05379b271f152d7f00fdee16831a51a4a375b8cdc71da771,True,Compile,,Error,,,168514,168514,168513.0
13b34a353ac9ea6554f0bfc998b55f394ed800dfc03b32dc37d311d2551a5749,Java 8; CodeWorkout,2019-09-30T13:01:16,0,CS 1,439,236,f60bac6623d2b2eb05379b271f152d7f00fdee16831a51a4a375b8cdc71da771,True,Compile.Error,,,SyntaxError,line 7: error: unreachable statement,168515,168515,168514.0
13b34a353ac9ea6554f0bfc998b55f394ed800dfc03b32dc37d311d2551a5749,Java 8; CodeWorkout,2019-09-30T13:02:57,0,CS 1,439,236,98628ccd918c5abcc5292c7df8344bc0784be6e027d4788ae0c1662a3dba2a38,True,Run.Program,0.0,,,,168516,168516,
13b34a353ac9ea6554f0bfc998b55f394ed800dfc03b32dc37d311d2551a5749,Java 8; CodeWorkout,2019-09-30T13:02:57,0,CS 1,439,236,98628ccd918c5abcc5292c7df8344bc0784be6e027d4788ae0c1662a3dba2a38,True,Compile,,Error,,,168517,168517,168516.0
13b34a353ac9ea6554f0bfc998b55f394ed800dfc03b32dc37d311d2551a5749,Java 8; CodeWorkout,2019-09-30T13:02:57,0,CS 1,439,236,98628ccd918c5abcc5292c7df8344bc0784be6e027d4788ae0c1662a3dba2a38,True,Compile.Error,,,SyntaxError,line 7: error: unreachable statement,168518,168518,168517.0
13b34a353ac9ea6554f0bfc998b55f394ed800dfc03b32dc37d311d2551a5749,Java 8; CodeWorkout,2019-09-30T13:05:57,0,CS 1,439,236,2691b9061c01e3dd8ce5c6ffa3a35d91200352af88a8d598b26a9e01d0378805,True,Run.Program,0.0,,,,168519,168519,
13b34a353ac9ea6554f0bfc998b55f394ed800dfc03b32dc37d311d2551a5749,Java 8; CodeWorkout,2019-09-30T13:05:57,0,CS 1,439,236,2691b9061c01e3dd8ce5c6ffa3a35d91200352af88a8d598b26a9e01d0378805,True,Compile,,Error,,,168520,168520,168519.0
13b34a353ac9ea6554f0bfc998b55f394ed800dfc03b32dc37d311d2551a5749,Java 8; CodeWorkout,2019-09-30T13:05:57,0,CS 1,439,236,2691b9061c01e3dd8ce5c6ffa3a35d91200352af88a8d598b26a9e01d0378805,True,Compile.Error,,,SyntaxError,line 7: error: unreachable statement,168521,168521,168520.0
13b34a353ac9ea6554f0bfc998b55f394ed800dfc03b32dc37d311d2551a5749,Java 8; CodeWorkout,2019-09-30T13:07:20,0,CS 1,439,236,c0d8b39cc617763ffb9a91e082fa2f948678ee151d480fb03a8427e1def19826,True,Run.Program,0.0,,,,168522,168522,
13b34a353ac9ea6554f0bfc998b55f394ed800dfc03b32dc37d311d2551a5749,Java 8; CodeWorkout,2019-09-30T13:07:20,0,CS 1,439,236,c0d8b39cc617763ffb9a91e082fa2f948678ee151d480fb03a8427e1def19826,True,Compile,,Error,,,168523,168523,168522.0
13b34a353ac9ea6554f0bfc998b55f394ed800dfc03b32dc37d311d2551a5749,Java 8; CodeWorkout,2019-09-30T13:07:20,0,CS 1,439,236,c0d8b39cc617763ffb9a91e082fa2f948678ee151d480fb03a8427e1def19826,True,Compile.Error,,,SyntaxError,line 9: error: unreachable statement,168524,168524,168523.0
13b34a353ac9ea6554f0bfc998b55f394ed800dfc03b32dc37d311d2551a5749,Java 8; CodeWorkout,2019-09-30T13:07:48,0,CS 1,439,236,043cdb0d7eb6aa18319efc259f2f79e8304ed3050622899ef7500f8a7a479ae8,True,Run.Program,0.0,,,,168525,168525,
13b34a353ac9ea6554f0bfc998b55f394ed800dfc03b32dc37d311d2551a5749,Java 8; CodeWorkout,2019-09-30T13:07:48,0,CS 1,439,236,043cdb0d7eb6aa18319efc259f2f79e8304ed3050622899ef7500f8a7a479ae8,True,Compile,,Error,,,168526,168526,168525.0
13b34a353ac9ea6554f0bfc998b55f394ed800dfc03b32dc37d311d2551a5749,Java 8; CodeWorkout,2019-09-30T13:07:48,0,CS 1,439,236,043cdb0d7eb6aa18319efc259f2f79e8304ed3050622899ef7500f8a7a479ae8,True,Compile.Error,,,SyntaxError,line 9: error: unreachable statement,168527,168527,168526.0
13b34a353ac9ea6554f0bfc998b55f394ed800dfc03b32dc37d311d2551a5749,Java 8; CodeWorkout,2019-09-30T13:08:21,0,CS 1,439,236,b93aa9098d932d512fba1b3e0a1718843fe9110d8f92e9d0cfe2a0992afcf3e7,True,Run.Program,0.0,,,,168528,168528,
13b34a353ac9ea6554f0bfc998b55f394ed800dfc03b32dc37d311d2551a5749,Java 8; CodeWorkout,2019-09-30T13:08:21,0,CS 1,439,236,b93aa9098d932d512fba1b3e0a1718843fe9110d8f92e9d0cfe2a0992afcf3e7,True,Compile,,Error,,,168529,168529,168528.0
13b34a353ac9ea6554f0bfc998b55f394ed800dfc03b32dc37d311d2551a5749,Java 8; CodeWorkout,2019-09-30T13:08:21,0,CS 1,439,236,b93aa9098d932d512fba1b3e0a1718843fe9110d8f92e9d0cfe2a0992afcf3e7,True,Compile.Error,,,SyntaxError,line 11: error: unreachable statement,168530,168530,168529.0
13b34a353ac9ea6554f0bfc998b55f394ed800dfc03b32dc37d311d2551a5749,Java 8; CodeWorkout,2019-09-30T13:08:41,0,CS 1,439,236,65eac878677cf738c6916a24c2bba99c78127af4131981e2b757d8017747a318,True,Run.Program,0.0,,,,168531,168531,
13b34a353ac9ea6554f0bfc998b55f394ed800dfc03b32dc37d311d2551a5749,Java 8; CodeWorkout,2019-09-30T13:08:41,0,CS 1,439,236,65eac878677cf738c6916a24c2bba99c78127af4131981e2b757d8017747a318,True,Compile,,Error,,,168532,168532,168531.0
13b34a353ac9ea6554f0bfc998b55f394ed800dfc03b32dc37d311d2551a5749,Java 8; CodeWorkout,2019-09-30T13:08:41,0,CS 1,439,236,65eac878677cf738c6916a24c2bba99c78127af4131981e2b757d8017747a318,True,Compile.Error,,,SyntaxError,line 11: error: unreachable statement,168533,168533,168532.0
13b34a353ac9ea6554f0bfc998b55f394ed800dfc03b32dc37d311d2551a5749,Java 8; CodeWorkout,2019-09-30T13:09:17,0,CS 1,439,236,ccd22b763207b59a87b5bd2487f6517ea0360c822341fcdf8d1db59c613d6226,True,Run.Program,0.0,,,,168534,168534,
13b34a353ac9ea6554f0bfc998b55f394ed800dfc03b32dc37d311d2551a5749,Java 8; CodeWorkout,2019-09-30T13:09:17,0,CS 1,439,236,ccd22b763207b59a87b5bd2487f6517ea0360c822341fcdf8d1db59c613d6226,True,Compile,,Error,,,168535,168535,168534.0
13b34a353ac9ea6554f0bfc998b55f394ed800dfc03b32dc37d311d2551a5749,Java 8; CodeWorkout,2019-09-30T13:09:17,0,CS 1,439,236,ccd22b763207b59a87b5bd2487f6517ea0360c822341fcdf8d1db59c613d6226,True,Compile.Error,,,SyntaxError,line 11: error: 'else' without 'if',168536,168536,168535.0
13b34a353ac9ea6554f0bfc998b55f394ed800dfc03b32dc37d311d2551a5749,Java 8; CodeWorkout,2019-09-30T13:10:13,0,CS 1,439,236,bc14e107ea5d7e301c77efecfd7edfbbace99b58736ba5012785d9585fe1c148,True,Run.Program,0.0,,,,168537,168537,
13b34a353ac9ea6554f0bfc998b55f394ed800dfc03b32dc37d311d2551a5749,Java 8; CodeWorkout,2019-09-30T13:10:13,0,CS 1,439,236,bc14e107ea5d7e301c77efecfd7edfbbace99b58736ba5012785d9585fe1c148,True,Compile,,Error,,,168538,168538,168537.0
13b34a353ac9ea6554f0bfc998b55f394ed800dfc03b32dc37d311d2551a5749,Java 8; CodeWorkout,2019-09-30T13:10:13,0,CS 1,439,236,bc14e107ea5d7e301c77efecfd7edfbbace99b58736ba5012785d9585fe1c148,True,Compile.Error,,,SyntaxError,line 12: error: 'else' without 'if',168539,168539,168538.0
13b34a353ac9ea6554f0bfc998b55f394ed800dfc03b32dc37d311d2551a5749,Java 8; CodeWorkout,2019-09-30T13:11:43,0,CS 1,439,236,10e4787a4931c01996917a94c3b0a4a6024521d920d3c0898aeaf8a3795489aa,True,Run.Program,0.916667,,,,168540,168540,
13b34a353ac9ea6554f0bfc998b55f394ed800dfc03b32dc37d311d2551a5749,Java 8; CodeWorkout,2019-09-30T13:11:43,0,CS 1,439,236,10e4787a4931c01996917a94c3b0a4a6024521d920d3c0898aeaf8a3795489aa,True,Compile,,Success,,,168541,168541,168540.0
13b34a353ac9ea6554f0bfc998b55f394ed800dfc03b32dc37d311d2551a5749,Java 8; CodeWorkout,2019-09-30T13:12:30,0,CS 1,439,236,925e3e2337a399a22214a08e0a164506a730230eff41707bb8bcac7f376646cf,True,Run.Program,0.0,,,,168542,168542,
13b34a353ac9ea6554f0bfc998b55f394ed800dfc03b32dc37d311d2551a5749,Java 8; CodeWorkout,2019-09-30T13:12:30,0,CS 1,439,236,925e3e2337a399a22214a08e0a164506a730230eff41707bb8bcac7f376646cf,True,Compile,,Error,,,168543,168543,168542.0
13b34a353ac9ea6554f0bfc998b55f394ed800dfc03b32dc37d311d2551a5749,Java 8; CodeWorkout,2019-09-30T13:12:30,0,CS 1,439,236,925e3e2337a399a22214a08e0a164506a730230eff41707bb8bcac7f376646cf,True,Compile.Error,,,SyntaxError,line 12: error: 'else' without 'if',168544,168544,168543.0
13b34a353ac9ea6554f0bfc998b55f394ed800dfc03b32dc37d311d2551a5749,Java 8; CodeWorkout,2019-09-30T13:13:42,0,CS 1,439,236,34714a498da62d924ccc054ade33059ffd893db19a998ce712d59698afa4677d,True,Run.Program,0.0,,,,168545,168545,
13b34a353ac9ea6554f0bfc998b55f394ed800dfc03b32dc37d311d2551a5749,Java 8; CodeWorkout,2019-09-30T13:13:42,0,CS 1,439,236,34714a498da62d924ccc054ade33059ffd893db19a998ce712d59698afa4677d,True,Compile,,Error,,,168546,168546,168545.0
13b34a353ac9ea6554f0bfc998b55f394ed800dfc03b32dc37d311d2551a5749,Java 8; CodeWorkout,2019-09-30T13:13:42,0,CS 1,439,236,34714a498da62d924ccc054ade33059ffd893db19a998ce712d59698afa4677d,True,Compile.Error,,,SyntaxError,line 11: error: 'else' without 'if',168547,168547,168546.0
13b34a353ac9ea6554f0bfc998b55f394ed800dfc03b32dc37d311d2551a5749,Java 8; CodeWorkout,2019-09-30T13:14:03,0,CS 1,439,236,ee0b52518e9af1e3218fa6d6ed21d41f2c7b4ba8afad629d8898c1f8fb219486,True,Run.Program,0.0,,,,168548,168548,
13b34a353ac9ea6554f0bfc998b55f394ed800dfc03b32dc37d311d2551a5749,Java 8; CodeWorkout,2019-09-30T13:14:03,0,CS 1,439,236,ee0b52518e9af1e3218fa6d6ed21d41f2c7b4ba8afad629d8898c1f8fb219486,True,Compile,,Error,,,168549,168549,168548.0
13b34a353ac9ea6554f0bfc998b55f394ed800dfc03b32dc37d311d2551a5749,Java 8; CodeWorkout,2019-09-30T13:14:03,0,CS 1,439,236,ee0b52518e9af1e3218fa6d6ed21d41f2c7b4ba8afad629d8898c1f8fb219486,True,Compile.Error,,,SyntaxError,line 11: error: unreachable statement,168550,168550,168549.0
13b34a353ac9ea6554f0bfc998b55f394ed800dfc03b32dc37d311d2551a5749,Java 8; CodeWorkout,2019-09-30T13:14:48,0,CS 1,439,236,38c115d1a672e379b8ba615922e3e5c3ea6b7bc7f8ac5614696f98a491825661,True,Run.Program,0.0,,,,168551,168551,
13b34a353ac9ea6554f0bfc998b55f394ed800dfc03b32dc37d311d2551a5749,Java 8; CodeWorkout,2019-09-30T13:14:48,0,CS 1,439,236,38c115d1a672e379b8ba615922e3e5c3ea6b7bc7f8ac5614696f98a491825661,True,Compile,,Error,,,168552,168552,168551.0
13b34a353ac9ea6554f0bfc998b55f394ed800dfc03b32dc37d311d2551a5749,Java 8; CodeWorkout,2019-09-30T13:14:48,0,CS 1,439,236,38c115d1a672e379b8ba615922e3e5c3ea6b7bc7f8ac5614696f98a491825661,True,Compile.Error,,,SyntaxError,line 11: error: 'else' without 'if',168553,168553,168552.0
13b34a353ac9ea6554f0bfc998b55f394ed800dfc03b32dc37d311d2551a5749,Java 8; CodeWorkout,2019-09-30T13:15:14,0,CS 1,439,236,f503e08588c0817ca94f5256e91231e7c403a64f62a6682ff93157b468c517ac,True,Run.Program,0.0,,,,168554,168554,
13b34a353ac9ea6554f0bfc998b55f394ed800dfc03b32dc37d311d2551a5749,Java 8; CodeWorkout,2019-09-30T13:15:14,0,CS 1,439,236,f503e08588c0817ca94f5256e91231e7c403a64f62a6682ff93157b468c517ac,True,Compile,,Error,,,168555,168555,168554.0
13b34a353ac9ea6554f0bfc998b55f394ed800dfc03b32dc37d311d2551a5749,Java 8; CodeWorkout,2019-09-30T13:15:14,0,CS 1,439,236,f503e08588c0817ca94f5256e91231e7c403a64f62a6682ff93157b468c517ac,True,Compile.Error,,,SyntaxError,line 11: error: unreachable statement,168556,168556,168555.0
13b34a353ac9ea6554f0bfc998b55f394ed800dfc03b32dc37d311d2551a5749,Java 8; CodeWorkout,2019-09-30T13:17:32,0,CS 1,439,236,50132d462352e13075131521cb7d911b2cf588380b31e1a80e56b0b5cf94a8bf,True,Run.Program,0.0,,,,168557,168557,
13b34a353ac9ea6554f0bfc998b55f394ed800dfc03b32dc37d311d2551a5749,Java 8; CodeWorkout,2019-09-30T13:17:32,0,CS 1,439,236,50132d462352e13075131521cb7d911b2cf588380b31e1a80e56b0b5cf94a8bf,True,Compile,,Error,,,168558,168558,168557.0
13b34a353ac9ea6554f0bfc998b55f394ed800dfc03b32dc37d311d2551a5749,Java 8; CodeWorkout,2019-09-30T13:17:32,0,CS 1,439,236,50132d462352e13075131521cb7d911b2cf588380b31e1a80e56b0b5cf94a8bf,True,Compile.Error,,,SyntaxError,line 14: error: 'else' without 'if'. ,168559,168559,168558.0
13b34a353ac9ea6554f0bfc998b55f394ed800dfc03b32dc37d311d2551a5749,Java 8; CodeWorkout,2019-09-30T13:17:32,0,CS 1,439,236,50132d462352e13075131521cb7d911b2cf588380b31e1a80e56b0b5cf94a8bf,True,Compile.Error,,,SyntaxError,"line 16: error: reached end of file while parsing, maybe a missing delimiter or closing brace?",168560,168560,168558.0
13b34a353ac9ea6554f0bfc998b55f394ed800dfc03b32dc37d311d2551a5749,Java 8; CodeWorkout,2019-09-30T13:17:55,0,CS 1,439,236,5ac32c79a2c1b1dc4b1d6667e9427e881558fe564697fc9231b9cd8bcbc620e6,True,Run.Program,0.0,,,,168561,168561,
13b34a353ac9ea6554f0bfc998b55f394ed800dfc03b32dc37d311d2551a5749,Java 8; CodeWorkout,2019-09-30T13:17:55,0,CS 1,439,236,5ac32c79a2c1b1dc4b1d6667e9427e881558fe564697fc9231b9cd8bcbc620e6,True,Compile,,Error,,,168562,168562,168561.0
13b34a353ac9ea6554f0bfc998b55f394ed800dfc03b32dc37d311d2551a5749,Java 8; CodeWorkout,2019-09-30T13:17:55,0,CS 1,439,236,5ac32c79a2c1b1dc4b1d6667e9427e881558fe564697fc9231b9cd8bcbc620e6,True,Compile.Error,,,SyntaxError,"line 16: error: reached end of file while parsing, maybe a missing delimiter or closing brace?",168563,168563,168562.0
13b34a353ac9ea6554f0bfc998b55f394ed800dfc03b32dc37d311d2551a5749,Java 8; CodeWorkout,2019-09-30T13:18:04,0,CS 1,439,236,6e02f39a4f94dfed0fd82f92ace5b6cc097d3ebe41f2d9644ad66a36b1fba27b,True,Run.Program,0.0,,,,168564,168564,
13b34a353ac9ea6554f0bfc998b55f394ed800dfc03b32dc37d311d2551a5749,Java 8; CodeWorkout,2019-09-30T13:18:04,0,CS 1,439,236,6e02f39a4f94dfed0fd82f92ace5b6cc097d3ebe41f2d9644ad66a36b1fba27b,True,Compile,,Error,,,168565,168565,168564.0
13b34a353ac9ea6554f0bfc998b55f394ed800dfc03b32dc37d311d2551a5749,Java 8; CodeWorkout,2019-09-30T13:18:04,0,CS 1,439,236,6e02f39a4f94dfed0fd82f92ace5b6cc097d3ebe41f2d9644ad66a36b1fba27b,True,Compile.Error,,,SyntaxError,"line 16: error: reached end of file while parsing, maybe a missing delimiter or closing brace?",168566,168566,168565.0
13b34a353ac9ea6554f0bfc998b55f394ed800dfc03b32dc37d311d2551a5749,Java 8; CodeWorkout,2019-09-30T13:18:10,0,CS 1,439,236,5f62d86d655efd368297f38e4b2e6f7642c06bcc41b52a458cfd75fe2c1ba837,True,Run.Program,0.0,,,,168567,168567,
13b34a353ac9ea6554f0bfc998b55f394ed800dfc03b32dc37d311d2551a5749,Java 8; CodeWorkout,2019-09-30T13:18:10,0,CS 1,439,236,5f62d86d655efd368297f38e4b2e6f7642c06bcc41b52a458cfd75fe2c1ba837,True,Compile,,Error,,,168568,168568,168567.0
13b34a353ac9ea6554f0bfc998b55f394ed800dfc03b32dc37d311d2551a5749,Java 8; CodeWorkout,2019-09-30T13:18:10,0,CS 1,439,236,5f62d86d655efd368297f38e4b2e6f7642c06bcc41b52a458cfd75fe2c1ba837,True,Compile.Error,,,SyntaxError,line 14: error: unreachable statement. ,168569,168569,168568.0
13b34a353ac9ea6554f0bfc998b55f394ed800dfc03b32dc37d311d2551a5749,Java 8; CodeWorkout,2019-09-30T13:18:10,0,CS 1,439,236,5f62d86d655efd368297f38e4b2e6f7642c06bcc41b52a458cfd75fe2c1ba837,True,Compile.Error,,,SyntaxError,line 16: error: missing return statement,168570,168570,168568.0
13b34a353ac9ea6554f0bfc998b55f394ed800dfc03b32dc37d311d2551a5749,Java 8; CodeWorkout,2019-09-30T13:18:54,0,CS 1,439,236,3a0a250abbd4ca30e9300c22e62a03ea4e3f6ee1b0a816e47c647e27ae2ffe09,True,Run.Program,0.0,,,,168571,168571,
13b34a353ac9ea6554f0bfc998b55f394ed800dfc03b32dc37d311d2551a5749,Java 8; CodeWorkout,2019-09-30T13:18:54,0,CS 1,439,236,3a0a250abbd4ca30e9300c22e62a03ea4e3f6ee1b0a816e47c647e27ae2ffe09,True,Compile,,Error,,,168572,168572,168571.0
13b34a353ac9ea6554f0bfc998b55f394ed800dfc03b32dc37d311d2551a5749,Java 8; CodeWorkout,2019-09-30T13:18:54,0,CS 1,439,236,3a0a250abbd4ca30e9300c22e62a03ea4e3f6ee1b0a816e47c647e27ae2ffe09,True,Compile.Error,,,SyntaxError,"line 13: error: class, interface, or enum expected, maybe a missing delimiter or closing brace?",168573,168573,168572.0
13b34a353ac9ea6554f0bfc998b55f394ed800dfc03b32dc37d311d2551a5749,Java 8; CodeWorkout,2019-09-30T13:19:16,0,CS 1,439,236,587924dbee54851190c4ae5a5e91de645adc2ff12c6fc2fe153a57627761fb57,True,Run.Program,0.0,,,,168574,168574,
13b34a353ac9ea6554f0bfc998b55f394ed800dfc03b32dc37d311d2551a5749,Java 8; CodeWorkout,2019-09-30T13:19:16,0,CS 1,439,236,587924dbee54851190c4ae5a5e91de645adc2ff12c6fc2fe153a57627761fb57,True,Compile,,Error,,,168575,168575,168574.0
13b34a353ac9ea6554f0bfc998b55f394ed800dfc03b32dc37d311d2551a5749,Java 8; CodeWorkout,2019-09-30T13:19:16,0,CS 1,439,236,587924dbee54851190c4ae5a5e91de645adc2ff12c6fc2fe153a57627761fb57,True,Compile.Error,,,SyntaxError,line 12: error: unreachable statement. ,168576,168576,168575.0
13b34a353ac9ea6554f0bfc998b55f394ed800dfc03b32dc37d311d2551a5749,Java 8; CodeWorkout,2019-09-30T13:19:16,0,CS 1,439,236,587924dbee54851190c4ae5a5e91de645adc2ff12c6fc2fe153a57627761fb57,True,Compile.Error,,,SyntaxError,line 14: error: missing return statement,168577,168577,168575.0
13b34a353ac9ea6554f0bfc998b55f394ed800dfc03b32dc37d311d2551a5749,Java 8; CodeWorkout,2019-09-30T13:19:53,0,CS 1,439,236,25b80adf1d3ee727dd8734a961548f10d1c0aab100a0070b9223f67df18f1b8a,True,Run.Program,1.0,,,,168578,168578,
13b34a353ac9ea6554f0bfc998b55f394ed800dfc03b32dc37d311d2551a5749,Java 8; CodeWorkout,2019-09-30T13:19:53,0,CS 1,439,236,25b80adf1d3ee727dd8734a961548f10d1c0aab100a0070b9223f67df18f1b8a,True,Compile,,Success,,,168579,168579,168578.0
275839578ec60b5084d5e18fccb01310e9f1b78293cad00bec043945e0f3e629,Java 8; CodeWorkout,2019-09-30T13:47:04,0,CS 1,439,1,e57e30d3f3c6c78647db14375bb6b191a6c765ca1fa3897d21097e869f63df0c,True,Run.Program,1.0,,,,175255,175255,
275839578ec60b5084d5e18fccb01310e9f1b78293cad00bec043945e0f3e629,Java 8; CodeWorkout,2019-09-30T13:47:04,0,CS 1,439,1,e57e30d3f3c6c78647db14375bb6b191a6c765ca1fa3897d21097e869f63df0c,True,Compile,,Success,,,175256,175256,175255.0
275839578ec60b5084d5e18fccb01310e9f1b78293cad00bec043945e0f3e629,Java 8; CodeWorkout,2019-09-30T13:49:56,0,CS 1,439,3,6d093df79dec92771c3eec9fba3c75ec84a07f47c5e896afc01da30737b54f83,True,Run.Program,0.0,,,,175257,175257,
275839578ec60b5084d5e18fccb01310e9f1b78293cad00bec043945e0f3e629,Java 8; CodeWorkout,2019-09-30T13:49:56,0,CS 1,439,3,6d093df79dec92771c3eec9fba3c75ec84a07f47c5e896afc01da30737b54f83,True,Compile,,Error,,,175258,175258,175257.0
275839578ec60b5084d5e18fccb01310e9f1b78293cad00bec043945e0f3e629,Java 8; CodeWorkout,2019-09-30T13:49:56,0,CS 1,439,3,6d093df79dec92771c3eec9fba3c75ec84a07f47c5e896afc01da30737b54f83,True,Compile.Error,,,SyntaxError,line 16: error: cannot find symbol: variable fale,175259,175259,175258.0
275839578ec60b5084d5e18fccb01310e9f1b78293cad00bec043945e0f3e629,Java 8; CodeWorkout,2019-09-30T13:50:51,0,CS 1,439,3,dbaa739d854834d15cc843aaf07ab49517d63f446b2ebe092f242d7aa256a4a3,True,Run.Program,0.8125,,,,175260,175260,
275839578ec60b5084d5e18fccb01310e9f1b78293cad00bec043945e0f3e629,Java 8; CodeWorkout,2019-09-30T13:50:51,0,CS 1,439,3,dbaa739d854834d15cc843aaf07ab49517d63f446b2ebe092f242d7aa256a4a3,True,Compile,,Success,,,175261,175261,175260.0
275839578ec60b5084d5e18fccb01310e9f1b78293cad00bec043945e0f3e629,Java 8; CodeWorkout,2019-09-30T13:51:30,0,CS 1,439,3,c4302fbfcda221d1ff837b45146df8f06c48955fc1276184696f657526ef8a51,True,Run.Program,1.0,,,,175262,175262,
275839578ec60b5084d5e18fccb01310e9f1b78293cad00bec043945e0f3e629,Java 8; CodeWorkout,2019-09-30T13:51:30,0,CS 1,439,3,c4302fbfcda221d1ff837b45146df8f06c48955fc1276184696f657526ef8a51,True,Compile,,Success,,,175263,175263,175262.0
275839578ec60b5084d5e18fccb01310e9f1b78293cad00bec043945e0f3e629,Java 8; CodeWorkout,2019-09-30T13:42:05,0,CS 1,439,5,fe00b7ce6ce3ad877b8737696d2909ac15a803641270e12885e5842728e309ff,True,Run.Program,1.0,,,,175246,175246,
275839578ec60b5084d5e18fccb01310e9f1b78293cad00bec043945e0f3e629,Java 8; CodeWorkout,2019-09-30T13:42:05,0,CS 1,439,5,fe00b7ce6ce3ad877b8737696d2909ac15a803641270e12885e5842728e309ff,True,Compile,,Success,,,175247,175247,175246.0
275839578ec60b5084d5e18fccb01310e9f1b78293cad00bec043945e0f3e629,Java 8; CodeWorkout,2019-09-30T13:19:57,0,CS 1,439,13,cf933974677762ddb8df1db909015bdc62615cc3fe93b211903c36d52a50f937,True,Run.Program,0.956522,,,,175234,175234,
275839578ec60b5084d5e18fccb01310e9f1b78293cad00bec043945e0f3e629,Java 8; CodeWorkout,2019-09-30T13:19:57,0,CS 1,439,13,cf933974677762ddb8df1db909015bdc62615cc3fe93b211903c36d52a50f937,True,Compile,,Success,,,175235,175235,175234.0
275839578ec60b5084d5e18fccb01310e9f1b78293cad00bec043945e0f3e629,Java 8; CodeWorkout,2019-09-30T13:20:20,0,CS 1,439,13,ae51d2b56dec51978ed2333f1d1c117203b3f365dfc891603ef3923e7ae34789,True,Run.Program,1.0,,,,175236,175236,
275839578ec60b5084d5e18fccb01310e9f1b78293cad00bec043945e0f3e629,Java 8; CodeWorkout,2019-09-30T13:20:20,0,CS 1,439,13,ae51d2b56dec51978ed2333f1d1c117203b3f365dfc891603ef3923e7ae34789,True,Compile,,Success,,,175237,175237,175236.0
275839578ec60b5084d5e18fccb01310e9f1b78293cad00bec043945e0f3e629,Java 8; CodeWorkout,2019-09-30T13:24:24,0,CS 1,439,232,8f9b1c9c0a73052a4b8bf8ad983b466f6d43756810abba6e2ac0b88690548017,True,Run.Program,1.0,,,,175238,175238,
275839578ec60b5084d5e18fccb01310e9f1b78293cad00bec043945e0f3e629,Java 8; CodeWorkout,2019-09-30T13:24:24,0,CS 1,439,232,8f9b1c9c0a73052a4b8bf8ad983b466f6d43756810abba6e2ac0b88690548017,True,Compile,,Success,,,175239,175239,175238.0
275839578ec60b5084d5e18fccb01310e9f1b78293cad00bec043945e0f3e629,Java 8; CodeWorkout,2019-09-30T13:43:34,0,CS 1,439,233,66ff69040a032fdf8423ae2002acddc5aab9211ea9e62afe5cdddd357bdb6ee5,True,Run.Program,0.0,,,,175248,175248,
275839578ec60b5084d5e18fccb01310e9f1b78293cad00bec043945e0f3e629,Java 8; CodeWorkout,2019-09-30T13:43:34,0,CS 1,439,233,66ff69040a032fdf8423ae2002acddc5aab9211ea9e62afe5cdddd357bdb6ee5,True,Compile,,Error,,,175249,175249,175248.0
275839578ec60b5084d5e18fccb01310e9f1b78293cad00bec043945e0f3e629,Java 8; CodeWorkout,2019-09-30T13:43:34,0,CS 1,439,233,66ff69040a032fdf8423ae2002acddc5aab9211ea9e62afe5cdddd357bdb6ee5,True,Compile.Error,,,SyntaxError,line 7: error: missing return statement,175250,175250,175249.0
275839578ec60b5084d5e18fccb01310e9f1b78293cad00bec043945e0f3e629,Java 8; CodeWorkout,2019-09-30T13:44:03,0,CS 1,439,233,577830ae792cea58a00a4f6fca9bc84df961c918e8efcafb984482828455be05,True,Run.Program,0.952381,,,,175251,175251,
275839578ec60b5084d5e18fccb01310e9f1b78293cad00bec043945e0f3e629,Java 8; CodeWorkout,2019-09-30T13:44:03,0,CS 1,439,233,577830ae792cea58a00a4f6fca9bc84df961c918e8efcafb984482828455be05,True,Compile,,Success,,,175252,175252,175251.0
275839578ec60b5084d5e18fccb01310e9f1b78293cad00bec043945e0f3e629,Java 8; CodeWorkout,2019-09-30T13:44:34,0,CS 1,439,233,2ae8ab553d9f23027f7b56fac0077d168426b353ec9261fc0650e45608a121c9,True,Run.Program,1.0,,,,175253,175253,
275839578ec60b5084d5e18fccb01310e9f1b78293cad00bec043945e0f3e629,Java 8; CodeWorkout,2019-09-30T13:44:34,0,CS 1,439,233,2ae8ab553d9f23027f7b56fac0077d168426b353ec9261fc0650e45608a121c9,True,Compile,,Success,,,175254,175254,175253.0
275839578ec60b5084d5e18fccb01310e9f1b78293cad00bec043945e0f3e629,Java 8; CodeWorkout,2019-09-30T13:29:45,0,CS 1,439,234,62cecf9b8dfd0b4295d69b6e2f388c549438cca07f909b5d88613e74635186ed,True,Run.Program,1.0,,,,175242,175242,
275839578ec60b5084d5e18fccb01310e9f1b78293cad00bec043945e0f3e629,Java 8; CodeWorkout,2019-09-30T13:29:45,0,CS 1,439,234,62cecf9b8dfd0b4295d69b6e2f388c549438cca07f909b5d88613e74635186ed,True,Compile,,Success,,,175243,175243,175242.0
275839578ec60b5084d5e18fccb01310e9f1b78293cad00bec043945e0f3e629,Java 8; CodeWorkout,2019-09-30T13:27:32,0,CS 1,439,235,0751d806497cec7905ccbd509a498368d0eae095cf1ca9999595c78767dd5952,True,Run.Program,1.0,,,,175240,175240,
275839578ec60b5084d5e18fccb01310e9f1b78293cad00bec043945e0f3e629,Java 8; CodeWorkout,2019-09-30T13:27:32,0,CS 1,439,235,0751d806497cec7905ccbd509a498368d0eae095cf1ca9999595c78767dd5952,True,Compile,,Success,,,175241,175241,175240.0
275839578ec60b5084d5e18fccb01310e9f1b78293cad00bec043945e0f3e629,Java 8; CodeWorkout,2019-09-30T13:35:03,0,CS 1,439,236,5f43e569d3694c278a32ef85596ab08fc960e38deb35432f424967976984e0d9,True,Run.Program,1.0,,,,175244,175244,
275839578ec60b5084d5e18fccb01310e9f1b78293cad00bec043945e0f3e629,Java 8; CodeWorkout,2019-09-30T13:35:03,0,CS 1,439,236,5f43e569d3694c278a32ef85596ab08fc960e38deb35432f424967976984e0d9,True,Compile,,Success,,,175245,175245,175244.0
322817f4854f2f71b85db9d2e7c04e4a44c91ea866c689f277a658abc7d22b12,Java 8; CodeWorkout,2019-09-30T13:21:59,0,CS 1,439,3,84feb95862328de45572f3b30c94106d6bdf629d96a64a17898a807c3e7b95e3,True,Run.Program,0.6875,,,,161108,161108,
322817f4854f2f71b85db9d2e7c04e4a44c91ea866c689f277a658abc7d22b12,Java 8; CodeWorkout,2019-09-30T13:21:59,0,CS 1,439,3,84feb95862328de45572f3b30c94106d6bdf629d96a64a17898a807c3e7b95e3,True,Compile,,Success,,,161109,161109,161108.0
322817f4854f2f71b85db9d2e7c04e4a44c91ea866c689f277a658abc7d22b12,Java 8; CodeWorkout,2019-09-30T13:22:24,0,CS 1,439,3,ca6a355ea52c02dada7a56276a06e146def128aa232c090976c44335dd74cfd4,True,Run.Program,0.75,,,,161110,161110,
322817f4854f2f71b85db9d2e7c04e4a44c91ea866c689f277a658abc7d22b12,Java 8; CodeWorkout,2019-09-30T13:22:24,0,CS 1,439,3,ca6a355ea52c02dada7a56276a06e146def128aa232c090976c44335dd74cfd4,True,Compile,,Success,,,161111,161111,161110.0
322817f4854f2f71b85db9d2e7c04e4a44c91ea866c689f277a658abc7d22b12,Java 8; CodeWorkout,2019-09-30T13:23:00,0,CS 1,439,3,e075d20dc9c6e1ffcc1d92894c6a2da11002a0ca464417517930a06ee7aff132,True,Run.Program,0.75,,,,161112,161112,
322817f4854f2f71b85db9d2e7c04e4a44c91ea866c689f277a658abc7d22b12,Java 8; CodeWorkout,2019-09-30T13:23:00,0,CS 1,439,3,e075d20dc9c6e1ffcc1d92894c6a2da11002a0ca464417517930a06ee7aff132,True,Compile,,Success,,,161113,161113,161112.0
322817f4854f2f71b85db9d2e7c04e4a44c91ea866c689f277a658abc7d22b12,Java 8; CodeWorkout,2019-09-30T13:26:21,0,CS 1,439,3,14941037e1f80f3ccf59ff6b891e1119b5efe10e14b92fb8cc8e0a330b39a176,True,Run.Program,0.625,,,,161122,161122,
322817f4854f2f71b85db9d2e7c04e4a44c91ea866c689f277a658abc7d22b12,Java 8; CodeWorkout,2019-09-30T13:26:21,0,CS 1,439,3,14941037e1f80f3ccf59ff6b891e1119b5efe10e14b92fb8cc8e0a330b39a176,True,Compile,,Success,,,161123,161123,161122.0
322817f4854f2f71b85db9d2e7c04e4a44c91ea866c689f277a658abc7d22b12,Java 8; CodeWorkout,2019-09-30T13:27:02,0,CS 1,439,3,494401a0aff61bd39fea5d5858c47e030717ce7434f3b40fb4bcbf34efbe24fc,True,Run.Program,0.75,,,,161124,161124,
322817f4854f2f71b85db9d2e7c04e4a44c91ea866c689f277a658abc7d22b12,Java 8; CodeWorkout,2019-09-30T13:27:02,0,CS 1,439,3,494401a0aff61bd39fea5d5858c47e030717ce7434f3b40fb4bcbf34efbe24fc,True,Compile,,Success,,,161125,161125,161124.0
322817f4854f2f71b85db9d2e7c04e4a44c91ea866c689f277a658abc7d22b12,Java 8; CodeWorkout,2019-09-30T13:27:14,0,CS 1,439,3,cff4c648db648baf48a5bf83e30af2a0f54d6ce4ec614588559a344596d617f8,True,Run.Program,0.5625,,,,161126,161126,
322817f4854f2f71b85db9d2e7c04e4a44c91ea866c689f277a658abc7d22b12,Java 8; CodeWorkout,2019-09-30T13:27:14,0,CS 1,439,3,cff4c648db648baf48a5bf83e30af2a0f54d6ce4ec614588559a344596d617f8,True,Compile,,Success,,,161127,161127,161126.0
322817f4854f2f71b85db9d2e7c04e4a44c91ea866c689f277a658abc7d22b12,Java 8; CodeWorkout,2019-09-30T13:27:24,0,CS 1,439,3,7f418c780651b059fea0cac4eb882d5536d1977bf713f0ac8e5c25fefefc6954,True,Run.Program,0.6875,,,,161128,161128,
322817f4854f2f71b85db9d2e7c04e4a44c91ea866c689f277a658abc7d22b12,Java 8; CodeWorkout,2019-09-30T13:27:24,0,CS 1,439,3,7f418c780651b059fea0cac4eb882d5536d1977bf713f0ac8e5c25fefefc6954,True,Compile,,Success,,,161129,161129,161128.0
322817f4854f2f71b85db9d2e7c04e4a44c91ea866c689f277a658abc7d22b12,Java 8; CodeWorkout,2019-09-30T13:27:35,0,CS 1,439,3,3d6df80d99ebe523788df3cc48be04d979249bc5273022011e8f8f2359b03dff,True,Run.Program,0.6875,,,,161130,161130,
322817f4854f2f71b85db9d2e7c04e4a44c91ea866c689f277a658abc7d22b12,Java 8; CodeWorkout,2019-09-30T13:27:35,0,CS 1,439,3,3d6df80d99ebe523788df3cc48be04d979249bc5273022011e8f8f2359b03dff,True,Compile,,Success,,,161131,161131,161130.0
322817f4854f2f71b85db9d2e7c04e4a44c91ea866c689f277a658abc7d22b12,Java 8; CodeWorkout,2019-09-30T13:27:58,0,CS 1,439,3,aa4bc3a376123d8d72d24d50fd277a9958801b37eb924309d1f253e6c1e202e1,True,Run.Program,0.5625,,,,161132,161132,
322817f4854f2f71b85db9d2e7c04e4a44c91ea866c689f277a658abc7d22b12,Java 8; CodeWorkout,2019-09-30T13:27:58,0,CS 1,439,3,aa4bc3a376123d8d72d24d50fd277a9958801b37eb924309d1f253e6c1e202e1,True,Compile,,Success,,,161133,161133,161132.0
322817f4854f2f71b85db9d2e7c04e4a44c91ea866c689f277a658abc7d22b12,Java 8; CodeWorkout,2019-09-30T13:28:08,0,CS 1,439,3,d3ff07c2c05b72000be1ede643964b8131bcb03a6011b658ac0c590ddac3b79f,True,Run.Program,0.6875,,,,161134,161134,
322817f4854f2f71b85db9d2e7c04e4a44c91ea866c689f277a658abc7d22b12,Java 8; CodeWorkout,2019-09-30T13:28:08,0,CS 1,439,3,d3ff07c2c05b72000be1ede643964b8131bcb03a6011b658ac0c590ddac3b79f,True,Compile,,Success,,,161135,161135,161134.0
322817f4854f2f71b85db9d2e7c04e4a44c91ea866c689f277a658abc7d22b12,Java 8; CodeWorkout,2019-09-30T13:25:10,0,CS 1,439,12,3ef832da8cadc890a42e7477ddf09eec7bfb015f7ca3f0fb5b6b90da82d6b012,True,Run.Program,0.55,,,,161114,161114,
322817f4854f2f71b85db9d2e7c04e4a44c91ea866c689f277a658abc7d22b12,Java 8; CodeWorkout,2019-09-30T13:25:10,0,CS 1,439,12,3ef832da8cadc890a42e7477ddf09eec7bfb015f7ca3f0fb5b6b90da82d6b012,True,Compile,,Success,,,161115,161115,161114.0
322817f4854f2f71b85db9d2e7c04e4a44c91ea866c689f277a658abc7d22b12,Java 8; CodeWorkout,2019-09-30T13:25:39,0,CS 1,439,12,53a066cd00dee8d8eefade7b2a35bb98dc98b1fc3bc904edf8ecaeb022963356,True,Run.Program,0.8,,,,161116,161116,
322817f4854f2f71b85db9d2e7c04e4a44c91ea866c689f277a658abc7d22b12,Java 8; CodeWorkout,2019-09-30T13:25:39,0,CS 1,439,12,53a066cd00dee8d8eefade7b2a35bb98dc98b1fc3bc904edf8ecaeb022963356,True,Compile,,Success,,,161117,161117,161116.0
322817f4854f2f71b85db9d2e7c04e4a44c91ea866c689f277a658abc7d22b12,Java 8; CodeWorkout,2019-09-30T13:25:50,0,CS 1,439,12,2e9c1888608377bbb483d21c9a91acba69e467400f748a6cc05068dbab83fb54,True,Run.Program,1.0,,,,161118,161118,
322817f4854f2f71b85db9d2e7c04e4a44c91ea866c689f277a658abc7d22b12,Java 8; CodeWorkout,2019-09-30T13:25:50,0,CS 1,439,12,2e9c1888608377bbb483d21c9a91acba69e467400f748a6cc05068dbab83fb54,True,Compile,,Success,,,161119,161119,161118.0
322817f4854f2f71b85db9d2e7c04e4a44c91ea866c689f277a658abc7d22b12,Java 8; CodeWorkout,2019-09-30T13:25:53,0,CS 1,439,12,e79deaa71cd67a8b4d947df930b92467a43a195afce417265885589c61436f7a,True,Run.Program,1.0,,,,161120,161120,
322817f4854f2f71b85db9d2e7c04e4a44c91ea866c689f277a658abc7d22b12,Java 8; CodeWorkout,2019-09-30T13:25:53,0,CS 1,439,12,e79deaa71cd67a8b4d947df930b92467a43a195afce417265885589c61436f7a,True,Compile,,Success,,,161121,161121,161120.0
322817f4854f2f71b85db9d2e7c04e4a44c91ea866c689f277a658abc7d22b12,Java 8; CodeWorkout,2019-09-30T13:34:55,0,CS 1,439,13,57d1d310b35f2c6578231a73bb1e9f1bb86f632b4da6195086b33ad171f42d3b,True,Run.Program,0.565217,,,,161136,161136,
322817f4854f2f71b85db9d2e7c04e4a44c91ea866c689f277a658abc7d22b12,Java 8; CodeWorkout,2019-09-30T13:34:55,0,CS 1,439,13,57d1d310b35f2c6578231a73bb1e9f1bb86f632b4da6195086b33ad171f42d3b,True,Compile,,Success,,,161137,161137,161136.0
322817f4854f2f71b85db9d2e7c04e4a44c91ea866c689f277a658abc7d22b12,Java 8; CodeWorkout,2019-09-30T13:41:46,0,CS 1,439,13,acbcab97d6a5d726c29edfdff2b489e4d2e6ed934be6e71829fb110f9532c65c,True,Run.Program,0.0,,,,161138,161138,
322817f4854f2f71b85db9d2e7c04e4a44c91ea866c689f277a658abc7d22b12,Java 8; CodeWorkout,2019-09-30T13:41:46,0,CS 1,439,13,acbcab97d6a5d726c29edfdff2b489e4d2e6ed934be6e71829fb110f9532c65c,True,Compile,,Error,,,161139,161139,161138.0
322817f4854f2f71b85db9d2e7c04e4a44c91ea866c689f277a658abc7d22b12,Java 8; CodeWorkout,2019-09-30T13:41:46,0,CS 1,439,13,acbcab97d6a5d726c29edfdff2b489e4d2e6ed934be6e71829fb110f9532c65c,True,Compile.Error,,,SyntaxError,line 21: error: illegal start of type. ,161140,161140,161139.0
322817f4854f2f71b85db9d2e7c04e4a44c91ea866c689f277a658abc7d22b12,Java 8; CodeWorkout,2019-09-30T13:41:46,0,CS 1,439,13,acbcab97d6a5d726c29edfdff2b489e4d2e6ed934be6e71829fb110f9532c65c,True,Compile.Error,,,SyntaxError,line 21: error: ';' expected. ,161141,161141,161139.0
322817f4854f2f71b85db9d2e7c04e4a44c91ea866c689f277a658abc7d22b12,Java 8; CodeWorkout,2019-09-30T13:41:46,0,CS 1,439,13,acbcab97d6a5d726c29edfdff2b489e4d2e6ed934be6e71829fb110f9532c65c,True,Compile.Error,,,SyntaxError,"line 22: error: class, interface, or enum expected, maybe a missing delimiter or closing brace?",161142,161142,161139.0
322817f4854f2f71b85db9d2e7c04e4a44c91ea866c689f277a658abc7d22b12,Java 8; CodeWorkout,2019-09-30T13:42:20,0,CS 1,439,13,1be61a4f0b69196b27e3934af3b6573f8852730c88816784310cc64e82f2b28a,True,Run.Program,0.8695649999999999,,,,161143,161143,
322817f4854f2f71b85db9d2e7c04e4a44c91ea866c689f277a658abc7d22b12,Java 8; CodeWorkout,2019-09-30T13:42:20,0,CS 1,439,13,1be61a4f0b69196b27e3934af3b6573f8852730c88816784310cc64e82f2b28a,True,Compile,,Success,,,161144,161144,161143.0
351cff49ce968bd6bb542470c3004131a5042932b5f2cb0e7ea8492770b77485,Java 8; CodeWorkout,2019-09-30T13:01:18,0,CS 1,439,13,3ec5a3ca4557c13dcd158b0f70c3a901ab8d7a4a2936cba9cf6a3cafd4eb10e2,True,Run.Program,0.0,,,,15769,15769,
351cff49ce968bd6bb542470c3004131a5042932b5f2cb0e7ea8492770b77485,Java 8; CodeWorkout,2019-09-30T13:01:18,0,CS 1,439,13,3ec5a3ca4557c13dcd158b0f70c3a901ab8d7a4a2936cba9cf6a3cafd4eb10e2,True,Compile,,Error,,,15770,15770,15769.0
351cff49ce968bd6bb542470c3004131a5042932b5f2cb0e7ea8492770b77485,Java 8; CodeWorkout,2019-09-30T13:01:18,0,CS 1,439,13,3ec5a3ca4557c13dcd158b0f70c3a901ab8d7a4a2936cba9cf6a3cafd4eb10e2,True,Compile.Error,,,SyntaxError,"line 17: error: class, interface, or enum expected, maybe a missing delimiter or closing brace?",15771,15771,15770.0
351cff49ce968bd6bb542470c3004131a5042932b5f2cb0e7ea8492770b77485,Java 8; CodeWorkout,2019-09-30T13:02:01,0,CS 1,439,13,c56f958c2d1e872ef8dded64c9c368512c358848e9e809449da65f8149cc86ae,True,Run.Program,1.0,,,,15772,15772,
351cff49ce968bd6bb542470c3004131a5042932b5f2cb0e7ea8492770b77485,Java 8; CodeWorkout,2019-09-30T13:02:01,0,CS 1,439,13,c56f958c2d1e872ef8dded64c9c368512c358848e9e809449da65f8149cc86ae,True,Compile,,Success,,,15773,15773,15772.0
351cff49ce968bd6bb542470c3004131a5042932b5f2cb0e7ea8492770b77485,Java 8; CodeWorkout,2019-09-30T13:09:24,0,CS 1,439,232,705402ce326a4836ffb5036404ed85f098333ec88a0c6581c43bb6ee921fea4f,True,Run.Program,0.0,,,,15774,15774,
351cff49ce968bd6bb542470c3004131a5042932b5f2cb0e7ea8492770b77485,Java 8; CodeWorkout,2019-09-30T13:09:24,0,CS 1,439,232,705402ce326a4836ffb5036404ed85f098333ec88a0c6581c43bb6ee921fea4f,True,Compile,,Error,,,15775,15775,15774.0
351cff49ce968bd6bb542470c3004131a5042932b5f2cb0e7ea8492770b77485,Java 8; CodeWorkout,2019-09-30T13:09:24,0,CS 1,439,232,705402ce326a4836ffb5036404ed85f098333ec88a0c6581c43bb6ee921fea4f,True,Compile.Error,,,SyntaxError,line 7: error: ';' expected. ,15776,15776,15775.0
351cff49ce968bd6bb542470c3004131a5042932b5f2cb0e7ea8492770b77485,Java 8; CodeWorkout,2019-09-30T13:09:24,0,CS 1,439,232,705402ce326a4836ffb5036404ed85f098333ec88a0c6581c43bb6ee921fea4f,True,Compile.Error,,,SyntaxError,line 12: error: ';' expected,15777,15777,15775.0
351cff49ce968bd6bb542470c3004131a5042932b5f2cb0e7ea8492770b77485,Java 8; CodeWorkout,2019-09-30T13:09:38,0,CS 1,439,232,574663f4e8cdc658286845fe08a7651e675b8f155d25099906c5e7d672a95970,True,Run.Program,0.0,,,,15778,15778,
351cff49ce968bd6bb542470c3004131a5042932b5f2cb0e7ea8492770b77485,Java 8; CodeWorkout,2019-09-30T13:09:38,0,CS 1,439,232,574663f4e8cdc658286845fe08a7651e675b8f155d25099906c5e7d672a95970,True,Compile,,Error,,,15779,15779,15778.0
351cff49ce968bd6bb542470c3004131a5042932b5f2cb0e7ea8492770b77485,Java 8; CodeWorkout,2019-09-30T13:09:38,0,CS 1,439,232,574663f4e8cdc658286845fe08a7651e675b8f155d25099906c5e7d672a95970,True,Compile.Error,,,SyntaxError,line 7: error: ';' expected,15780,15780,15779.0
351cff49ce968bd6bb542470c3004131a5042932b5f2cb0e7ea8492770b77485,Java 8; CodeWorkout,2019-09-30T13:09:52,0,CS 1,439,232,5bd6b0da6697c7fba2867a36ace69cce5d67e507434ac92d28ad127f7cf37bbc,True,Run.Program,1.0,,,,15781,15781,
351cff49ce968bd6bb542470c3004131a5042932b5f2cb0e7ea8492770b77485,Java 8; CodeWorkout,2019-09-30T13:09:52,0,CS 1,439,232,5bd6b0da6697c7fba2867a36ace69cce5d67e507434ac92d28ad127f7cf37bbc,True,Compile,,Success,,,15782,15782,15781.0
453482ae02a485dd6eda2426eae4181835e1451a36229f550d4efb9d8a7a9470,Java 8; CodeWorkout,2019-09-30T13:19:39,0,CS 1,487,22,00281e8f7a72f5a1cfd3ed699429529be81bb93af3c6b3692ef012f59e87ade8,True,Run.Program,0.0,,,,207571,207571,
453482ae02a485dd6eda2426eae4181835e1451a36229f550d4efb9d8a7a9470,Java 8; CodeWorkout,2019-09-30T13:19:39,0,CS 1,487,22,00281e8f7a72f5a1cfd3ed699429529be81bb93af3c6b3692ef012f59e87ade8,True,Compile,,Error,,,207572,207572,207571.0
453482ae02a485dd6eda2426eae4181835e1451a36229f550d4efb9d8a7a9470,Java 8; CodeWorkout,2019-09-30T13:19:39,0,CS 1,487,22,00281e8f7a72f5a1cfd3ed699429529be81bb93af3c6b3692ef012f59e87ade8,True,Compile.Error,,,SyntaxError,line 3: error: ';' expected. ,207573,207573,207572.0
453482ae02a485dd6eda2426eae4181835e1451a36229f550d4efb9d8a7a9470,Java 8; CodeWorkout,2019-09-30T13:19:39,0,CS 1,487,22,00281e8f7a72f5a1cfd3ed699429529be81bb93af3c6b3692ef012f59e87ade8,True,Compile.Error,,,SyntaxError,line 10: error: illegal start of expression. ,207574,207574,207572.0
453482ae02a485dd6eda2426eae4181835e1451a36229f550d4efb9d8a7a9470,Java 8; CodeWorkout,2019-09-30T13:19:39,0,CS 1,487,22,00281e8f7a72f5a1cfd3ed699429529be81bb93af3c6b3692ef012f59e87ade8,True,Compile.Error,,,SyntaxError,line 10: error: ';' expected. ,207575,207575,207572.0
453482ae02a485dd6eda2426eae4181835e1451a36229f550d4efb9d8a7a9470,Java 8; CodeWorkout,2019-09-30T13:19:39,0,CS 1,487,22,00281e8f7a72f5a1cfd3ed699429529be81bb93af3c6b3692ef012f59e87ade8,True,Compile.Error,,,SyntaxError,line 14: error: 'else' without 'if',207576,207576,207572.0
453482ae02a485dd6eda2426eae4181835e1451a36229f550d4efb9d8a7a9470,Java 8; CodeWorkout,2019-09-30T13:20:22,0,CS 1,487,22,4b3214640da6fa75d43e56902c4f566ee0aa9702a771186226b769f210bab8ba,True,Run.Program,0.0,,,,207577,207577,
453482ae02a485dd6eda2426eae4181835e1451a36229f550d4efb9d8a7a9470,Java 8; CodeWorkout,2019-09-30T13:20:22,0,CS 1,487,22,4b3214640da6fa75d43e56902c4f566ee0aa9702a771186226b769f210bab8ba,True,Compile,,Error,,,207578,207578,207577.0
453482ae02a485dd6eda2426eae4181835e1451a36229f550d4efb9d8a7a9470,Java 8; CodeWorkout,2019-09-30T13:20:22,0,CS 1,487,22,4b3214640da6fa75d43e56902c4f566ee0aa9702a771186226b769f210bab8ba,True,Compile.Error,,,SyntaxError,line 3: error: cannot find symbol: method fixTeam(int),207579,207579,207578.0
453482ae02a485dd6eda2426eae4181835e1451a36229f550d4efb9d8a7a9470,Java 8; CodeWorkout,2019-09-30T13:20:49,0,CS 1,487,22,4769a2ff669258ed2b5587ac101958ce6851750c5b76cde9ad8da027769712b9,True,Run.Program,0.64,,,,207580,207580,
453482ae02a485dd6eda2426eae4181835e1451a36229f550d4efb9d8a7a9470,Java 8; CodeWorkout,2019-09-30T13:20:49,0,CS 1,487,22,4769a2ff669258ed2b5587ac101958ce6851750c5b76cde9ad8da027769712b9,True,Compile,,Success,,,207581,207581,207580.0
453482ae02a485dd6eda2426eae4181835e1451a36229f550d4efb9d8a7a9470,Java 8; CodeWorkout,2019-09-30T13:21:12,0,CS 1,487,22,fddc029f5018c70fb836903b621044346ec18a7b41f9749b95b08e40abb617a8,True,Run.Program,0.44,,,,207582,207582,
453482ae02a485dd6eda2426eae4181835e1451a36229f550d4efb9d8a7a9470,Java 8; CodeWorkout,2019-09-30T13:21:12,0,CS 1,487,22,fddc029f5018c70fb836903b621044346ec18a7b41f9749b95b08e40abb617a8,True,Compile,,Success,,,207583,207583,207582.0
453482ae02a485dd6eda2426eae4181835e1451a36229f550d4efb9d8a7a9470,Java 8; CodeWorkout,2019-09-30T13:21:39,0,CS 1,487,22,c7b52dadfa4409e419cb127d82ab054e536219081be4a6a823a0cf5abe9c5e7b,True,Run.Program,0.44,,,,207584,207584,
453482ae02a485dd6eda2426eae4181835e1451a36229f550d4efb9d8a7a9470,Java 8; CodeWorkout,2019-09-30T13:21:39,0,CS 1,487,22,c7b52dadfa4409e419cb127d82ab054e536219081be4a6a823a0cf5abe9c5e7b,True,Compile,,Success,,,207585,207585,207584.0
453482ae02a485dd6eda2426eae4181835e1451a36229f550d4efb9d8a7a9470,Java 8; CodeWorkout,2019-09-30T13:22:45,0,CS 1,487,22,a5c4131397434897aa62c1a37b1ef18312a4aa8480fe0f39ff9f1486e32ef8d6,True,Run.Program,1.0,,,,207586,207586,
453482ae02a485dd6eda2426eae4181835e1451a36229f550d4efb9d8a7a9470,Java 8; CodeWorkout,2019-09-30T13:22:45,0,CS 1,487,22,a5c4131397434897aa62c1a37b1ef18312a4aa8480fe0f39ff9f1486e32ef8d6,True,Compile,,Success,,,207587,207587,207586.0
48002b47ecdcaeb4828400130c7d77959319f9ae612dfbd03a91f7422c093ac7,Java 8; CodeWorkout,2019-09-30T13:14:18,0,CS 1,487,24,3ce5b825ac538c46659c4917c5942bc39ce38569ddafd8bfebe6ba2e6d9b9836,True,Run.Program,0.0,,,,194311,194311,
48002b47ecdcaeb4828400130c7d77959319f9ae612dfbd03a91f7422c093ac7,Java 8; CodeWorkout,2019-09-30T13:14:18,0,CS 1,487,24,3ce5b825ac538c46659c4917c5942bc39ce38569ddafd8bfebe6ba2e6d9b9836,True,Compile,,Error,,,194312,194312,194311.0
48002b47ecdcaeb4828400130c7d77959319f9ae612dfbd03a91f7422c093ac7,Java 8; CodeWorkout,2019-09-30T13:14:18,0,CS 1,487,24,3ce5b825ac538c46659c4917c5942bc39ce38569ddafd8bfebe6ba2e6d9b9836,True,Compile.Error,,,SyntaxError,line 3: error: ')' expected. ,194313,194313,194312.0
48002b47ecdcaeb4828400130c7d77959319f9ae612dfbd03a91f7422c093ac7,Java 8; CodeWorkout,2019-09-30T13:14:18,0,CS 1,487,24,3ce5b825ac538c46659c4917c5942bc39ce38569ddafd8bfebe6ba2e6d9b9836,True,Compile.Error,,,SyntaxError,line 7: error: ')' expected. ,194314,194314,194312.0
48002b47ecdcaeb4828400130c7d77959319f9ae612dfbd03a91f7422c093ac7,Java 8; CodeWorkout,2019-09-30T13:14:18,0,CS 1,487,24,3ce5b825ac538c46659c4917c5942bc39ce38569ddafd8bfebe6ba2e6d9b9836,True,Compile.Error,,,SyntaxError,line 10: error: ')' expected,194315,194315,194312.0
48002b47ecdcaeb4828400130c7d77959319f9ae612dfbd03a91f7422c093ac7,Java 8; CodeWorkout,2019-09-30T13:14:48,0,CS 1,487,24,48fe1ac9f01af8d033c2fdf13683f143f260d22e50bad1067c3af41cca0ca19b,True,Run.Program,1.0,,,,194316,194316,
48002b47ecdcaeb4828400130c7d77959319f9ae612dfbd03a91f7422c093ac7,Java 8; CodeWorkout,2019-09-30T13:14:48,0,CS 1,487,24,48fe1ac9f01af8d033c2fdf13683f143f260d22e50bad1067c3af41cca0ca19b,True,Compile,,Success,,,194317,194317,194316.0
48002b47ecdcaeb4828400130c7d77959319f9ae612dfbd03a91f7422c093ac7,Java 8; CodeWorkout,2019-09-30T13:31:11,0,CS 1,487,100,6da5de7021eb82965db46a86a3ae4580316c9bd58034392eda032eea81bc6b13,True,Run.Program,0.0,,,,194318,194318,
48002b47ecdcaeb4828400130c7d77959319f9ae612dfbd03a91f7422c093ac7,Java 8; CodeWorkout,2019-09-30T13:31:11,0,CS 1,487,100,6da5de7021eb82965db46a86a3ae4580316c9bd58034392eda032eea81bc6b13,True,Compile,,Error,,,194319,194319,194318.0
48002b47ecdcaeb4828400130c7d77959319f9ae612dfbd03a91f7422c093ac7,Java 8; CodeWorkout,2019-09-30T13:31:11,0,CS 1,487,100,6da5de7021eb82965db46a86a3ae4580316c9bd58034392eda032eea81bc6b13,True,Compile.Error,,,SyntaxError,line 11: error: ';' expected,194320,194320,194319.0
48002b47ecdcaeb4828400130c7d77959319f9ae612dfbd03a91f7422c093ac7,Java 8; CodeWorkout,2019-09-30T13:31:20,0,CS 1,487,100,56eab510e13565a74aa9abbd4d51a182a37e6c2e04f3036118fdc5fafe31dbb5,True,Run.Program,0.0,,,,194321,194321,
48002b47ecdcaeb4828400130c7d77959319f9ae612dfbd03a91f7422c093ac7,Java 8; CodeWorkout,2019-09-30T13:31:20,0,CS 1,487,100,56eab510e13565a74aa9abbd4d51a182a37e6c2e04f3036118fdc5fafe31dbb5,True,Compile,,Error,,,194322,194322,194321.0
48002b47ecdcaeb4828400130c7d77959319f9ae612dfbd03a91f7422c093ac7,Java 8; CodeWorkout,2019-09-30T13:31:20,0,CS 1,487,100,56eab510e13565a74aa9abbd4d51a182a37e6c2e04f3036118fdc5fafe31dbb5,True,Compile.Error,,,SyntaxError,line 8: error: cannot find symbol: variable number,194323,194323,194322.0
48002b47ecdcaeb4828400130c7d77959319f9ae612dfbd03a91f7422c093ac7,Java 8; CodeWorkout,2019-09-30T13:31:39,0,CS 1,487,100,a60497761f2a2c7ec48303616382b20aa52456a5e5bfe6c7e440c964a27c9a55,True,Run.Program,1.0,,,,194324,194324,
48002b47ecdcaeb4828400130c7d77959319f9ae612dfbd03a91f7422c093ac7,Java 8; CodeWorkout,2019-09-30T13:31:39,0,CS 1,487,100,a60497761f2a2c7ec48303616382b20aa52456a5e5bfe6c7e440c964a27c9a55,True,Compile,,Success,,,194325,194325,194324.0
48002b47ecdcaeb4828400130c7d77959319f9ae612dfbd03a91f7422c093ac7,Java 8; CodeWorkout,2019-09-30T13:41:31,0,CS 1,487,101,ce835c1bdb42b3adafad6717311406fe2736e20c0ac72f544f8515dc610489bb,True,Run.Program,0.52,,,,194326,194326,
48002b47ecdcaeb4828400130c7d77959319f9ae612dfbd03a91f7422c093ac7,Java 8; CodeWorkout,2019-09-30T13:41:31,0,CS 1,487,101,ce835c1bdb42b3adafad6717311406fe2736e20c0ac72f544f8515dc610489bb,True,Compile,,Success,,,194327,194327,194326.0
48002b47ecdcaeb4828400130c7d77959319f9ae612dfbd03a91f7422c093ac7,Java 8; CodeWorkout,2019-09-30T13:42:01,0,CS 1,487,101,e551876cd0beff54c7631ef345776f2271909cd1c8a93a3a6919e0294cdfaa28,True,Run.Program,0.52,,,,194328,194328,
48002b47ecdcaeb4828400130c7d77959319f9ae612dfbd03a91f7422c093ac7,Java 8; CodeWorkout,2019-09-30T13:42:01,0,CS 1,487,101,e551876cd0beff54c7631ef345776f2271909cd1c8a93a3a6919e0294cdfaa28,True,Compile,,Success,,,194329,194329,194328.0
48f565383f47c6752893810686bd0c5f07fef08e34bc22a3f398d3b8c8db7c43,Java 8; CodeWorkout,2019-09-30T13:50:18,0,CS 1,439,5,28e860cbc74aafc79659b3a8c0cfcbe15fbb36c6e187fe297b873c085ddb2af4,True,Run.Program,0.625,,,,126543,126543,
48f565383f47c6752893810686bd0c5f07fef08e34bc22a3f398d3b8c8db7c43,Java 8; CodeWorkout,2019-09-30T13:50:18,0,CS 1,439,5,28e860cbc74aafc79659b3a8c0cfcbe15fbb36c6e187fe297b873c085ddb2af4,True,Compile,,Success,,,126544,126544,126543.0
48f565383f47c6752893810686bd0c5f07fef08e34bc22a3f398d3b8c8db7c43,Java 8; CodeWorkout,2019-09-30T13:51:29,0,CS 1,439,5,31dceeb4826c4e698c182f803fd06d4169a3cc68ef309ed9a46ba1bcfcae8f44,True,Run.Program,0.75,,,,126545,126545,
48f565383f47c6752893810686bd0c5f07fef08e34bc22a3f398d3b8c8db7c43,Java 8; CodeWorkout,2019-09-30T13:51:29,0,CS 1,439,5,31dceeb4826c4e698c182f803fd06d4169a3cc68ef309ed9a46ba1bcfcae8f44,True,Compile,,Success,,,126546,126546,126545.0
48f565383f47c6752893810686bd0c5f07fef08e34bc22a3f398d3b8c8db7c43,Java 8; CodeWorkout,2019-09-30T13:53:06,0,CS 1,439,5,363d3b11a300779892577b2eab5295f3e33dc577a4cf6d1daa6743d267d60082,True,Run.Program,0.75,,,,126547,126547,
48f565383f47c6752893810686bd0c5f07fef08e34bc22a3f398d3b8c8db7c43,Java 8; CodeWorkout,2019-09-30T13:53:06,0,CS 1,439,5,363d3b11a300779892577b2eab5295f3e33dc577a4cf6d1daa6743d267d60082,True,Compile,,Success,,,126548,126548,126547.0
48f565383f47c6752893810686bd0c5f07fef08e34bc22a3f398d3b8c8db7c43,Java 8; CodeWorkout,2019-09-30T13:05:37,0,CS 1,439,13,5181ff39d5379f0c284d0d47dc7de4af9cd0677a439a8fff4ba450bcd03b9ef0,True,Run.Program,0.0,,,,126466,126466,
48f565383f47c6752893810686bd0c5f07fef08e34bc22a3f398d3b8c8db7c43,Java 8; CodeWorkout,2019-09-30T13:05:37,0,CS 1,439,13,5181ff39d5379f0c284d0d47dc7de4af9cd0677a439a8fff4ba450bcd03b9ef0,True,Compile,,Error,,,126467,126467,126466.0
48f565383f47c6752893810686bd0c5f07fef08e34bc22a3f398d3b8c8db7c43,Java 8; CodeWorkout,2019-09-30T13:05:37,0,CS 1,439,13,5181ff39d5379f0c284d0d47dc7de4af9cd0677a439a8fff4ba450bcd03b9ef0,True,Compile.Error,,,SyntaxError,line 33: error: missing return statement,126468,126468,126467.0
48f565383f47c6752893810686bd0c5f07fef08e34bc22a3f398d3b8c8db7c43,Java 8; CodeWorkout,2019-09-30T13:06:56,0,CS 1,439,13,4c8be1bc1ba702a92a67cc6a77a7f856cfcbb133e9757d3abba2f4a439fa971f,True,Run.Program,0.0,,,,126469,126469,
48f565383f47c6752893810686bd0c5f07fef08e34bc22a3f398d3b8c8db7c43,Java 8; CodeWorkout,2019-09-30T13:06:56,0,CS 1,439,13,4c8be1bc1ba702a92a67cc6a77a7f856cfcbb133e9757d3abba2f4a439fa971f,True,Compile,,Error,,,126470,126470,126469.0
48f565383f47c6752893810686bd0c5f07fef08e34bc22a3f398d3b8c8db7c43,Java 8; CodeWorkout,2019-09-30T13:06:56,0,CS 1,439,13,4c8be1bc1ba702a92a67cc6a77a7f856cfcbb133e9757d3abba2f4a439fa971f,True,Compile.Error,,,SyntaxError,line 33: error: missing return statement,126471,126471,126470.0
48f565383f47c6752893810686bd0c5f07fef08e34bc22a3f398d3b8c8db7c43,Java 8; CodeWorkout,2019-09-30T13:13:34,0,CS 1,439,13,631f321fc678c1c37776b73ba5b2b68c67d75f2e2f8428d3a91e166525c43add,True,Run.Program,0.0,,,,126472,126472,
48f565383f47c6752893810686bd0c5f07fef08e34bc22a3f398d3b8c8db7c43,Java 8; CodeWorkout,2019-09-30T13:13:34,0,CS 1,439,13,631f321fc678c1c37776b73ba5b2b68c67d75f2e2f8428d3a91e166525c43add,True,Compile,,Error,,,126473,126473,126472.0
48f565383f47c6752893810686bd0c5f07fef08e34bc22a3f398d3b8c8db7c43,Java 8; CodeWorkout,2019-09-30T13:13:34,0,CS 1,439,13,631f321fc678c1c37776b73ba5b2b68c67d75f2e2f8428d3a91e166525c43add,True,Compile.Error,,,SyntaxError,line 27: error: missing return statement,126474,126474,126473.0
48f565383f47c6752893810686bd0c5f07fef08e34bc22a3f398d3b8c8db7c43,Java 8; CodeWorkout,2019-09-30T13:14:56,0,CS 1,439,13,08d010f5a9fa5dd25533385eab7f5e12568bf08fa378079c71c30673ee53c559,True,Run.Program,0.0,,,,126475,126475,
48f565383f47c6752893810686bd0c5f07fef08e34bc22a3f398d3b8c8db7c43,Java 8; CodeWorkout,2019-09-30T13:14:56,0,CS 1,439,13,08d010f5a9fa5dd25533385eab7f5e12568bf08fa378079c71c30673ee53c559,True,Compile,,Error,,,126476,126476,126475.0
48f565383f47c6752893810686bd0c5f07fef08e34bc22a3f398d3b8c8db7c43,Java 8; CodeWorkout,2019-09-30T13:14:56,0,CS 1,439,13,08d010f5a9fa5dd25533385eab7f5e12568bf08fa378079c71c30673ee53c559,True,Compile.Error,,,SyntaxError,line 20: error: 'void' type not allowed here. ,126477,126477,126476.0
48f565383f47c6752893810686bd0c5f07fef08e34bc22a3f398d3b8c8db7c43,Java 8; CodeWorkout,2019-09-30T13:14:56,0,CS 1,439,13,08d010f5a9fa5dd25533385eab7f5e12568bf08fa378079c71c30673ee53c559,True,Compile.Error,,,SyntaxError,"line 27: error: 'void' type not allowed here, maybe a missing delimiter or closing brace?",126478,126478,126476.0
48f565383f47c6752893810686bd0c5f07fef08e34bc22a3f398d3b8c8db7c43,Java 8; CodeWorkout,2019-09-30T13:14:57,0,CS 1,439,13,fa322b9a0dbc3ca69dff67102cdc8b7ab8c6cda430d7ab1e74bb4b83952a812b,True,Run.Program,0.0,,,,126479,126479,
48f565383f47c6752893810686bd0c5f07fef08e34bc22a3f398d3b8c8db7c43,Java 8; CodeWorkout,2019-09-30T13:14:57,0,CS 1,439,13,fa322b9a0dbc3ca69dff67102cdc8b7ab8c6cda430d7ab1e74bb4b83952a812b,True,Compile,,Error,,,126480,126480,126479.0
48f565383f47c6752893810686bd0c5f07fef08e34bc22a3f398d3b8c8db7c43,Java 8; CodeWorkout,2019-09-30T13:14:57,0,CS 1,439,13,fa322b9a0dbc3ca69dff67102cdc8b7ab8c6cda430d7ab1e74bb4b83952a812b,True,Compile.Error,,,SyntaxError,line 20: error: 'void' type not allowed here. ,126481,126481,126480.0
48f565383f47c6752893810686bd0c5f07fef08e34bc22a3f398d3b8c8db7c43,Java 8; CodeWorkout,2019-09-30T13:14:57,0,CS 1,439,13,fa322b9a0dbc3ca69dff67102cdc8b7ab8c6cda430d7ab1e74bb4b83952a812b,True,Compile.Error,,,SyntaxError,"line 27: error: 'void' type not allowed here, maybe a missing delimiter or closing brace?",126482,126482,126480.0
48f565383f47c6752893810686bd0c5f07fef08e34bc22a3f398d3b8c8db7c43,Java 8; CodeWorkout,2019-09-30T13:15:17,0,CS 1,439,13,084ba8eeb33c428370c3ab63d8f6d0f4e6a9efac5146787b3590ab820056dd5f,True,Run.Program,0.0,,,,126483,126483,
48f565383f47c6752893810686bd0c5f07fef08e34bc22a3f398d3b8c8db7c43,Java 8; CodeWorkout,2019-09-30T13:15:17,0,CS 1,439,13,084ba8eeb33c428370c3ab63d8f6d0f4e6a9efac5146787b3590ab820056dd5f,True,Compile,,Error,,,126484,126484,126483.0
48f565383f47c6752893810686bd0c5f07fef08e34bc22a3f398d3b8c8db7c43,Java 8; CodeWorkout,2019-09-30T13:15:17,0,CS 1,439,13,084ba8eeb33c428370c3ab63d8f6d0f4e6a9efac5146787b3590ab820056dd5f,True,Compile.Error,,,SyntaxError,line 27: error: missing return statement,126485,126485,126484.0
48f565383f47c6752893810686bd0c5f07fef08e34bc22a3f398d3b8c8db7c43,Java 8; CodeWorkout,2019-09-30T13:15:41,0,CS 1,439,13,5b1824f652e459eb48d6b80d5dbb95364a717696dfd5c808810f42191d0ef53a,True,Run.Program,0.0,,,,126486,126486,
48f565383f47c6752893810686bd0c5f07fef08e34bc22a3f398d3b8c8db7c43,Java 8; CodeWorkout,2019-09-30T13:15:41,0,CS 1,439,13,5b1824f652e459eb48d6b80d5dbb95364a717696dfd5c808810f42191d0ef53a,True,Compile,,Error,,,126487,126487,126486.0
48f565383f47c6752893810686bd0c5f07fef08e34bc22a3f398d3b8c8db7c43,Java 8; CodeWorkout,2019-09-30T13:15:41,0,CS 1,439,13,5b1824f652e459eb48d6b80d5dbb95364a717696dfd5c808810f42191d0ef53a,True,Compile.Error,,,SyntaxError,line 23: error: not a statement. ,126488,126488,126487.0
48f565383f47c6752893810686bd0c5f07fef08e34bc22a3f398d3b8c8db7c43,Java 8; CodeWorkout,2019-09-30T13:15:41,0,CS 1,439,13,5b1824f652e459eb48d6b80d5dbb95364a717696dfd5c808810f42191d0ef53a,True,Compile.Error,,,SyntaxError,line 23: error: ';' expected,126489,126489,126487.0
48f565383f47c6752893810686bd0c5f07fef08e34bc22a3f398d3b8c8db7c43,Java 8; CodeWorkout,2019-09-30T13:15:54,0,CS 1,439,13,5babae2432ef7cbabc6313aa609afbb0f37dd29f50dc58b38f4605d56a001648,True,Run.Program,1.0,,,,126490,126490,
48f565383f47c6752893810686bd0c5f07fef08e34bc22a3f398d3b8c8db7c43,Java 8; CodeWorkout,2019-09-30T13:15:54,0,CS 1,439,13,5babae2432ef7cbabc6313aa609afbb0f37dd29f50dc58b38f4605d56a001648,True,Compile,,Success,,,126491,126491,126490.0
48f565383f47c6752893810686bd0c5f07fef08e34bc22a3f398d3b8c8db7c43,Java 8; CodeWorkout,2019-09-30T13:20:14,0,CS 1,439,232,cc24e4febbe163d8de745a1fa57b6e28a8c8ca91563c2406f9c45df74e5c0f47,True,Run.Program,0.0,,,,126492,126492,
48f565383f47c6752893810686bd0c5f07fef08e34bc22a3f398d3b8c8db7c43,Java 8; CodeWorkout,2019-09-30T13:20:14,0,CS 1,439,232,cc24e4febbe163d8de745a1fa57b6e28a8c8ca91563c2406f9c45df74e5c0f47,True,Compile,,Error,,,126493,126493,126492.0
48f565383f47c6752893810686bd0c5f07fef08e34bc22a3f398d3b8c8db7c43,Java 8; CodeWorkout,2019-09-30T13:20:14,0,CS 1,439,232,cc24e4febbe163d8de745a1fa57b6e28a8c8ca91563c2406f9c45df74e5c0f47,True,Compile.Error,,,SyntaxError,line 3: error: bad operand types for binary operator '||',126494,126494,126493.0
48f565383f47c6752893810686bd0c5f07fef08e34bc22a3f398d3b8c8db7c43,Java 8; CodeWorkout,2019-09-30T13:20:46,0,CS 1,439,232,c993b2442cecc75fa21670eb016d476f07c24aee33061dd6a8d1674c9195b130,True,Run.Program,0.0,,,,126495,126495,
48f565383f47c6752893810686bd0c5f07fef08e34bc22a3f398d3b8c8db7c43,Java 8; CodeWorkout,2019-09-30T13:20:46,0,CS 1,439,232,c993b2442cecc75fa21670eb016d476f07c24aee33061dd6a8d1674c9195b130,True,Compile,,Error,,,126496,126496,126495.0
48f565383f47c6752893810686bd0c5f07fef08e34bc22a3f398d3b8c8db7c43,Java 8; CodeWorkout,2019-09-30T13:20:46,0,CS 1,439,232,c993b2442cecc75fa21670eb016d476f07c24aee33061dd6a8d1674c9195b130,True,Compile.Error,,,SyntaxError,line 3: error: bad operand types for binary operator '&&',126497,126497,126496.0
48f565383f47c6752893810686bd0c5f07fef08e34bc22a3f398d3b8c8db7c43,Java 8; CodeWorkout,2019-09-30T13:21:52,0,CS 1,439,232,fb2f12ff435abba097832b93e1977a45d73f9ebd9a264db254dda656c262e472,True,Run.Program,0.0,,,,126498,126498,
48f565383f47c6752893810686bd0c5f07fef08e34bc22a3f398d3b8c8db7c43,Java 8; CodeWorkout,2019-09-30T13:21:52,0,CS 1,439,232,fb2f12ff435abba097832b93e1977a45d73f9ebd9a264db254dda656c262e472,True,Compile,,Error,,,126499,126499,126498.0
48f565383f47c6752893810686bd0c5f07fef08e34bc22a3f398d3b8c8db7c43,Java 8; CodeWorkout,2019-09-30T13:21:52,0,CS 1,439,232,fb2f12ff435abba097832b93e1977a45d73f9ebd9a264db254dda656c262e472,True,Compile.Error,,,SyntaxError,line 3: error: bad operand types for binary operator '&&',126500,126500,126499.0
48f565383f47c6752893810686bd0c5f07fef08e34bc22a3f398d3b8c8db7c43,Java 8; CodeWorkout,2019-09-30T13:24:14,0,CS 1,439,232,6681bd8128028c827749eb575968d27c8c63d774bbd360c980ddff510f6dd944,True,Run.Program,0.0,,,,126501,126501,
48f565383f47c6752893810686bd0c5f07fef08e34bc22a3f398d3b8c8db7c43,Java 8; CodeWorkout,2019-09-30T13:24:14,0,CS 1,439,232,6681bd8128028c827749eb575968d27c8c63d774bbd360c980ddff510f6dd944,True,Compile,,Error,,,126502,126502,126501.0
48f565383f47c6752893810686bd0c5f07fef08e34bc22a3f398d3b8c8db7c43,Java 8; CodeWorkout,2019-09-30T13:24:14,0,CS 1,439,232,6681bd8128028c827749eb575968d27c8c63d774bbd360c980ddff510f6dd944,True,Compile.Error,,,SyntaxError,line 3: error: ')' expected,126503,126503,126502.0
48f565383f47c6752893810686bd0c5f07fef08e34bc22a3f398d3b8c8db7c43,Java 8; CodeWorkout,2019-09-30T13:24:29,0,CS 1,439,232,9e5ccb7b01d516e744069a209e67b046cc79822deb30fe25e5a21494a687d450,True,Run.Program,0.0,,,,126504,126504,
48f565383f47c6752893810686bd0c5f07fef08e34bc22a3f398d3b8c8db7c43,Java 8; CodeWorkout,2019-09-30T13:24:29,0,CS 1,439,232,9e5ccb7b01d516e744069a209e67b046cc79822deb30fe25e5a21494a687d450,True,Compile,,Error,,,126505,126505,126504.0
48f565383f47c6752893810686bd0c5f07fef08e34bc22a3f398d3b8c8db7c43,Java 8; CodeWorkout,2019-09-30T13:24:29,0,CS 1,439,232,9e5ccb7b01d516e744069a209e67b046cc79822deb30fe25e5a21494a687d450,True,Compile.Error,,,SyntaxError,line 3: error: bad operand types for binary operator '||',126506,126506,126505.0
48f565383f47c6752893810686bd0c5f07fef08e34bc22a3f398d3b8c8db7c43,Java 8; CodeWorkout,2019-09-30T13:26:43,0,CS 1,439,232,8ce4e998af9f4507ed43b1bf50b9efdf73e5e625b3eba01f4045d4d6999234c6,True,Run.Program,0.0,,,,126507,126507,
48f565383f47c6752893810686bd0c5f07fef08e34bc22a3f398d3b8c8db7c43,Java 8; CodeWorkout,2019-09-30T13:26:43,0,CS 1,439,232,8ce4e998af9f4507ed43b1bf50b9efdf73e5e625b3eba01f4045d4d6999234c6,True,Compile,,Error,,,126508,126508,126507.0
48f565383f47c6752893810686bd0c5f07fef08e34bc22a3f398d3b8c8db7c43,Java 8; CodeWorkout,2019-09-30T13:26:43,0,CS 1,439,232,8ce4e998af9f4507ed43b1bf50b9efdf73e5e625b3eba01f4045d4d6999234c6,True,Compile.Error,,,SyntaxError,line 3: error: bad operand types for binary operator '&&',126509,126509,126508.0
48f565383f47c6752893810686bd0c5f07fef08e34bc22a3f398d3b8c8db7c43,Java 8; CodeWorkout,2019-09-30T13:26:53,0,CS 1,439,232,303d27586ed83bffbe0ca53c9c3e0cd0f5dc462b0394c6e7fa535fc1b99d1a77,True,Run.Program,0.0,,,,126510,126510,
48f565383f47c6752893810686bd0c5f07fef08e34bc22a3f398d3b8c8db7c43,Java 8; CodeWorkout,2019-09-30T13:26:53,0,CS 1,439,232,303d27586ed83bffbe0ca53c9c3e0cd0f5dc462b0394c6e7fa535fc1b99d1a77,True,Compile,,Error,,,126511,126511,126510.0
48f565383f47c6752893810686bd0c5f07fef08e34bc22a3f398d3b8c8db7c43,Java 8; CodeWorkout,2019-09-30T13:26:53,0,CS 1,439,232,303d27586ed83bffbe0ca53c9c3e0cd0f5dc462b0394c6e7fa535fc1b99d1a77,True,Compile.Error,,,SyntaxError,line 7: error: missing return statement,126512,126512,126511.0
48f565383f47c6752893810686bd0c5f07fef08e34bc22a3f398d3b8c8db7c43,Java 8; CodeWorkout,2019-09-30T13:28:52,0,CS 1,439,232,68c6989c10c4729e328a69c8534b8f466e90f36dc8195946b72c417c0d1179e8,True,Run.Program,0.0,,,,126513,126513,
48f565383f47c6752893810686bd0c5f07fef08e34bc22a3f398d3b8c8db7c43,Java 8; CodeWorkout,2019-09-30T13:28:52,0,CS 1,439,232,68c6989c10c4729e328a69c8534b8f466e90f36dc8195946b72c417c0d1179e8,True,Compile,,Error,,,126514,126514,126513.0
48f565383f47c6752893810686bd0c5f07fef08e34bc22a3f398d3b8c8db7c43,Java 8; CodeWorkout,2019-09-30T13:28:52,0,CS 1,439,232,68c6989c10c4729e328a69c8534b8f466e90f36dc8195946b72c417c0d1179e8,True,Compile.Error,,,SyntaxError,line 23: error: bad operand types for binary operator '||',126515,126515,126514.0
48f565383f47c6752893810686bd0c5f07fef08e34bc22a3f398d3b8c8db7c43,Java 8; CodeWorkout,2019-09-30T13:29:25,0,CS 1,439,232,4b5010a37ad6e67614033174e43d956324ff1156c9597b1e3eaac804a4de2fe2,True,Run.Program,0.0,,,,126516,126516,
48f565383f47c6752893810686bd0c5f07fef08e34bc22a3f398d3b8c8db7c43,Java 8; CodeWorkout,2019-09-30T13:29:25,0,CS 1,439,232,4b5010a37ad6e67614033174e43d956324ff1156c9597b1e3eaac804a4de2fe2,True,Compile,,Error,,,126517,126517,126516.0
48f565383f47c6752893810686bd0c5f07fef08e34bc22a3f398d3b8c8db7c43,Java 8; CodeWorkout,2019-09-30T13:29:25,0,CS 1,439,232,4b5010a37ad6e67614033174e43d956324ff1156c9597b1e3eaac804a4de2fe2,True,Compile.Error,,,SyntaxError,line 27: error: missing return statement,126518,126518,126517.0
48f565383f47c6752893810686bd0c5f07fef08e34bc22a3f398d3b8c8db7c43,Java 8; CodeWorkout,2019-09-30T13:31:18,0,CS 1,439,232,ebcc8bb40ba0a23b5752785a1188a15903d64ece9b2ba900e900ee72ef8e2ba9,True,Run.Program,1.0,,,,126519,126519,
48f565383f47c6752893810686bd0c5f07fef08e34bc22a3f398d3b8c8db7c43,Java 8; CodeWorkout,2019-09-30T13:31:18,0,CS 1,439,232,ebcc8bb40ba0a23b5752785a1188a15903d64ece9b2ba900e900ee72ef8e2ba9,True,Compile,,Success,,,126520,126520,126519.0
48f565383f47c6752893810686bd0c5f07fef08e34bc22a3f398d3b8c8db7c43,Java 8; CodeWorkout,2019-09-30T13:41:18,0,CS 1,439,234,fbef29d6a33607a56e232f66b20156db87df2420f9f7ac6999ca5297be004247,True,Run.Program,0.0,,,,126525,126525,
48f565383f47c6752893810686bd0c5f07fef08e34bc22a3f398d3b8c8db7c43,Java 8; CodeWorkout,2019-09-30T13:41:18,0,CS 1,439,234,fbef29d6a33607a56e232f66b20156db87df2420f9f7ac6999ca5297be004247,True,Compile,,Error,,,126526,126526,126525.0
48f565383f47c6752893810686bd0c5f07fef08e34bc22a3f398d3b8c8db7c43,Java 8; CodeWorkout,2019-09-30T13:41:18,0,CS 1,439,234,fbef29d6a33607a56e232f66b20156db87df2420f9f7ac6999ca5297be004247,True,Compile.Error,,,SyntaxError,line 7: error: cannot find symbol: variable isWeekent,126527,126527,126526.0
48f565383f47c6752893810686bd0c5f07fef08e34bc22a3f398d3b8c8db7c43,Java 8; CodeWorkout,2019-09-30T13:41:29,0,CS 1,439,234,b425272e39c800b225ba60dae9496745d1012cc43ac9eabe647772148b8cb41f,True,Run.Program,1.0,,,,126528,126528,
48f565383f47c6752893810686bd0c5f07fef08e34bc22a3f398d3b8c8db7c43,Java 8; CodeWorkout,2019-09-30T13:41:29,0,CS 1,439,234,b425272e39c800b225ba60dae9496745d1012cc43ac9eabe647772148b8cb41f,True,Compile,,Success,,,126529,126529,126528.0
48f565383f47c6752893810686bd0c5f07fef08e34bc22a3f398d3b8c8db7c43,Java 8; CodeWorkout,2019-09-30T13:34:27,0,CS 1,439,235,89c6788f478a92e17dae15c0878d715249a6762fca553d66729814ce6d9ec79c,True,Run.Program,0.714286,,,,126521,126521,
48f565383f47c6752893810686bd0c5f07fef08e34bc22a3f398d3b8c8db7c43,Java 8; CodeWorkout,2019-09-30T13:34:27,0,CS 1,439,235,89c6788f478a92e17dae15c0878d715249a6762fca553d66729814ce6d9ec79c,True,Compile,,Success,,,126522,126522,126521.0
48f565383f47c6752893810686bd0c5f07fef08e34bc22a3f398d3b8c8db7c43,Java 8; CodeWorkout,2019-09-30T13:38:31,0,CS 1,439,235,241839432a7e5051e3eeace07970f767e2bee7dc0c84ae7a41101b8825c1acfe,True,Run.Program,1.0,,,,126523,126523,
48f565383f47c6752893810686bd0c5f07fef08e34bc22a3f398d3b8c8db7c43,Java 8; CodeWorkout,2019-09-30T13:38:31,0,CS 1,439,235,241839432a7e5051e3eeace07970f767e2bee7dc0c84ae7a41101b8825c1acfe,True,Compile,,Success,,,126524,126524,126523.0
48f565383f47c6752893810686bd0c5f07fef08e34bc22a3f398d3b8c8db7c43,Java 8; CodeWorkout,2019-09-30T13:44:20,0,CS 1,439,236,71a9d49bf1602d1a642c0c7b3bd9bb299fa9446c82237c3fe5d840d445813df7,True,Run.Program,0.0,,,,126530,126530,
48f565383f47c6752893810686bd0c5f07fef08e34bc22a3f398d3b8c8db7c43,Java 8; CodeWorkout,2019-09-30T13:44:20,0,CS 1,439,236,71a9d49bf1602d1a642c0c7b3bd9bb299fa9446c82237c3fe5d840d445813df7,True,Compile,,Error,,,126531,126531,126530.0
48f565383f47c6752893810686bd0c5f07fef08e34bc22a3f398d3b8c8db7c43,Java 8; CodeWorkout,2019-09-30T13:44:20,0,CS 1,439,236,71a9d49bf1602d1a642c0c7b3bd9bb299fa9446c82237c3fe5d840d445813df7,True,Compile.Error,,,SyntaxError,line 7: error: illegal start of expression. ,126532,126532,126531.0
48f565383f47c6752893810686bd0c5f07fef08e34bc22a3f398d3b8c8db7c43,Java 8; CodeWorkout,2019-09-30T13:44:20,0,CS 1,439,236,71a9d49bf1602d1a642c0c7b3bd9bb299fa9446c82237c3fe5d840d445813df7,True,Compile.Error,,,SyntaxError,line 7: error: illegal start of expression,126533,126533,126531.0
48f565383f47c6752893810686bd0c5f07fef08e34bc22a3f398d3b8c8db7c43,Java 8; CodeWorkout,2019-09-30T13:45:30,0,CS 1,439,236,83a8a4afd3ec0a7a726e62639e9828a6c728c70d39f040dd14bf35b72bb0a7f3,True,Run.Program,0.0,,,,126534,126534,
48f565383f47c6752893810686bd0c5f07fef08e34bc22a3f398d3b8c8db7c43,Java 8; CodeWorkout,2019-09-30T13:45:30,0,CS 1,439,236,83a8a4afd3ec0a7a726e62639e9828a6c728c70d39f040dd14bf35b72bb0a7f3,True,Compile,,Error,,,126535,126535,126534.0
48f565383f47c6752893810686bd0c5f07fef08e34bc22a3f398d3b8c8db7c43,Java 8; CodeWorkout,2019-09-30T13:45:30,0,CS 1,439,236,83a8a4afd3ec0a7a726e62639e9828a6c728c70d39f040dd14bf35b72bb0a7f3,True,Compile.Error,,,SyntaxError,line 3: error: incomparable types: boolean and int. ,126536,126536,126535.0
48f565383f47c6752893810686bd0c5f07fef08e34bc22a3f398d3b8c8db7c43,Java 8; CodeWorkout,2019-09-30T13:45:30,0,CS 1,439,236,83a8a4afd3ec0a7a726e62639e9828a6c728c70d39f040dd14bf35b72bb0a7f3,True,Compile.Error,,,SyntaxError,line 7: error: incomparable types: boolean and int,126537,126537,126535.0
48f565383f47c6752893810686bd0c5f07fef08e34bc22a3f398d3b8c8db7c43,Java 8; CodeWorkout,2019-09-30T13:46:46,0,CS 1,439,236,cb4f71986a9aba5a9caf3fba485e44861ec1e6527560e80c9db2b85d6392808d,True,Run.Program,0.0,,,,126538,126538,
48f565383f47c6752893810686bd0c5f07fef08e34bc22a3f398d3b8c8db7c43,Java 8; CodeWorkout,2019-09-30T13:46:46,0,CS 1,439,236,cb4f71986a9aba5a9caf3fba485e44861ec1e6527560e80c9db2b85d6392808d,True,Compile,,Error,,,126539,126539,126538.0
48f565383f47c6752893810686bd0c5f07fef08e34bc22a3f398d3b8c8db7c43,Java 8; CodeWorkout,2019-09-30T13:46:46,0,CS 1,439,236,cb4f71986a9aba5a9caf3fba485e44861ec1e6527560e80c9db2b85d6392808d,True,Compile.Error,,,SyntaxError,line 7: error: incomparable types: boolean and int,126540,126540,126539.0
48f565383f47c6752893810686bd0c5f07fef08e34bc22a3f398d3b8c8db7c43,Java 8; CodeWorkout,2019-09-30T13:47:09,0,CS 1,439,236,bbcd800317df234bfa44335771db47fd4ed7f0114e15177f6a17286bb31166e0,True,Run.Program,1.0,,,,126541,126541,
48f565383f47c6752893810686bd0c5f07fef08e34bc22a3f398d3b8c8db7c43,Java 8; CodeWorkout,2019-09-30T13:47:09,0,CS 1,439,236,bbcd800317df234bfa44335771db47fd4ed7f0114e15177f6a17286bb31166e0,True,Compile,,Success,,,126542,126542,126541.0
5e8589d4cd67c4b88f84e378d72875ccd07de5c9e20cc666bbf217de9d3567b4,Java 8; CodeWorkout,2019-09-30T13:10:12,0,CS 1,487,24,27c7a0a91607659d5a5294d5fee4897127baaad529fae82f150980efaece7e94,True,Run.Program,0.772727,,,,192661,192661,
5e8589d4cd67c4b88f84e378d72875ccd07de5c9e20cc666bbf217de9d3567b4,Java 8; CodeWorkout,2019-09-30T13:10:12,0,CS 1,487,24,27c7a0a91607659d5a5294d5fee4897127baaad529fae82f150980efaece7e94,True,Compile,,Success,,,192662,192662,192661.0
5e8589d4cd67c4b88f84e378d72875ccd07de5c9e20cc666bbf217de9d3567b4,Java 8; CodeWorkout,2019-09-30T13:10:48,0,CS 1,487,24,282c79adf2093f0ab0c6cc65878a37c2bb839e20dce953d41e5377f500274fe0,True,Run.Program,0.8636360000000001,,,,192663,192663,
5e8589d4cd67c4b88f84e378d72875ccd07de5c9e20cc666bbf217de9d3567b4,Java 8; CodeWorkout,2019-09-30T13:10:48,0,CS 1,487,24,282c79adf2093f0ab0c6cc65878a37c2bb839e20dce953d41e5377f500274fe0,True,Compile,,Success,,,192664,192664,192663.0
5e8589d4cd67c4b88f84e378d72875ccd07de5c9e20cc666bbf217de9d3567b4,Java 8; CodeWorkout,2019-09-30T13:11:16,0,CS 1,487,24,d94e1a4eeb83960b2089ae600774bc88d2a2a2254c2b51d7e594a1d9b8d22789,True,Run.Program,0.0,,,,192665,192665,
5e8589d4cd67c4b88f84e378d72875ccd07de5c9e20cc666bbf217de9d3567b4,Java 8; CodeWorkout,2019-09-30T13:11:16,0,CS 1,487,24,d94e1a4eeb83960b2089ae600774bc88d2a2a2254c2b51d7e594a1d9b8d22789,True,Compile,,Error,,,192666,192666,192665.0
5e8589d4cd67c4b88f84e378d72875ccd07de5c9e20cc666bbf217de9d3567b4,Java 8; CodeWorkout,2019-09-30T13:11:16,0,CS 1,487,24,d94e1a4eeb83960b2089ae600774bc88d2a2a2254c2b51d7e594a1d9b8d22789,True,Compile.Error,,,SyntaxError,line 9: error: missing return statement,192667,192667,192666.0
5e8589d4cd67c4b88f84e378d72875ccd07de5c9e20cc666bbf217de9d3567b4,Java 8; CodeWorkout,2019-09-30T13:11:27,0,CS 1,487,24,0c3189f8c36efbb52fb0984c255c116150547902b189f3830a13f0151b39bf66,True,Run.Program,0.8636360000000001,,,,192668,192668,
5e8589d4cd67c4b88f84e378d72875ccd07de5c9e20cc666bbf217de9d3567b4,Java 8; CodeWorkout,2019-09-30T13:11:27,0,CS 1,487,24,0c3189f8c36efbb52fb0984c255c116150547902b189f3830a13f0151b39bf66,True,Compile,,Success,,,192669,192669,192668.0
5e8589d4cd67c4b88f84e378d72875ccd07de5c9e20cc666bbf217de9d3567b4,Java 8; CodeWorkout,2019-09-30T13:13:00,0,CS 1,487,24,d8e91a1e35388bad78d45445c4f0082b119f4793e6d3a58eea7c315630e21917,True,Run.Program,0.0,,,,192670,192670,
5e8589d4cd67c4b88f84e378d72875ccd07de5c9e20cc666bbf217de9d3567b4,Java 8; CodeWorkout,2019-09-30T13:13:00,0,CS 1,487,24,d8e91a1e35388bad78d45445c4f0082b119f4793e6d3a58eea7c315630e21917,True,Compile,,Error,,,192671,192671,192670.0
5e8589d4cd67c4b88f84e378d72875ccd07de5c9e20cc666bbf217de9d3567b4,Java 8; CodeWorkout,2019-09-30T13:13:00,0,CS 1,487,24,d8e91a1e35388bad78d45445c4f0082b119f4793e6d3a58eea7c315630e21917,True,Compile.Error,,,SyntaxError,line 9: error: missing return statement,192672,192672,192671.0
5e8589d4cd67c4b88f84e378d72875ccd07de5c9e20cc666bbf217de9d3567b4,Java 8; CodeWorkout,2019-09-30T13:13:12,0,CS 1,487,24,5c984fdc21a11abb25c56fd282d7829d1b12a99d6c0a8845e87f1612fcf84afe,True,Run.Program,0.636364,,,,192673,192673,
5e8589d4cd67c4b88f84e378d72875ccd07de5c9e20cc666bbf217de9d3567b4,Java 8; CodeWorkout,2019-09-30T13:13:12,0,CS 1,487,24,5c984fdc21a11abb25c56fd282d7829d1b12a99d6c0a8845e87f1612fcf84afe,True,Compile,,Success,,,192674,192674,192673.0
5e8589d4cd67c4b88f84e378d72875ccd07de5c9e20cc666bbf217de9d3567b4,Java 8; CodeWorkout,2019-09-30T13:14:10,0,CS 1,487,24,639004fe083716ac371f40d4510a7b7456cbd137a509d962bbae57b6b83e019f,True,Run.Program,0.909091,,,,192675,192675,
5e8589d4cd67c4b88f84e378d72875ccd07de5c9e20cc666bbf217de9d3567b4,Java 8; CodeWorkout,2019-09-30T13:14:10,0,CS 1,487,24,639004fe083716ac371f40d4510a7b7456cbd137a509d962bbae57b6b83e019f,True,Compile,,Success,,,192676,192676,192675.0
5e8589d4cd67c4b88f84e378d72875ccd07de5c9e20cc666bbf217de9d3567b4,Java 8; CodeWorkout,2019-09-30T13:15:27,0,CS 1,487,24,acf452c001fe174403f0e642cdf9f67b5fe27bc4d4180bd4a77ce90952a28d38,True,Run.Program,1.0,,,,192677,192677,
5e8589d4cd67c4b88f84e378d72875ccd07de5c9e20cc666bbf217de9d3567b4,Java 8; CodeWorkout,2019-09-30T13:15:27,0,CS 1,487,24,acf452c001fe174403f0e642cdf9f67b5fe27bc4d4180bd4a77ce90952a28d38,True,Compile,,Success,,,192678,192678,192677.0
5e8589d4cd67c4b88f84e378d72875ccd07de5c9e20cc666bbf217de9d3567b4,Java 8; CodeWorkout,2019-09-30T13:45:20,0,CS 1,487,25,e2c2f87868cd60862604f8e159563889900ff4e321a70d0a730fd16c7672c45a,True,Run.Program,0.761905,,,,192698,192698,
5e8589d4cd67c4b88f84e378d72875ccd07de5c9e20cc666bbf217de9d3567b4,Java 8; CodeWorkout,2019-09-30T13:45:20,0,CS 1,487,25,e2c2f87868cd60862604f8e159563889900ff4e321a70d0a730fd16c7672c45a,True,Compile,,Success,,,192699,192699,192698.0
5e8589d4cd67c4b88f84e378d72875ccd07de5c9e20cc666bbf217de9d3567b4,Java 8; CodeWorkout,2019-09-30T13:46:07,0,CS 1,487,25,aac0e577c873475c3579108216582f2fc9393eb0b8b422f96432c1761cc4b8ab,True,Run.Program,0.761905,,,,192700,192700,
5e8589d4cd67c4b88f84e378d72875ccd07de5c9e20cc666bbf217de9d3567b4,Java 8; CodeWorkout,2019-09-30T13:46:07,0,CS 1,487,25,aac0e577c873475c3579108216582f2fc9393eb0b8b422f96432c1761cc4b8ab,True,Compile,,Success,,,192701,192701,192700.0
5e8589d4cd67c4b88f84e378d72875ccd07de5c9e20cc666bbf217de9d3567b4,Java 8; CodeWorkout,2019-09-30T13:46:34,0,CS 1,487,25,d484f76828627b1e48230dfdaedf09db70e49992509879413631e000a25a84ed,True,Run.Program,0.761905,,,,192702,192702,
5e8589d4cd67c4b88f84e378d72875ccd07de5c9e20cc666bbf217de9d3567b4,Java 8; CodeWorkout,2019-09-30T13:46:34,0,CS 1,487,25,d484f76828627b1e48230dfdaedf09db70e49992509879413631e000a25a84ed,True,Compile,,Success,,,192703,192703,192702.0
5e8589d4cd67c4b88f84e378d72875ccd07de5c9e20cc666bbf217de9d3567b4,Java 8; CodeWorkout,2019-09-30T13:47:15,0,CS 1,487,25,51671c1a65fe227b492a0c5cc8345680a54d2032b8c422a06b4e622dd439293f,True,Run.Program,0.761905,,,,192704,192704,
5e8589d4cd67c4b88f84e378d72875ccd07de5c9e20cc666bbf217de9d3567b4,Java 8; CodeWorkout,2019-09-30T13:47:15,0,CS 1,487,25,51671c1a65fe227b492a0c5cc8345680a54d2032b8c422a06b4e622dd439293f,True,Compile,,Success,,,192705,192705,192704.0
5e8589d4cd67c4b88f84e378d72875ccd07de5c9e20cc666bbf217de9d3567b4,Java 8; CodeWorkout,2019-09-30T13:47:57,0,CS 1,487,25,b90ea48a43158d9588b4b3b5485b6b40c439cb2f277fbfeca35834352bc8ce57,True,Run.Program,0.904762,,,,192706,192706,
5e8589d4cd67c4b88f84e378d72875ccd07de5c9e20cc666bbf217de9d3567b4,Java 8; CodeWorkout,2019-09-30T13:47:57,0,CS 1,487,25,b90ea48a43158d9588b4b3b5485b6b40c439cb2f277fbfeca35834352bc8ce57,True,Compile,,Success,,,192707,192707,192706.0
5e8589d4cd67c4b88f84e378d72875ccd07de5c9e20cc666bbf217de9d3567b4,Java 8; CodeWorkout,2019-09-30T13:48:33,0,CS 1,487,25,444eea0fa8f3cbe274784307f32e1883c3c7ab31883dc89c32728e5eaa35ba13,True,Run.Program,1.0,,,,192708,192708,
5e8589d4cd67c4b88f84e378d72875ccd07de5c9e20cc666bbf217de9d3567b4,Java 8; CodeWorkout,2019-09-30T13:48:33,0,CS 1,487,25,444eea0fa8f3cbe274784307f32e1883c3c7ab31883dc89c32728e5eaa35ba13,True,Compile,,Success,,,192709,192709,192708.0
5e8589d4cd67c4b88f84e378d72875ccd07de5c9e20cc666bbf217de9d3567b4,Java 8; CodeWorkout,2019-09-30T13:19:55,0,CS 1,487,100,809e166f72c3e3992e3c7be7f4e8952969d17088f76495d481b0171e2a0fed50,True,Run.Program,0.0,,,,192679,192679,
5e8589d4cd67c4b88f84e378d72875ccd07de5c9e20cc666bbf217de9d3567b4,Java 8; CodeWorkout,2019-09-30T13:19:55,0,CS 1,487,100,809e166f72c3e3992e3c7be7f4e8952969d17088f76495d481b0171e2a0fed50,True,Compile,,Error,,,192680,192680,192679.0
5e8589d4cd67c4b88f84e378d72875ccd07de5c9e20cc666bbf217de9d3567b4,Java 8; CodeWorkout,2019-09-30T13:19:55,0,CS 1,487,100,809e166f72c3e3992e3c7be7f4e8952969d17088f76495d481b0171e2a0fed50,True,Compile.Error,,,SyntaxError,line 11: error: ';' expected,192681,192681,192680.0
5e8589d4cd67c4b88f84e378d72875ccd07de5c9e20cc666bbf217de9d3567b4,Java 8; CodeWorkout,2019-09-30T13:20:05,0,CS 1,487,100,46cca7f1e89106d696b60a7a245ba90f151488165377b2dc6be23edae8a61335,True,Run.Program,1.0,,,,192682,192682,
5e8589d4cd67c4b88f84e378d72875ccd07de5c9e20cc666bbf217de9d3567b4,Java 8; CodeWorkout,2019-09-30T13:20:05,0,CS 1,487,100,46cca7f1e89106d696b60a7a245ba90f151488165377b2dc6be23edae8a61335,True,Compile,,Success,,,192683,192683,192682.0
5e8589d4cd67c4b88f84e378d72875ccd07de5c9e20cc666bbf217de9d3567b4,Java 8; CodeWorkout,2019-09-30T13:22:09,0,CS 1,487,101,6b3ef4ca1b44043d822095e9f17056d1bdc6ce8fd0f556cae741aa019a653d2d,True,Run.Program,0.24,,,,192684,192684,
5e8589d4cd67c4b88f84e378d72875ccd07de5c9e20cc666bbf217de9d3567b4,Java 8; CodeWorkout,2019-09-30T13:22:09,0,CS 1,487,101,6b3ef4ca1b44043d822095e9f17056d1bdc6ce8fd0f556cae741aa019a653d2d,True,Compile,,Success,,,192685,192685,192684.0
5e8589d4cd67c4b88f84e378d72875ccd07de5c9e20cc666bbf217de9d3567b4,Java 8; CodeWorkout,2019-09-30T13:22:56,0,CS 1,487,101,d1f41cb7affc11523aa3e267a0477603e01fb05a61d29180a9ae857c827506b7,True,Run.Program,0.36,,,,192686,192686,
5e8589d4cd67c4b88f84e378d72875ccd07de5c9e20cc666bbf217de9d3567b4,Java 8; CodeWorkout,2019-09-30T13:22:56,0,CS 1,487,101,d1f41cb7affc11523aa3e267a0477603e01fb05a61d29180a9ae857c827506b7,True,Compile,,Success,,,192687,192687,192686.0
5e8589d4cd67c4b88f84e378d72875ccd07de5c9e20cc666bbf217de9d3567b4,Java 8; CodeWorkout,2019-09-30T13:26:55,0,CS 1,487,101,f6232730a5c51273843493ab09b08c3989c9ad421763269444cf38f78d8b1e72,True,Run.Program,0.76,,,,192688,192688,
5e8589d4cd67c4b88f84e378d72875ccd07de5c9e20cc666bbf217de9d3567b4,Java 8; CodeWorkout,2019-09-30T13:26:55,0,CS 1,487,101,f6232730a5c51273843493ab09b08c3989c9ad421763269444cf38f78d8b1e72,True,Compile,,Success,,,192689,192689,192688.0
5e8589d4cd67c4b88f84e378d72875ccd07de5c9e20cc666bbf217de9d3567b4,Java 8; CodeWorkout,2019-09-30T13:33:39,0,CS 1,487,101,718634aef6657f5dad4f9dfa6475f2ec3a6d166d397cd5d1a1502738e5ba9cea,True,Run.Program,0.64,,,,192690,192690,
5e8589d4cd67c4b88f84e378d72875ccd07de5c9e20cc666bbf217de9d3567b4,Java 8; CodeWorkout,2019-09-30T13:33:39,0,CS 1,487,101,718634aef6657f5dad4f9dfa6475f2ec3a6d166d397cd5d1a1502738e5ba9cea,True,Compile,,Success,,,192691,192691,192690.0
5e8589d4cd67c4b88f84e378d72875ccd07de5c9e20cc666bbf217de9d3567b4,Java 8; CodeWorkout,2019-09-30T13:40:31,0,CS 1,487,102,7318df368bd6effdff1d685b55d4e3b4ee14f9d341623adf366edfc89f86d88b,True,Run.Program,0.769231,,,,192692,192692,
5e8589d4cd67c4b88f84e378d72875ccd07de5c9e20cc666bbf217de9d3567b4,Java 8; CodeWorkout,2019-09-30T13:40:31,0,CS 1,487,102,7318df368bd6effdff1d685b55d4e3b4ee14f9d341623adf366edfc89f86d88b,True,Compile,,Success,,,192693,192693,192692.0
5e8589d4cd67c4b88f84e378d72875ccd07de5c9e20cc666bbf217de9d3567b4,Java 8; CodeWorkout,2019-09-30T13:40:57,0,CS 1,487,102,a722b35eb36de87328f111cf18c24864d8c2e5a0939c16256c085dcf442b18f4,True,Run.Program,0.8461540000000001,,,,192694,192694,
5e8589d4cd67c4b88f84e378d72875ccd07de5c9e20cc666bbf217de9d3567b4,Java 8; CodeWorkout,2019-09-30T13:40:57,0,CS 1,487,102,a722b35eb36de87328f111cf18c24864d8c2e5a0939c16256c085dcf442b18f4,True,Compile,,Success,,,192695,192695,192694.0
5e8589d4cd67c4b88f84e378d72875ccd07de5c9e20cc666bbf217de9d3567b4,Java 8; CodeWorkout,2019-09-30T13:41:12,0,CS 1,487,102,a426d076cf6e3c53d9324ad68d2602d39cd838dea03f64433c10f8ffc5926069,True,Run.Program,1.0,,,,192696,192696,
5e8589d4cd67c4b88f84e378d72875ccd07de5c9e20cc666bbf217de9d3567b4,Java 8; CodeWorkout,2019-09-30T13:41:12,0,CS 1,487,102,a426d076cf6e3c53d9324ad68d2602d39cd838dea03f64433c10f8ffc5926069,True,Compile,,Success,,,192697,192697,192696.0
73da0df025bd69a83446ff2c9628a7f2f1ff34bff9e343059e17e4d31a6218d3,Java 8; CodeWorkout,2019-09-30T13:20:01,0,CS 1,439,13,59d99cb4f85b93be8ce8bd8ea28edfb2a2816dfa38b4124c87f3fe45b77e1b1f,True,Run.Program,0.0,,,,130217,130217,
73da0df025bd69a83446ff2c9628a7f2f1ff34bff9e343059e17e4d31a6218d3,Java 8; CodeWorkout,2019-09-30T13:20:01,0,CS 1,439,13,59d99cb4f85b93be8ce8bd8ea28edfb2a2816dfa38b4124c87f3fe45b77e1b1f,True,Compile,,Error,,,130218,130218,130217.0
73da0df025bd69a83446ff2c9628a7f2f1ff34bff9e343059e17e4d31a6218d3,Java 8; CodeWorkout,2019-09-30T13:20:01,0,CS 1,439,13,59d99cb4f85b93be8ce8bd8ea28edfb2a2816dfa38b4124c87f3fe45b77e1b1f,True,Compile.Error,,,SyntaxError,line 3: error: ';' expected. ,130219,130219,130218.0
73da0df025bd69a83446ff2c9628a7f2f1ff34bff9e343059e17e4d31a6218d3,Java 8; CodeWorkout,2019-09-30T13:20:01,0,CS 1,439,13,59d99cb4f85b93be8ce8bd8ea28edfb2a2816dfa38b4124c87f3fe45b77e1b1f,True,Compile.Error,,,SyntaxError,line 4: error: ';' expected. ,130220,130220,130218.0
73da0df025bd69a83446ff2c9628a7f2f1ff34bff9e343059e17e4d31a6218d3,Java 8; CodeWorkout,2019-09-30T13:20:01,0,CS 1,439,13,59d99cb4f85b93be8ce8bd8ea28edfb2a2816dfa38b4124c87f3fe45b77e1b1f,True,Compile.Error,,,SyntaxError,line 5: error: ';' expected. ,130221,130221,130218.0
73da0df025bd69a83446ff2c9628a7f2f1ff34bff9e343059e17e4d31a6218d3,Java 8; CodeWorkout,2019-09-30T13:20:01,0,CS 1,439,13,59d99cb4f85b93be8ce8bd8ea28edfb2a2816dfa38b4124c87f3fe45b77e1b1f,True,Compile.Error,,,SyntaxError,line 12: error: ';' expected. ,130222,130222,130218.0
73da0df025bd69a83446ff2c9628a7f2f1ff34bff9e343059e17e4d31a6218d3,Java 8; CodeWorkout,2019-09-30T13:20:01,0,CS 1,439,13,59d99cb4f85b93be8ce8bd8ea28edfb2a2816dfa38b4124c87f3fe45b77e1b1f,True,Compile.Error,,,SyntaxError,line 12: error: not a statement. ,130223,130223,130218.0
73da0df025bd69a83446ff2c9628a7f2f1ff34bff9e343059e17e4d31a6218d3,Java 8; CodeWorkout,2019-09-30T13:20:01,0,CS 1,439,13,59d99cb4f85b93be8ce8bd8ea28edfb2a2816dfa38b4124c87f3fe45b77e1b1f,True,Compile.Error,,,SyntaxError,line 16: error: ';' expected. ,130224,130224,130218.0
73da0df025bd69a83446ff2c9628a7f2f1ff34bff9e343059e17e4d31a6218d3,Java 8; CodeWorkout,2019-09-30T13:20:01,0,CS 1,439,13,59d99cb4f85b93be8ce8bd8ea28edfb2a2816dfa38b4124c87f3fe45b77e1b1f,True,Compile.Error,,,SyntaxError,line 16: error: not a statement. ,130225,130225,130218.0
73da0df025bd69a83446ff2c9628a7f2f1ff34bff9e343059e17e4d31a6218d3,Java 8; CodeWorkout,2019-09-30T13:20:01,0,CS 1,439,13,59d99cb4f85b93be8ce8bd8ea28edfb2a2816dfa38b4124c87f3fe45b77e1b1f,True,Compile.Error,,,SyntaxError,line 20: error: ';' expected. ,130226,130226,130218.0
73da0df025bd69a83446ff2c9628a7f2f1ff34bff9e343059e17e4d31a6218d3,Java 8; CodeWorkout,2019-09-30T13:20:01,0,CS 1,439,13,59d99cb4f85b93be8ce8bd8ea28edfb2a2816dfa38b4124c87f3fe45b77e1b1f,True,Compile.Error,,,SyntaxError,line 20: error: not a statement,130227,130227,130218.0
73da0df025bd69a83446ff2c9628a7f2f1ff34bff9e343059e17e4d31a6218d3,Java 8; CodeWorkout,2019-09-30T13:21:07,0,CS 1,439,13,d6f56e184a955c2c6cd7374649b72691f033d96d5bdcaf18c699ae5cb78f2921,True,Run.Program,0.0,,,,130228,130228,
73da0df025bd69a83446ff2c9628a7f2f1ff34bff9e343059e17e4d31a6218d3,Java 8; CodeWorkout,2019-09-30T13:21:07,0,CS 1,439,13,d6f56e184a955c2c6cd7374649b72691f033d96d5bdcaf18c699ae5cb78f2921,True,Compile,,Error,,,130229,130229,130228.0
73da0df025bd69a83446ff2c9628a7f2f1ff34bff9e343059e17e4d31a6218d3,Java 8; CodeWorkout,2019-09-30T13:21:07,0,CS 1,439,13,d6f56e184a955c2c6cd7374649b72691f033d96d5bdcaf18c699ae5cb78f2921,True,Compile.Error,,,SyntaxError,line 3: error: ';' expected. ,130230,130230,130229.0
73da0df025bd69a83446ff2c9628a7f2f1ff34bff9e343059e17e4d31a6218d3,Java 8; CodeWorkout,2019-09-30T13:21:07,0,CS 1,439,13,d6f56e184a955c2c6cd7374649b72691f033d96d5bdcaf18c699ae5cb78f2921,True,Compile.Error,,,SyntaxError,line 4: error: ';' expected. ,130231,130231,130229.0
73da0df025bd69a83446ff2c9628a7f2f1ff34bff9e343059e17e4d31a6218d3,Java 8; CodeWorkout,2019-09-30T13:21:07,0,CS 1,439,13,d6f56e184a955c2c6cd7374649b72691f033d96d5bdcaf18c699ae5cb78f2921,True,Compile.Error,,,SyntaxError,line 5: error: ';' expected. ,130232,130232,130229.0
73da0df025bd69a83446ff2c9628a7f2f1ff34bff9e343059e17e4d31a6218d3,Java 8; CodeWorkout,2019-09-30T13:21:07,0,CS 1,439,13,d6f56e184a955c2c6cd7374649b72691f033d96d5bdcaf18c699ae5cb78f2921,True,Compile.Error,,,SyntaxError,line 12: error: ';' expected. ,130233,130233,130229.0
73da0df025bd69a83446ff2c9628a7f2f1ff34bff9e343059e17e4d31a6218d3,Java 8; CodeWorkout,2019-09-30T13:21:07,0,CS 1,439,13,d6f56e184a955c2c6cd7374649b72691f033d96d5bdcaf18c699ae5cb78f2921,True,Compile.Error,,,SyntaxError,line 12: error: not a statement. ,130234,130234,130229.0
73da0df025bd69a83446ff2c9628a7f2f1ff34bff9e343059e17e4d31a6218d3,Java 8; CodeWorkout,2019-09-30T13:21:07,0,CS 1,439,13,d6f56e184a955c2c6cd7374649b72691f033d96d5bdcaf18c699ae5cb78f2921,True,Compile.Error,,,SyntaxError,line 16: error: ';' expected. ,130235,130235,130229.0
73da0df025bd69a83446ff2c9628a7f2f1ff34bff9e343059e17e4d31a6218d3,Java 8; CodeWorkout,2019-09-30T13:21:07,0,CS 1,439,13,d6f56e184a955c2c6cd7374649b72691f033d96d5bdcaf18c699ae5cb78f2921,True,Compile.Error,,,SyntaxError,line 16: error: not a statement. ,130236,130236,130229.0
73da0df025bd69a83446ff2c9628a7f2f1ff34bff9e343059e17e4d31a6218d3,Java 8; CodeWorkout,2019-09-30T13:21:07,0,CS 1,439,13,d6f56e184a955c2c6cd7374649b72691f033d96d5bdcaf18c699ae5cb78f2921,True,Compile.Error,,,SyntaxError,line 20: error: ';' expected. ,130237,130237,130229.0
73da0df025bd69a83446ff2c9628a7f2f1ff34bff9e343059e17e4d31a6218d3,Java 8; CodeWorkout,2019-09-30T13:21:07,0,CS 1,439,13,d6f56e184a955c2c6cd7374649b72691f033d96d5bdcaf18c699ae5cb78f2921,True,Compile.Error,,,SyntaxError,line 20: error: not a statement,130238,130238,130229.0
73da0df025bd69a83446ff2c9628a7f2f1ff34bff9e343059e17e4d31a6218d3,Java 8; CodeWorkout,2019-09-30T13:22:02,0,CS 1,439,13,c8ed2050f5819dfd8e41d01a6d259c6d8b6a9db64ffb611067e41f7d50ae2397,True,Run.Program,0.0,,,,130239,130239,
73da0df025bd69a83446ff2c9628a7f2f1ff34bff9e343059e17e4d31a6218d3,Java 8; CodeWorkout,2019-09-30T13:22:02,0,CS 1,439,13,c8ed2050f5819dfd8e41d01a6d259c6d8b6a9db64ffb611067e41f7d50ae2397,True,Compile,,Error,,,130240,130240,130239.0
73da0df025bd69a83446ff2c9628a7f2f1ff34bff9e343059e17e4d31a6218d3,Java 8; CodeWorkout,2019-09-30T13:22:02,0,CS 1,439,13,c8ed2050f5819dfd8e41d01a6d259c6d8b6a9db64ffb611067e41f7d50ae2397,True,Compile.Error,,,SyntaxError,line 3: error: ';' expected. ,130241,130241,130240.0
73da0df025bd69a83446ff2c9628a7f2f1ff34bff9e343059e17e4d31a6218d3,Java 8; CodeWorkout,2019-09-30T13:22:02,0,CS 1,439,13,c8ed2050f5819dfd8e41d01a6d259c6d8b6a9db64ffb611067e41f7d50ae2397,True,Compile.Error,,,SyntaxError,line 4: error: ';' expected. ,130242,130242,130240.0
73da0df025bd69a83446ff2c9628a7f2f1ff34bff9e343059e17e4d31a6218d3,Java 8; CodeWorkout,2019-09-30T13:22:02,0,CS 1,439,13,c8ed2050f5819dfd8e41d01a6d259c6d8b6a9db64ffb611067e41f7d50ae2397,True,Compile.Error,,,SyntaxError,line 5: error: ';' expected. ,130243,130243,130240.0
73da0df025bd69a83446ff2c9628a7f2f1ff34bff9e343059e17e4d31a6218d3,Java 8; CodeWorkout,2019-09-30T13:22:02,0,CS 1,439,13,c8ed2050f5819dfd8e41d01a6d259c6d8b6a9db64ffb611067e41f7d50ae2397,True,Compile.Error,,,SyntaxError,line 12: error: ';' expected. ,130244,130244,130240.0
73da0df025bd69a83446ff2c9628a7f2f1ff34bff9e343059e17e4d31a6218d3,Java 8; CodeWorkout,2019-09-30T13:22:02,0,CS 1,439,13,c8ed2050f5819dfd8e41d01a6d259c6d8b6a9db64ffb611067e41f7d50ae2397,True,Compile.Error,,,SyntaxError,line 12: error: not a statement. ,130245,130245,130240.0
73da0df025bd69a83446ff2c9628a7f2f1ff34bff9e343059e17e4d31a6218d3,Java 8; CodeWorkout,2019-09-30T13:22:02,0,CS 1,439,13,c8ed2050f5819dfd8e41d01a6d259c6d8b6a9db64ffb611067e41f7d50ae2397,True,Compile.Error,,,SyntaxError,line 16: error: ';' expected. ,130246,130246,130240.0
73da0df025bd69a83446ff2c9628a7f2f1ff34bff9e343059e17e4d31a6218d3,Java 8; CodeWorkout,2019-09-30T13:22:02,0,CS 1,439,13,c8ed2050f5819dfd8e41d01a6d259c6d8b6a9db64ffb611067e41f7d50ae2397,True,Compile.Error,,,SyntaxError,line 16: error: not a statement. ,130247,130247,130240.0
73da0df025bd69a83446ff2c9628a7f2f1ff34bff9e343059e17e4d31a6218d3,Java 8; CodeWorkout,2019-09-30T13:22:02,0,CS 1,439,13,c8ed2050f5819dfd8e41d01a6d259c6d8b6a9db64ffb611067e41f7d50ae2397,True,Compile.Error,,,SyntaxError,line 20: error: ';' expected. ,130248,130248,130240.0
73da0df025bd69a83446ff2c9628a7f2f1ff34bff9e343059e17e4d31a6218d3,Java 8; CodeWorkout,2019-09-30T13:22:02,0,CS 1,439,13,c8ed2050f5819dfd8e41d01a6d259c6d8b6a9db64ffb611067e41f7d50ae2397,True,Compile.Error,,,SyntaxError,line 20: error: not a statement,130249,130249,130240.0
73da0df025bd69a83446ff2c9628a7f2f1ff34bff9e343059e17e4d31a6218d3,Java 8; CodeWorkout,2019-09-30T13:23:05,0,CS 1,439,13,587addadc6a9ab22f640b1a60ddc2fab5b910b2cb24de5f21a3f7ff61ec9a725,True,Run.Program,0.0,,,,130250,130250,
73da0df025bd69a83446ff2c9628a7f2f1ff34bff9e343059e17e4d31a6218d3,Java 8; CodeWorkout,2019-09-30T13:23:05,0,CS 1,439,13,587addadc6a9ab22f640b1a60ddc2fab5b910b2cb24de5f21a3f7ff61ec9a725,True,Compile,,Error,,,130251,130251,130250.0
73da0df025bd69a83446ff2c9628a7f2f1ff34bff9e343059e17e4d31a6218d3,Java 8; CodeWorkout,2019-09-30T13:23:05,0,CS 1,439,13,587addadc6a9ab22f640b1a60ddc2fab5b910b2cb24de5f21a3f7ff61ec9a725,True,Compile.Error,,,SyntaxError,line 3: error: ';' expected. ,130252,130252,130251.0
73da0df025bd69a83446ff2c9628a7f2f1ff34bff9e343059e17e4d31a6218d3,Java 8; CodeWorkout,2019-09-30T13:23:05,0,CS 1,439,13,587addadc6a9ab22f640b1a60ddc2fab5b910b2cb24de5f21a3f7ff61ec9a725,True,Compile.Error,,,SyntaxError,line 3: error: ';' expected. ,130253,130253,130251.0
73da0df025bd69a83446ff2c9628a7f2f1ff34bff9e343059e17e4d31a6218d3,Java 8; CodeWorkout,2019-09-30T13:23:05,0,CS 1,439,13,587addadc6a9ab22f640b1a60ddc2fab5b910b2cb24de5f21a3f7ff61ec9a725,True,Compile.Error,,,SyntaxError,line 4: error: ';' expected. ,130254,130254,130251.0
73da0df025bd69a83446ff2c9628a7f2f1ff34bff9e343059e17e4d31a6218d3,Java 8; CodeWorkout,2019-09-30T13:23:05,0,CS 1,439,13,587addadc6a9ab22f640b1a60ddc2fab5b910b2cb24de5f21a3f7ff61ec9a725,True,Compile.Error,,,SyntaxError,line 5: error: ';' expected. ,130255,130255,130251.0
73da0df025bd69a83446ff2c9628a7f2f1ff34bff9e343059e17e4d31a6218d3,Java 8; CodeWorkout,2019-09-30T13:23:05,0,CS 1,439,13,587addadc6a9ab22f640b1a60ddc2fab5b910b2cb24de5f21a3f7ff61ec9a725,True,Compile.Error,,,SyntaxError,line 12: error: ';' expected. ,130256,130256,130251.0
73da0df025bd69a83446ff2c9628a7f2f1ff34bff9e343059e17e4d31a6218d3,Java 8; CodeWorkout,2019-09-30T13:23:05,0,CS 1,439,13,587addadc6a9ab22f640b1a60ddc2fab5b910b2cb24de5f21a3f7ff61ec9a725,True,Compile.Error,,,SyntaxError,line 12: error: not a statement. ,130257,130257,130251.0
73da0df025bd69a83446ff2c9628a7f2f1ff34bff9e343059e17e4d31a6218d3,Java 8; CodeWorkout,2019-09-30T13:23:05,0,CS 1,439,13,587addadc6a9ab22f640b1a60ddc2fab5b910b2cb24de5f21a3f7ff61ec9a725,True,Compile.Error,,,SyntaxError,line 16: error: ';' expected. ,130258,130258,130251.0
73da0df025bd69a83446ff2c9628a7f2f1ff34bff9e343059e17e4d31a6218d3,Java 8; CodeWorkout,2019-09-30T13:23:05,0,CS 1,439,13,587addadc6a9ab22f640b1a60ddc2fab5b910b2cb24de5f21a3f7ff61ec9a725,True,Compile.Error,,,SyntaxError,line 16: error: not a statement. ,130259,130259,130251.0
73da0df025bd69a83446ff2c9628a7f2f1ff34bff9e343059e17e4d31a6218d3,Java 8; CodeWorkout,2019-09-30T13:23:05,0,CS 1,439,13,587addadc6a9ab22f640b1a60ddc2fab5b910b2cb24de5f21a3f7ff61ec9a725,True,Compile.Error,,,SyntaxError,line 20: error: ';' expected. ,130260,130260,130251.0
73da0df025bd69a83446ff2c9628a7f2f1ff34bff9e343059e17e4d31a6218d3,Java 8; CodeWorkout,2019-09-30T13:23:05,0,CS 1,439,13,587addadc6a9ab22f640b1a60ddc2fab5b910b2cb24de5f21a3f7ff61ec9a725,True,Compile.Error,,,SyntaxError,line 20: error: not a statement,130261,130261,130251.0
73da0df025bd69a83446ff2c9628a7f2f1ff34bff9e343059e17e4d31a6218d3,Java 8; CodeWorkout,2019-09-30T13:24:01,0,CS 1,439,13,be80302985c1ebcc59160de09af964fcda0afd9c07bf733f4a9c3491c033724d,True,Run.Program,0.0,,,,130262,130262,
73da0df025bd69a83446ff2c9628a7f2f1ff34bff9e343059e17e4d31a6218d3,Java 8; CodeWorkout,2019-09-30T13:24:01,0,CS 1,439,13,be80302985c1ebcc59160de09af964fcda0afd9c07bf733f4a9c3491c033724d,True,Compile,,Error,,,130263,130263,130262.0
73da0df025bd69a83446ff2c9628a7f2f1ff34bff9e343059e17e4d31a6218d3,Java 8; CodeWorkout,2019-09-30T13:24:01,0,CS 1,439,13,be80302985c1ebcc59160de09af964fcda0afd9c07bf733f4a9c3491c033724d,True,Compile.Error,,,SyntaxError,line 3: error: ';' expected. ,130264,130264,130263.0
73da0df025bd69a83446ff2c9628a7f2f1ff34bff9e343059e17e4d31a6218d3,Java 8; CodeWorkout,2019-09-30T13:24:01,0,CS 1,439,13,be80302985c1ebcc59160de09af964fcda0afd9c07bf733f4a9c3491c033724d,True,Compile.Error,,,SyntaxError,line 4: error: ';' expected. ,130265,130265,130263.0
73da0df025bd69a83446ff2c9628a7f2f1ff34bff9e343059e17e4d31a6218d3,Java 8; CodeWorkout,2019-09-30T13:24:01,0,CS 1,439,13,be80302985c1ebcc59160de09af964fcda0afd9c07bf733f4a9c3491c033724d,True,Compile.Error,,,SyntaxError,line 5: error: ';' expected. ,130266,130266,130263.0
73da0df025bd69a83446ff2c9628a7f2f1ff34bff9e343059e17e4d31a6218d3,Java 8; CodeWorkout,2019-09-30T13:24:01,0,CS 1,439,13,be80302985c1ebcc59160de09af964fcda0afd9c07bf733f4a9c3491c033724d,True,Compile.Error,,,SyntaxError,line 12: error: illegal start of expression. ,130267,130267,130263.0
73da0df025bd69a83446ff2c9628a7f2f1ff34bff9e343059e17e4d31a6218d3,Java 8; CodeWorkout,2019-09-30T13:24:01,0,CS 1,439,13,be80302985c1ebcc59160de09af964fcda0afd9c07bf733f4a9c3491c033724d,True,Compile.Error,,,SyntaxError,line 12: error: ';' expected. ,130268,130268,130263.0
73da0df025bd69a83446ff2c9628a7f2f1ff34bff9e343059e17e4d31a6218d3,Java 8; CodeWorkout,2019-09-30T13:24:01,0,CS 1,439,13,be80302985c1ebcc59160de09af964fcda0afd9c07bf733f4a9c3491c033724d,True,Compile.Error,,,SyntaxError,line 16: error: illegal start of expression. ,130269,130269,130263.0
73da0df025bd69a83446ff2c9628a7f2f1ff34bff9e343059e17e4d31a6218d3,Java 8; CodeWorkout,2019-09-30T13:24:01,0,CS 1,439,13,be80302985c1ebcc59160de09af964fcda0afd9c07bf733f4a9c3491c033724d,True,Compile.Error,,,SyntaxError,line 16: error: ';' expected. ,130270,130270,130263.0
73da0df025bd69a83446ff2c9628a7f2f1ff34bff9e343059e17e4d31a6218d3,Java 8; CodeWorkout,2019-09-30T13:24:01,0,CS 1,439,13,be80302985c1ebcc59160de09af964fcda0afd9c07bf733f4a9c3491c033724d,True,Compile.Error,,,SyntaxError,line 20: error: illegal start of expression. ,130271,130271,130263.0
73da0df025bd69a83446ff2c9628a7f2f1ff34bff9e343059e17e4d31a6218d3,Java 8; CodeWorkout,2019-09-30T13:24:01,0,CS 1,439,13,be80302985c1ebcc59160de09af964fcda0afd9c07bf733f4a9c3491c033724d,True,Compile.Error,,,SyntaxError,line 20: error: ';' expected,130272,130272,130263.0
73da0df025bd69a83446ff2c9628a7f2f1ff34bff9e343059e17e4d31a6218d3,Java 8; CodeWorkout,2019-09-30T13:25:04,0,CS 1,439,13,8eb889c63d9ba75508a7efba8c6675f1973ce653343f819d60fa0035fcde1381,True,Run.Program,0.0,,,,130273,130273,
73da0df025bd69a83446ff2c9628a7f2f1ff34bff9e343059e17e4d31a6218d3,Java 8; CodeWorkout,2019-09-30T13:25:04,0,CS 1,439,13,8eb889c63d9ba75508a7efba8c6675f1973ce653343f819d60fa0035fcde1381,True,Compile,,Error,,,130274,130274,130273.0
73da0df025bd69a83446ff2c9628a7f2f1ff34bff9e343059e17e4d31a6218d3,Java 8; CodeWorkout,2019-09-30T13:25:04,0,CS 1,439,13,8eb889c63d9ba75508a7efba8c6675f1973ce653343f819d60fa0035fcde1381,True,Compile.Error,,,SyntaxError,line 3: error: ';' expected. ,130275,130275,130274.0
73da0df025bd69a83446ff2c9628a7f2f1ff34bff9e343059e17e4d31a6218d3,Java 8; CodeWorkout,2019-09-30T13:25:04,0,CS 1,439,13,8eb889c63d9ba75508a7efba8c6675f1973ce653343f819d60fa0035fcde1381,True,Compile.Error,,,SyntaxError,line 3: error: ';' expected. ,130276,130276,130274.0
73da0df025bd69a83446ff2c9628a7f2f1ff34bff9e343059e17e4d31a6218d3,Java 8; CodeWorkout,2019-09-30T13:25:04,0,CS 1,439,13,8eb889c63d9ba75508a7efba8c6675f1973ce653343f819d60fa0035fcde1381,True,Compile.Error,,,SyntaxError,line 4: error: ';' expected. ,130277,130277,130274.0
73da0df025bd69a83446ff2c9628a7f2f1ff34bff9e343059e17e4d31a6218d3,Java 8; CodeWorkout,2019-09-30T13:25:04,0,CS 1,439,13,8eb889c63d9ba75508a7efba8c6675f1973ce653343f819d60fa0035fcde1381,True,Compile.Error,,,SyntaxError,line 5: error: ';' expected. ,130278,130278,130274.0
73da0df025bd69a83446ff2c9628a7f2f1ff34bff9e343059e17e4d31a6218d3,Java 8; CodeWorkout,2019-09-30T13:25:04,0,CS 1,439,13,8eb889c63d9ba75508a7efba8c6675f1973ce653343f819d60fa0035fcde1381,True,Compile.Error,,,SyntaxError,line 12: error: illegal start of expression. ,130279,130279,130274.0
73da0df025bd69a83446ff2c9628a7f2f1ff34bff9e343059e17e4d31a6218d3,Java 8; CodeWorkout,2019-09-30T13:25:04,0,CS 1,439,13,8eb889c63d9ba75508a7efba8c6675f1973ce653343f819d60fa0035fcde1381,True,Compile.Error,,,SyntaxError,line 12: error: ';' expected. ,130280,130280,130274.0
73da0df025bd69a83446ff2c9628a7f2f1ff34bff9e343059e17e4d31a6218d3,Java 8; CodeWorkout,2019-09-30T13:25:04,0,CS 1,439,13,8eb889c63d9ba75508a7efba8c6675f1973ce653343f819d60fa0035fcde1381,True,Compile.Error,,,SyntaxError,line 16: error: illegal start of expression. ,130281,130281,130274.0
73da0df025bd69a83446ff2c9628a7f2f1ff34bff9e343059e17e4d31a6218d3,Java 8; CodeWorkout,2019-09-30T13:25:04,0,CS 1,439,13,8eb889c63d9ba75508a7efba8c6675f1973ce653343f819d60fa0035fcde1381,True,Compile.Error,,,SyntaxError,line 16: error: ';' expected. ,130282,130282,130274.0
73da0df025bd69a83446ff2c9628a7f2f1ff34bff9e343059e17e4d31a6218d3,Java 8; CodeWorkout,2019-09-30T13:25:04,0,CS 1,439,13,8eb889c63d9ba75508a7efba8c6675f1973ce653343f819d60fa0035fcde1381,True,Compile.Error,,,SyntaxError,line 20: error: illegal start of expression. ,130283,130283,130274.0
73da0df025bd69a83446ff2c9628a7f2f1ff34bff9e343059e17e4d31a6218d3,Java 8; CodeWorkout,2019-09-30T13:25:04,0,CS 1,439,13,8eb889c63d9ba75508a7efba8c6675f1973ce653343f819d60fa0035fcde1381,True,Compile.Error,,,SyntaxError,line 20: error: ';' expected,130284,130284,130274.0
73da0df025bd69a83446ff2c9628a7f2f1ff34bff9e343059e17e4d31a6218d3,Java 8; CodeWorkout,2019-09-30T13:25:56,0,CS 1,439,13,1de01fef6bbb510fc22c6432572bb26d6a862f47e18ec199c5f5b64ee5ccc26a,True,Run.Program,0.0,,,,130285,130285,
73da0df025bd69a83446ff2c9628a7f2f1ff34bff9e343059e17e4d31a6218d3,Java 8; CodeWorkout,2019-09-30T13:25:56,0,CS 1,439,13,1de01fef6bbb510fc22c6432572bb26d6a862f47e18ec199c5f5b64ee5ccc26a,True,Compile,,Error,,,130286,130286,130285.0
73da0df025bd69a83446ff2c9628a7f2f1ff34bff9e343059e17e4d31a6218d3,Java 8; CodeWorkout,2019-09-30T13:25:56,0,CS 1,439,13,1de01fef6bbb510fc22c6432572bb26d6a862f47e18ec199c5f5b64ee5ccc26a,True,Compile.Error,,,SyntaxError,line 3: error: ';' expected. ,130287,130287,130286.0
73da0df025bd69a83446ff2c9628a7f2f1ff34bff9e343059e17e4d31a6218d3,Java 8; CodeWorkout,2019-09-30T13:25:56,0,CS 1,439,13,1de01fef6bbb510fc22c6432572bb26d6a862f47e18ec199c5f5b64ee5ccc26a,True,Compile.Error,,,SyntaxError,line 3: error: illegal character: '\uff1b'. ,130288,130288,130286.0
73da0df025bd69a83446ff2c9628a7f2f1ff34bff9e343059e17e4d31a6218d3,Java 8; CodeWorkout,2019-09-30T13:25:56,0,CS 1,439,13,1de01fef6bbb510fc22c6432572bb26d6a862f47e18ec199c5f5b64ee5ccc26a,True,Compile.Error,,,SyntaxError,line 4: error: ';' expected. ,130289,130289,130286.0
73da0df025bd69a83446ff2c9628a7f2f1ff34bff9e343059e17e4d31a6218d3,Java 8; CodeWorkout,2019-09-30T13:25:56,0,CS 1,439,13,1de01fef6bbb510fc22c6432572bb26d6a862f47e18ec199c5f5b64ee5ccc26a,True,Compile.Error,,,SyntaxError,line 5: error: ';' expected. ,130290,130290,130286.0
73da0df025bd69a83446ff2c9628a7f2f1ff34bff9e343059e17e4d31a6218d3,Java 8; CodeWorkout,2019-09-30T13:25:56,0,CS 1,439,13,1de01fef6bbb510fc22c6432572bb26d6a862f47e18ec199c5f5b64ee5ccc26a,True,Compile.Error,,,SyntaxError,line 12: error: illegal start of expression. ,130291,130291,130286.0
73da0df025bd69a83446ff2c9628a7f2f1ff34bff9e343059e17e4d31a6218d3,Java 8; CodeWorkout,2019-09-30T13:25:56,0,CS 1,439,13,1de01fef6bbb510fc22c6432572bb26d6a862f47e18ec199c5f5b64ee5ccc26a,True,Compile.Error,,,SyntaxError,line 12: error: ';' expected. ,130292,130292,130286.0
73da0df025bd69a83446ff2c9628a7f2f1ff34bff9e343059e17e4d31a6218d3,Java 8; CodeWorkout,2019-09-30T13:25:56,0,CS 1,439,13,1de01fef6bbb510fc22c6432572bb26d6a862f47e18ec199c5f5b64ee5ccc26a,True,Compile.Error,,,SyntaxError,line 16: error: illegal start of expression. ,130293,130293,130286.0
73da0df025bd69a83446ff2c9628a7f2f1ff34bff9e343059e17e4d31a6218d3,Java 8; CodeWorkout,2019-09-30T13:25:56,0,CS 1,439,13,1de01fef6bbb510fc22c6432572bb26d6a862f47e18ec199c5f5b64ee5ccc26a,True,Compile.Error,,,SyntaxError,line 16: error: ';' expected. ,130294,130294,130286.0
73da0df025bd69a83446ff2c9628a7f2f1ff34bff9e343059e17e4d31a6218d3,Java 8; CodeWorkout,2019-09-30T13:25:56,0,CS 1,439,13,1de01fef6bbb510fc22c6432572bb26d6a862f47e18ec199c5f5b64ee5ccc26a,True,Compile.Error,,,SyntaxError,line 20: error: illegal start of expression. ,130295,130295,130286.0
73da0df025bd69a83446ff2c9628a7f2f1ff34bff9e343059e17e4d31a6218d3,Java 8; CodeWorkout,2019-09-30T13:25:56,0,CS 1,439,13,1de01fef6bbb510fc22c6432572bb26d6a862f47e18ec199c5f5b64ee5ccc26a,True,Compile.Error,,,SyntaxError,line 20: error: ';' expected,130296,130296,130286.0
73da0df025bd69a83446ff2c9628a7f2f1ff34bff9e343059e17e4d31a6218d3,Java 8; CodeWorkout,2019-09-30T13:27:22,0,CS 1,439,13,a377fcfa0981b6bd9c82d2e4ebecf4fb25d671566774812f0207a5b82f890aad,True,Run.Program,0.0,,,,130297,130297,
73da0df025bd69a83446ff2c9628a7f2f1ff34bff9e343059e17e4d31a6218d3,Java 8; CodeWorkout,2019-09-30T13:27:22,0,CS 1,439,13,a377fcfa0981b6bd9c82d2e4ebecf4fb25d671566774812f0207a5b82f890aad,True,Compile,,Error,,,130298,130298,130297.0
73da0df025bd69a83446ff2c9628a7f2f1ff34bff9e343059e17e4d31a6218d3,Java 8; CodeWorkout,2019-09-30T13:27:22,0,CS 1,439,13,a377fcfa0981b6bd9c82d2e4ebecf4fb25d671566774812f0207a5b82f890aad,True,Compile.Error,,,SyntaxError,line 3: error: ';' expected. ,130299,130299,130298.0
73da0df025bd69a83446ff2c9628a7f2f1ff34bff9e343059e17e4d31a6218d3,Java 8; CodeWorkout,2019-09-30T13:27:22,0,CS 1,439,13,a377fcfa0981b6bd9c82d2e4ebecf4fb25d671566774812f0207a5b82f890aad,True,Compile.Error,,,SyntaxError,line 4: error: ';' expected. ,130300,130300,130298.0
73da0df025bd69a83446ff2c9628a7f2f1ff34bff9e343059e17e4d31a6218d3,Java 8; CodeWorkout,2019-09-30T13:27:22,0,CS 1,439,13,a377fcfa0981b6bd9c82d2e4ebecf4fb25d671566774812f0207a5b82f890aad,True,Compile.Error,,,SyntaxError,line 5: error: ';' expected. ,130301,130301,130298.0
73da0df025bd69a83446ff2c9628a7f2f1ff34bff9e343059e17e4d31a6218d3,Java 8; CodeWorkout,2019-09-30T13:27:22,0,CS 1,439,13,a377fcfa0981b6bd9c82d2e4ebecf4fb25d671566774812f0207a5b82f890aad,True,Compile.Error,,,SyntaxError,line 12: error: ';' expected. ,130302,130302,130298.0
73da0df025bd69a83446ff2c9628a7f2f1ff34bff9e343059e17e4d31a6218d3,Java 8; CodeWorkout,2019-09-30T13:27:22,0,CS 1,439,13,a377fcfa0981b6bd9c82d2e4ebecf4fb25d671566774812f0207a5b82f890aad,True,Compile.Error,,,SyntaxError,line 12: error: not a statement. ,130303,130303,130298.0
73da0df025bd69a83446ff2c9628a7f2f1ff34bff9e343059e17e4d31a6218d3,Java 8; CodeWorkout,2019-09-30T13:27:22,0,CS 1,439,13,a377fcfa0981b6bd9c82d2e4ebecf4fb25d671566774812f0207a5b82f890aad,True,Compile.Error,,,SyntaxError,line 16: error: illegal start of expression. ,130304,130304,130298.0
73da0df025bd69a83446ff2c9628a7f2f1ff34bff9e343059e17e4d31a6218d3,Java 8; CodeWorkout,2019-09-30T13:27:22,0,CS 1,439,13,a377fcfa0981b6bd9c82d2e4ebecf4fb25d671566774812f0207a5b82f890aad,True,Compile.Error,,,SyntaxError,line 16: error: ';' expected. ,130305,130305,130298.0
73da0df025bd69a83446ff2c9628a7f2f1ff34bff9e343059e17e4d31a6218d3,Java 8; CodeWorkout,2019-09-30T13:27:22,0,CS 1,439,13,a377fcfa0981b6bd9c82d2e4ebecf4fb25d671566774812f0207a5b82f890aad,True,Compile.Error,,,SyntaxError,line 20: error: illegal start of expression. ,130306,130306,130298.0
73da0df025bd69a83446ff2c9628a7f2f1ff34bff9e343059e17e4d31a6218d3,Java 8; CodeWorkout,2019-09-30T13:27:22,0,CS 1,439,13,a377fcfa0981b6bd9c82d2e4ebecf4fb25d671566774812f0207a5b82f890aad,True,Compile.Error,,,SyntaxError,line 20: error: ';' expected,130307,130307,130298.0
73da0df025bd69a83446ff2c9628a7f2f1ff34bff9e343059e17e4d31a6218d3,Java 8; CodeWorkout,2019-09-30T13:36:02,0,CS 1,439,13,dba7e6ff456aa695231088161308f37829a5c41e813fd505fa218614ca287945,True,Run.Program,0.0,,,,130308,130308,
73da0df025bd69a83446ff2c9628a7f2f1ff34bff9e343059e17e4d31a6218d3,Java 8; CodeWorkout,2019-09-30T13:36:02,0,CS 1,439,13,dba7e6ff456aa695231088161308f37829a5c41e813fd505fa218614ca287945,True,Compile,,Error,,,130309,130309,130308.0
73da0df025bd69a83446ff2c9628a7f2f1ff34bff9e343059e17e4d31a6218d3,Java 8; CodeWorkout,2019-09-30T13:36:02,0,CS 1,439,13,dba7e6ff456aa695231088161308f37829a5c41e813fd505fa218614ca287945,True,Compile.Error,,,SyntaxError,line 3: error: '.class' expected. ,130310,130310,130309.0
73da0df025bd69a83446ff2c9628a7f2f1ff34bff9e343059e17e4d31a6218d3,Java 8; CodeWorkout,2019-09-30T13:36:02,0,CS 1,439,13,dba7e6ff456aa695231088161308f37829a5c41e813fd505fa218614ca287945,True,Compile.Error,,,SyntaxError,line 3: error: not a statement. ,130311,130311,130309.0
73da0df025bd69a83446ff2c9628a7f2f1ff34bff9e343059e17e4d31a6218d3,Java 8; CodeWorkout,2019-09-30T13:36:02,0,CS 1,439,13,dba7e6ff456aa695231088161308f37829a5c41e813fd505fa218614ca287945,True,Compile.Error,,,SyntaxError,line 4: error: '.class' expected. ,130312,130312,130309.0
73da0df025bd69a83446ff2c9628a7f2f1ff34bff9e343059e17e4d31a6218d3,Java 8; CodeWorkout,2019-09-30T13:36:02,0,CS 1,439,13,dba7e6ff456aa695231088161308f37829a5c41e813fd505fa218614ca287945,True,Compile.Error,,,SyntaxError,line 4: error: not a statement. ,130313,130313,130309.0
73da0df025bd69a83446ff2c9628a7f2f1ff34bff9e343059e17e4d31a6218d3,Java 8; CodeWorkout,2019-09-30T13:36:02,0,CS 1,439,13,dba7e6ff456aa695231088161308f37829a5c41e813fd505fa218614ca287945,True,Compile.Error,,,SyntaxError,line 5: error: '.class' expected. ,130314,130314,130309.0
73da0df025bd69a83446ff2c9628a7f2f1ff34bff9e343059e17e4d31a6218d3,Java 8; CodeWorkout,2019-09-30T13:36:02,0,CS 1,439,13,dba7e6ff456aa695231088161308f37829a5c41e813fd505fa218614ca287945,True,Compile.Error,,,SyntaxError,line 5: error: not a statement. ,130315,130315,130309.0
73da0df025bd69a83446ff2c9628a7f2f1ff34bff9e343059e17e4d31a6218d3,Java 8; CodeWorkout,2019-09-30T13:36:02,0,CS 1,439,13,dba7e6ff456aa695231088161308f37829a5c41e813fd505fa218614ca287945,True,Compile.Error,,,SyntaxError,line 12: error: ';' expected. ,130316,130316,130309.0
73da0df025bd69a83446ff2c9628a7f2f1ff34bff9e343059e17e4d31a6218d3,Java 8; CodeWorkout,2019-09-30T13:36:02,0,CS 1,439,13,dba7e6ff456aa695231088161308f37829a5c41e813fd505fa218614ca287945,True,Compile.Error,,,SyntaxError,line 12: error: not a statement. ,130317,130317,130309.0
73da0df025bd69a83446ff2c9628a7f2f1ff34bff9e343059e17e4d31a6218d3,Java 8; CodeWorkout,2019-09-30T13:36:02,0,CS 1,439,13,dba7e6ff456aa695231088161308f37829a5c41e813fd505fa218614ca287945,True,Compile.Error,,,SyntaxError,line 16: error: illegal start of expression. ,130318,130318,130309.0
73da0df025bd69a83446ff2c9628a7f2f1ff34bff9e343059e17e4d31a6218d3,Java 8; CodeWorkout,2019-09-30T13:36:02,0,CS 1,439,13,dba7e6ff456aa695231088161308f37829a5c41e813fd505fa218614ca287945,True,Compile.Error,,,SyntaxError,line 16: error: ';' expected. ,130319,130319,130309.0
73da0df025bd69a83446ff2c9628a7f2f1ff34bff9e343059e17e4d31a6218d3,Java 8; CodeWorkout,2019-09-30T13:36:02,0,CS 1,439,13,dba7e6ff456aa695231088161308f37829a5c41e813fd505fa218614ca287945,True,Compile.Error,,,SyntaxError,line 20: error: illegal start of expression. ,130320,130320,130309.0
73da0df025bd69a83446ff2c9628a7f2f1ff34bff9e343059e17e4d31a6218d3,Java 8; CodeWorkout,2019-09-30T13:36:02,0,CS 1,439,13,dba7e6ff456aa695231088161308f37829a5c41e813fd505fa218614ca287945,True,Compile.Error,,,SyntaxError,line 20: error: ';' expected,130321,130321,130309.0
73da0df025bd69a83446ff2c9628a7f2f1ff34bff9e343059e17e4d31a6218d3,Java 8; CodeWorkout,2019-09-30T13:40:34,0,CS 1,439,13,0411925d0a2f71a1e92e73d438fd4106cbc975b201707227fbf2498455629623,True,Run.Program,0.0,,,,130322,130322,
73da0df025bd69a83446ff2c9628a7f2f1ff34bff9e343059e17e4d31a6218d3,Java 8; CodeWorkout,2019-09-30T13:40:34,0,CS 1,439,13,0411925d0a2f71a1e92e73d438fd4106cbc975b201707227fbf2498455629623,True,Compile,,Error,,,130323,130323,130322.0
73da0df025bd69a83446ff2c9628a7f2f1ff34bff9e343059e17e4d31a6218d3,Java 8; CodeWorkout,2019-09-30T13:40:34,0,CS 1,439,13,0411925d0a2f71a1e92e73d438fd4106cbc975b201707227fbf2498455629623,True,Compile.Error,,,SyntaxError,line 9: error: ';' expected. ,130324,130324,130323.0
73da0df025bd69a83446ff2c9628a7f2f1ff34bff9e343059e17e4d31a6218d3,Java 8; CodeWorkout,2019-09-30T13:40:34,0,CS 1,439,13,0411925d0a2f71a1e92e73d438fd4106cbc975b201707227fbf2498455629623,True,Compile.Error,,,SyntaxError,line 13: error: ';' expected,130325,130325,130323.0
73da0df025bd69a83446ff2c9628a7f2f1ff34bff9e343059e17e4d31a6218d3,Java 8; CodeWorkout,2019-09-30T13:41:14,0,CS 1,439,13,ad733b2cda4ba8f4dd5d780d12683d24e2a69a2b32c36c67817794b717b280d8,True,Run.Program,0.0,,,,130326,130326,
73da0df025bd69a83446ff2c9628a7f2f1ff34bff9e343059e17e4d31a6218d3,Java 8; CodeWorkout,2019-09-30T13:41:14,0,CS 1,439,13,ad733b2cda4ba8f4dd5d780d12683d24e2a69a2b32c36c67817794b717b280d8,True,Compile,,Error,,,130327,130327,130326.0
73da0df025bd69a83446ff2c9628a7f2f1ff34bff9e343059e17e4d31a6218d3,Java 8; CodeWorkout,2019-09-30T13:41:14,0,CS 1,439,13,ad733b2cda4ba8f4dd5d780d12683d24e2a69a2b32c36c67817794b717b280d8,True,Compile.Error,,,SyntaxError,line 7: error: bad operand types for binary operator '||',130328,130328,130327.0
73da0df025bd69a83446ff2c9628a7f2f1ff34bff9e343059e17e4d31a6218d3,Java 8; CodeWorkout,2019-09-30T13:43:02,0,CS 1,439,13,999906b7e34515f128d88307f4fee176259930aadef17077967856b9f719fc3b,True,Run.Program,0.0,,,,130329,130329,
73da0df025bd69a83446ff2c9628a7f2f1ff34bff9e343059e17e4d31a6218d3,Java 8; CodeWorkout,2019-09-30T13:43:02,0,CS 1,439,13,999906b7e34515f128d88307f4fee176259930aadef17077967856b9f719fc3b,True,Compile,,Error,,,130330,130330,130329.0
73da0df025bd69a83446ff2c9628a7f2f1ff34bff9e343059e17e4d31a6218d3,Java 8; CodeWorkout,2019-09-30T13:43:02,0,CS 1,439,13,999906b7e34515f128d88307f4fee176259930aadef17077967856b9f719fc3b,True,Compile.Error,,,SyntaxError,line 9: error: cannot find symbol: class no,130331,130331,130330.0
73da0df025bd69a83446ff2c9628a7f2f1ff34bff9e343059e17e4d31a6218d3,Java 8; CodeWorkout,2019-09-30T13:43:26,0,CS 1,439,13,bfae6c97b0aa8633b50fc9165968f9d69a269a3f062bbb9bba69a5315d83e310,True,Run.Program,0.0,,,,130332,130332,
73da0df025bd69a83446ff2c9628a7f2f1ff34bff9e343059e17e4d31a6218d3,Java 8; CodeWorkout,2019-09-30T13:43:26,0,CS 1,439,13,bfae6c97b0aa8633b50fc9165968f9d69a269a3f062bbb9bba69a5315d83e310,True,Compile,,Error,,,130333,130333,130332.0
73da0df025bd69a83446ff2c9628a7f2f1ff34bff9e343059e17e4d31a6218d3,Java 8; CodeWorkout,2019-09-30T13:43:26,0,CS 1,439,13,bfae6c97b0aa8633b50fc9165968f9d69a269a3f062bbb9bba69a5315d83e310,True,Compile.Error,,,SyntaxError,line 9: error: ';' expected,130334,130334,130333.0
7854ad4022596904b137ebbb044e0bbbd2f590b0dac7f5a46d9991f3c049d647,Java 8; CodeWorkout,2019-09-30T13:07:20,0,CS 1,439,232,f969ff6c0b0da872419efc9eff2eb8b6e852a4b30a0d860e4a8efd7dae3a25fd,True,Run.Program,0.0,,,,125150,125150,
7854ad4022596904b137ebbb044e0bbbd2f590b0dac7f5a46d9991f3c049d647,Java 8; CodeWorkout,2019-09-30T13:07:20,0,CS 1,439,232,f969ff6c0b0da872419efc9eff2eb8b6e852a4b30a0d860e4a8efd7dae3a25fd,True,Compile,,Error,,,125151,125151,125150.0
7854ad4022596904b137ebbb044e0bbbd2f590b0dac7f5a46d9991f3c049d647,Java 8; CodeWorkout,2019-09-30T13:07:20,0,CS 1,439,232,f969ff6c0b0da872419efc9eff2eb8b6e852a4b30a0d860e4a8efd7dae3a25fd,True,Compile.Error,,,SyntaxError,line 8: error: ';' expected. ,125152,125152,125151.0
7854ad4022596904b137ebbb044e0bbbd2f590b0dac7f5a46d9991f3c049d647,Java 8; CodeWorkout,2019-09-30T13:07:20,0,CS 1,439,232,f969ff6c0b0da872419efc9eff2eb8b6e852a4b30a0d860e4a8efd7dae3a25fd,True,Compile.Error,,,SyntaxError,line 12: error: ';' expected. ,125153,125153,125151.0
7854ad4022596904b137ebbb044e0bbbd2f590b0dac7f5a46d9991f3c049d647,Java 8; CodeWorkout,2019-09-30T13:07:20,0,CS 1,439,232,f969ff6c0b0da872419efc9eff2eb8b6e852a4b30a0d860e4a8efd7dae3a25fd,True,Compile.Error,,,SyntaxError,line 19: error: ';' expected,125154,125154,125151.0
7854ad4022596904b137ebbb044e0bbbd2f590b0dac7f5a46d9991f3c049d647,Java 8; CodeWorkout,2019-09-30T13:09:03,0,CS 1,439,232,e5c99c7be970925545e6d9c5386798344b4ed3b7eceda525f3ebfa7d73210631,True,Run.Program,0.0,,,,125155,125155,
7854ad4022596904b137ebbb044e0bbbd2f590b0dac7f5a46d9991f3c049d647,Java 8; CodeWorkout,2019-09-30T13:09:03,0,CS 1,439,232,e5c99c7be970925545e6d9c5386798344b4ed3b7eceda525f3ebfa7d73210631,True,Compile,,Error,,,125156,125156,125155.0
7854ad4022596904b137ebbb044e0bbbd2f590b0dac7f5a46d9991f3c049d647,Java 8; CodeWorkout,2019-09-30T13:09:03,0,CS 1,439,232,e5c99c7be970925545e6d9c5386798344b4ed3b7eceda525f3ebfa7d73210631,True,Compile.Error,,,SyntaxError,line 8: error: ';' expected. ,125157,125157,125156.0
7854ad4022596904b137ebbb044e0bbbd2f590b0dac7f5a46d9991f3c049d647,Java 8; CodeWorkout,2019-09-30T13:09:03,0,CS 1,439,232,e5c99c7be970925545e6d9c5386798344b4ed3b7eceda525f3ebfa7d73210631,True,Compile.Error,,,SyntaxError,line 12: error: ';' expected. ,125158,125158,125156.0
7854ad4022596904b137ebbb044e0bbbd2f590b0dac7f5a46d9991f3c049d647,Java 8; CodeWorkout,2019-09-30T13:09:03,0,CS 1,439,232,e5c99c7be970925545e6d9c5386798344b4ed3b7eceda525f3ebfa7d73210631,True,Compile.Error,,,SyntaxError,line 19: error: ';' expected,125159,125159,125156.0
7854ad4022596904b137ebbb044e0bbbd2f590b0dac7f5a46d9991f3c049d647,Java 8; CodeWorkout,2019-09-30T13:19:06,0,CS 1,439,232,1006707c48523b6b4cc9f1eb5671c56a3cdc2e5d0632e26ee7b39242cac83ffb,True,Run.Program,0.0,,,,125160,125160,
7854ad4022596904b137ebbb044e0bbbd2f590b0dac7f5a46d9991f3c049d647,Java 8; CodeWorkout,2019-09-30T13:19:06,0,CS 1,439,232,1006707c48523b6b4cc9f1eb5671c56a3cdc2e5d0632e26ee7b39242cac83ffb,True,Compile,,Error,,,125161,125161,125160.0
7854ad4022596904b137ebbb044e0bbbd2f590b0dac7f5a46d9991f3c049d647,Java 8; CodeWorkout,2019-09-30T13:19:06,0,CS 1,439,232,1006707c48523b6b4cc9f1eb5671c56a3cdc2e5d0632e26ee7b39242cac83ffb,True,Compile.Error,,,SyntaxError,line 8: error: ';' expected. ,125162,125162,125161.0
7854ad4022596904b137ebbb044e0bbbd2f590b0dac7f5a46d9991f3c049d647,Java 8; CodeWorkout,2019-09-30T13:19:06,0,CS 1,439,232,1006707c48523b6b4cc9f1eb5671c56a3cdc2e5d0632e26ee7b39242cac83ffb,True,Compile.Error,,,SyntaxError,line 12: error: ';' expected,125163,125163,125161.0
7854ad4022596904b137ebbb044e0bbbd2f590b0dac7f5a46d9991f3c049d647,Java 8; CodeWorkout,2019-09-30T13:19:25,0,CS 1,439,232,e9a421270add780231c3a765fe62405f58b5b1508216e3fe2a9b0faab19a6142,True,Run.Program,0.0,,,,125164,125164,
7854ad4022596904b137ebbb044e0bbbd2f590b0dac7f5a46d9991f3c049d647,Java 8; CodeWorkout,2019-09-30T13:19:25,0,CS 1,439,232,e9a421270add780231c3a765fe62405f58b5b1508216e3fe2a9b0faab19a6142,True,Compile,,Error,,,125165,125165,125164.0
7854ad4022596904b137ebbb044e0bbbd2f590b0dac7f5a46d9991f3c049d647,Java 8; CodeWorkout,2019-09-30T13:19:25,0,CS 1,439,232,e9a421270add780231c3a765fe62405f58b5b1508216e3fe2a9b0faab19a6142,True,Compile.Error,,,SyntaxError,line 8: error: ';' expected. ,125166,125166,125165.0
7854ad4022596904b137ebbb044e0bbbd2f590b0dac7f5a46d9991f3c049d647,Java 8; CodeWorkout,2019-09-30T13:19:25,0,CS 1,439,232,e9a421270add780231c3a765fe62405f58b5b1508216e3fe2a9b0faab19a6142,True,Compile.Error,,,SyntaxError,line 12: error: ';' expected,125167,125167,125165.0
7854ad4022596904b137ebbb044e0bbbd2f590b0dac7f5a46d9991f3c049d647,Java 8; CodeWorkout,2019-09-30T13:20:59,0,CS 1,439,232,2fe3d607614bc5768a78cc1b52645213ab73e0a5ecfe1cbdadda727a2ccc6c3a,True,Run.Program,0.0,,,,125168,125168,
7854ad4022596904b137ebbb044e0bbbd2f590b0dac7f5a46d9991f3c049d647,Java 8; CodeWorkout,2019-09-30T13:20:59,0,CS 1,439,232,2fe3d607614bc5768a78cc1b52645213ab73e0a5ecfe1cbdadda727a2ccc6c3a,True,Compile,,Error,,,125169,125169,125168.0
7854ad4022596904b137ebbb044e0bbbd2f590b0dac7f5a46d9991f3c049d647,Java 8; CodeWorkout,2019-09-30T13:20:59,0,CS 1,439,232,2fe3d607614bc5768a78cc1b52645213ab73e0a5ecfe1cbdadda727a2ccc6c3a,True,Compile.Error,,,SyntaxError,"line 8: error: variable alarm is already defined in method alarmClock(int,boolean). ",125170,125170,125169.0
7854ad4022596904b137ebbb044e0bbbd2f590b0dac7f5a46d9991f3c049d647,Java 8; CodeWorkout,2019-09-30T13:20:59,0,CS 1,439,232,2fe3d607614bc5768a78cc1b52645213ab73e0a5ecfe1cbdadda727a2ccc6c3a,True,Compile.Error,,,SyntaxError,"line 12: error: variable alarm is already defined in method alarmClock(int,boolean). ",125171,125171,125169.0
7854ad4022596904b137ebbb044e0bbbd2f590b0dac7f5a46d9991f3c049d647,Java 8; CodeWorkout,2019-09-30T13:20:59,0,CS 1,439,232,2fe3d607614bc5768a78cc1b52645213ab73e0a5ecfe1cbdadda727a2ccc6c3a,True,Compile.Error,,,SyntaxError,line 23: error: cannot find symbol: variable off,125172,125172,125169.0
7854ad4022596904b137ebbb044e0bbbd2f590b0dac7f5a46d9991f3c049d647,Java 8; CodeWorkout,2019-09-30T13:21:36,0,CS 1,439,232,832e4a2911bddb1438fa28529e4e926bd30965c8104aa840dfce6350464caf13,True,Run.Program,0.0,,,,125173,125173,
7854ad4022596904b137ebbb044e0bbbd2f590b0dac7f5a46d9991f3c049d647,Java 8; CodeWorkout,2019-09-30T13:21:36,0,CS 1,439,232,832e4a2911bddb1438fa28529e4e926bd30965c8104aa840dfce6350464caf13,True,Compile,,Error,,,125174,125174,125173.0
7854ad4022596904b137ebbb044e0bbbd2f590b0dac7f5a46d9991f3c049d647,Java 8; CodeWorkout,2019-09-30T13:21:36,0,CS 1,439,232,832e4a2911bddb1438fa28529e4e926bd30965c8104aa840dfce6350464caf13,True,Compile.Error,,,SyntaxError,"line 8: error: variable response is already defined in method alarmClock(int,boolean). ",125175,125175,125174.0
7854ad4022596904b137ebbb044e0bbbd2f590b0dac7f5a46d9991f3c049d647,Java 8; CodeWorkout,2019-09-30T13:21:36,0,CS 1,439,232,832e4a2911bddb1438fa28529e4e926bd30965c8104aa840dfce6350464caf13,True,Compile.Error,,,SyntaxError,"line 12: error: variable response is already defined in method alarmClock(int,boolean). ",125176,125176,125174.0
7854ad4022596904b137ebbb044e0bbbd2f590b0dac7f5a46d9991f3c049d647,Java 8; CodeWorkout,2019-09-30T13:21:36,0,CS 1,439,232,832e4a2911bddb1438fa28529e4e926bd30965c8104aa840dfce6350464caf13,True,Compile.Error,,,SyntaxError,line 23: error: cannot find symbol: variable off,125177,125177,125174.0
7854ad4022596904b137ebbb044e0bbbd2f590b0dac7f5a46d9991f3c049d647,Java 8; CodeWorkout,2019-09-30T13:23:12,0,CS 1,439,232,828cfe08eaab1e8e3cd06e3a34aea3e27b9fe27199cbf87226b94c02150e2b99,True,Run.Program,0.0,,,,125178,125178,
7854ad4022596904b137ebbb044e0bbbd2f590b0dac7f5a46d9991f3c049d647,Java 8; CodeWorkout,2019-09-30T13:23:12,0,CS 1,439,232,828cfe08eaab1e8e3cd06e3a34aea3e27b9fe27199cbf87226b94c02150e2b99,True,Compile,,Error,,,125179,125179,125178.0
7854ad4022596904b137ebbb044e0bbbd2f590b0dac7f5a46d9991f3c049d647,Java 8; CodeWorkout,2019-09-30T13:23:12,0,CS 1,439,232,828cfe08eaab1e8e3cd06e3a34aea3e27b9fe27199cbf87226b94c02150e2b99,True,Compile.Error,,,SyntaxError,line 3: error: cannot find symbol: variable response,125180,125180,125179.0
7854ad4022596904b137ebbb044e0bbbd2f590b0dac7f5a46d9991f3c049d647,Java 8; CodeWorkout,2019-09-30T13:26:07,0,CS 1,439,232,876978fb106d66cf01636fbc78210eb015ed3dff4b81e0caf95d0c6803aa38fe,True,Run.Program,0.0,,,,125181,125181,
7854ad4022596904b137ebbb044e0bbbd2f590b0dac7f5a46d9991f3c049d647,Java 8; CodeWorkout,2019-09-30T13:26:07,0,CS 1,439,232,876978fb106d66cf01636fbc78210eb015ed3dff4b81e0caf95d0c6803aa38fe,True,Compile,,Error,,,125182,125182,125181.0
7854ad4022596904b137ebbb044e0bbbd2f590b0dac7f5a46d9991f3c049d647,Java 8; CodeWorkout,2019-09-30T13:26:07,0,CS 1,439,232,876978fb106d66cf01636fbc78210eb015ed3dff4b81e0caf95d0c6803aa38fe,True,Compile.Error,,,SyntaxError,line 7: error: cannot find symbol: variable response,125183,125183,125182.0
7854ad4022596904b137ebbb044e0bbbd2f590b0dac7f5a46d9991f3c049d647,Java 8; CodeWorkout,2019-09-30T13:26:52,0,CS 1,439,232,989e109955c5a23fb37e9d3893e6380837a55a12c4ebe02d24fce51b43109d81,True,Run.Program,0.0,,,,125184,125184,
7854ad4022596904b137ebbb044e0bbbd2f590b0dac7f5a46d9991f3c049d647,Java 8; CodeWorkout,2019-09-30T13:26:52,0,CS 1,439,232,989e109955c5a23fb37e9d3893e6380837a55a12c4ebe02d24fce51b43109d81,True,Compile,,Error,,,125185,125185,125184.0
7854ad4022596904b137ebbb044e0bbbd2f590b0dac7f5a46d9991f3c049d647,Java 8; CodeWorkout,2019-09-30T13:26:52,0,CS 1,439,232,989e109955c5a23fb37e9d3893e6380837a55a12c4ebe02d24fce51b43109d81,True,Compile.Error,,,SyntaxError,line 25: error: missing return statement,125186,125186,125185.0
7854ad4022596904b137ebbb044e0bbbd2f590b0dac7f5a46d9991f3c049d647,Java 8; CodeWorkout,2019-09-30T13:27:15,0,CS 1,439,232,bbfeed84b76bae83b536fb0179c6079e1afc800161866fef50cde9ca5c71b511,True,Run.Program,0.0,,,,125187,125187,
7854ad4022596904b137ebbb044e0bbbd2f590b0dac7f5a46d9991f3c049d647,Java 8; CodeWorkout,2019-09-30T13:27:15,0,CS 1,439,232,bbfeed84b76bae83b536fb0179c6079e1afc800161866fef50cde9ca5c71b511,True,Compile,,Error,,,125188,125188,125187.0
7854ad4022596904b137ebbb044e0bbbd2f590b0dac7f5a46d9991f3c049d647,Java 8; CodeWorkout,2019-09-30T13:27:15,0,CS 1,439,232,bbfeed84b76bae83b536fb0179c6079e1afc800161866fef50cde9ca5c71b511,True,Compile.Error,,,SyntaxError,line 25: error: ';' expected. ,125189,125189,125188.0
7854ad4022596904b137ebbb044e0bbbd2f590b0dac7f5a46d9991f3c049d647,Java 8; CodeWorkout,2019-09-30T13:27:15,0,CS 1,439,232,bbfeed84b76bae83b536fb0179c6079e1afc800161866fef50cde9ca5c71b511,True,Compile.Error,,,SyntaxError,line 25: error: not a statement. ,125190,125190,125188.0
7854ad4022596904b137ebbb044e0bbbd2f590b0dac7f5a46d9991f3c049d647,Java 8; CodeWorkout,2019-09-30T13:27:15,0,CS 1,439,232,bbfeed84b76bae83b536fb0179c6079e1afc800161866fef50cde9ca5c71b511,True,Compile.Error,,,SyntaxError,line 25: error: ';' expected,125191,125191,125188.0
7854ad4022596904b137ebbb044e0bbbd2f590b0dac7f5a46d9991f3c049d647,Java 8; CodeWorkout,2019-09-30T13:27:26,0,CS 1,439,232,7e5d84de1f275791ec1c962c864ed8d7350467634f6fd82fe983bc44f3493fee,True,Run.Program,0.0,,,,125192,125192,
7854ad4022596904b137ebbb044e0bbbd2f590b0dac7f5a46d9991f3c049d647,Java 8; CodeWorkout,2019-09-30T13:27:26,0,CS 1,439,232,7e5d84de1f275791ec1c962c864ed8d7350467634f6fd82fe983bc44f3493fee,True,Compile,,Error,,,125193,125193,125192.0
7854ad4022596904b137ebbb044e0bbbd2f590b0dac7f5a46d9991f3c049d647,Java 8; CodeWorkout,2019-09-30T13:27:26,0,CS 1,439,232,7e5d84de1f275791ec1c962c864ed8d7350467634f6fd82fe983bc44f3493fee,True,Compile.Error,,,SyntaxError,line 25: error: ';' expected. ,125194,125194,125193.0
7854ad4022596904b137ebbb044e0bbbd2f590b0dac7f5a46d9991f3c049d647,Java 8; CodeWorkout,2019-09-30T13:27:26,0,CS 1,439,232,7e5d84de1f275791ec1c962c864ed8d7350467634f6fd82fe983bc44f3493fee,True,Compile.Error,,,SyntaxError,line 25: error: not a statement,125195,125195,125193.0
7854ad4022596904b137ebbb044e0bbbd2f590b0dac7f5a46d9991f3c049d647,Java 8; CodeWorkout,2019-09-30T13:41:57,0,CS 1,439,232,6259100ff1308aebd5202d6a03b48efefa6857d9226192d3046c139c0f0b3df4,True,Run.Program,0.0,,,,125196,125196,
7854ad4022596904b137ebbb044e0bbbd2f590b0dac7f5a46d9991f3c049d647,Java 8; CodeWorkout,2019-09-30T13:41:57,0,CS 1,439,232,6259100ff1308aebd5202d6a03b48efefa6857d9226192d3046c139c0f0b3df4,True,Compile,,Error,,,125197,125197,125196.0
7854ad4022596904b137ebbb044e0bbbd2f590b0dac7f5a46d9991f3c049d647,Java 8; CodeWorkout,2019-09-30T13:41:57,0,CS 1,439,232,6259100ff1308aebd5202d6a03b48efefa6857d9226192d3046c139c0f0b3df4,True,Compile.Error,,,SyntaxError,line 25: error: cannot find symbol: variable responseString,125198,125198,125197.0
7854ad4022596904b137ebbb044e0bbbd2f590b0dac7f5a46d9991f3c049d647,Java 8; CodeWorkout,2019-09-30T13:42:36,0,CS 1,439,232,11db51a86e3f87e6a65d80f7755350776f80bffd15cf357aa0939985ce0ecbaa,True,Run.Program,0.0,,,,125199,125199,
7854ad4022596904b137ebbb044e0bbbd2f590b0dac7f5a46d9991f3c049d647,Java 8; CodeWorkout,2019-09-30T13:42:36,0,CS 1,439,232,11db51a86e3f87e6a65d80f7755350776f80bffd15cf357aa0939985ce0ecbaa,True,Compile,,Error,,,125200,125200,125199.0
7854ad4022596904b137ebbb044e0bbbd2f590b0dac7f5a46d9991f3c049d647,Java 8; CodeWorkout,2019-09-30T13:42:36,0,CS 1,439,232,11db51a86e3f87e6a65d80f7755350776f80bffd15cf357aa0939985ce0ecbaa,True,Compile.Error,,,SyntaxError,"line 8: error: variable response is already defined in method alarmClock(int,boolean). ",125201,125201,125200.0
7854ad4022596904b137ebbb044e0bbbd2f590b0dac7f5a46d9991f3c049d647,Java 8; CodeWorkout,2019-09-30T13:42:36,0,CS 1,439,232,11db51a86e3f87e6a65d80f7755350776f80bffd15cf357aa0939985ce0ecbaa,True,Compile.Error,,,SyntaxError,"line 12: error: variable response is already defined in method alarmClock(int,boolean). ",125202,125202,125200.0
7854ad4022596904b137ebbb044e0bbbd2f590b0dac7f5a46d9991f3c049d647,Java 8; CodeWorkout,2019-09-30T13:42:36,0,CS 1,439,232,11db51a86e3f87e6a65d80f7755350776f80bffd15cf357aa0939985ce0ecbaa,True,Compile.Error,,,SyntaxError,"line 19: error: variable response is already defined in method alarmClock(int,boolean). ",125203,125203,125200.0
7854ad4022596904b137ebbb044e0bbbd2f590b0dac7f5a46d9991f3c049d647,Java 8; CodeWorkout,2019-09-30T13:42:36,0,CS 1,439,232,11db51a86e3f87e6a65d80f7755350776f80bffd15cf357aa0939985ce0ecbaa,True,Compile.Error,,,SyntaxError,"line 23: error: variable response is already defined in method alarmClock(int,boolean)",125204,125204,125200.0
7854ad4022596904b137ebbb044e0bbbd2f590b0dac7f5a46d9991f3c049d647,Java 8; CodeWorkout,2019-09-30T13:43:25,0,CS 1,439,232,0135e4361345f861208e5ed57491da630be2678abee845e1ded379977f650b2c,True,Run.Program,0.0,,,,125205,125205,
7854ad4022596904b137ebbb044e0bbbd2f590b0dac7f5a46d9991f3c049d647,Java 8; CodeWorkout,2019-09-30T13:43:25,0,CS 1,439,232,0135e4361345f861208e5ed57491da630be2678abee845e1ded379977f650b2c,True,Compile,,Error,,,125206,125206,125205.0
7854ad4022596904b137ebbb044e0bbbd2f590b0dac7f5a46d9991f3c049d647,Java 8; CodeWorkout,2019-09-30T13:43:25,0,CS 1,439,232,0135e4361345f861208e5ed57491da630be2678abee845e1ded379977f650b2c,True,Compile.Error,,,SyntaxError,line 3: error: ';' expected,125207,125207,125206.0
7854ad4022596904b137ebbb044e0bbbd2f590b0dac7f5a46d9991f3c049d647,Java 8; CodeWorkout,2019-09-30T13:43:35,0,CS 1,439,232,b75d2bacc7fe8cc9f6ebb6c11b2582ec7e9c1b182c4360e3028f6517a7b7f7a9,True,Run.Program,0.0,,,,125208,125208,
7854ad4022596904b137ebbb044e0bbbd2f590b0dac7f5a46d9991f3c049d647,Java 8; CodeWorkout,2019-09-30T13:43:35,0,CS 1,439,232,b75d2bacc7fe8cc9f6ebb6c11b2582ec7e9c1b182c4360e3028f6517a7b7f7a9,True,Compile,,Error,,,125209,125209,125208.0
7854ad4022596904b137ebbb044e0bbbd2f590b0dac7f5a46d9991f3c049d647,Java 8; CodeWorkout,2019-09-30T13:43:35,0,CS 1,439,232,b75d2bacc7fe8cc9f6ebb6c11b2582ec7e9c1b182c4360e3028f6517a7b7f7a9,True,Compile.Error,,,SyntaxError,line 8: error: incompatible types: java.lang.String cannot be converted to int. ,125210,125210,125209.0
7854ad4022596904b137ebbb044e0bbbd2f590b0dac7f5a46d9991f3c049d647,Java 8; CodeWorkout,2019-09-30T13:43:35,0,CS 1,439,232,b75d2bacc7fe8cc9f6ebb6c11b2582ec7e9c1b182c4360e3028f6517a7b7f7a9,True,Compile.Error,,,SyntaxError,line 12: error: incompatible types: java.lang.String cannot be converted to int. ,125211,125211,125209.0
7854ad4022596904b137ebbb044e0bbbd2f590b0dac7f5a46d9991f3c049d647,Java 8; CodeWorkout,2019-09-30T13:43:35,0,CS 1,439,232,b75d2bacc7fe8cc9f6ebb6c11b2582ec7e9c1b182c4360e3028f6517a7b7f7a9,True,Compile.Error,,,SyntaxError,line 19: error: incompatible types: java.lang.String cannot be converted to int. ,125212,125212,125209.0
7854ad4022596904b137ebbb044e0bbbd2f590b0dac7f5a46d9991f3c049d647,Java 8; CodeWorkout,2019-09-30T13:43:35,0,CS 1,439,232,b75d2bacc7fe8cc9f6ebb6c11b2582ec7e9c1b182c4360e3028f6517a7b7f7a9,True,Compile.Error,,,SyntaxError,line 23: error: incompatible types: java.lang.String cannot be converted to int. ,125213,125213,125209.0
7854ad4022596904b137ebbb044e0bbbd2f590b0dac7f5a46d9991f3c049d647,Java 8; CodeWorkout,2019-09-30T13:43:35,0,CS 1,439,232,b75d2bacc7fe8cc9f6ebb6c11b2582ec7e9c1b182c4360e3028f6517a7b7f7a9,True,Compile.Error,,,SyntaxError,line 26: error: incompatible types: int cannot be converted to java.lang.String,125214,125214,125209.0
7854ad4022596904b137ebbb044e0bbbd2f590b0dac7f5a46d9991f3c049d647,Java 8; CodeWorkout,2019-09-30T13:15:43,0,CS 1,487,22,5186262228e39058b1a8b7526cb3834adaceadde708678dccd81db83a485adf7,True,Run.Program,0.0,,,,201005,201005,
7854ad4022596904b137ebbb044e0bbbd2f590b0dac7f5a46d9991f3c049d647,Java 8; CodeWorkout,2019-09-30T13:15:43,0,CS 1,487,22,5186262228e39058b1a8b7526cb3834adaceadde708678dccd81db83a485adf7,True,Compile,,Error,,,201006,201006,201005.0
7854ad4022596904b137ebbb044e0bbbd2f590b0dac7f5a46d9991f3c049d647,Java 8; CodeWorkout,2019-09-30T13:15:43,0,CS 1,487,22,5186262228e39058b1a8b7526cb3834adaceadde708678dccd81db83a485adf7,True,Compile.Error,,,SyntaxError,line 10: error: ';' expected. ,201007,201007,201006.0
7854ad4022596904b137ebbb044e0bbbd2f590b0dac7f5a46d9991f3c049d647,Java 8; CodeWorkout,2019-09-30T13:15:43,0,CS 1,487,22,5186262228e39058b1a8b7526cb3834adaceadde708678dccd81db83a485adf7,True,Compile.Error,,,SyntaxError,line 14: error: ';' expected. ,201008,201008,201006.0
7854ad4022596904b137ebbb044e0bbbd2f590b0dac7f5a46d9991f3c049d647,Java 8; CodeWorkout,2019-09-30T13:15:43,0,CS 1,487,22,5186262228e39058b1a8b7526cb3834adaceadde708678dccd81db83a485adf7,True,Compile.Error,,,SyntaxError,line 18: error: ';' expected,201009,201009,201006.0
7ce2ef889fd3931ddf910c65e58e6b626f658d713486152c54f9f8a0e6f37375,Java 8; CodeWorkout,2019-09-30T13:22:15,0,CS 1,439,1,675ad2a950c83aea1aef9095227f39af86641d13f283f6729deceddccb229559,True,Run.Program,1.0,,,,169428,169428,
7ce2ef889fd3931ddf910c65e58e6b626f658d713486152c54f9f8a0e6f37375,Java 8; CodeWorkout,2019-09-30T13:22:15,0,CS 1,439,1,675ad2a950c83aea1aef9095227f39af86641d13f283f6729deceddccb229559,True,Compile,,Success,,,169429,169429,169428.0
7ce2ef889fd3931ddf910c65e58e6b626f658d713486152c54f9f8a0e6f37375,Java 8; CodeWorkout,2019-09-30T13:23:42,0,CS 1,439,3,84c045b525b502e45f0b5e86c792580cd61f385755705a9e0145d013d9b07b2d,True,Run.Program,1.0,,,,169430,169430,
7ce2ef889fd3931ddf910c65e58e6b626f658d713486152c54f9f8a0e6f37375,Java 8; CodeWorkout,2019-09-30T13:23:42,0,CS 1,439,3,84c045b525b502e45f0b5e86c792580cd61f385755705a9e0145d013d9b07b2d,True,Compile,,Success,,,169431,169431,169430.0
7ce2ef889fd3931ddf910c65e58e6b626f658d713486152c54f9f8a0e6f37375,Java 8; CodeWorkout,2019-09-30T13:19:24,0,CS 1,439,5,91989a2d6d75650cdeb3dd0757edafc9c42afc8cba269c58f18d977d1347d51b,True,Run.Program,1.0,,,,169424,169424,
7ce2ef889fd3931ddf910c65e58e6b626f658d713486152c54f9f8a0e6f37375,Java 8; CodeWorkout,2019-09-30T13:19:24,0,CS 1,439,5,91989a2d6d75650cdeb3dd0757edafc9c42afc8cba269c58f18d977d1347d51b,True,Compile,,Success,,,169425,169425,169424.0
7ce2ef889fd3931ddf910c65e58e6b626f658d713486152c54f9f8a0e6f37375,Java 8; CodeWorkout,2019-09-30T13:25:04,0,CS 1,439,12,83d438ca41edbd5ba01faaabd4fe96648d161b875932788258735145b79738b0,True,Run.Program,0.9,,,,169432,169432,
7ce2ef889fd3931ddf910c65e58e6b626f658d713486152c54f9f8a0e6f37375,Java 8; CodeWorkout,2019-09-30T13:25:04,0,CS 1,439,12,83d438ca41edbd5ba01faaabd4fe96648d161b875932788258735145b79738b0,True,Compile,,Success,,,169433,169433,169432.0
7ce2ef889fd3931ddf910c65e58e6b626f658d713486152c54f9f8a0e6f37375,Java 8; CodeWorkout,2019-09-30T13:25:25,0,CS 1,439,12,a501e2151721b1518d88e6e17a5772d0f499226ed16fa1f7efba539f4f738a16,True,Run.Program,1.0,,,,169434,169434,
7ce2ef889fd3931ddf910c65e58e6b626f658d713486152c54f9f8a0e6f37375,Java 8; CodeWorkout,2019-09-30T13:25:25,0,CS 1,439,12,a501e2151721b1518d88e6e17a5772d0f499226ed16fa1f7efba539f4f738a16,True,Compile,,Success,,,169435,169435,169434.0
7ce2ef889fd3931ddf910c65e58e6b626f658d713486152c54f9f8a0e6f37375,Java 8; CodeWorkout,2019-09-30T13:06:54,0,CS 1,439,13,f196c423cb0c09e183d84d43a5513a96d6262ec7d70b1655aac23a3b23e754af,True,Run.Program,0.0,,,,169409,169409,
7ce2ef889fd3931ddf910c65e58e6b626f658d713486152c54f9f8a0e6f37375,Java 8; CodeWorkout,2019-09-30T13:06:54,0,CS 1,439,13,f196c423cb0c09e183d84d43a5513a96d6262ec7d70b1655aac23a3b23e754af,True,Compile,,Error,,,169410,169410,169409.0
7ce2ef889fd3931ddf910c65e58e6b626f658d713486152c54f9f8a0e6f37375,Java 8; CodeWorkout,2019-09-30T13:06:54,0,CS 1,439,13,f196c423cb0c09e183d84d43a5513a96d6262ec7d70b1655aac23a3b23e754af,True,Compile.Error,,,SyntaxError,line 8: error: missing return statement,169411,169411,169410.0
7ce2ef889fd3931ddf910c65e58e6b626f658d713486152c54f9f8a0e6f37375,Java 8; CodeWorkout,2019-09-30T13:07:08,0,CS 1,439,13,ced2a3de735e271a842ad57f605f59d3ee6e547f832656ba9553a153f7c21ffb,True,Run.Program,1.0,,,,169412,169412,
7ce2ef889fd3931ddf910c65e58e6b626f658d713486152c54f9f8a0e6f37375,Java 8; CodeWorkout,2019-09-30T13:07:08,0,CS 1,439,13,ced2a3de735e271a842ad57f605f59d3ee6e547f832656ba9553a153f7c21ffb,True,Compile,,Success,,,169413,169413,169412.0
7ce2ef889fd3931ddf910c65e58e6b626f658d713486152c54f9f8a0e6f37375,Java 8; CodeWorkout,2019-09-30T13:10:55,0,CS 1,439,232,18642a885656577e6ad407baa84b0b770f8f5abd2e353a62378fdd519e54fc00,True,Run.Program,1.0,,,,169414,169414,
7ce2ef889fd3931ddf910c65e58e6b626f658d713486152c54f9f8a0e6f37375,Java 8; CodeWorkout,2019-09-30T13:10:55,0,CS 1,439,232,18642a885656577e6ad407baa84b0b770f8f5abd2e353a62378fdd519e54fc00,True,Compile,,Success,,,169415,169415,169414.0
7ce2ef889fd3931ddf910c65e58e6b626f658d713486152c54f9f8a0e6f37375,Java 8; CodeWorkout,2019-09-30T13:21:09,0,CS 1,439,233,5fae32110ddd8a41e506629ec0790ff7904d9f46b6e248f91e929a8ce48ba335,True,Run.Program,1.0,,,,169426,169426,
7ce2ef889fd3931ddf910c65e58e6b626f658d713486152c54f9f8a0e6f37375,Java 8; CodeWorkout,2019-09-30T13:21:09,0,CS 1,439,233,5fae32110ddd8a41e506629ec0790ff7904d9f46b6e248f91e929a8ce48ba335,True,Compile,,Success,,,169427,169427,169426.0
7ce2ef889fd3931ddf910c65e58e6b626f658d713486152c54f9f8a0e6f37375,Java 8; CodeWorkout,2019-09-30T13:15:27,0,CS 1,439,234,741c6e0b856ba07633c284b9682342331f86429055381f21aace3ba3488e9c87,True,Run.Program,1.0,,,,169420,169420,
7ce2ef889fd3931ddf910c65e58e6b626f658d713486152c54f9f8a0e6f37375,Java 8; CodeWorkout,2019-09-30T13:15:27,0,CS 1,439,234,741c6e0b856ba07633c284b9682342331f86429055381f21aace3ba3488e9c87,True,Compile,,Success,,,169421,169421,169420.0
7ce2ef889fd3931ddf910c65e58e6b626f658d713486152c54f9f8a0e6f37375,Java 8; CodeWorkout,2019-09-30T13:12:59,0,CS 1,439,235,fd9e9709d7e9fd7002745455858a721a4bfbddf7476982b455ede77ecb87efa8,True,Run.Program,0.714286,,,,169416,169416,
7ce2ef889fd3931ddf910c65e58e6b626f658d713486152c54f9f8a0e6f37375,Java 8; CodeWorkout,2019-09-30T13:12:59,0,CS 1,439,235,fd9e9709d7e9fd7002745455858a721a4bfbddf7476982b455ede77ecb87efa8,True,Compile,,Success,,,169417,169417,169416.0
7ce2ef889fd3931ddf910c65e58e6b626f658d713486152c54f9f8a0e6f37375,Java 8; CodeWorkout,2019-09-30T13:13:54,0,CS 1,439,235,acb36849fd464d2d8285046551d2295022cdb98dbc5ba02278afe6f9eb79b92c,True,Run.Program,1.0,,,,169418,169418,
7ce2ef889fd3931ddf910c65e58e6b626f658d713486152c54f9f8a0e6f37375,Java 8; CodeWorkout,2019-09-30T13:13:54,0,CS 1,439,235,acb36849fd464d2d8285046551d2295022cdb98dbc5ba02278afe6f9eb79b92c,True,Compile,,Success,,,169419,169419,169418.0
7ce2ef889fd3931ddf910c65e58e6b626f658d713486152c54f9f8a0e6f37375,Java 8; CodeWorkout,2019-09-30T13:17:16,0,CS 1,439,236,75bd0f5de2d28c0ceb866996458b6f4769787a4539526ab21712eac707270dee,True,Run.Program,1.0,,,,169422,169422,
7ce2ef889fd3931ddf910c65e58e6b626f658d713486152c54f9f8a0e6f37375,Java 8; CodeWorkout,2019-09-30T13:17:16,0,CS 1,439,236,75bd0f5de2d28c0ceb866996458b6f4769787a4539526ab21712eac707270dee,True,Compile,,Success,,,169423,169423,169422.0
7ce2ef889fd3931ddf910c65e58e6b626f658d713486152c54f9f8a0e6f37375,Java 8; CodeWorkout,2019-09-30T13:29:02,0,CS 1,487,24,65973781a33a3a83f038007fdaee7f1b597af361de0dc9ae6cb5345c21f6e29a,True,Run.Program,0.772727,,,,208159,208159,
7ce2ef889fd3931ddf910c65e58e6b626f658d713486152c54f9f8a0e6f37375,Java 8; CodeWorkout,2019-09-30T13:29:02,0,CS 1,487,24,65973781a33a3a83f038007fdaee7f1b597af361de0dc9ae6cb5345c21f6e29a,True,Compile,,Success,,,208160,208160,208159.0
7ce2ef889fd3931ddf910c65e58e6b626f658d713486152c54f9f8a0e6f37375,Java 8; CodeWorkout,2019-09-30T13:31:20,0,CS 1,487,24,648319c84f35cb67626a2a349ced0d5cb1013afe2c8f9f6846f553c6a0f6c7fd,True,Run.Program,1.0,,,,208161,208161,
7ce2ef889fd3931ddf910c65e58e6b626f658d713486152c54f9f8a0e6f37375,Java 8; CodeWorkout,2019-09-30T13:31:20,0,CS 1,487,24,648319c84f35cb67626a2a349ced0d5cb1013afe2c8f9f6846f553c6a0f6c7fd,True,Compile,,Success,,,208162,208162,208161.0
7ce2ef889fd3931ddf910c65e58e6b626f658d713486152c54f9f8a0e6f37375,Java 8; CodeWorkout,2019-09-30T13:35:34,0,CS 1,487,100,64e529381ebd0601e216650601c9c701c4122f4e2440bf309a25b73d686b2e7c,True,Run.Program,1.0,,,,208163,208163,
7ce2ef889fd3931ddf910c65e58e6b626f658d713486152c54f9f8a0e6f37375,Java 8; CodeWorkout,2019-09-30T13:35:34,0,CS 1,487,100,64e529381ebd0601e216650601c9c701c4122f4e2440bf309a25b73d686b2e7c,True,Compile,,Success,,,208164,208164,208163.0
7ce2ef889fd3931ddf910c65e58e6b626f658d713486152c54f9f8a0e6f37375,Java 8; CodeWorkout,2019-09-30T13:42:04,0,CS 1,487,101,1f624e13beed78375ebc0b1fd3695787d885424397dee6db2c240dfd55759543,True,Run.Program,0.8,,,,208165,208165,
7ce2ef889fd3931ddf910c65e58e6b626f658d713486152c54f9f8a0e6f37375,Java 8; CodeWorkout,2019-09-30T13:42:04,0,CS 1,487,101,1f624e13beed78375ebc0b1fd3695787d885424397dee6db2c240dfd55759543,True,Compile,,Success,,,208166,208166,208165.0
7ce2ef889fd3931ddf910c65e58e6b626f658d713486152c54f9f8a0e6f37375,Java 8; CodeWorkout,2019-09-30T13:43:47,0,CS 1,487,101,d6fa9fe753b33ee946ac61e04632cd3091e3ebee693c7808394b5acd84e9bfc0,True,Run.Program,0.96,,,,208167,208167,
7ce2ef889fd3931ddf910c65e58e6b626f658d713486152c54f9f8a0e6f37375,Java 8; CodeWorkout,2019-09-30T13:43:47,0,CS 1,487,101,d6fa9fe753b33ee946ac61e04632cd3091e3ebee693c7808394b5acd84e9bfc0,True,Compile,,Success,,,208168,208168,208167.0
7ce2ef889fd3931ddf910c65e58e6b626f658d713486152c54f9f8a0e6f37375,Java 8; CodeWorkout,2019-09-30T13:49:01,0,CS 1,487,102,69a26c02e2e2e2d2f8bf06f826f55c436258c38a8f4ed890c801772f0e989eb4,True,Run.Program,0.0,,,,208169,208169,
7ce2ef889fd3931ddf910c65e58e6b626f658d713486152c54f9f8a0e6f37375,Java 8; CodeWorkout,2019-09-30T13:49:01,0,CS 1,487,102,69a26c02e2e2e2d2f8bf06f826f55c436258c38a8f4ed890c801772f0e989eb4,True,Compile,,Error,,,208170,208170,208169.0
7ce2ef889fd3931ddf910c65e58e6b626f658d713486152c54f9f8a0e6f37375,Java 8; CodeWorkout,2019-09-30T13:49:01,0,CS 1,487,102,69a26c02e2e2e2d2f8bf06f826f55c436258c38a8f4ed890c801772f0e989eb4,True,Compile.Error,,,SyntaxError,line 3: error: ';' expected. ,208171,208171,208170.0
7ce2ef889fd3931ddf910c65e58e6b626f658d713486152c54f9f8a0e6f37375,Java 8; CodeWorkout,2019-09-30T13:49:01,0,CS 1,487,102,69a26c02e2e2e2d2f8bf06f826f55c436258c38a8f4ed890c801772f0e989eb4,True,Compile.Error,,,SyntaxError,line 4: error: ')' expected. ,208172,208172,208170.0
7ce2ef889fd3931ddf910c65e58e6b626f658d713486152c54f9f8a0e6f37375,Java 8; CodeWorkout,2019-09-30T13:49:01,0,CS 1,487,102,69a26c02e2e2e2d2f8bf06f826f55c436258c38a8f4ed890c801772f0e989eb4,True,Compile.Error,,,SyntaxError,line 4: error: 'else' without 'if',208173,208173,208170.0
7ce2ef889fd3931ddf910c65e58e6b626f658d713486152c54f9f8a0e6f37375,Java 8; CodeWorkout,2019-09-30T13:50:33,0,CS 1,487,102,557ad5400d58a2678d67dec7fbb62b6bd5f5cecc5077344554b311bc1285c15b,True,Run.Program,0.0,,,,208174,208174,
7ce2ef889fd3931ddf910c65e58e6b626f658d713486152c54f9f8a0e6f37375,Java 8; CodeWorkout,2019-09-30T13:50:33,0,CS 1,487,102,557ad5400d58a2678d67dec7fbb62b6bd5f5cecc5077344554b311bc1285c15b,True,Compile,,Error,,,208175,208175,208174.0
7ce2ef889fd3931ddf910c65e58e6b626f658d713486152c54f9f8a0e6f37375,Java 8; CodeWorkout,2019-09-30T13:50:33,0,CS 1,487,102,557ad5400d58a2678d67dec7fbb62b6bd5f5cecc5077344554b311bc1285c15b,True,Compile.Error,,,SyntaxError,line 3: error: ';' expected. ,208176,208176,208175.0
7ce2ef889fd3931ddf910c65e58e6b626f658d713486152c54f9f8a0e6f37375,Java 8; CodeWorkout,2019-09-30T13:50:33,0,CS 1,487,102,557ad5400d58a2678d67dec7fbb62b6bd5f5cecc5077344554b311bc1285c15b,True,Compile.Error,,,SyntaxError,line 4: error: 'else' without 'if',208177,208177,208175.0
7ce2ef889fd3931ddf910c65e58e6b626f658d713486152c54f9f8a0e6f37375,Java 8; CodeWorkout,2019-09-30T13:51:21,0,CS 1,487,102,c8694be3d8ea4b12e8d1a31a7459bf76dcedd4057b5ec9c56a3ebf8f977d3b31,True,Run.Program,0.769231,,,,208178,208178,
7ce2ef889fd3931ddf910c65e58e6b626f658d713486152c54f9f8a0e6f37375,Java 8; CodeWorkout,2019-09-30T13:51:21,0,CS 1,487,102,c8694be3d8ea4b12e8d1a31a7459bf76dcedd4057b5ec9c56a3ebf8f977d3b31,True,Compile,,Success,,,208179,208179,208178.0
7ce2ef889fd3931ddf910c65e58e6b626f658d713486152c54f9f8a0e6f37375,Java 8; CodeWorkout,2019-09-30T13:52:08,0,CS 1,487,102,fb84ba3285cb488215b1f43586216ccf603b0a6cfde977b29d9439ba247269b2,True,Run.Program,1.0,,,,208180,208180,
7ce2ef889fd3931ddf910c65e58e6b626f658d713486152c54f9f8a0e6f37375,Java 8; CodeWorkout,2019-09-30T13:52:08,0,CS 1,487,102,fb84ba3285cb488215b1f43586216ccf603b0a6cfde977b29d9439ba247269b2,True,Compile,,Success,,,208181,208181,208180.0
ad1624c5c3a02a3a3b3dcb044b912998b64ca2e7cd54abe79476f86a41a3234b,Java 8; CodeWorkout,2019-09-30T13:09:04,0,CS 1,487,17,01b3f1fb3b39efc2e58aaaea7b7129b26eb2d441e6f8e94fac73e86c273b9a36,True,Run.Program,1.0,,,,189592,189592,
ad1624c5c3a02a3a3b3dcb044b912998b64ca2e7cd54abe79476f86a41a3234b,Java 8; CodeWorkout,2019-09-30T13:09:04,0,CS 1,487,17,01b3f1fb3b39efc2e58aaaea7b7129b26eb2d441e6f8e94fac73e86c273b9a36,True,Compile,,Success,,,189593,189593,189592.0
ad1624c5c3a02a3a3b3dcb044b912998b64ca2e7cd54abe79476f86a41a3234b,Java 8; CodeWorkout,2019-09-30T13:16:21,0,CS 1,487,22,12e8f69e9049284dfd5780453d2528820c478ebb28e2c7aa7dd91a80ef71cd14,True,Run.Program,0.0,,,,189594,189594,
ad1624c5c3a02a3a3b3dcb044b912998b64ca2e7cd54abe79476f86a41a3234b,Java 8; CodeWorkout,2019-09-30T13:16:21,0,CS 1,487,22,12e8f69e9049284dfd5780453d2528820c478ebb28e2c7aa7dd91a80ef71cd14,True,Compile,,Error,,,189595,189595,189594.0
ad1624c5c3a02a3a3b3dcb044b912998b64ca2e7cd54abe79476f86a41a3234b,Java 8; CodeWorkout,2019-09-30T13:16:21,0,CS 1,487,22,12e8f69e9049284dfd5780453d2528820c478ebb28e2c7aa7dd91a80ef71cd14,True,Compile.Error,,,SyntaxError,"line 3: error: method fixTeen in class NoTeenSum cannot be applied to given types;
required: int",189596,189596,189595.0
ad1624c5c3a02a3a3b3dcb044b912998b64ca2e7cd54abe79476f86a41a3234b,Java 8; CodeWorkout,2019-09-30T13:16:37,0,CS 1,487,22,0debb47a26f34919f7703cc6ac0d236887bbb5039f313b540219080eabc2a84f,True,Run.Program,1.0,,,,189597,189597,
ad1624c5c3a02a3a3b3dcb044b912998b64ca2e7cd54abe79476f86a41a3234b,Java 8; CodeWorkout,2019-09-30T13:16:37,0,CS 1,487,22,0debb47a26f34919f7703cc6ac0d236887bbb5039f313b540219080eabc2a84f,True,Compile,,Success,,,189598,189598,189597.0
ad1624c5c3a02a3a3b3dcb044b912998b64ca2e7cd54abe79476f86a41a3234b,Java 8; CodeWorkout,2019-09-30T13:48:50,0,CS 1,487,101,8e96c170c6a06ac25c21f78b49e98d02f99287816db1fb8e1a915e0c960dd489,True,Run.Program,0.8,,,,189599,189599,
ad1624c5c3a02a3a3b3dcb044b912998b64ca2e7cd54abe79476f86a41a3234b,Java 8; CodeWorkout,2019-09-30T13:48:50,0,CS 1,487,101,8e96c170c6a06ac25c21f78b49e98d02f99287816db1fb8e1a915e0c960dd489,True,Compile,,Success,,,189600,189600,189599.0
ad1624c5c3a02a3a3b3dcb044b912998b64ca2e7cd54abe79476f86a41a3234b,Java 8; CodeWorkout,2019-09-30T13:51:28,0,CS 1,487,101,97314d7b5ded65387a3a43b2b06137c72a66d68c416abe1c4dbc16ad9f8a5272,True,Run.Program,0.28,,,,189601,189601,
ad1624c5c3a02a3a3b3dcb044b912998b64ca2e7cd54abe79476f86a41a3234b,Java 8; CodeWorkout,2019-09-30T13:51:28,0,CS 1,487,101,97314d7b5ded65387a3a43b2b06137c72a66d68c416abe1c4dbc16ad9f8a5272,True,Compile,,Success,,,189602,189602,189601.0
ad1624c5c3a02a3a3b3dcb044b912998b64ca2e7cd54abe79476f86a41a3234b,Java 8; CodeWorkout,2019-09-30T13:51:54,0,CS 1,487,101,051142cabc0cfe87fe9088abbbf5a7eb6c64d707adb47bba99c81bf7b058f18d,True,Run.Program,0.4,,,,189603,189603,
ad1624c5c3a02a3a3b3dcb044b912998b64ca2e7cd54abe79476f86a41a3234b,Java 8; CodeWorkout,2019-09-30T13:51:54,0,CS 1,487,101,051142cabc0cfe87fe9088abbbf5a7eb6c64d707adb47bba99c81bf7b058f18d,True,Compile,,Success,,,189604,189604,189603.0
ad1624c5c3a02a3a3b3dcb044b912998b64ca2e7cd54abe79476f86a41a3234b,Java 8; CodeWorkout,2019-09-30T13:53:17,0,CS 1,487,101,dc3fb3ec907d11a65c926ca7457d6403eb23f266f88aac8df49ae55a544468b7,True,Run.Program,0.96,,,,189605,189605,
ad1624c5c3a02a3a3b3dcb044b912998b64ca2e7cd54abe79476f86a41a3234b,Java 8; CodeWorkout,2019-09-30T13:53:17,0,CS 1,487,101,dc3fb3ec907d11a65c926ca7457d6403eb23f266f88aac8df49ae55a544468b7,True,Compile,,Success,,,189606,189606,189605.0
aeff5cdc8c731a2b16beb6f260aeeca455401bc2ddb229aa87a464475f95b1ca,Java 8; CodeWorkout,2019-09-30T13:13:50,0,CS 1,487,22,b5a4a9aa849c66b8864ae49341410a95924441c3b1c542e2f02e24807fb7f4e5,True,Run.Program,0.0,,,,193765,193765,
aeff5cdc8c731a2b16beb6f260aeeca455401bc2ddb229aa87a464475f95b1ca,Java 8; CodeWorkout,2019-09-30T13:13:50,0,CS 1,487,22,b5a4a9aa849c66b8864ae49341410a95924441c3b1c542e2f02e24807fb7f4e5,True,Compile,,Error,,,193766,193766,193765.0
aeff5cdc8c731a2b16beb6f260aeeca455401bc2ddb229aa87a464475f95b1ca,Java 8; CodeWorkout,2019-09-30T13:13:50,0,CS 1,487,22,b5a4a9aa849c66b8864ae49341410a95924441c3b1c542e2f02e24807fb7f4e5,True,Compile.Error,,,SyntaxError,line 10: error: bad operand types for binary operator '||',193767,193767,193766.0
aeff5cdc8c731a2b16beb6f260aeeca455401bc2ddb229aa87a464475f95b1ca,Java 8; CodeWorkout,2019-09-30T13:14:49,0,CS 1,487,22,81fc8d0756e4f7f0a918c0526544cba66be9292d1cadc6bf6771b2f3c241160d,True,Run.Program,0.0,,,,193768,193768,
aeff5cdc8c731a2b16beb6f260aeeca455401bc2ddb229aa87a464475f95b1ca,Java 8; CodeWorkout,2019-09-30T13:14:49,0,CS 1,487,22,81fc8d0756e4f7f0a918c0526544cba66be9292d1cadc6bf6771b2f3c241160d,True,Compile,,Error,,,193769,193769,193768.0
aeff5cdc8c731a2b16beb6f260aeeca455401bc2ddb229aa87a464475f95b1ca,Java 8; CodeWorkout,2019-09-30T13:14:49,0,CS 1,487,22,81fc8d0756e4f7f0a918c0526544cba66be9292d1cadc6bf6771b2f3c241160d,True,Compile.Error,,,SyntaxError,line 10: error: bad operand types for binary operator '||',193770,193770,193769.0
aeff5cdc8c731a2b16beb6f260aeeca455401bc2ddb229aa87a464475f95b1ca,Java 8; CodeWorkout,2019-09-30T13:15:06,0,CS 1,487,22,86ab738c689af422a9954e897abc1b54ca1f92c0a0a6bf18ce0cf4ae793c705e,True,Run.Program,0.0,,,,193771,193771,
aeff5cdc8c731a2b16beb6f260aeeca455401bc2ddb229aa87a464475f95b1ca,Java 8; CodeWorkout,2019-09-30T13:15:06,0,CS 1,487,22,86ab738c689af422a9954e897abc1b54ca1f92c0a0a6bf18ce0cf4ae793c705e,True,Compile,,Error,,,193772,193772,193771.0
aeff5cdc8c731a2b16beb6f260aeeca455401bc2ddb229aa87a464475f95b1ca,Java 8; CodeWorkout,2019-09-30T13:15:06,0,CS 1,487,22,86ab738c689af422a9954e897abc1b54ca1f92c0a0a6bf18ce0cf4ae793c705e,True,Compile.Error,,,SyntaxError,line 10: error: bad operand types for binary operator '||',193773,193773,193772.0
aeff5cdc8c731a2b16beb6f260aeeca455401bc2ddb229aa87a464475f95b1ca,Java 8; CodeWorkout,2019-09-30T13:20:43,0,CS 1,487,22,a20e1a46ad8f01d5ba89746e7e85be0b634c21489ef276d4c3775c9ae9e15f61,True,Run.Program,0.0,,,,193774,193774,
aeff5cdc8c731a2b16beb6f260aeeca455401bc2ddb229aa87a464475f95b1ca,Java 8; CodeWorkout,2019-09-30T13:20:43,0,CS 1,487,22,a20e1a46ad8f01d5ba89746e7e85be0b634c21489ef276d4c3775c9ae9e15f61,True,Compile,,Error,,,193775,193775,193774.0
aeff5cdc8c731a2b16beb6f260aeeca455401bc2ddb229aa87a464475f95b1ca,Java 8; CodeWorkout,2019-09-30T13:20:43,0,CS 1,487,22,a20e1a46ad8f01d5ba89746e7e85be0b634c21489ef276d4c3775c9ae9e15f61,True,Compile.Error,,,SyntaxError,line 10: error: bad operand types for binary operator '||',193776,193776,193775.0
b2c90b16a2864cf16993f00192cdb13ee656ac6cd53f745acd473a25224cd05d,Java 8; CodeWorkout,2019-09-30T13:14:12,0,CS 1,439,1,a43ec6aef7efd5f175690ad1d965577e9fb2ff5ac047efc1d336a298820d683c,True,Run.Program,1.0,,,,167239,167239,
b2c90b16a2864cf16993f00192cdb13ee656ac6cd53f745acd473a25224cd05d,Java 8; CodeWorkout,2019-09-30T13:14:12,0,CS 1,439,1,a43ec6aef7efd5f175690ad1d965577e9fb2ff5ac047efc1d336a298820d683c,True,Compile,,Success,,,167240,167240,167239.0
b2c90b16a2864cf16993f00192cdb13ee656ac6cd53f745acd473a25224cd05d,Java 8; CodeWorkout,2019-09-30T13:17:18,0,CS 1,439,3,344b5b604694c87eb337f3e8db2c4dc3cb3b3bf06f891693085c568fd25e0774,True,Run.Program,0.0,,,,167241,167241,
b2c90b16a2864cf16993f00192cdb13ee656ac6cd53f745acd473a25224cd05d,Java 8; CodeWorkout,2019-09-30T13:17:18,0,CS 1,439,3,344b5b604694c87eb337f3e8db2c4dc3cb3b3bf06f891693085c568fd25e0774,True,Compile,,Error,,,167242,167242,167241.0
b2c90b16a2864cf16993f00192cdb13ee656ac6cd53f745acd473a25224cd05d,Java 8; CodeWorkout,2019-09-30T13:17:18,0,CS 1,439,3,344b5b604694c87eb337f3e8db2c4dc3cb3b3bf06f891693085c568fd25e0774,True,Compile.Error,,,SyntaxError,line 23: error: ';' expected,167243,167243,167242.0
b2c90b16a2864cf16993f00192cdb13ee656ac6cd53f745acd473a25224cd05d,Java 8; CodeWorkout,2019-09-30T13:17:39,0,CS 1,439,3,b0e560c29bbe858ac2ed551f3aa909d76af2c66eade343955839a81bcdc19928,True,Run.Program,1.0,,,,167244,167244,
b2c90b16a2864cf16993f00192cdb13ee656ac6cd53f745acd473a25224cd05d,Java 8; CodeWorkout,2019-09-30T13:17:39,0,CS 1,439,3,b0e560c29bbe858ac2ed551f3aa909d76af2c66eade343955839a81bcdc19928,True,Compile,,Success,,,167245,167245,167244.0
b2c90b16a2864cf16993f00192cdb13ee656ac6cd53f745acd473a25224cd05d,Java 8; CodeWorkout,2019-09-30T13:03:19,0,CS 1,439,5,d46a24a0ea040fc173f1dde66d380e4b69d7be2dd9ebd94f1fb55cbfa20a2d09,True,Run.Program,1.0,,,,167228,167228,
b2c90b16a2864cf16993f00192cdb13ee656ac6cd53f745acd473a25224cd05d,Java 8; CodeWorkout,2019-09-30T13:03:19,0,CS 1,439,5,d46a24a0ea040fc173f1dde66d380e4b69d7be2dd9ebd94f1fb55cbfa20a2d09,True,Compile,,Success,,,167229,167229,167228.0
b2c90b16a2864cf16993f00192cdb13ee656ac6cd53f745acd473a25224cd05d,Java 8; CodeWorkout,2019-09-30T13:21:26,0,CS 1,439,12,25367799f0c5cc1d0a33955075967c01202d2b4279cd77df3a059edb5917e032,True,Run.Program,1.0,,,,167246,167246,
b2c90b16a2864cf16993f00192cdb13ee656ac6cd53f745acd473a25224cd05d,Java 8; CodeWorkout,2019-09-30T13:21:26,0,CS 1,439,12,25367799f0c5cc1d0a33955075967c01202d2b4279cd77df3a059edb5917e032,True,Compile,,Success,,,167247,167247,167246.0
b2c90b16a2864cf16993f00192cdb13ee656ac6cd53f745acd473a25224cd05d,Java 8; CodeWorkout,2019-09-30T13:08:42,0,CS 1,439,233,b8acf0dbeb6e4faff883a9c45f4b69cbd1acb01f25f2eca46c6f8e8edc6e7b1b,True,Run.Program,0.904762,,,,167230,167230,
b2c90b16a2864cf16993f00192cdb13ee656ac6cd53f745acd473a25224cd05d,Java 8; CodeWorkout,2019-09-30T13:08:42,0,CS 1,439,233,b8acf0dbeb6e4faff883a9c45f4b69cbd1acb01f25f2eca46c6f8e8edc6e7b1b,True,Compile,,Success,,,167231,167231,167230.0
b2c90b16a2864cf16993f00192cdb13ee656ac6cd53f745acd473a25224cd05d,Java 8; CodeWorkout,2019-09-30T13:09:59,0,CS 1,439,233,b8f7ba548b28ce204bec0053ace8fbe06e47aa476d767ad86e702fc1733826da,True,Run.Program,0.952381,,,,167232,167232,
b2c90b16a2864cf16993f00192cdb13ee656ac6cd53f745acd473a25224cd05d,Java 8; CodeWorkout,2019-09-30T13:09:59,0,CS 1,439,233,b8f7ba548b28ce204bec0053ace8fbe06e47aa476d767ad86e702fc1733826da,True,Compile,,Success,,,167233,167233,167232.0
b2c90b16a2864cf16993f00192cdb13ee656ac6cd53f745acd473a25224cd05d,Java 8; CodeWorkout,2019-09-30T13:11:06,0,CS 1,439,233,fc29dec72f4ce905f52a295e075f951d2f71323009b6ef8e47a2b97930c5f8ed,True,Run.Program,0.0,,,,167234,167234,
b2c90b16a2864cf16993f00192cdb13ee656ac6cd53f745acd473a25224cd05d,Java 8; CodeWorkout,2019-09-30T13:11:06,0,CS 1,439,233,fc29dec72f4ce905f52a295e075f951d2f71323009b6ef8e47a2b97930c5f8ed,True,Compile,,Error,,,167235,167235,167234.0
b2c90b16a2864cf16993f00192cdb13ee656ac6cd53f745acd473a25224cd05d,Java 8; CodeWorkout,2019-09-30T13:11:06,0,CS 1,439,233,fc29dec72f4ce905f52a295e075f951d2f71323009b6ef8e47a2b97930c5f8ed,True,Compile.Error,,,SyntaxError,line 8: error: cannot find symbol: variable minus1,167236,167236,167235.0
b2c90b16a2864cf16993f00192cdb13ee656ac6cd53f745acd473a25224cd05d,Java 8; CodeWorkout,2019-09-30T13:11:25,0,CS 1,439,233,6d59ed89143dcfc2b27b33c6a77f15ec6a61f7416fbba392bbaad563d1d3dd9d,True,Run.Program,1.0,,,,167237,167237,
b2c90b16a2864cf16993f00192cdb13ee656ac6cd53f745acd473a25224cd05d,Java 8; CodeWorkout,2019-09-30T13:11:25,0,CS 1,439,233,6d59ed89143dcfc2b27b33c6a77f15ec6a61f7416fbba392bbaad563d1d3dd9d,True,Compile,,Success,,,167238,167238,167237.0
b2c90b16a2864cf16993f00192cdb13ee656ac6cd53f745acd473a25224cd05d,Java 8; CodeWorkout,2019-09-30T13:27:44,0,CS 1,487,24,fcbc60c6d76e5b7f0c37ef64f987117c19fc4d79ea82871e03ffb94bd5a50e4a,True,Run.Program,0.0,,,,207880,207880,
b2c90b16a2864cf16993f00192cdb13ee656ac6cd53f745acd473a25224cd05d,Java 8; CodeWorkout,2019-09-30T13:27:44,0,CS 1,487,24,fcbc60c6d76e5b7f0c37ef64f987117c19fc4d79ea82871e03ffb94bd5a50e4a,True,Compile,,Error,,,207881,207881,207880.0
b2c90b16a2864cf16993f00192cdb13ee656ac6cd53f745acd473a25224cd05d,Java 8; CodeWorkout,2019-09-30T13:27:44,0,CS 1,487,24,fcbc60c6d76e5b7f0c37ef64f987117c19fc4d79ea82871e03ffb94bd5a50e4a,True,Compile.Error,,,SyntaxError,line 5: error: cannot find symbol: variable difa,207882,207882,207881.0
b2c90b16a2864cf16993f00192cdb13ee656ac6cd53f745acd473a25224cd05d,Java 8; CodeWorkout,2019-09-30T13:28:07,0,CS 1,487,24,09c484c2bcef73bbcb1fb85911ef2c911765bce16106f2a0edd8fa0be03ed184,True,Run.Program,0.5,,,,207883,207883,
b2c90b16a2864cf16993f00192cdb13ee656ac6cd53f745acd473a25224cd05d,Java 8; CodeWorkout,2019-09-30T13:28:07,0,CS 1,487,24,09c484c2bcef73bbcb1fb85911ef2c911765bce16106f2a0edd8fa0be03ed184,True,Compile,,Success,,,207884,207884,207883.0
b2c90b16a2864cf16993f00192cdb13ee656ac6cd53f745acd473a25224cd05d,Java 8; CodeWorkout,2019-09-30T13:30:09,0,CS 1,487,24,b40c5afa6106729feaae6a5024e5cced046101b6a05ce6e8dccbb04c533d0b88,True,Run.Program,1.0,,,,207885,207885,
b2c90b16a2864cf16993f00192cdb13ee656ac6cd53f745acd473a25224cd05d,Java 8; CodeWorkout,2019-09-30T13:30:09,0,CS 1,487,24,b40c5afa6106729feaae6a5024e5cced046101b6a05ce6e8dccbb04c533d0b88,True,Compile,,Success,,,207886,207886,207885.0
b2c90b16a2864cf16993f00192cdb13ee656ac6cd53f745acd473a25224cd05d,Java 8; CodeWorkout,2019-09-30T13:36:19,0,CS 1,487,100,b2a682a8435f2934cb80b4974cd28711f532dd685c92b3926e15fafd78dc17d6,True,Run.Program,1.0,,,,207887,207887,
b2c90b16a2864cf16993f00192cdb13ee656ac6cd53f745acd473a25224cd05d,Java 8; CodeWorkout,2019-09-30T13:36:19,0,CS 1,487,100,b2a682a8435f2934cb80b4974cd28711f532dd685c92b3926e15fafd78dc17d6,True,Compile,,Success,,,207888,207888,207887.0
b2c90b16a2864cf16993f00192cdb13ee656ac6cd53f745acd473a25224cd05d,Java 8; CodeWorkout,2019-09-30T13:41:27,0,CS 1,487,101,6ce04bfc9e4d2870fd9b303470e6c68fcb3d8a692bec9a4284025a25ace31657,True,Run.Program,0.52,,,,207889,207889,
b2c90b16a2864cf16993f00192cdb13ee656ac6cd53f745acd473a25224cd05d,Java 8; CodeWorkout,2019-09-30T13:41:27,0,CS 1,487,101,6ce04bfc9e4d2870fd9b303470e6c68fcb3d8a692bec9a4284025a25ace31657,True,Compile,,Success,,,207890,207890,207889.0
b2c90b16a2864cf16993f00192cdb13ee656ac6cd53f745acd473a25224cd05d,Java 8; CodeWorkout,2019-09-30T13:43:42,0,CS 1,487,101,8063b72faba632cf1f2d87b4518708bc8bda6c33d25d527c63d93c31d8411802,True,Run.Program,0.4,,,,207891,207891,
b2c90b16a2864cf16993f00192cdb13ee656ac6cd53f745acd473a25224cd05d,Java 8; CodeWorkout,2019-09-30T13:43:42,0,CS 1,487,101,8063b72faba632cf1f2d87b4518708bc8bda6c33d25d527c63d93c31d8411802,True,Compile,,Success,,,207892,207892,207891.0
b2c90b16a2864cf16993f00192cdb13ee656ac6cd53f745acd473a25224cd05d,Java 8; CodeWorkout,2019-09-30T13:44:11,0,CS 1,487,101,5edbf9cf1a1f2c7b2997f0e3b772fcfc4b38c35ceb3119b99193dcfc350c3919,True,Run.Program,0.76,,,,207893,207893,
b2c90b16a2864cf16993f00192cdb13ee656ac6cd53f745acd473a25224cd05d,Java 8; CodeWorkout,2019-09-30T13:44:11,0,CS 1,487,101,5edbf9cf1a1f2c7b2997f0e3b772fcfc4b38c35ceb3119b99193dcfc350c3919,True,Compile,,Success,,,207894,207894,207893.0
b2c90b16a2864cf16993f00192cdb13ee656ac6cd53f745acd473a25224cd05d,Java 8; CodeWorkout,2019-09-30T13:53:06,0,CS 1,487,101,193b8d90e3e763b48594cc7d5e970d9d0ca6cf9c43d406abf2e1d6844768fe48,True,Run.Program,0.76,,,,207895,207895,
b2c90b16a2864cf16993f00192cdb13ee656ac6cd53f745acd473a25224cd05d,Java 8; CodeWorkout,2019-09-30T13:53:06,0,CS 1,487,101,193b8d90e3e763b48594cc7d5e970d9d0ca6cf9c43d406abf2e1d6844768fe48,True,Compile,,Success,,,207896,207896,207895.0
b2c90b16a2864cf16993f00192cdb13ee656ac6cd53f745acd473a25224cd05d,Java 8; CodeWorkout,2019-09-30T13:56:08,0,CS 1,487,101,e80e379bbf42dd52c2c3071f615935b3fe3042b6177cff19a4916368a67887e3,True,Run.Program,0.76,,,,207897,207897,
b2c90b16a2864cf16993f00192cdb13ee656ac6cd53f745acd473a25224cd05d,Java 8; CodeWorkout,2019-09-30T13:56:08,0,CS 1,487,101,e80e379bbf42dd52c2c3071f615935b3fe3042b6177cff19a4916368a67887e3,True,Compile,,Success,,,207898,207898,207897.0
b2c90b16a2864cf16993f00192cdb13ee656ac6cd53f745acd473a25224cd05d,Java 8; CodeWorkout,2019-09-30T13:58:48,0,CS 1,487,101,fa15e2cbb88e45f774b46e39650a43c27fccb1f13dcef30ea4161e53464499c6,True,Run.Program,0.0,,,,207899,207899,
b2c90b16a2864cf16993f00192cdb13ee656ac6cd53f745acd473a25224cd05d,Java 8; CodeWorkout,2019-09-30T13:58:48,0,CS 1,487,101,fa15e2cbb88e45f774b46e39650a43c27fccb1f13dcef30ea4161e53464499c6,True,Compile,,Error,,,207900,207900,207899.0
b2c90b16a2864cf16993f00192cdb13ee656ac6cd53f745acd473a25224cd05d,Java 8; CodeWorkout,2019-09-30T13:58:48,0,CS 1,487,101,fa15e2cbb88e45f774b46e39650a43c27fccb1f13dcef30ea4161e53464499c6,True,Compile.Error,,,SyntaxError,line 10: error: cannot find symbol: variable x,207901,207901,207900.0
b2c90b16a2864cf16993f00192cdb13ee656ac6cd53f745acd473a25224cd05d,Java 8; CodeWorkout,2019-09-30T13:59:00,0,CS 1,487,101,02b8c05c19982defc2843c7d1c226204e4f7ee20b4fc5903d937a4d5d2925e57,True,Run.Program,0.0,,,,207902,207902,
b2c90b16a2864cf16993f00192cdb13ee656ac6cd53f745acd473a25224cd05d,Java 8; CodeWorkout,2019-09-30T13:59:00,0,CS 1,487,101,02b8c05c19982defc2843c7d1c226204e4f7ee20b4fc5903d937a4d5d2925e57,True,Compile,,Error,,,207903,207903,207902.0
b2c90b16a2864cf16993f00192cdb13ee656ac6cd53f745acd473a25224cd05d,Java 8; CodeWorkout,2019-09-30T13:59:00,0,CS 1,487,101,02b8c05c19982defc2843c7d1c226204e4f7ee20b4fc5903d937a4d5d2925e57,True,Compile.Error,,,SyntaxError,line 12: error: cannot find symbol: variable x,207904,207904,207903.0
b2c90b16a2864cf16993f00192cdb13ee656ac6cd53f745acd473a25224cd05d,Java 8; CodeWorkout,2019-09-30T13:59:36,0,CS 1,487,101,08e6d4777a28103d5cf0cae2cbedd4690cc3d390fdf0fa0d7ae611253344c196,True,Run.Program,1.0,,,,207905,207905,
b2c90b16a2864cf16993f00192cdb13ee656ac6cd53f745acd473a25224cd05d,Java 8; CodeWorkout,2019-09-30T13:59:36,0,CS 1,487,101,08e6d4777a28103d5cf0cae2cbedd4690cc3d390fdf0fa0d7ae611253344c196,True,Compile,,Success,,,207906,207906,207905.0
bd41cbdc04707f80b319802470a1871b99d36766f9d020cc0f9a569a4d1bb54b,Java 8; CodeWorkout,2019-09-30T13:04:14,0,CS 1,439,234,f7c780a1c18f0d356a42d8a54391a3785b2c51e3d31c01f894dcd4a5f4731bba,True,Run.Program,0.0,,,,163796,163796,
bd41cbdc04707f80b319802470a1871b99d36766f9d020cc0f9a569a4d1bb54b,Java 8; CodeWorkout,2019-09-30T13:04:14,0,CS 1,439,234,f7c780a1c18f0d356a42d8a54391a3785b2c51e3d31c01f894dcd4a5f4731bba,True,Compile,,Error,,,163797,163797,163796.0
bd41cbdc04707f80b319802470a1871b99d36766f9d020cc0f9a569a4d1bb54b,Java 8; CodeWorkout,2019-09-30T13:04:14,0,CS 1,439,234,f7c780a1c18f0d356a42d8a54391a3785b2c51e3d31c01f894dcd4a5f4731bba,True,Compile.Error,,,SyntaxError,line 10: error: ';' expected. ,163798,163798,163797.0
bd41cbdc04707f80b319802470a1871b99d36766f9d020cc0f9a569a4d1bb54b,Java 8; CodeWorkout,2019-09-30T13:04:14,0,CS 1,439,234,f7c780a1c18f0d356a42d8a54391a3785b2c51e3d31c01f894dcd4a5f4731bba,True,Compile.Error,,,SyntaxError,line 12: error: ')' expected. ,163799,163799,163797.0
bd41cbdc04707f80b319802470a1871b99d36766f9d020cc0f9a569a4d1bb54b,Java 8; CodeWorkout,2019-09-30T13:04:14,0,CS 1,439,234,f7c780a1c18f0d356a42d8a54391a3785b2c51e3d31c01f894dcd4a5f4731bba,True,Compile.Error,,,SyntaxError,line 12: error: ';' expected. ,163800,163800,163797.0
bd41cbdc04707f80b319802470a1871b99d36766f9d020cc0f9a569a4d1bb54b,Java 8; CodeWorkout,2019-09-30T13:04:14,0,CS 1,439,234,f7c780a1c18f0d356a42d8a54391a3785b2c51e3d31c01f894dcd4a5f4731bba,True,Compile.Error,,,SyntaxError,line 12: error: variable declaration not allowed here. ,163801,163801,163797.0
bd41cbdc04707f80b319802470a1871b99d36766f9d020cc0f9a569a4d1bb54b,Java 8; CodeWorkout,2019-09-30T13:04:14,0,CS 1,439,234,f7c780a1c18f0d356a42d8a54391a3785b2c51e3d31c01f894dcd4a5f4731bba,True,Compile.Error,,,SyntaxError,line 12: error: illegal start of type. ,163802,163802,163797.0
bd41cbdc04707f80b319802470a1871b99d36766f9d020cc0f9a569a4d1bb54b,Java 8; CodeWorkout,2019-09-30T13:04:14,0,CS 1,439,234,f7c780a1c18f0d356a42d8a54391a3785b2c51e3d31c01f894dcd4a5f4731bba,True,Compile.Error,,,SyntaxError,line 12: error: illegal start of expression. ,163803,163803,163797.0
bd41cbdc04707f80b319802470a1871b99d36766f9d020cc0f9a569a4d1bb54b,Java 8; CodeWorkout,2019-09-30T13:04:14,0,CS 1,439,234,f7c780a1c18f0d356a42d8a54391a3785b2c51e3d31c01f894dcd4a5f4731bba,True,Compile.Error,,,SyntaxError,line 12: error: ';' expected. ,163804,163804,163797.0
bd41cbdc04707f80b319802470a1871b99d36766f9d020cc0f9a569a4d1bb54b,Java 8; CodeWorkout,2019-09-30T13:04:14,0,CS 1,439,234,f7c780a1c18f0d356a42d8a54391a3785b2c51e3d31c01f894dcd4a5f4731bba,True,Compile.Error,,,SyntaxError,line 13: error: not a statement. ,163805,163805,163797.0
bd41cbdc04707f80b319802470a1871b99d36766f9d020cc0f9a569a4d1bb54b,Java 8; CodeWorkout,2019-09-30T13:04:14,0,CS 1,439,234,f7c780a1c18f0d356a42d8a54391a3785b2c51e3d31c01f894dcd4a5f4731bba,True,Compile.Error,,,SyntaxError,line 14: error: 'else' without 'if',163806,163806,163797.0
bd41cbdc04707f80b319802470a1871b99d36766f9d020cc0f9a569a4d1bb54b,Java 8; CodeWorkout,2019-09-30T13:04:50,0,CS 1,439,234,ffbea8c3b1f3996923076b9599ead1ab13ba819732d0d35768af448f00b8b4cc,True,Run.Program,0.0,,,,163807,163807,
bd41cbdc04707f80b319802470a1871b99d36766f9d020cc0f9a569a4d1bb54b,Java 8; CodeWorkout,2019-09-30T13:04:50,0,CS 1,439,234,ffbea8c3b1f3996923076b9599ead1ab13ba819732d0d35768af448f00b8b4cc,True,Compile,,Error,,,163808,163808,163807.0
bd41cbdc04707f80b319802470a1871b99d36766f9d020cc0f9a569a4d1bb54b,Java 8; CodeWorkout,2019-09-30T13:04:50,0,CS 1,439,234,ffbea8c3b1f3996923076b9599ead1ab13ba819732d0d35768af448f00b8b4cc,True,Compile.Error,,,SyntaxError,line 14: error: ')' expected. ,163809,163809,163808.0
bd41cbdc04707f80b319802470a1871b99d36766f9d020cc0f9a569a4d1bb54b,Java 8; CodeWorkout,2019-09-30T13:04:50,0,CS 1,439,234,ffbea8c3b1f3996923076b9599ead1ab13ba819732d0d35768af448f00b8b4cc,True,Compile.Error,,,SyntaxError,line 14: error: ';' expected. ,163810,163810,163808.0
bd41cbdc04707f80b319802470a1871b99d36766f9d020cc0f9a569a4d1bb54b,Java 8; CodeWorkout,2019-09-30T13:04:50,0,CS 1,439,234,ffbea8c3b1f3996923076b9599ead1ab13ba819732d0d35768af448f00b8b4cc,True,Compile.Error,,,SyntaxError,line 14: error: variable declaration not allowed here. ,163811,163811,163808.0
bd41cbdc04707f80b319802470a1871b99d36766f9d020cc0f9a569a4d1bb54b,Java 8; CodeWorkout,2019-09-30T13:04:50,0,CS 1,439,234,ffbea8c3b1f3996923076b9599ead1ab13ba819732d0d35768af448f00b8b4cc,True,Compile.Error,,,SyntaxError,line 14: error: illegal start of type. ,163812,163812,163808.0
bd41cbdc04707f80b319802470a1871b99d36766f9d020cc0f9a569a4d1bb54b,Java 8; CodeWorkout,2019-09-30T13:04:50,0,CS 1,439,234,ffbea8c3b1f3996923076b9599ead1ab13ba819732d0d35768af448f00b8b4cc,True,Compile.Error,,,SyntaxError,line 14: error: illegal start of expression. ,163813,163813,163808.0
bd41cbdc04707f80b319802470a1871b99d36766f9d020cc0f9a569a4d1bb54b,Java 8; CodeWorkout,2019-09-30T13:04:50,0,CS 1,439,234,ffbea8c3b1f3996923076b9599ead1ab13ba819732d0d35768af448f00b8b4cc,True,Compile.Error,,,SyntaxError,line 14: error: ';' expected. ,163814,163814,163808.0
bd41cbdc04707f80b319802470a1871b99d36766f9d020cc0f9a569a4d1bb54b,Java 8; CodeWorkout,2019-09-30T13:04:50,0,CS 1,439,234,ffbea8c3b1f3996923076b9599ead1ab13ba819732d0d35768af448f00b8b4cc,True,Compile.Error,,,SyntaxError,line 18: error: illegal start of type. ,163815,163815,163808.0
bd41cbdc04707f80b319802470a1871b99d36766f9d020cc0f9a569a4d1bb54b,Java 8; CodeWorkout,2019-09-30T13:04:50,0,CS 1,439,234,ffbea8c3b1f3996923076b9599ead1ab13ba819732d0d35768af448f00b8b4cc,True,Compile.Error,,,SyntaxError,line 18: error: ';' expected. ,163816,163816,163808.0
bd41cbdc04707f80b319802470a1871b99d36766f9d020cc0f9a569a4d1bb54b,Java 8; CodeWorkout,2019-09-30T13:04:50,0,CS 1,439,234,ffbea8c3b1f3996923076b9599ead1ab13ba819732d0d35768af448f00b8b4cc,True,Compile.Error,,,SyntaxError,line 20: error: illegal start of type. ,163817,163817,163808.0
bd41cbdc04707f80b319802470a1871b99d36766f9d020cc0f9a569a4d1bb54b,Java 8; CodeWorkout,2019-09-30T13:04:50,0,CS 1,439,234,ffbea8c3b1f3996923076b9599ead1ab13ba819732d0d35768af448f00b8b4cc,True,Compile.Error,,,SyntaxError,line 20: error: <identifier> expected. ,163818,163818,163808.0
bd41cbdc04707f80b319802470a1871b99d36766f9d020cc0f9a569a4d1bb54b,Java 8; CodeWorkout,2019-09-30T13:04:50,0,CS 1,439,234,ffbea8c3b1f3996923076b9599ead1ab13ba819732d0d35768af448f00b8b4cc,True,Compile.Error,,,SyntaxError,"line 22: error: class, interface, or enum expected",163819,163819,163808.0
bd41cbdc04707f80b319802470a1871b99d36766f9d020cc0f9a569a4d1bb54b,Java 8; CodeWorkout,2019-09-30T13:05:10,0,CS 1,439,234,26a8a751f0442dfc383377dd82402898a2a3be8981f0f68cbb80560f92357a23,True,Run.Program,0.769231,,,,163820,163820,
bd41cbdc04707f80b319802470a1871b99d36766f9d020cc0f9a569a4d1bb54b,Java 8; CodeWorkout,2019-09-30T13:05:10,0,CS 1,439,234,26a8a751f0442dfc383377dd82402898a2a3be8981f0f68cbb80560f92357a23,True,Compile,,Success,,,163821,163821,163820.0
bd41cbdc04707f80b319802470a1871b99d36766f9d020cc0f9a569a4d1bb54b,Java 8; CodeWorkout,2019-09-30T13:05:28,0,CS 1,439,234,7f9de422ab7113d64f40d387b2086fb1db12a389334f0c375cfec2d8fcdb2bca,True,Run.Program,1.0,,,,163822,163822,
bd41cbdc04707f80b319802470a1871b99d36766f9d020cc0f9a569a4d1bb54b,Java 8; CodeWorkout,2019-09-30T13:05:28,0,CS 1,439,234,7f9de422ab7113d64f40d387b2086fb1db12a389334f0c375cfec2d8fcdb2bca,True,Compile,,Success,,,163823,163823,163822.0
cf13a4b65841c7dceb8412708517c5be0cdedb328ac511655c4a95ee813d548b,Java 8; CodeWorkout,2019-09-30T13:12:10,0,CS 1,487,22,b631a1f79610dd9a4862c496c209c9a5be2b3fa105ead2a332f9af068191516a,True,Run.Program,0.0,,,,199604,199604,
cf13a4b65841c7dceb8412708517c5be0cdedb328ac511655c4a95ee813d548b,Java 8; CodeWorkout,2019-09-30T13:12:10,0,CS 1,487,22,b631a1f79610dd9a4862c496c209c9a5be2b3fa105ead2a332f9af068191516a,True,Compile,,Error,,,199605,199605,199604.0
cf13a4b65841c7dceb8412708517c5be0cdedb328ac511655c4a95ee813d548b,Java 8; CodeWorkout,2019-09-30T13:12:10,0,CS 1,487,22,b631a1f79610dd9a4862c496c209c9a5be2b3fa105ead2a332f9af068191516a,True,Compile.Error,,,SyntaxError,line 8: error: ')' expected,199606,199606,199605.0
cf13a4b65841c7dceb8412708517c5be0cdedb328ac511655c4a95ee813d548b,Java 8; CodeWorkout,2019-09-30T13:12:21,0,CS 1,487,22,a63823b41c1574bd83e391b49d2ede59f9c972d494568a256280a8d0fd5ac376,True,Run.Program,0.0,,,,199607,199607,
cf13a4b65841c7dceb8412708517c5be0cdedb328ac511655c4a95ee813d548b,Java 8; CodeWorkout,2019-09-30T13:12:21,0,CS 1,487,22,a63823b41c1574bd83e391b49d2ede59f9c972d494568a256280a8d0fd5ac376,True,Compile,,Error,,,199608,199608,199607.0
cf13a4b65841c7dceb8412708517c5be0cdedb328ac511655c4a95ee813d548b,Java 8; CodeWorkout,2019-09-30T13:12:21,0,CS 1,487,22,a63823b41c1574bd83e391b49d2ede59f9c972d494568a256280a8d0fd5ac376,True,Compile.Error,,,SyntaxError,line 4: error: missing return statement,199609,199609,199608.0
cf13a4b65841c7dceb8412708517c5be0cdedb328ac511655c4a95ee813d548b,Java 8; CodeWorkout,2019-09-30T13:13:33,0,CS 1,487,22,66172f8dc27861ff15a3eb7d0c4e0461986687a4b4fbea07db4207a6770d60e9,True,Run.Program,0.0,,,,199610,199610,
cf13a4b65841c7dceb8412708517c5be0cdedb328ac511655c4a95ee813d548b,Java 8; CodeWorkout,2019-09-30T13:13:33,0,CS 1,487,22,66172f8dc27861ff15a3eb7d0c4e0461986687a4b4fbea07db4207a6770d60e9,True,Compile,,Error,,,199611,199611,199610.0
cf13a4b65841c7dceb8412708517c5be0cdedb328ac511655c4a95ee813d548b,Java 8; CodeWorkout,2019-09-30T13:13:33,0,CS 1,487,22,66172f8dc27861ff15a3eb7d0c4e0461986687a4b4fbea07db4207a6770d60e9,True,Compile.Error,,,SyntaxError,line 3: error: ';' expected,199612,199612,199611.0
cf13a4b65841c7dceb8412708517c5be0cdedb328ac511655c4a95ee813d548b,Java 8; CodeWorkout,2019-09-30T13:13:42,0,CS 1,487,22,c0534c61172fc4356d8de5c7802d3ce36b8bbe8bf98a8a6c2c6ebe53faa8a963,True,Run.Program,1.0,,,,199613,199613,
cf13a4b65841c7dceb8412708517c5be0cdedb328ac511655c4a95ee813d548b,Java 8; CodeWorkout,2019-09-30T13:13:42,0,CS 1,487,22,c0534c61172fc4356d8de5c7802d3ce36b8bbe8bf98a8a6c2c6ebe53faa8a963,True,Compile,,Success,,,199614,199614,199613.0
cf13a4b65841c7dceb8412708517c5be0cdedb328ac511655c4a95ee813d548b,Java 8; CodeWorkout,2019-09-30T13:13:44,0,CS 1,487,22,8c7f75fb02f34869ae8f54e059bbe3b73e5ab57ac8bec0791d41bc20264c6fd7,True,Run.Program,1.0,,,,199615,199615,
cf13a4b65841c7dceb8412708517c5be0cdedb328ac511655c4a95ee813d548b,Java 8; CodeWorkout,2019-09-30T13:13:44,0,CS 1,487,22,8c7f75fb02f34869ae8f54e059bbe3b73e5ab57ac8bec0791d41bc20264c6fd7,True,Compile,,Success,,,199616,199616,199615.0
d3f0d126711eb978e948a2cbeb9c2b2b0ffa79541fe717c41575d91f5e21aa61,Java 8; CodeWorkout,2019-09-30T13:38:26,0,CS 1,439,1,3349816d0b30a949d62e4fd675f9c13ac432a85e272e097450effd70d03cdb96,True,Run.Program,0.466667,,,,173378,173378,
d3f0d126711eb978e948a2cbeb9c2b2b0ffa79541fe717c41575d91f5e21aa61,Java 8; CodeWorkout,2019-09-30T13:38:26,0,CS 1,439,1,3349816d0b30a949d62e4fd675f9c13ac432a85e272e097450effd70d03cdb96,True,Compile,,Success,,,173379,173379,173378.0
d3f0d126711eb978e948a2cbeb9c2b2b0ffa79541fe717c41575d91f5e21aa61,Java 8; CodeWorkout,2019-09-30T13:38:43,0,CS 1,439,1,dff30a5ffc3666aebc350be393e3f63bc693c4321abe5dac20da4ac83b405c2a,True,Run.Program,1.0,,,,173380,173380,
d3f0d126711eb978e948a2cbeb9c2b2b0ffa79541fe717c41575d91f5e21aa61,Java 8; CodeWorkout,2019-09-30T13:38:43,0,CS 1,439,1,dff30a5ffc3666aebc350be393e3f63bc693c4321abe5dac20da4ac83b405c2a,True,Compile,,Success,,,173381,173381,173380.0
d3f0d126711eb978e948a2cbeb9c2b2b0ffa79541fe717c41575d91f5e21aa61,Java 8; CodeWorkout,2019-09-30T13:40:43,0,CS 1,439,3,443b57b188f3a76b783383450b33ad3a749f4979e6f7103b75a3bdd461918280,True,Run.Program,0.0,,,,173382,173382,
d3f0d126711eb978e948a2cbeb9c2b2b0ffa79541fe717c41575d91f5e21aa61,Java 8; CodeWorkout,2019-09-30T13:40:43,0,CS 1,439,3,443b57b188f3a76b783383450b33ad3a749f4979e6f7103b75a3bdd461918280,True,Compile,,Error,,,173383,173383,173382.0
d3f0d126711eb978e948a2cbeb9c2b2b0ffa79541fe717c41575d91f5e21aa61,Java 8; CodeWorkout,2019-09-30T13:40:43,0,CS 1,439,3,443b57b188f3a76b783383450b33ad3a749f4979e6f7103b75a3bdd461918280,True,Compile.Error,,,SyntaxError,line 7: error: ';' expected,173384,173384,173383.0
d3f0d126711eb978e948a2cbeb9c2b2b0ffa79541fe717c41575d91f5e21aa61,Java 8; CodeWorkout,2019-09-30T13:40:52,0,CS 1,439,3,77e3488da5c014e152ea8393dc35f843e73392b667441aa7b3f10c626c1e9bd5,True,Run.Program,1.0,,,,173385,173385,
d3f0d126711eb978e948a2cbeb9c2b2b0ffa79541fe717c41575d91f5e21aa61,Java 8; CodeWorkout,2019-09-30T13:40:52,0,CS 1,439,3,77e3488da5c014e152ea8393dc35f843e73392b667441aa7b3f10c626c1e9bd5,True,Compile,,Success,,,173386,173386,173385.0
d3f0d126711eb978e948a2cbeb9c2b2b0ffa79541fe717c41575d91f5e21aa61,Java 8; CodeWorkout,2019-09-30T13:28:23,0,CS 1,439,5,443eb9fb8835fa0844013bd14f004248ad1a79d84fc288ff088d1ddcfe8b00a2,True,Run.Program,1.0,,,,173370,173370,
d3f0d126711eb978e948a2cbeb9c2b2b0ffa79541fe717c41575d91f5e21aa61,Java 8; CodeWorkout,2019-09-30T13:28:23,0,CS 1,439,5,443eb9fb8835fa0844013bd14f004248ad1a79d84fc288ff088d1ddcfe8b00a2,True,Compile,,Success,,,173371,173371,173370.0
d3f0d126711eb978e948a2cbeb9c2b2b0ffa79541fe717c41575d91f5e21aa61,Java 8; CodeWorkout,2019-09-30T13:43:20,0,CS 1,439,12,a30069b5d5cad9211b7e68b4b4621dc1c1cb4f67a36e6dc4763b3ec1d2e8529e,True,Run.Program,0.7,,,,173387,173387,
d3f0d126711eb978e948a2cbeb9c2b2b0ffa79541fe717c41575d91f5e21aa61,Java 8; CodeWorkout,2019-09-30T13:43:20,0,CS 1,439,12,a30069b5d5cad9211b7e68b4b4621dc1c1cb4f67a36e6dc4763b3ec1d2e8529e,True,Compile,,Success,,,173388,173388,173387.0
d3f0d126711eb978e948a2cbeb9c2b2b0ffa79541fe717c41575d91f5e21aa61,Java 8; CodeWorkout,2019-09-30T13:43:43,0,CS 1,439,12,189f120db4e23ccadceb3d383018040aac81bdfda17022f2fe7eaa224872d484,True,Run.Program,1.0,,,,173389,173389,
d3f0d126711eb978e948a2cbeb9c2b2b0ffa79541fe717c41575d91f5e21aa61,Java 8; CodeWorkout,2019-09-30T13:43:43,0,CS 1,439,12,189f120db4e23ccadceb3d383018040aac81bdfda17022f2fe7eaa224872d484,True,Compile,,Success,,,173390,173390,173389.0
d3f0d126711eb978e948a2cbeb9c2b2b0ffa79541fe717c41575d91f5e21aa61,Java 8; CodeWorkout,2019-09-30T13:13:04,0,CS 1,439,13,93794a81ee996cf8f67ff9c52b8fb9b00dfdee430f4a1787a78af8a89ee08fd2,True,Run.Program,0.608696,,,,173350,173350,
d3f0d126711eb978e948a2cbeb9c2b2b0ffa79541fe717c41575d91f5e21aa61,Java 8; CodeWorkout,2019-09-30T13:13:04,0,CS 1,439,13,93794a81ee996cf8f67ff9c52b8fb9b00dfdee430f4a1787a78af8a89ee08fd2,True,Compile,,Success,,,173351,173351,173350.0
d3f0d126711eb978e948a2cbeb9c2b2b0ffa79541fe717c41575d91f5e21aa61,Java 8; CodeWorkout,2019-09-30T13:13:32,0,CS 1,439,13,b31b3e46ce210e0de84ef26efc553d2303940cb1ada9486de89be3f77924f9c8,True,Run.Program,1.0,,,,173352,173352,
d3f0d126711eb978e948a2cbeb9c2b2b0ffa79541fe717c41575d91f5e21aa61,Java 8; CodeWorkout,2019-09-30T13:13:32,0,CS 1,439,13,b31b3e46ce210e0de84ef26efc553d2303940cb1ada9486de89be3f77924f9c8,True,Compile,,Success,,,173353,173353,173352.0
d3f0d126711eb978e948a2cbeb9c2b2b0ffa79541fe717c41575d91f5e21aa61,Java 8; CodeWorkout,2019-09-30T13:20:38,0,CS 1,439,232,c9d7ff70bd7b06d2f4fb07f8f55f368f162a75e0120edcbd910a02107e78d092,True,Run.Program,0.0,,,,173354,173354,
d3f0d126711eb978e948a2cbeb9c2b2b0ffa79541fe717c41575d91f5e21aa61,Java 8; CodeWorkout,2019-09-30T13:20:38,0,CS 1,439,232,c9d7ff70bd7b06d2f4fb07f8f55f368f162a75e0120edcbd910a02107e78d092,True,Compile,,Error,,,173355,173355,173354.0
d3f0d126711eb978e948a2cbeb9c2b2b0ffa79541fe717c41575d91f5e21aa61,Java 8; CodeWorkout,2019-09-30T13:20:38,0,CS 1,439,232,c9d7ff70bd7b06d2f4fb07f8f55f368f162a75e0120edcbd910a02107e78d092,True,Compile.Error,,,SyntaxError,line 7: error: ';' expected. ,173356,173356,173355.0
d3f0d126711eb978e948a2cbeb9c2b2b0ffa79541fe717c41575d91f5e21aa61,Java 8; CodeWorkout,2019-09-30T13:20:38,0,CS 1,439,232,c9d7ff70bd7b06d2f4fb07f8f55f368f162a75e0120edcbd910a02107e78d092,True,Compile.Error,,,SyntaxError,line 10: error: ';' expected. ,173357,173357,173355.0
d3f0d126711eb978e948a2cbeb9c2b2b0ffa79541fe717c41575d91f5e21aa61,Java 8; CodeWorkout,2019-09-30T13:20:38,0,CS 1,439,232,c9d7ff70bd7b06d2f4fb07f8f55f368f162a75e0120edcbd910a02107e78d092,True,Compile.Error,,,SyntaxError,line 16: error: ';' expected. ,173358,173358,173355.0
d3f0d126711eb978e948a2cbeb9c2b2b0ffa79541fe717c41575d91f5e21aa61,Java 8; CodeWorkout,2019-09-30T13:20:38,0,CS 1,439,232,c9d7ff70bd7b06d2f4fb07f8f55f368f162a75e0120edcbd910a02107e78d092,True,Compile.Error,,,SyntaxError,line 19: error: ';' expected,173359,173359,173355.0
d3f0d126711eb978e948a2cbeb9c2b2b0ffa79541fe717c41575d91f5e21aa61,Java 8; CodeWorkout,2019-09-30T13:21:05,0,CS 1,439,232,2b01f3cab8d18889509f7f4348357aef0ebc930e0fe4cba3a3700398b4a88c99,True,Run.Program,1.0,,,,173360,173360,
d3f0d126711eb978e948a2cbeb9c2b2b0ffa79541fe717c41575d91f5e21aa61,Java 8; CodeWorkout,2019-09-30T13:21:05,0,CS 1,439,232,2b01f3cab8d18889509f7f4348357aef0ebc930e0fe4cba3a3700398b4a88c99,True,Compile,,Success,,,173361,173361,173360.0
d3f0d126711eb978e948a2cbeb9c2b2b0ffa79541fe717c41575d91f5e21aa61,Java 8; CodeWorkout,2019-09-30T13:29:34,0,CS 1,439,233,3ec1262284a47b7b83d725b909a745384e728394e7cf6f6e977438bfce7412bc,True,Run.Program,0.809524,,,,173372,173372,
d3f0d126711eb978e948a2cbeb9c2b2b0ffa79541fe717c41575d91f5e21aa61,Java 8; CodeWorkout,2019-09-30T13:29:34,0,CS 1,439,233,3ec1262284a47b7b83d725b909a745384e728394e7cf6f6e977438bfce7412bc,True,Compile,,Success,,,173373,173373,173372.0
d3f0d126711eb978e948a2cbeb9c2b2b0ffa79541fe717c41575d91f5e21aa61,Java 8; CodeWorkout,2019-09-30T13:30:06,0,CS 1,439,233,8cab0fc4b41434288d676ce4c4e20ddf02d7867536a5f22c219fa0b2b984f64c,True,Run.Program,0.904762,,,,173374,173374,
d3f0d126711eb978e948a2cbeb9c2b2b0ffa79541fe717c41575d91f5e21aa61,Java 8; CodeWorkout,2019-09-30T13:30:06,0,CS 1,439,233,8cab0fc4b41434288d676ce4c4e20ddf02d7867536a5f22c219fa0b2b984f64c,True,Compile,,Success,,,173375,173375,173374.0
d3f0d126711eb978e948a2cbeb9c2b2b0ffa79541fe717c41575d91f5e21aa61,Java 8; CodeWorkout,2019-09-30T13:30:32,0,CS 1,439,233,56d89d2e62c8854eb1af902da5329efe12632e4cf0de6b0c17ae231340f8c6d2,True,Run.Program,1.0,,,,173376,173376,
d3f0d126711eb978e948a2cbeb9c2b2b0ffa79541fe717c41575d91f5e21aa61,Java 8; CodeWorkout,2019-09-30T13:30:32,0,CS 1,439,233,56d89d2e62c8854eb1af902da5329efe12632e4cf0de6b0c17ae231340f8c6d2,True,Compile,,Success,,,173377,173377,173376.0
d3f0d126711eb978e948a2cbeb9c2b2b0ffa79541fe717c41575d91f5e21aa61,Java 8; CodeWorkout,2019-09-30T13:25:07,0,CS 1,439,234,d1fd30c62ffef54a35648586c2a6f7537eda7ff3023983f3b17275608a706ace,True,Run.Program,1.0,,,,173366,173366,
d3f0d126711eb978e948a2cbeb9c2b2b0ffa79541fe717c41575d91f5e21aa61,Java 8; CodeWorkout,2019-09-30T13:25:07,0,CS 1,439,234,d1fd30c62ffef54a35648586c2a6f7537eda7ff3023983f3b17275608a706ace,True,Compile,,Success,,,173367,173367,173366.0
d3f0d126711eb978e948a2cbeb9c2b2b0ffa79541fe717c41575d91f5e21aa61,Java 8; CodeWorkout,2019-09-30T13:23:00,0,CS 1,439,235,e47f21b72189a2091c694018485e3c389e49e756ee88421cb78485be961fbd74,True,Run.Program,0.785714,,,,173362,173362,
d3f0d126711eb978e948a2cbeb9c2b2b0ffa79541fe717c41575d91f5e21aa61,Java 8; CodeWorkout,2019-09-30T13:23:00,0,CS 1,439,235,e47f21b72189a2091c694018485e3c389e49e756ee88421cb78485be961fbd74,True,Compile,,Success,,,173363,173363,173362.0
d3f0d126711eb978e948a2cbeb9c2b2b0ffa79541fe717c41575d91f5e21aa61,Java 8; CodeWorkout,2019-09-30T13:23:25,0,CS 1,439,235,0ea2eedae31583ad10333d97c9e7cf785b1dac9b586ba401b32449623f32cb1a,True,Run.Program,1.0,,,,173364,173364,
d3f0d126711eb978e948a2cbeb9c2b2b0ffa79541fe717c41575d91f5e21aa61,Java 8; CodeWorkout,2019-09-30T13:23:25,0,CS 1,439,235,0ea2eedae31583ad10333d97c9e7cf785b1dac9b586ba401b32449623f32cb1a,True,Compile,,Success,,,173365,173365,173364.0
d3f0d126711eb978e948a2cbeb9c2b2b0ffa79541fe717c41575d91f5e21aa61,Java 8; CodeWorkout,2019-09-30T13:26:38,0,CS 1,439,236,e6a252276b003e65d8d268e0eb854a07829f1d2b3f95c965c129df637119f1d6,True,Run.Program,1.0,,,,173368,173368,
d3f0d126711eb978e948a2cbeb9c2b2b0ffa79541fe717c41575d91f5e21aa61,Java 8; CodeWorkout,2019-09-30T13:26:38,0,CS 1,439,236,e6a252276b003e65d8d268e0eb854a07829f1d2b3f95c965c129df637119f1d6,True,Compile,,Success,,,173369,173369,173368.0
db2e162c7c1734ed5a58abc1706b9efbbdadbd2ba5f77bea6911a1aabd5e0831,Java 8; CodeWorkout,2019-09-30T13:16:49,0,CS 1,439,13,24c0e1d6cfaab01bb0bd601fe9f36c6c8b3f300a08785ca4d250c8d01ae43cdc,True,Run.Program,0.0,,,,173922,173922,
db2e162c7c1734ed5a58abc1706b9efbbdadbd2ba5f77bea6911a1aabd5e0831,Java 8; CodeWorkout,2019-09-30T13:16:49,0,CS 1,439,13,24c0e1d6cfaab01bb0bd601fe9f36c6c8b3f300a08785ca4d250c8d01ae43cdc,True,Compile,,Error,,,173923,173923,173922.0
db2e162c7c1734ed5a58abc1706b9efbbdadbd2ba5f77bea6911a1aabd5e0831,Java 8; CodeWorkout,2019-09-30T13:16:49,0,CS 1,439,13,24c0e1d6cfaab01bb0bd601fe9f36c6c8b3f300a08785ca4d250c8d01ae43cdc,True,Compile.Error,,,SyntaxError,line 1: error: ';' expected. ,173924,173924,173923.0
db2e162c7c1734ed5a58abc1706b9efbbdadbd2ba5f77bea6911a1aabd5e0831,Java 8; CodeWorkout,2019-09-30T13:16:49,0,CS 1,439,13,24c0e1d6cfaab01bb0bd601fe9f36c6c8b3f300a08785ca4d250c8d01ae43cdc,True,Compile.Error,,,SyntaxError,line 4: error: illegal start of type. ,173925,173925,173923.0
db2e162c7c1734ed5a58abc1706b9efbbdadbd2ba5f77bea6911a1aabd5e0831,Java 8; CodeWorkout,2019-09-30T13:16:49,0,CS 1,439,13,24c0e1d6cfaab01bb0bd601fe9f36c6c8b3f300a08785ca4d250c8d01ae43cdc,True,Compile.Error,,,SyntaxError,line 5: error: illegal start of type. ,173926,173926,173923.0
db2e162c7c1734ed5a58abc1706b9efbbdadbd2ba5f77bea6911a1aabd5e0831,Java 8; CodeWorkout,2019-09-30T13:16:49,0,CS 1,439,13,24c0e1d6cfaab01bb0bd601fe9f36c6c8b3f300a08785ca4d250c8d01ae43cdc,True,Compile.Error,,,SyntaxError,line 5: error: ';' expected. ,173927,173927,173923.0
db2e162c7c1734ed5a58abc1706b9efbbdadbd2ba5f77bea6911a1aabd5e0831,Java 8; CodeWorkout,2019-09-30T13:16:49,0,CS 1,439,13,24c0e1d6cfaab01bb0bd601fe9f36c6c8b3f300a08785ca4d250c8d01ae43cdc,True,Compile.Error,,,SyntaxError,line 5: error: illegal start of type. ,173928,173928,173923.0
db2e162c7c1734ed5a58abc1706b9efbbdadbd2ba5f77bea6911a1aabd5e0831,Java 8; CodeWorkout,2019-09-30T13:16:49,0,CS 1,439,13,24c0e1d6cfaab01bb0bd601fe9f36c6c8b3f300a08785ca4d250c8d01ae43cdc,True,Compile.Error,,,SyntaxError,line 5: error: ';' expected. ,173929,173929,173923.0
db2e162c7c1734ed5a58abc1706b9efbbdadbd2ba5f77bea6911a1aabd5e0831,Java 8; CodeWorkout,2019-09-30T13:16:49,0,CS 1,439,13,24c0e1d6cfaab01bb0bd601fe9f36c6c8b3f300a08785ca4d250c8d01ae43cdc,True,Compile.Error,,,SyntaxError,line 6: error: illegal start of type. ,173930,173930,173923.0
db2e162c7c1734ed5a58abc1706b9efbbdadbd2ba5f77bea6911a1aabd5e0831,Java 8; CodeWorkout,2019-09-30T13:16:49,0,CS 1,439,13,24c0e1d6cfaab01bb0bd601fe9f36c6c8b3f300a08785ca4d250c8d01ae43cdc,True,Compile.Error,,,SyntaxError,line 7: error: illegal start of type. ,173931,173931,173923.0
db2e162c7c1734ed5a58abc1706b9efbbdadbd2ba5f77bea6911a1aabd5e0831,Java 8; CodeWorkout,2019-09-30T13:16:49,0,CS 1,439,13,24c0e1d6cfaab01bb0bd601fe9f36c6c8b3f300a08785ca4d250c8d01ae43cdc,True,Compile.Error,,,SyntaxError,line 7: error: <identifier> expected. ,173932,173932,173923.0
db2e162c7c1734ed5a58abc1706b9efbbdadbd2ba5f77bea6911a1aabd5e0831,Java 8; CodeWorkout,2019-09-30T13:16:49,0,CS 1,439,13,24c0e1d6cfaab01bb0bd601fe9f36c6c8b3f300a08785ca4d250c8d01ae43cdc,True,Compile.Error,,,SyntaxError,line 7: error: ';' expected. ,173933,173933,173923.0
db2e162c7c1734ed5a58abc1706b9efbbdadbd2ba5f77bea6911a1aabd5e0831,Java 8; CodeWorkout,2019-09-30T13:16:49,0,CS 1,439,13,24c0e1d6cfaab01bb0bd601fe9f36c6c8b3f300a08785ca4d250c8d01ae43cdc,True,Compile.Error,,,SyntaxError,line 7: error: illegal start of type. ,173934,173934,173923.0
db2e162c7c1734ed5a58abc1706b9efbbdadbd2ba5f77bea6911a1aabd5e0831,Java 8; CodeWorkout,2019-09-30T13:16:49,0,CS 1,439,13,24c0e1d6cfaab01bb0bd601fe9f36c6c8b3f300a08785ca4d250c8d01ae43cdc,True,Compile.Error,,,SyntaxError,line 7: error: <identifier> expected. ,173935,173935,173923.0
db2e162c7c1734ed5a58abc1706b9efbbdadbd2ba5f77bea6911a1aabd5e0831,Java 8; CodeWorkout,2019-09-30T13:16:49,0,CS 1,439,13,24c0e1d6cfaab01bb0bd601fe9f36c6c8b3f300a08785ca4d250c8d01ae43cdc,True,Compile.Error,,,SyntaxError,line 8: error: illegal start of type. ,173936,173936,173923.0
db2e162c7c1734ed5a58abc1706b9efbbdadbd2ba5f77bea6911a1aabd5e0831,Java 8; CodeWorkout,2019-09-30T13:16:49,0,CS 1,439,13,24c0e1d6cfaab01bb0bd601fe9f36c6c8b3f300a08785ca4d250c8d01ae43cdc,True,Compile.Error,,,SyntaxError,line 9: error: illegal start of type. ,173937,173937,173923.0
db2e162c7c1734ed5a58abc1706b9efbbdadbd2ba5f77bea6911a1aabd5e0831,Java 8; CodeWorkout,2019-09-30T13:16:49,0,CS 1,439,13,24c0e1d6cfaab01bb0bd601fe9f36c6c8b3f300a08785ca4d250c8d01ae43cdc,True,Compile.Error,,,SyntaxError,line 9: error: <identifier> expected. ,173938,173938,173923.0
db2e162c7c1734ed5a58abc1706b9efbbdadbd2ba5f77bea6911a1aabd5e0831,Java 8; CodeWorkout,2019-09-30T13:16:49,0,CS 1,439,13,24c0e1d6cfaab01bb0bd601fe9f36c6c8b3f300a08785ca4d250c8d01ae43cdc,True,Compile.Error,,,SyntaxError,line 9: error: ';' expected. ,173939,173939,173923.0
db2e162c7c1734ed5a58abc1706b9efbbdadbd2ba5f77bea6911a1aabd5e0831,Java 8; CodeWorkout,2019-09-30T13:16:49,0,CS 1,439,13,24c0e1d6cfaab01bb0bd601fe9f36c6c8b3f300a08785ca4d250c8d01ae43cdc,True,Compile.Error,,,SyntaxError,"line 11: error: class, interface, or enum expected, maybe a missing delimiter or closing brace?",173940,173940,173923.0
db2e162c7c1734ed5a58abc1706b9efbbdadbd2ba5f77bea6911a1aabd5e0831,Java 8; CodeWorkout,2019-09-30T13:17:19,0,CS 1,439,13,43cae4af87aa6b80977233336b35f0ebe8a066b9bc9cea78df81848f20c026c9,True,Run.Program,0.0,,,,173941,173941,
db2e162c7c1734ed5a58abc1706b9efbbdadbd2ba5f77bea6911a1aabd5e0831,Java 8; CodeWorkout,2019-09-30T13:17:19,0,CS 1,439,13,43cae4af87aa6b80977233336b35f0ebe8a066b9bc9cea78df81848f20c026c9,True,Compile,,Error,,,173942,173942,173941.0
db2e162c7c1734ed5a58abc1706b9efbbdadbd2ba5f77bea6911a1aabd5e0831,Java 8; CodeWorkout,2019-09-30T13:17:19,0,CS 1,439,13,43cae4af87aa6b80977233336b35f0ebe8a066b9bc9cea78df81848f20c026c9,True,Compile.Error,,,SyntaxError,line 1: error: ';' expected. ,173943,173943,173942.0
db2e162c7c1734ed5a58abc1706b9efbbdadbd2ba5f77bea6911a1aabd5e0831,Java 8; CodeWorkout,2019-09-30T13:17:19,0,CS 1,439,13,43cae4af87aa6b80977233336b35f0ebe8a066b9bc9cea78df81848f20c026c9,True,Compile.Error,,,SyntaxError,line 5: error: illegal start of type. ,173944,173944,173942.0
db2e162c7c1734ed5a58abc1706b9efbbdadbd2ba5f77bea6911a1aabd5e0831,Java 8; CodeWorkout,2019-09-30T13:17:19,0,CS 1,439,13,43cae4af87aa6b80977233336b35f0ebe8a066b9bc9cea78df81848f20c026c9,True,Compile.Error,,,SyntaxError,line 5: error: ';' expected. ,173945,173945,173942.0
db2e162c7c1734ed5a58abc1706b9efbbdadbd2ba5f77bea6911a1aabd5e0831,Java 8; CodeWorkout,2019-09-30T13:17:19,0,CS 1,439,13,43cae4af87aa6b80977233336b35f0ebe8a066b9bc9cea78df81848f20c026c9,True,Compile.Error,,,SyntaxError,line 5: error: illegal start of type. ,173946,173946,173942.0
db2e162c7c1734ed5a58abc1706b9efbbdadbd2ba5f77bea6911a1aabd5e0831,Java 8; CodeWorkout,2019-09-30T13:17:19,0,CS 1,439,13,43cae4af87aa6b80977233336b35f0ebe8a066b9bc9cea78df81848f20c026c9,True,Compile.Error,,,SyntaxError,line 5: error: ';' expected. ,173947,173947,173942.0
db2e162c7c1734ed5a58abc1706b9efbbdadbd2ba5f77bea6911a1aabd5e0831,Java 8; CodeWorkout,2019-09-30T13:17:19,0,CS 1,439,13,43cae4af87aa6b80977233336b35f0ebe8a066b9bc9cea78df81848f20c026c9,True,Compile.Error,,,SyntaxError,line 7: error: illegal start of type. ,173948,173948,173942.0
db2e162c7c1734ed5a58abc1706b9efbbdadbd2ba5f77bea6911a1aabd5e0831,Java 8; CodeWorkout,2019-09-30T13:17:19,0,CS 1,439,13,43cae4af87aa6b80977233336b35f0ebe8a066b9bc9cea78df81848f20c026c9,True,Compile.Error,,,SyntaxError,line 7: error: <identifier> expected. ,173949,173949,173942.0
db2e162c7c1734ed5a58abc1706b9efbbdadbd2ba5f77bea6911a1aabd5e0831,Java 8; CodeWorkout,2019-09-30T13:17:19,0,CS 1,439,13,43cae4af87aa6b80977233336b35f0ebe8a066b9bc9cea78df81848f20c026c9,True,Compile.Error,,,SyntaxError,line 7: error: ';' expected. ,173950,173950,173942.0
db2e162c7c1734ed5a58abc1706b9efbbdadbd2ba5f77bea6911a1aabd5e0831,Java 8; CodeWorkout,2019-09-30T13:17:19,0,CS 1,439,13,43cae4af87aa6b80977233336b35f0ebe8a066b9bc9cea78df81848f20c026c9,True,Compile.Error,,,SyntaxError,line 7: error: illegal start of type. ,173951,173951,173942.0
db2e162c7c1734ed5a58abc1706b9efbbdadbd2ba5f77bea6911a1aabd5e0831,Java 8; CodeWorkout,2019-09-30T13:17:19,0,CS 1,439,13,43cae4af87aa6b80977233336b35f0ebe8a066b9bc9cea78df81848f20c026c9,True,Compile.Error,,,SyntaxError,line 7: error: <identifier> expected. ,173952,173952,173942.0
db2e162c7c1734ed5a58abc1706b9efbbdadbd2ba5f77bea6911a1aabd5e0831,Java 8; CodeWorkout,2019-09-30T13:17:19,0,CS 1,439,13,43cae4af87aa6b80977233336b35f0ebe8a066b9bc9cea78df81848f20c026c9,True,Compile.Error,,,SyntaxError,line 7: error: ';' expected. ,173953,173953,173942.0
db2e162c7c1734ed5a58abc1706b9efbbdadbd2ba5f77bea6911a1aabd5e0831,Java 8; CodeWorkout,2019-09-30T13:17:19,0,CS 1,439,13,43cae4af87aa6b80977233336b35f0ebe8a066b9bc9cea78df81848f20c026c9,True,Compile.Error,,,SyntaxError,line 8: error: illegal start of type. ,173954,173954,173942.0
db2e162c7c1734ed5a58abc1706b9efbbdadbd2ba5f77bea6911a1aabd5e0831,Java 8; CodeWorkout,2019-09-30T13:17:19,0,CS 1,439,13,43cae4af87aa6b80977233336b35f0ebe8a066b9bc9cea78df81848f20c026c9,True,Compile.Error,,,SyntaxError,line 8: error: <identifier> expected. ,173955,173955,173942.0
db2e162c7c1734ed5a58abc1706b9efbbdadbd2ba5f77bea6911a1aabd5e0831,Java 8; CodeWorkout,2019-09-30T13:17:19,0,CS 1,439,13,43cae4af87aa6b80977233336b35f0ebe8a066b9bc9cea78df81848f20c026c9,True,Compile.Error,,,SyntaxError,line 9: error: illegal start of type. ,173956,173956,173942.0
db2e162c7c1734ed5a58abc1706b9efbbdadbd2ba5f77bea6911a1aabd5e0831,Java 8; CodeWorkout,2019-09-30T13:17:19,0,CS 1,439,13,43cae4af87aa6b80977233336b35f0ebe8a066b9bc9cea78df81848f20c026c9,True,Compile.Error,,,SyntaxError,line 9: error: <identifier> expected. ,173957,173957,173942.0
db2e162c7c1734ed5a58abc1706b9efbbdadbd2ba5f77bea6911a1aabd5e0831,Java 8; CodeWorkout,2019-09-30T13:17:19,0,CS 1,439,13,43cae4af87aa6b80977233336b35f0ebe8a066b9bc9cea78df81848f20c026c9,True,Compile.Error,,,SyntaxError,line 9: error: ';' expected. ,173958,173958,173942.0
db2e162c7c1734ed5a58abc1706b9efbbdadbd2ba5f77bea6911a1aabd5e0831,Java 8; CodeWorkout,2019-09-30T13:17:19,0,CS 1,439,13,43cae4af87aa6b80977233336b35f0ebe8a066b9bc9cea78df81848f20c026c9,True,Compile.Error,,,SyntaxError,"line 11: error: class, interface, or enum expected, maybe a missing delimiter or closing brace?",173959,173959,173942.0
db2e162c7c1734ed5a58abc1706b9efbbdadbd2ba5f77bea6911a1aabd5e0831,Java 8; CodeWorkout,2019-09-30T13:17:34,0,CS 1,439,13,11ac9f6f67d2ab5d747fa6445706c19b15699746362e43183c0495acecb87124,True,Run.Program,0.0,,,,173960,173960,
db2e162c7c1734ed5a58abc1706b9efbbdadbd2ba5f77bea6911a1aabd5e0831,Java 8; CodeWorkout,2019-09-30T13:17:34,0,CS 1,439,13,11ac9f6f67d2ab5d747fa6445706c19b15699746362e43183c0495acecb87124,True,Compile,,Error,,,173961,173961,173960.0
db2e162c7c1734ed5a58abc1706b9efbbdadbd2ba5f77bea6911a1aabd5e0831,Java 8; CodeWorkout,2019-09-30T13:17:34,0,CS 1,439,13,11ac9f6f67d2ab5d747fa6445706c19b15699746362e43183c0495acecb87124,True,Compile.Error,,,SyntaxError,line 3: error: illegal start of type. ,173962,173962,173961.0
db2e162c7c1734ed5a58abc1706b9efbbdadbd2ba5f77bea6911a1aabd5e0831,Java 8; CodeWorkout,2019-09-30T13:17:34,0,CS 1,439,13,11ac9f6f67d2ab5d747fa6445706c19b15699746362e43183c0495acecb87124,True,Compile.Error,,,SyntaxError,line 3: error: <identifier> expected. ,173963,173963,173961.0
db2e162c7c1734ed5a58abc1706b9efbbdadbd2ba5f77bea6911a1aabd5e0831,Java 8; CodeWorkout,2019-09-30T13:17:34,0,CS 1,439,13,11ac9f6f67d2ab5d747fa6445706c19b15699746362e43183c0495acecb87124,True,Compile.Error,,,SyntaxError,line 3: error: ';' expected. ,173964,173964,173961.0
db2e162c7c1734ed5a58abc1706b9efbbdadbd2ba5f77bea6911a1aabd5e0831,Java 8; CodeWorkout,2019-09-30T13:17:34,0,CS 1,439,13,11ac9f6f67d2ab5d747fa6445706c19b15699746362e43183c0495acecb87124,True,Compile.Error,,,SyntaxError,line 3: error: illegal start of type. ,173965,173965,173961.0
db2e162c7c1734ed5a58abc1706b9efbbdadbd2ba5f77bea6911a1aabd5e0831,Java 8; CodeWorkout,2019-09-30T13:17:34,0,CS 1,439,13,11ac9f6f67d2ab5d747fa6445706c19b15699746362e43183c0495acecb87124,True,Compile.Error,,,SyntaxError,line 3: error: <identifier> expected. ,173966,173966,173961.0
db2e162c7c1734ed5a58abc1706b9efbbdadbd2ba5f77bea6911a1aabd5e0831,Java 8; CodeWorkout,2019-09-30T13:17:34,0,CS 1,439,13,11ac9f6f67d2ab5d747fa6445706c19b15699746362e43183c0495acecb87124,True,Compile.Error,,,SyntaxError,line 3: error: ';' expected. ,173967,173967,173961.0
db2e162c7c1734ed5a58abc1706b9efbbdadbd2ba5f77bea6911a1aabd5e0831,Java 8; CodeWorkout,2019-09-30T13:17:34,0,CS 1,439,13,11ac9f6f67d2ab5d747fa6445706c19b15699746362e43183c0495acecb87124,True,Compile.Error,,,SyntaxError,line 4: error: illegal start of type. ,173968,173968,173961.0
db2e162c7c1734ed5a58abc1706b9efbbdadbd2ba5f77bea6911a1aabd5e0831,Java 8; CodeWorkout,2019-09-30T13:17:34,0,CS 1,439,13,11ac9f6f67d2ab5d747fa6445706c19b15699746362e43183c0495acecb87124,True,Compile.Error,,,SyntaxError,line 4: error: <identifier> expected. ,173969,173969,173961.0
db2e162c7c1734ed5a58abc1706b9efbbdadbd2ba5f77bea6911a1aabd5e0831,Java 8; CodeWorkout,2019-09-30T13:17:34,0,CS 1,439,13,11ac9f6f67d2ab5d747fa6445706c19b15699746362e43183c0495acecb87124,True,Compile.Error,,,SyntaxError,line 5: error: illegal start of type. ,173970,173970,173961.0
db2e162c7c1734ed5a58abc1706b9efbbdadbd2ba5f77bea6911a1aabd5e0831,Java 8; CodeWorkout,2019-09-30T13:17:34,0,CS 1,439,13,11ac9f6f67d2ab5d747fa6445706c19b15699746362e43183c0495acecb87124,True,Compile.Error,,,SyntaxError,line 5: error: ';' expected. ,173971,173971,173961.0
db2e162c7c1734ed5a58abc1706b9efbbdadbd2ba5f77bea6911a1aabd5e0831,Java 8; CodeWorkout,2019-09-30T13:17:34,0,CS 1,439,13,11ac9f6f67d2ab5d747fa6445706c19b15699746362e43183c0495acecb87124,True,Compile.Error,,,SyntaxError,line 5: error: illegal start of type. ,173972,173972,173961.0
db2e162c7c1734ed5a58abc1706b9efbbdadbd2ba5f77bea6911a1aabd5e0831,Java 8; CodeWorkout,2019-09-30T13:17:34,0,CS 1,439,13,11ac9f6f67d2ab5d747fa6445706c19b15699746362e43183c0495acecb87124,True,Compile.Error,,,SyntaxError,line 5: error: ';' expected. ,173973,173973,173961.0
db2e162c7c1734ed5a58abc1706b9efbbdadbd2ba5f77bea6911a1aabd5e0831,Java 8; CodeWorkout,2019-09-30T13:17:34,0,CS 1,439,13,11ac9f6f67d2ab5d747fa6445706c19b15699746362e43183c0495acecb87124,True,Compile.Error,,,SyntaxError,line 7: error: illegal start of type. ,173974,173974,173961.0
db2e162c7c1734ed5a58abc1706b9efbbdadbd2ba5f77bea6911a1aabd5e0831,Java 8; CodeWorkout,2019-09-30T13:17:34,0,CS 1,439,13,11ac9f6f67d2ab5d747fa6445706c19b15699746362e43183c0495acecb87124,True,Compile.Error,,,SyntaxError,line 7: error: <identifier> expected. ,173975,173975,173961.0
db2e162c7c1734ed5a58abc1706b9efbbdadbd2ba5f77bea6911a1aabd5e0831,Java 8; CodeWorkout,2019-09-30T13:17:34,0,CS 1,439,13,11ac9f6f67d2ab5d747fa6445706c19b15699746362e43183c0495acecb87124,True,Compile.Error,,,SyntaxError,line 7: error: ';' expected. ,173976,173976,173961.0
db2e162c7c1734ed5a58abc1706b9efbbdadbd2ba5f77bea6911a1aabd5e0831,Java 8; CodeWorkout,2019-09-30T13:17:34,0,CS 1,439,13,11ac9f6f67d2ab5d747fa6445706c19b15699746362e43183c0495acecb87124,True,Compile.Error,,,SyntaxError,line 7: error: illegal start of type. ,173977,173977,173961.0
db2e162c7c1734ed5a58abc1706b9efbbdadbd2ba5f77bea6911a1aabd5e0831,Java 8; CodeWorkout,2019-09-30T13:17:34,0,CS 1,439,13,11ac9f6f67d2ab5d747fa6445706c19b15699746362e43183c0495acecb87124,True,Compile.Error,,,SyntaxError,line 7: error: <identifier> expected. ,173978,173978,173961.0
db2e162c7c1734ed5a58abc1706b9efbbdadbd2ba5f77bea6911a1aabd5e0831,Java 8; CodeWorkout,2019-09-30T13:17:34,0,CS 1,439,13,11ac9f6f67d2ab5d747fa6445706c19b15699746362e43183c0495acecb87124,True,Compile.Error,,,SyntaxError,line 7: error: ';' expected. ,173979,173979,173961.0
db2e162c7c1734ed5a58abc1706b9efbbdadbd2ba5f77bea6911a1aabd5e0831,Java 8; CodeWorkout,2019-09-30T13:17:34,0,CS 1,439,13,11ac9f6f67d2ab5d747fa6445706c19b15699746362e43183c0495acecb87124,True,Compile.Error,,,SyntaxError,line 8: error: illegal start of type. ,173980,173980,173961.0
db2e162c7c1734ed5a58abc1706b9efbbdadbd2ba5f77bea6911a1aabd5e0831,Java 8; CodeWorkout,2019-09-30T13:17:34,0,CS 1,439,13,11ac9f6f67d2ab5d747fa6445706c19b15699746362e43183c0495acecb87124,True,Compile.Error,,,SyntaxError,line 8: error: <identifier> expected. ,173981,173981,173961.0
db2e162c7c1734ed5a58abc1706b9efbbdadbd2ba5f77bea6911a1aabd5e0831,Java 8; CodeWorkout,2019-09-30T13:17:34,0,CS 1,439,13,11ac9f6f67d2ab5d747fa6445706c19b15699746362e43183c0495acecb87124,True,Compile.Error,,,SyntaxError,line 9: error: illegal start of type. ,173982,173982,173961.0
db2e162c7c1734ed5a58abc1706b9efbbdadbd2ba5f77bea6911a1aabd5e0831,Java 8; CodeWorkout,2019-09-30T13:17:34,0,CS 1,439,13,11ac9f6f67d2ab5d747fa6445706c19b15699746362e43183c0495acecb87124,True,Compile.Error,,,SyntaxError,line 9: error: <identifier> expected. ,173983,173983,173961.0
db2e162c7c1734ed5a58abc1706b9efbbdadbd2ba5f77bea6911a1aabd5e0831,Java 8; CodeWorkout,2019-09-30T13:17:34,0,CS 1,439,13,11ac9f6f67d2ab5d747fa6445706c19b15699746362e43183c0495acecb87124,True,Compile.Error,,,SyntaxError,line 9: error: ';' expected. ,173984,173984,173961.0
db2e162c7c1734ed5a58abc1706b9efbbdadbd2ba5f77bea6911a1aabd5e0831,Java 8; CodeWorkout,2019-09-30T13:17:34,0,CS 1,439,13,11ac9f6f67d2ab5d747fa6445706c19b15699746362e43183c0495acecb87124,True,Compile.Error,,,SyntaxError,"line 11: error: class, interface, or enum expected, maybe a missing delimiter or closing brace?",173985,173985,173961.0
db2e162c7c1734ed5a58abc1706b9efbbdadbd2ba5f77bea6911a1aabd5e0831,Java 8; CodeWorkout,2019-09-30T13:18:06,0,CS 1,439,13,c7cea410d9322d58723de8c9bcb727e31d3077da3054f248a322c47f4d9f9269,True,Run.Program,0.0,,,,173986,173986,
db2e162c7c1734ed5a58abc1706b9efbbdadbd2ba5f77bea6911a1aabd5e0831,Java 8; CodeWorkout,2019-09-30T13:18:06,0,CS 1,439,13,c7cea410d9322d58723de8c9bcb727e31d3077da3054f248a322c47f4d9f9269,True,Compile,,Error,,,173987,173987,173986.0
db2e162c7c1734ed5a58abc1706b9efbbdadbd2ba5f77bea6911a1aabd5e0831,Java 8; CodeWorkout,2019-09-30T13:18:06,0,CS 1,439,13,c7cea410d9322d58723de8c9bcb727e31d3077da3054f248a322c47f4d9f9269,True,Compile.Error,,,SyntaxError,line 3: error: illegal start of type. ,173988,173988,173987.0
db2e162c7c1734ed5a58abc1706b9efbbdadbd2ba5f77bea6911a1aabd5e0831,Java 8; CodeWorkout,2019-09-30T13:18:06,0,CS 1,439,13,c7cea410d9322d58723de8c9bcb727e31d3077da3054f248a322c47f4d9f9269,True,Compile.Error,,,SyntaxError,line 3: error: <identifier> expected. ,173989,173989,173987.0
db2e162c7c1734ed5a58abc1706b9efbbdadbd2ba5f77bea6911a1aabd5e0831,Java 8; CodeWorkout,2019-09-30T13:18:06,0,CS 1,439,13,c7cea410d9322d58723de8c9bcb727e31d3077da3054f248a322c47f4d9f9269,True,Compile.Error,,,SyntaxError,line 3: error: ';' expected. ,173990,173990,173987.0
db2e162c7c1734ed5a58abc1706b9efbbdadbd2ba5f77bea6911a1aabd5e0831,Java 8; CodeWorkout,2019-09-30T13:18:06,0,CS 1,439,13,c7cea410d9322d58723de8c9bcb727e31d3077da3054f248a322c47f4d9f9269,True,Compile.Error,,,SyntaxError,line 3: error: illegal start of type. ,173991,173991,173987.0
db2e162c7c1734ed5a58abc1706b9efbbdadbd2ba5f77bea6911a1aabd5e0831,Java 8; CodeWorkout,2019-09-30T13:18:06,0,CS 1,439,13,c7cea410d9322d58723de8c9bcb727e31d3077da3054f248a322c47f4d9f9269,True,Compile.Error,,,SyntaxError,line 3: error: <identifier> expected. ,173992,173992,173987.0
db2e162c7c1734ed5a58abc1706b9efbbdadbd2ba5f77bea6911a1aabd5e0831,Java 8; CodeWorkout,2019-09-30T13:18:06,0,CS 1,439,13,c7cea410d9322d58723de8c9bcb727e31d3077da3054f248a322c47f4d9f9269,True,Compile.Error,,,SyntaxError,line 3: error: ';' expected. ,173993,173993,173987.0
db2e162c7c1734ed5a58abc1706b9efbbdadbd2ba5f77bea6911a1aabd5e0831,Java 8; CodeWorkout,2019-09-30T13:18:06,0,CS 1,439,13,c7cea410d9322d58723de8c9bcb727e31d3077da3054f248a322c47f4d9f9269,True,Compile.Error,,,SyntaxError,line 4: error: illegal start of type. ,173994,173994,173987.0
db2e162c7c1734ed5a58abc1706b9efbbdadbd2ba5f77bea6911a1aabd5e0831,Java 8; CodeWorkout,2019-09-30T13:18:06,0,CS 1,439,13,c7cea410d9322d58723de8c9bcb727e31d3077da3054f248a322c47f4d9f9269,True,Compile.Error,,,SyntaxError,line 4: error: <identifier> expected. ,173995,173995,173987.0
db2e162c7c1734ed5a58abc1706b9efbbdadbd2ba5f77bea6911a1aabd5e0831,Java 8; CodeWorkout,2019-09-30T13:18:06,0,CS 1,439,13,c7cea410d9322d58723de8c9bcb727e31d3077da3054f248a322c47f4d9f9269,True,Compile.Error,,,SyntaxError,line 5: error: illegal start of type. ,173996,173996,173987.0
db2e162c7c1734ed5a58abc1706b9efbbdadbd2ba5f77bea6911a1aabd5e0831,Java 8; CodeWorkout,2019-09-30T13:18:06,0,CS 1,439,13,c7cea410d9322d58723de8c9bcb727e31d3077da3054f248a322c47f4d9f9269,True,Compile.Error,,,SyntaxError,line 5: error: ';' expected. ,173997,173997,173987.0
db2e162c7c1734ed5a58abc1706b9efbbdadbd2ba5f77bea6911a1aabd5e0831,Java 8; CodeWorkout,2019-09-30T13:18:06,0,CS 1,439,13,c7cea410d9322d58723de8c9bcb727e31d3077da3054f248a322c47f4d9f9269,True,Compile.Error,,,SyntaxError,line 5: error: illegal start of type. ,173998,173998,173987.0
db2e162c7c1734ed5a58abc1706b9efbbdadbd2ba5f77bea6911a1aabd5e0831,Java 8; CodeWorkout,2019-09-30T13:18:06,0,CS 1,439,13,c7cea410d9322d58723de8c9bcb727e31d3077da3054f248a322c47f4d9f9269,True,Compile.Error,,,SyntaxError,line 5: error: ';' expected. ,173999,173999,173987.0
db2e162c7c1734ed5a58abc1706b9efbbdadbd2ba5f77bea6911a1aabd5e0831,Java 8; CodeWorkout,2019-09-30T13:18:06,0,CS 1,439,13,c7cea410d9322d58723de8c9bcb727e31d3077da3054f248a322c47f4d9f9269,True,Compile.Error,,,SyntaxError,line 7: error: illegal start of type. ,174000,174000,173987.0
db2e162c7c1734ed5a58abc1706b9efbbdadbd2ba5f77bea6911a1aabd5e0831,Java 8; CodeWorkout,2019-09-30T13:18:06,0,CS 1,439,13,c7cea410d9322d58723de8c9bcb727e31d3077da3054f248a322c47f4d9f9269,True,Compile.Error,,,SyntaxError,line 7: error: ';' expected. ,174001,174001,173987.0
db2e162c7c1734ed5a58abc1706b9efbbdadbd2ba5f77bea6911a1aabd5e0831,Java 8; CodeWorkout,2019-09-30T13:18:06,0,CS 1,439,13,c7cea410d9322d58723de8c9bcb727e31d3077da3054f248a322c47f4d9f9269,True,Compile.Error,,,SyntaxError,line 8: error: illegal start of type. ,174002,174002,173987.0
db2e162c7c1734ed5a58abc1706b9efbbdadbd2ba5f77bea6911a1aabd5e0831,Java 8; CodeWorkout,2019-09-30T13:18:06,0,CS 1,439,13,c7cea410d9322d58723de8c9bcb727e31d3077da3054f248a322c47f4d9f9269,True,Compile.Error,,,SyntaxError,line 8: error: <identifier> expected. ,174003,174003,173987.0
db2e162c7c1734ed5a58abc1706b9efbbdadbd2ba5f77bea6911a1aabd5e0831,Java 8; CodeWorkout,2019-09-30T13:18:06,0,CS 1,439,13,c7cea410d9322d58723de8c9bcb727e31d3077da3054f248a322c47f4d9f9269,True,Compile.Error,,,SyntaxError,line 9: error: illegal start of type. ,174004,174004,173987.0
db2e162c7c1734ed5a58abc1706b9efbbdadbd2ba5f77bea6911a1aabd5e0831,Java 8; CodeWorkout,2019-09-30T13:18:06,0,CS 1,439,13,c7cea410d9322d58723de8c9bcb727e31d3077da3054f248a322c47f4d9f9269,True,Compile.Error,,,SyntaxError,line 9: error: <identifier> expected. ,174005,174005,173987.0
db2e162c7c1734ed5a58abc1706b9efbbdadbd2ba5f77bea6911a1aabd5e0831,Java 8; CodeWorkout,2019-09-30T13:18:06,0,CS 1,439,13,c7cea410d9322d58723de8c9bcb727e31d3077da3054f248a322c47f4d9f9269,True,Compile.Error,,,SyntaxError,line 9: error: ';' expected. ,174006,174006,173987.0
db2e162c7c1734ed5a58abc1706b9efbbdadbd2ba5f77bea6911a1aabd5e0831,Java 8; CodeWorkout,2019-09-30T13:18:06,0,CS 1,439,13,c7cea410d9322d58723de8c9bcb727e31d3077da3054f248a322c47f4d9f9269,True,Compile.Error,,,SyntaxError,"line 11: error: class, interface, or enum expected, maybe a missing delimiter or closing brace?",174007,174007,173987.0
db2e162c7c1734ed5a58abc1706b9efbbdadbd2ba5f77bea6911a1aabd5e0831,Java 8; CodeWorkout,2019-09-30T13:23:10,0,CS 1,439,13,5b20246497a897582675f8eacc8bc71ef7c73bea53afb2553c2e7a05a5992f83,True,Run.Program,0.0,,,,174008,174008,
db2e162c7c1734ed5a58abc1706b9efbbdadbd2ba5f77bea6911a1aabd5e0831,Java 8; CodeWorkout,2019-09-30T13:23:10,0,CS 1,439,13,5b20246497a897582675f8eacc8bc71ef7c73bea53afb2553c2e7a05a5992f83,True,Compile,,Error,,,174009,174009,174008.0
db2e162c7c1734ed5a58abc1706b9efbbdadbd2ba5f77bea6911a1aabd5e0831,Java 8; CodeWorkout,2019-09-30T13:23:10,0,CS 1,439,13,5b20246497a897582675f8eacc8bc71ef7c73bea53afb2553c2e7a05a5992f83,True,Compile.Error,,,SyntaxError,line 3: error: illegal start of type. ,174010,174010,174009.0
db2e162c7c1734ed5a58abc1706b9efbbdadbd2ba5f77bea6911a1aabd5e0831,Java 8; CodeWorkout,2019-09-30T13:23:10,0,CS 1,439,13,5b20246497a897582675f8eacc8bc71ef7c73bea53afb2553c2e7a05a5992f83,True,Compile.Error,,,SyntaxError,line 3: error: <identifier> expected. ,174011,174011,174009.0
db2e162c7c1734ed5a58abc1706b9efbbdadbd2ba5f77bea6911a1aabd5e0831,Java 8; CodeWorkout,2019-09-30T13:23:10,0,CS 1,439,13,5b20246497a897582675f8eacc8bc71ef7c73bea53afb2553c2e7a05a5992f83,True,Compile.Error,,,SyntaxError,line 3: error: ';' expected. ,174012,174012,174009.0
db2e162c7c1734ed5a58abc1706b9efbbdadbd2ba5f77bea6911a1aabd5e0831,Java 8; CodeWorkout,2019-09-30T13:23:10,0,CS 1,439,13,5b20246497a897582675f8eacc8bc71ef7c73bea53afb2553c2e7a05a5992f83,True,Compile.Error,,,SyntaxError,line 5: error: illegal start of type. ,174013,174013,174009.0
db2e162c7c1734ed5a58abc1706b9efbbdadbd2ba5f77bea6911a1aabd5e0831,Java 8; CodeWorkout,2019-09-30T13:23:10,0,CS 1,439,13,5b20246497a897582675f8eacc8bc71ef7c73bea53afb2553c2e7a05a5992f83,True,Compile.Error,,,SyntaxError,line 5: error: <identifier> expected. ,174014,174014,174009.0
db2e162c7c1734ed5a58abc1706b9efbbdadbd2ba5f77bea6911a1aabd5e0831,Java 8; CodeWorkout,2019-09-30T13:23:10,0,CS 1,439,13,5b20246497a897582675f8eacc8bc71ef7c73bea53afb2553c2e7a05a5992f83,True,Compile.Error,,,SyntaxError,line 5: error: ';' expected. ,174015,174015,174009.0
db2e162c7c1734ed5a58abc1706b9efbbdadbd2ba5f77bea6911a1aabd5e0831,Java 8; CodeWorkout,2019-09-30T13:23:10,0,CS 1,439,13,5b20246497a897582675f8eacc8bc71ef7c73bea53afb2553c2e7a05a5992f83,True,Compile.Error,,,SyntaxError,line 5: error: illegal start of type. ,174016,174016,174009.0
db2e162c7c1734ed5a58abc1706b9efbbdadbd2ba5f77bea6911a1aabd5e0831,Java 8; CodeWorkout,2019-09-30T13:23:10,0,CS 1,439,13,5b20246497a897582675f8eacc8bc71ef7c73bea53afb2553c2e7a05a5992f83,True,Compile.Error,,,SyntaxError,line 5: error: <identifier> expected. ,174017,174017,174009.0
db2e162c7c1734ed5a58abc1706b9efbbdadbd2ba5f77bea6911a1aabd5e0831,Java 8; CodeWorkout,2019-09-30T13:23:10,0,CS 1,439,13,5b20246497a897582675f8eacc8bc71ef7c73bea53afb2553c2e7a05a5992f83,True,Compile.Error,,,SyntaxError,line 5: error: ';' expected. ,174018,174018,174009.0
db2e162c7c1734ed5a58abc1706b9efbbdadbd2ba5f77bea6911a1aabd5e0831,Java 8; CodeWorkout,2019-09-30T13:23:10,0,CS 1,439,13,5b20246497a897582675f8eacc8bc71ef7c73bea53afb2553c2e7a05a5992f83,True,Compile.Error,,,SyntaxError,line 6: error: illegal start of type. ,174019,174019,174009.0
db2e162c7c1734ed5a58abc1706b9efbbdadbd2ba5f77bea6911a1aabd5e0831,Java 8; CodeWorkout,2019-09-30T13:23:10,0,CS 1,439,13,5b20246497a897582675f8eacc8bc71ef7c73bea53afb2553c2e7a05a5992f83,True,Compile.Error,,,SyntaxError,line 6: error: <identifier> expected. ,174020,174020,174009.0
db2e162c7c1734ed5a58abc1706b9efbbdadbd2ba5f77bea6911a1aabd5e0831,Java 8; CodeWorkout,2019-09-30T13:23:10,0,CS 1,439,13,5b20246497a897582675f8eacc8bc71ef7c73bea53afb2553c2e7a05a5992f83,True,Compile.Error,,,SyntaxError,line 7: error: illegal start of type. ,174021,174021,174009.0
db2e162c7c1734ed5a58abc1706b9efbbdadbd2ba5f77bea6911a1aabd5e0831,Java 8; CodeWorkout,2019-09-30T13:23:10,0,CS 1,439,13,5b20246497a897582675f8eacc8bc71ef7c73bea53afb2553c2e7a05a5992f83,True,Compile.Error,,,SyntaxError,line 7: error: ';' expected. ,174022,174022,174009.0
db2e162c7c1734ed5a58abc1706b9efbbdadbd2ba5f77bea6911a1aabd5e0831,Java 8; CodeWorkout,2019-09-30T13:23:10,0,CS 1,439,13,5b20246497a897582675f8eacc8bc71ef7c73bea53afb2553c2e7a05a5992f83,True,Compile.Error,,,SyntaxError,line 7: error: illegal start of type. ,174023,174023,174009.0
db2e162c7c1734ed5a58abc1706b9efbbdadbd2ba5f77bea6911a1aabd5e0831,Java 8; CodeWorkout,2019-09-30T13:23:10,0,CS 1,439,13,5b20246497a897582675f8eacc8bc71ef7c73bea53afb2553c2e7a05a5992f83,True,Compile.Error,,,SyntaxError,line 7: error: ';' expected. ,174024,174024,174009.0
db2e162c7c1734ed5a58abc1706b9efbbdadbd2ba5f77bea6911a1aabd5e0831,Java 8; CodeWorkout,2019-09-30T13:23:10,0,CS 1,439,13,5b20246497a897582675f8eacc8bc71ef7c73bea53afb2553c2e7a05a5992f83,True,Compile.Error,,,SyntaxError,line 9: error: illegal start of type. ,174025,174025,174009.0
db2e162c7c1734ed5a58abc1706b9efbbdadbd2ba5f77bea6911a1aabd5e0831,Java 8; CodeWorkout,2019-09-30T13:23:10,0,CS 1,439,13,5b20246497a897582675f8eacc8bc71ef7c73bea53afb2553c2e7a05a5992f83,True,Compile.Error,,,SyntaxError,line 9: error: ';' expected. ,174026,174026,174009.0
db2e162c7c1734ed5a58abc1706b9efbbdadbd2ba5f77bea6911a1aabd5e0831,Java 8; CodeWorkout,2019-09-30T13:23:10,0,CS 1,439,13,5b20246497a897582675f8eacc8bc71ef7c73bea53afb2553c2e7a05a5992f83,True,Compile.Error,,,SyntaxError,line 10: error: illegal start of type. ,174027,174027,174009.0
db2e162c7c1734ed5a58abc1706b9efbbdadbd2ba5f77bea6911a1aabd5e0831,Java 8; CodeWorkout,2019-09-30T13:23:10,0,CS 1,439,13,5b20246497a897582675f8eacc8bc71ef7c73bea53afb2553c2e7a05a5992f83,True,Compile.Error,,,SyntaxError,line 10: error: <identifier> expected. ,174028,174028,174009.0
db2e162c7c1734ed5a58abc1706b9efbbdadbd2ba5f77bea6911a1aabd5e0831,Java 8; CodeWorkout,2019-09-30T13:23:10,0,CS 1,439,13,5b20246497a897582675f8eacc8bc71ef7c73bea53afb2553c2e7a05a5992f83,True,Compile.Error,,,SyntaxError,"line 12: error: class, interface, or enum expected, maybe a missing delimiter or closing brace?",174029,174029,174009.0
db2e162c7c1734ed5a58abc1706b9efbbdadbd2ba5f77bea6911a1aabd5e0831,Java 8; CodeWorkout,2019-09-30T13:23:25,0,CS 1,439,13,a7f7afccc982baa0eeeefd0b1464988fe5d5e7c08b1ce243359d4dd6235c136e,True,Run.Program,0.0,,,,174030,174030,
db2e162c7c1734ed5a58abc1706b9efbbdadbd2ba5f77bea6911a1aabd5e0831,Java 8; CodeWorkout,2019-09-30T13:23:25,0,CS 1,439,13,a7f7afccc982baa0eeeefd0b1464988fe5d5e7c08b1ce243359d4dd6235c136e,True,Compile,,Error,,,174031,174031,174030.0
db2e162c7c1734ed5a58abc1706b9efbbdadbd2ba5f77bea6911a1aabd5e0831,Java 8; CodeWorkout,2019-09-30T13:23:25,0,CS 1,439,13,a7f7afccc982baa0eeeefd0b1464988fe5d5e7c08b1ce243359d4dd6235c136e,True,Compile.Error,,,SyntaxError,line 3: error: illegal start of type. ,174032,174032,174031.0
db2e162c7c1734ed5a58abc1706b9efbbdadbd2ba5f77bea6911a1aabd5e0831,Java 8; CodeWorkout,2019-09-30T13:23:25,0,CS 1,439,13,a7f7afccc982baa0eeeefd0b1464988fe5d5e7c08b1ce243359d4dd6235c136e,True,Compile.Error,,,SyntaxError,line 3: error: <identifier> expected. ,174033,174033,174031.0
db2e162c7c1734ed5a58abc1706b9efbbdadbd2ba5f77bea6911a1aabd5e0831,Java 8; CodeWorkout,2019-09-30T13:23:25,0,CS 1,439,13,a7f7afccc982baa0eeeefd0b1464988fe5d5e7c08b1ce243359d4dd6235c136e,True,Compile.Error,,,SyntaxError,line 3: error: ';' expected. ,174034,174034,174031.0
db2e162c7c1734ed5a58abc1706b9efbbdadbd2ba5f77bea6911a1aabd5e0831,Java 8; CodeWorkout,2019-09-30T13:23:25,0,CS 1,439,13,a7f7afccc982baa0eeeefd0b1464988fe5d5e7c08b1ce243359d4dd6235c136e,True,Compile.Error,,,SyntaxError,"line 6: error: class, interface, or enum expected, maybe a missing delimiter or closing brace?",174035,174035,174031.0
db2e162c7c1734ed5a58abc1706b9efbbdadbd2ba5f77bea6911a1aabd5e0831,Java 8; CodeWorkout,2019-09-30T13:24:04,0,CS 1,439,13,b8f7f5bcd5843969b3d9eecfd4e400c7d98c6497c8c07c64b38dc51650c3dfd4,True,Run.Program,0.0,,,,174036,174036,
db2e162c7c1734ed5a58abc1706b9efbbdadbd2ba5f77bea6911a1aabd5e0831,Java 8; CodeWorkout,2019-09-30T13:24:04,0,CS 1,439,13,b8f7f5bcd5843969b3d9eecfd4e400c7d98c6497c8c07c64b38dc51650c3dfd4,True,Compile,,Error,,,174037,174037,174036.0
db2e162c7c1734ed5a58abc1706b9efbbdadbd2ba5f77bea6911a1aabd5e0831,Java 8; CodeWorkout,2019-09-30T13:24:04,0,CS 1,439,13,b8f7f5bcd5843969b3d9eecfd4e400c7d98c6497c8c07c64b38dc51650c3dfd4,True,Compile.Error,,,SyntaxError,"line 1: error: missing method body, or declare abstract. ",174038,174038,174037.0
db2e162c7c1734ed5a58abc1706b9efbbdadbd2ba5f77bea6911a1aabd5e0831,Java 8; CodeWorkout,2019-09-30T13:24:04,0,CS 1,439,13,b8f7f5bcd5843969b3d9eecfd4e400c7d98c6497c8c07c64b38dc51650c3dfd4,True,Compile.Error,,,SyntaxError,line 4: error: cannot find symbol: variable isBirthday,174039,174039,174037.0
db2e162c7c1734ed5a58abc1706b9efbbdadbd2ba5f77bea6911a1aabd5e0831,Java 8; CodeWorkout,2019-09-30T13:24:04,0,CS 1,439,13,8fd31670474a205b6ff7bcce00f5d693a40f4b51f9bd129e1a93baca1c6a9275,True,Run.Program,0.0,,,,174040,174040,
db2e162c7c1734ed5a58abc1706b9efbbdadbd2ba5f77bea6911a1aabd5e0831,Java 8; CodeWorkout,2019-09-30T13:24:04,0,CS 1,439,13,8fd31670474a205b6ff7bcce00f5d693a40f4b51f9bd129e1a93baca1c6a9275,True,Compile,,Error,,,174041,174041,174040.0
db2e162c7c1734ed5a58abc1706b9efbbdadbd2ba5f77bea6911a1aabd5e0831,Java 8; CodeWorkout,2019-09-30T13:24:04,0,CS 1,439,13,8fd31670474a205b6ff7bcce00f5d693a40f4b51f9bd129e1a93baca1c6a9275,True,Compile.Error,,,SyntaxError,"line 1: error: missing method body, or declare abstract. ",174042,174042,174041.0
db2e162c7c1734ed5a58abc1706b9efbbdadbd2ba5f77bea6911a1aabd5e0831,Java 8; CodeWorkout,2019-09-30T13:24:04,0,CS 1,439,13,8fd31670474a205b6ff7bcce00f5d693a40f4b51f9bd129e1a93baca1c6a9275,True,Compile.Error,,,SyntaxError,line 4: error: cannot find symbol: variable isBirthday,174043,174043,174041.0
db2e162c7c1734ed5a58abc1706b9efbbdadbd2ba5f77bea6911a1aabd5e0831,Java 8; CodeWorkout,2019-09-30T13:27:10,0,CS 1,439,13,7fd7322056f85a4340e8083b525571d2b6065722ff186f2a9034bad0de685279,True,Run.Program,0.0,,,,174044,174044,
db2e162c7c1734ed5a58abc1706b9efbbdadbd2ba5f77bea6911a1aabd5e0831,Java 8; CodeWorkout,2019-09-30T13:27:10,0,CS 1,439,13,7fd7322056f85a4340e8083b525571d2b6065722ff186f2a9034bad0de685279,True,Compile,,Error,,,174045,174045,174044.0
db2e162c7c1734ed5a58abc1706b9efbbdadbd2ba5f77bea6911a1aabd5e0831,Java 8; CodeWorkout,2019-09-30T13:27:10,0,CS 1,439,13,7fd7322056f85a4340e8083b525571d2b6065722ff186f2a9034bad0de685279,True,Compile.Error,,,SyntaxError,"line 1: error: missing method body, or declare abstract. ",174046,174046,174045.0
db2e162c7c1734ed5a58abc1706b9efbbdadbd2ba5f77bea6911a1aabd5e0831,Java 8; CodeWorkout,2019-09-30T13:27:10,0,CS 1,439,13,7fd7322056f85a4340e8083b525571d2b6065722ff186f2a9034bad0de685279,True,Compile.Error,,,SyntaxError,line 4: error: cannot find symbol: variable isBirthday,174047,174047,174045.0
db2e162c7c1734ed5a58abc1706b9efbbdadbd2ba5f77bea6911a1aabd5e0831,Java 8; CodeWorkout,2019-09-30T13:27:37,0,CS 1,439,13,8f2efc834f330a859e3652e570c8f65edb33efe088517f3467275aad147bb8a6,True,Run.Program,0.0,,,,174048,174048,
db2e162c7c1734ed5a58abc1706b9efbbdadbd2ba5f77bea6911a1aabd5e0831,Java 8; CodeWorkout,2019-09-30T13:27:37,0,CS 1,439,13,8f2efc834f330a859e3652e570c8f65edb33efe088517f3467275aad147bb8a6,True,Compile,,Error,,,174049,174049,174048.0
db2e162c7c1734ed5a58abc1706b9efbbdadbd2ba5f77bea6911a1aabd5e0831,Java 8; CodeWorkout,2019-09-30T13:27:37,0,CS 1,439,13,8f2efc834f330a859e3652e570c8f65edb33efe088517f3467275aad147bb8a6,True,Compile.Error,,,SyntaxError,"line 7: error: cannot find symbol, maybe a missing delimiter or closing brace?",174050,174050,174049.0
db2e162c7c1734ed5a58abc1706b9efbbdadbd2ba5f77bea6911a1aabd5e0831,Java 8; CodeWorkout,2019-09-30T13:27:53,0,CS 1,439,13,9475d7db6dedeca4879324d7d08af0f4290e1e4e732e24894ce49f1f4c7a0dfe,True,Run.Program,0.0,,,,174051,174051,
db2e162c7c1734ed5a58abc1706b9efbbdadbd2ba5f77bea6911a1aabd5e0831,Java 8; CodeWorkout,2019-09-30T13:27:53,0,CS 1,439,13,9475d7db6dedeca4879324d7d08af0f4290e1e4e732e24894ce49f1f4c7a0dfe,True,Compile,,Error,,,174052,174052,174051.0
db2e162c7c1734ed5a58abc1706b9efbbdadbd2ba5f77bea6911a1aabd5e0831,Java 8; CodeWorkout,2019-09-30T13:27:53,0,CS 1,439,13,9475d7db6dedeca4879324d7d08af0f4290e1e4e732e24894ce49f1f4c7a0dfe,True,Compile.Error,,,SyntaxError,"line 1: error: missing method body, or declare abstract. ",174053,174053,174052.0
db2e162c7c1734ed5a58abc1706b9efbbdadbd2ba5f77bea6911a1aabd5e0831,Java 8; CodeWorkout,2019-09-30T13:27:53,0,CS 1,439,13,9475d7db6dedeca4879324d7d08af0f4290e1e4e732e24894ce49f1f4c7a0dfe,True,Compile.Error,,,SyntaxError,line 3: error: cannot find symbol: variable isBirthday,174054,174054,174052.0
db2e162c7c1734ed5a58abc1706b9efbbdadbd2ba5f77bea6911a1aabd5e0831,Java 8; CodeWorkout,2019-09-30T13:33:33,0,CS 1,439,13,da9c68a3c998beafb61d47af8bcfa3400899db58a05efa5edee810450e51f396,True,Run.Program,0.0,,,,174055,174055,
db2e162c7c1734ed5a58abc1706b9efbbdadbd2ba5f77bea6911a1aabd5e0831,Java 8; CodeWorkout,2019-09-30T13:33:33,0,CS 1,439,13,da9c68a3c998beafb61d47af8bcfa3400899db58a05efa5edee810450e51f396,True,Compile,,Error,,,174056,174056,174055.0
db2e162c7c1734ed5a58abc1706b9efbbdadbd2ba5f77bea6911a1aabd5e0831,Java 8; CodeWorkout,2019-09-30T13:33:33,0,CS 1,439,13,da9c68a3c998beafb61d47af8bcfa3400899db58a05efa5edee810450e51f396,True,Compile.Error,,,SyntaxError,line 8: error: illegal start of expression. ,174057,174057,174056.0
db2e162c7c1734ed5a58abc1706b9efbbdadbd2ba5f77bea6911a1aabd5e0831,Java 8; CodeWorkout,2019-09-30T13:33:33,0,CS 1,439,13,da9c68a3c998beafb61d47af8bcfa3400899db58a05efa5edee810450e51f396,True,Compile.Error,,,SyntaxError,line 10: error: illegal start of expression,174058,174058,174056.0
db2e162c7c1734ed5a58abc1706b9efbbdadbd2ba5f77bea6911a1aabd5e0831,Java 8; CodeWorkout,2019-09-30T13:33:43,0,CS 1,439,13,6a615c99ad5ae83d390def5f11f7c5265bcbf0fe5bf0a2e3c453b056949020bd,True,Run.Program,0.0,,,,174059,174059,
db2e162c7c1734ed5a58abc1706b9efbbdadbd2ba5f77bea6911a1aabd5e0831,Java 8; CodeWorkout,2019-09-30T13:33:43,0,CS 1,439,13,6a615c99ad5ae83d390def5f11f7c5265bcbf0fe5bf0a2e3c453b056949020bd,True,Compile,,Error,,,174060,174060,174059.0
db2e162c7c1734ed5a58abc1706b9efbbdadbd2ba5f77bea6911a1aabd5e0831,Java 8; CodeWorkout,2019-09-30T13:33:43,0,CS 1,439,13,6a615c99ad5ae83d390def5f11f7c5265bcbf0fe5bf0a2e3c453b056949020bd,True,Compile.Error,,,SyntaxError,line 8: error: illegal start of expression. ,174061,174061,174060.0
db2e162c7c1734ed5a58abc1706b9efbbdadbd2ba5f77bea6911a1aabd5e0831,Java 8; CodeWorkout,2019-09-30T13:33:43,0,CS 1,439,13,6a615c99ad5ae83d390def5f11f7c5265bcbf0fe5bf0a2e3c453b056949020bd,True,Compile.Error,,,SyntaxError,line 10: error: illegal start of expression,174062,174062,174060.0
db2e162c7c1734ed5a58abc1706b9efbbdadbd2ba5f77bea6911a1aabd5e0831,Java 8; CodeWorkout,2019-09-30T13:33:45,0,CS 1,439,13,5e2d0b4ed6cda0d7aa754eb4e5746dc52576cba699e16888630ca08907dd1e66,True,Run.Program,0.0,,,,174063,174063,
db2e162c7c1734ed5a58abc1706b9efbbdadbd2ba5f77bea6911a1aabd5e0831,Java 8; CodeWorkout,2019-09-30T13:33:45,0,CS 1,439,13,5e2d0b4ed6cda0d7aa754eb4e5746dc52576cba699e16888630ca08907dd1e66,True,Compile,,Error,,,174064,174064,174063.0
db2e162c7c1734ed5a58abc1706b9efbbdadbd2ba5f77bea6911a1aabd5e0831,Java 8; CodeWorkout,2019-09-30T13:33:45,0,CS 1,439,13,5e2d0b4ed6cda0d7aa754eb4e5746dc52576cba699e16888630ca08907dd1e66,True,Compile.Error,,,SyntaxError,line 8: error: illegal start of expression. ,174065,174065,174064.0
db2e162c7c1734ed5a58abc1706b9efbbdadbd2ba5f77bea6911a1aabd5e0831,Java 8; CodeWorkout,2019-09-30T13:33:45,0,CS 1,439,13,5e2d0b4ed6cda0d7aa754eb4e5746dc52576cba699e16888630ca08907dd1e66,True,Compile.Error,,,SyntaxError,line 10: error: illegal start of expression,174066,174066,174064.0
db2e162c7c1734ed5a58abc1706b9efbbdadbd2ba5f77bea6911a1aabd5e0831,Java 8; CodeWorkout,2019-09-30T13:34:06,0,CS 1,439,13,2f2a66cd6246328d0836e27d887ff333cfbe74a8843f40df855fa861b1cd32a0,True,Run.Program,0.0,,,,174067,174067,
db2e162c7c1734ed5a58abc1706b9efbbdadbd2ba5f77bea6911a1aabd5e0831,Java 8; CodeWorkout,2019-09-30T13:34:06,0,CS 1,439,13,2f2a66cd6246328d0836e27d887ff333cfbe74a8843f40df855fa861b1cd32a0,True,Compile,,Error,,,174068,174068,174067.0
db2e162c7c1734ed5a58abc1706b9efbbdadbd2ba5f77bea6911a1aabd5e0831,Java 8; CodeWorkout,2019-09-30T13:34:06,0,CS 1,439,13,2f2a66cd6246328d0836e27d887ff333cfbe74a8843f40df855fa861b1cd32a0,True,Compile.Error,,,SyntaxError,line 8: error: illegal start of expression. ,174069,174069,174068.0
db2e162c7c1734ed5a58abc1706b9efbbdadbd2ba5f77bea6911a1aabd5e0831,Java 8; CodeWorkout,2019-09-30T13:34:06,0,CS 1,439,13,2f2a66cd6246328d0836e27d887ff333cfbe74a8843f40df855fa861b1cd32a0,True,Compile.Error,,,SyntaxError,line 10: error: illegal start of expression,174070,174070,174068.0
db2e162c7c1734ed5a58abc1706b9efbbdadbd2ba5f77bea6911a1aabd5e0831,Java 8; CodeWorkout,2019-09-30T13:34:14,0,CS 1,439,13,24a6989567f7d6285a9198e316ad457d5d75e350336eee0a9354fdad4cd9fa49,True,Run.Program,0.0,,,,174071,174071,
db2e162c7c1734ed5a58abc1706b9efbbdadbd2ba5f77bea6911a1aabd5e0831,Java 8; CodeWorkout,2019-09-30T13:34:14,0,CS 1,439,13,24a6989567f7d6285a9198e316ad457d5d75e350336eee0a9354fdad4cd9fa49,True,Compile,,Error,,,174072,174072,174071.0
db2e162c7c1734ed5a58abc1706b9efbbdadbd2ba5f77bea6911a1aabd5e0831,Java 8; CodeWorkout,2019-09-30T13:34:14,0,CS 1,439,13,24a6989567f7d6285a9198e316ad457d5d75e350336eee0a9354fdad4cd9fa49,True,Compile.Error,,,SyntaxError,line 8: error: illegal start of expression. ,174073,174073,174072.0
db2e162c7c1734ed5a58abc1706b9efbbdadbd2ba5f77bea6911a1aabd5e0831,Java 8; CodeWorkout,2019-09-30T13:34:14,0,CS 1,439,13,24a6989567f7d6285a9198e316ad457d5d75e350336eee0a9354fdad4cd9fa49,True,Compile.Error,,,SyntaxError,line 10: error: illegal start of expression,174074,174074,174072.0
db2e162c7c1734ed5a58abc1706b9efbbdadbd2ba5f77bea6911a1aabd5e0831,Java 8; CodeWorkout,2019-09-30T13:34:28,0,CS 1,439,13,0d8e2ff8dc2e74302aa5d8579fcfbcec2ba0bb21cb5779c5183c5a83ea39d65c,True,Run.Program,0.0,,,,174075,174075,
db2e162c7c1734ed5a58abc1706b9efbbdadbd2ba5f77bea6911a1aabd5e0831,Java 8; CodeWorkout,2019-09-30T13:34:28,0,CS 1,439,13,0d8e2ff8dc2e74302aa5d8579fcfbcec2ba0bb21cb5779c5183c5a83ea39d65c,True,Compile,,Error,,,174076,174076,174075.0
db2e162c7c1734ed5a58abc1706b9efbbdadbd2ba5f77bea6911a1aabd5e0831,Java 8; CodeWorkout,2019-09-30T13:34:28,0,CS 1,439,13,0d8e2ff8dc2e74302aa5d8579fcfbcec2ba0bb21cb5779c5183c5a83ea39d65c,True,Compile.Error,,,SyntaxError,line 8: error: illegal start of expression. ,174077,174077,174076.0
db2e162c7c1734ed5a58abc1706b9efbbdadbd2ba5f77bea6911a1aabd5e0831,Java 8; CodeWorkout,2019-09-30T13:34:28,0,CS 1,439,13,0d8e2ff8dc2e74302aa5d8579fcfbcec2ba0bb21cb5779c5183c5a83ea39d65c,True,Compile.Error,,,SyntaxError,line 10: error: illegal start of expression,174078,174078,174076.0
db2e162c7c1734ed5a58abc1706b9efbbdadbd2ba5f77bea6911a1aabd5e0831,Java 8; CodeWorkout,2019-09-30T13:35:31,0,CS 1,439,13,9209879990cfea6c437440da5567f47d68c15be95f33c588a5f3620ec8378ad3,True,Run.Program,0.0,,,,174079,174079,
db2e162c7c1734ed5a58abc1706b9efbbdadbd2ba5f77bea6911a1aabd5e0831,Java 8; CodeWorkout,2019-09-30T13:35:31,0,CS 1,439,13,9209879990cfea6c437440da5567f47d68c15be95f33c588a5f3620ec8378ad3,True,Compile,,Error,,,174080,174080,174079.0
db2e162c7c1734ed5a58abc1706b9efbbdadbd2ba5f77bea6911a1aabd5e0831,Java 8; CodeWorkout,2019-09-30T13:35:31,0,CS 1,439,13,9209879990cfea6c437440da5567f47d68c15be95f33c588a5f3620ec8378ad3,True,Compile.Error,,,SyntaxError,line 13: error: illegal start of expression. ,174081,174081,174080.0
db2e162c7c1734ed5a58abc1706b9efbbdadbd2ba5f77bea6911a1aabd5e0831,Java 8; CodeWorkout,2019-09-30T13:35:31,0,CS 1,439,13,9209879990cfea6c437440da5567f47d68c15be95f33c588a5f3620ec8378ad3,True,Compile.Error,,,SyntaxError,line 17: error: illegal start of expression,174082,174082,174080.0
db2e162c7c1734ed5a58abc1706b9efbbdadbd2ba5f77bea6911a1aabd5e0831,Java 8; CodeWorkout,2019-09-30T13:39:45,0,CS 1,439,13,b84fe68ae216f015318dbe0924494d75637e4869d0cd45f015cd10310182afb8,True,Run.Program,0.0,,,,174083,174083,
db2e162c7c1734ed5a58abc1706b9efbbdadbd2ba5f77bea6911a1aabd5e0831,Java 8; CodeWorkout,2019-09-30T13:39:45,0,CS 1,439,13,b84fe68ae216f015318dbe0924494d75637e4869d0cd45f015cd10310182afb8,True,Compile,,Error,,,174084,174084,174083.0
db2e162c7c1734ed5a58abc1706b9efbbdadbd2ba5f77bea6911a1aabd5e0831,Java 8; CodeWorkout,2019-09-30T13:39:45,0,CS 1,439,13,b84fe68ae216f015318dbe0924494d75637e4869d0cd45f015cd10310182afb8,True,Compile.Error,,,SyntaxError,line 13: error: illegal start of expression. ,174085,174085,174084.0
db2e162c7c1734ed5a58abc1706b9efbbdadbd2ba5f77bea6911a1aabd5e0831,Java 8; CodeWorkout,2019-09-30T13:39:45,0,CS 1,439,13,b84fe68ae216f015318dbe0924494d75637e4869d0cd45f015cd10310182afb8,True,Compile.Error,,,SyntaxError,line 17: error: illegal start of expression,174086,174086,174084.0
db2e162c7c1734ed5a58abc1706b9efbbdadbd2ba5f77bea6911a1aabd5e0831,Java 8; CodeWorkout,2019-09-30T13:39:57,0,CS 1,439,13,8b28c5014fde020c112087a8e287fb3f9fe8fa345bd167dfaed15b9be3b7bc49,True,Run.Program,0.695652,,,,174087,174087,
db2e162c7c1734ed5a58abc1706b9efbbdadbd2ba5f77bea6911a1aabd5e0831,Java 8; CodeWorkout,2019-09-30T13:39:57,0,CS 1,439,13,8b28c5014fde020c112087a8e287fb3f9fe8fa345bd167dfaed15b9be3b7bc49,True,Compile,,Success,,,174088,174088,174087.0
db2e162c7c1734ed5a58abc1706b9efbbdadbd2ba5f77bea6911a1aabd5e0831,Java 8; CodeWorkout,2019-09-30T13:40:33,0,CS 1,439,13,3c91b6669c58ab0d52a7106f0c4cbe6de08455c45746edd9577fd2defa503b73,True,Run.Program,0.0,,,,174089,174089,
db2e162c7c1734ed5a58abc1706b9efbbdadbd2ba5f77bea6911a1aabd5e0831,Java 8; CodeWorkout,2019-09-30T13:40:33,0,CS 1,439,13,3c91b6669c58ab0d52a7106f0c4cbe6de08455c45746edd9577fd2defa503b73,True,Compile,,Error,,,174090,174090,174089.0
db2e162c7c1734ed5a58abc1706b9efbbdadbd2ba5f77bea6911a1aabd5e0831,Java 8; CodeWorkout,2019-09-30T13:40:33,0,CS 1,439,13,3c91b6669c58ab0d52a7106f0c4cbe6de08455c45746edd9577fd2defa503b73,True,Compile.Error,,,SyntaxError,line 15: error: not a statement. ,174091,174091,174090.0
db2e162c7c1734ed5a58abc1706b9efbbdadbd2ba5f77bea6911a1aabd5e0831,Java 8; CodeWorkout,2019-09-30T13:40:33,0,CS 1,439,13,3c91b6669c58ab0d52a7106f0c4cbe6de08455c45746edd9577fd2defa503b73,True,Compile.Error,,,SyntaxError,line 15: error: ';' expected,174092,174092,174090.0
db2e162c7c1734ed5a58abc1706b9efbbdadbd2ba5f77bea6911a1aabd5e0831,Java 8; CodeWorkout,2019-09-30T13:40:46,0,CS 1,439,13,45fa318db628fdcc1d8bd9d7af0130b098aa3b436e3a955035a340a87518c4d2,True,Run.Program,0.0,,,,174093,174093,
db2e162c7c1734ed5a58abc1706b9efbbdadbd2ba5f77bea6911a1aabd5e0831,Java 8; CodeWorkout,2019-09-30T13:40:46,0,CS 1,439,13,45fa318db628fdcc1d8bd9d7af0130b098aa3b436e3a955035a340a87518c4d2,True,Compile,,Error,,,174094,174094,174093.0
db2e162c7c1734ed5a58abc1706b9efbbdadbd2ba5f77bea6911a1aabd5e0831,Java 8; CodeWorkout,2019-09-30T13:40:46,0,CS 1,439,13,45fa318db628fdcc1d8bd9d7af0130b098aa3b436e3a955035a340a87518c4d2,True,Compile.Error,,,SyntaxError,line 15: error: illegal start of expression. ,174095,174095,174094.0
db2e162c7c1734ed5a58abc1706b9efbbdadbd2ba5f77bea6911a1aabd5e0831,Java 8; CodeWorkout,2019-09-30T13:40:46,0,CS 1,439,13,45fa318db628fdcc1d8bd9d7af0130b098aa3b436e3a955035a340a87518c4d2,True,Compile.Error,,,SyntaxError,line 15: error: not a statement. ,174096,174096,174094.0
db2e162c7c1734ed5a58abc1706b9efbbdadbd2ba5f77bea6911a1aabd5e0831,Java 8; CodeWorkout,2019-09-30T13:40:46,0,CS 1,439,13,45fa318db628fdcc1d8bd9d7af0130b098aa3b436e3a955035a340a87518c4d2,True,Compile.Error,,,SyntaxError,line 15: error: ';' expected,174097,174097,174094.0
db2e162c7c1734ed5a58abc1706b9efbbdadbd2ba5f77bea6911a1aabd5e0831,Java 8; CodeWorkout,2019-09-30T13:40:46,0,CS 1,439,13,951bdd42b69c4e78d3842c54b74dcae26f0331467351e096d165dd088500c0b3,True,Run.Program,0.0,,,,174098,174098,
db2e162c7c1734ed5a58abc1706b9efbbdadbd2ba5f77bea6911a1aabd5e0831,Java 8; CodeWorkout,2019-09-30T13:40:46,0,CS 1,439,13,951bdd42b69c4e78d3842c54b74dcae26f0331467351e096d165dd088500c0b3,True,Compile,,Error,,,174099,174099,174098.0
db2e162c7c1734ed5a58abc1706b9efbbdadbd2ba5f77bea6911a1aabd5e0831,Java 8; CodeWorkout,2019-09-30T13:40:46,0,CS 1,439,13,951bdd42b69c4e78d3842c54b74dcae26f0331467351e096d165dd088500c0b3,True,Compile.Error,,,SyntaxError,line 15: error: illegal start of expression. ,174100,174100,174099.0
db2e162c7c1734ed5a58abc1706b9efbbdadbd2ba5f77bea6911a1aabd5e0831,Java 8; CodeWorkout,2019-09-30T13:40:46,0,CS 1,439,13,951bdd42b69c4e78d3842c54b74dcae26f0331467351e096d165dd088500c0b3,True,Compile.Error,,,SyntaxError,line 15: error: not a statement. ,174101,174101,174099.0
db2e162c7c1734ed5a58abc1706b9efbbdadbd2ba5f77bea6911a1aabd5e0831,Java 8; CodeWorkout,2019-09-30T13:40:46,0,CS 1,439,13,951bdd42b69c4e78d3842c54b74dcae26f0331467351e096d165dd088500c0b3,True,Compile.Error,,,SyntaxError,line 15: error: ';' expected,174102,174102,174099.0
db2e162c7c1734ed5a58abc1706b9efbbdadbd2ba5f77bea6911a1aabd5e0831,Java 8; CodeWorkout,2019-09-30T13:46:28,0,CS 1,439,13,702df474189e296311379065759544ee3416ba6a3f1b48b07a6a934e09da1a80,True,Run.Program,0.0,,,,174103,174103,
db2e162c7c1734ed5a58abc1706b9efbbdadbd2ba5f77bea6911a1aabd5e0831,Java 8; CodeWorkout,2019-09-30T13:46:28,0,CS 1,439,13,702df474189e296311379065759544ee3416ba6a3f1b48b07a6a934e09da1a80,True,Compile,,Error,,,174104,174104,174103.0
db2e162c7c1734ed5a58abc1706b9efbbdadbd2ba5f77bea6911a1aabd5e0831,Java 8; CodeWorkout,2019-09-30T13:46:28,0,CS 1,439,13,702df474189e296311379065759544ee3416ba6a3f1b48b07a6a934e09da1a80,True,Compile.Error,,,SyntaxError,line 15: error: not a statement. ,174105,174105,174104.0
db2e162c7c1734ed5a58abc1706b9efbbdadbd2ba5f77bea6911a1aabd5e0831,Java 8; CodeWorkout,2019-09-30T13:46:28,0,CS 1,439,13,702df474189e296311379065759544ee3416ba6a3f1b48b07a6a934e09da1a80,True,Compile.Error,,,SyntaxError,line 15: error: ';' expected,174106,174106,174104.0
db2e162c7c1734ed5a58abc1706b9efbbdadbd2ba5f77bea6911a1aabd5e0831,Java 8; CodeWorkout,2019-09-30T13:46:53,0,CS 1,439,13,f223a470022c4e74f55c007c6d9bfa54a846f7c8e46506721bf37054f1b2f133,True,Run.Program,0.0,,,,174107,174107,
db2e162c7c1734ed5a58abc1706b9efbbdadbd2ba5f77bea6911a1aabd5e0831,Java 8; CodeWorkout,2019-09-30T13:46:53,0,CS 1,439,13,f223a470022c4e74f55c007c6d9bfa54a846f7c8e46506721bf37054f1b2f133,True,Compile,,Error,,,174108,174108,174107.0
db2e162c7c1734ed5a58abc1706b9efbbdadbd2ba5f77bea6911a1aabd5e0831,Java 8; CodeWorkout,2019-09-30T13:46:53,0,CS 1,439,13,f223a470022c4e74f55c007c6d9bfa54a846f7c8e46506721bf37054f1b2f133,True,Compile.Error,,,SyntaxError,line 15: error: not a statement,174109,174109,174108.0
db2e162c7c1734ed5a58abc1706b9efbbdadbd2ba5f77bea6911a1aabd5e0831,Java 8; CodeWorkout,2019-09-30T13:47:03,0,CS 1,439,13,185bd20d2d5887fc646c3befe86787e954c3f7e4aa1f1e824239eed1bed8e05b,True,Run.Program,0.695652,,,,174110,174110,
db2e162c7c1734ed5a58abc1706b9efbbdadbd2ba5f77bea6911a1aabd5e0831,Java 8; CodeWorkout,2019-09-30T13:47:03,0,CS 1,439,13,185bd20d2d5887fc646c3befe86787e954c3f7e4aa1f1e824239eed1bed8e05b,True,Compile,,Success,,,174111,174111,174110.0
db2e162c7c1734ed5a58abc1706b9efbbdadbd2ba5f77bea6911a1aabd5e0831,Java 8; CodeWorkout,2019-09-30T13:47:33,0,CS 1,439,13,17a37a0a6ecb1a4e7aaf58ce636b6a5c050358f7cff29e65ee81730300b37a5d,True,Run.Program,0.0,,,,174112,174112,
db2e162c7c1734ed5a58abc1706b9efbbdadbd2ba5f77bea6911a1aabd5e0831,Java 8; CodeWorkout,2019-09-30T13:47:33,0,CS 1,439,13,17a37a0a6ecb1a4e7aaf58ce636b6a5c050358f7cff29e65ee81730300b37a5d,True,Compile,,Error,,,174113,174113,174112.0
db2e162c7c1734ed5a58abc1706b9efbbdadbd2ba5f77bea6911a1aabd5e0831,Java 8; CodeWorkout,2019-09-30T13:47:33,0,CS 1,439,13,17a37a0a6ecb1a4e7aaf58ce636b6a5c050358f7cff29e65ee81730300b37a5d,True,Compile.Error,,,SyntaxError,line 7: error: illegal start of expression. ,174114,174114,174113.0
db2e162c7c1734ed5a58abc1706b9efbbdadbd2ba5f77bea6911a1aabd5e0831,Java 8; CodeWorkout,2019-09-30T13:47:33,0,CS 1,439,13,17a37a0a6ecb1a4e7aaf58ce636b6a5c050358f7cff29e65ee81730300b37a5d,True,Compile.Error,,,SyntaxError,line 11: error: illegal start of expression,174115,174115,174113.0
db2e162c7c1734ed5a58abc1706b9efbbdadbd2ba5f77bea6911a1aabd5e0831,Java 8; CodeWorkout,2019-09-30T13:47:52,0,CS 1,439,13,8cecb908b3a939c824190b060a432a46d485f6abde5f046267e9a78f362bf2dd,True,Run.Program,0.0,,,,174116,174116,
db2e162c7c1734ed5a58abc1706b9efbbdadbd2ba5f77bea6911a1aabd5e0831,Java 8; CodeWorkout,2019-09-30T13:47:52,0,CS 1,439,13,8cecb908b3a939c824190b060a432a46d485f6abde5f046267e9a78f362bf2dd,True,Compile,,Error,,,174117,174117,174116.0
db2e162c7c1734ed5a58abc1706b9efbbdadbd2ba5f77bea6911a1aabd5e0831,Java 8; CodeWorkout,2019-09-30T13:47:52,0,CS 1,439,13,8cecb908b3a939c824190b060a432a46d485f6abde5f046267e9a78f362bf2dd,True,Compile.Error,,,SyntaxError,line 7: error: illegal start of expression. ,174118,174118,174117.0
db2e162c7c1734ed5a58abc1706b9efbbdadbd2ba5f77bea6911a1aabd5e0831,Java 8; CodeWorkout,2019-09-30T13:47:52,0,CS 1,439,13,8cecb908b3a939c824190b060a432a46d485f6abde5f046267e9a78f362bf2dd,True,Compile.Error,,,SyntaxError,line 11: error: illegal start of expression,174119,174119,174117.0
db2e162c7c1734ed5a58abc1706b9efbbdadbd2ba5f77bea6911a1aabd5e0831,Java 8; CodeWorkout,2019-09-30T13:48:29,0,CS 1,439,13,860eb8a9e313be4871f235b154dcb2ead1d15846ec8551d1423b447107384ca6,True,Run.Program,0.0,,,,174120,174120,
db2e162c7c1734ed5a58abc1706b9efbbdadbd2ba5f77bea6911a1aabd5e0831,Java 8; CodeWorkout,2019-09-30T13:48:29,0,CS 1,439,13,860eb8a9e313be4871f235b154dcb2ead1d15846ec8551d1423b447107384ca6,True,Compile,,Error,,,174121,174121,174120.0
db2e162c7c1734ed5a58abc1706b9efbbdadbd2ba5f77bea6911a1aabd5e0831,Java 8; CodeWorkout,2019-09-30T13:48:29,0,CS 1,439,13,860eb8a9e313be4871f235b154dcb2ead1d15846ec8551d1423b447107384ca6,True,Compile.Error,,,SyntaxError,line 19: error: missing return statement,174122,174122,174121.0
db2e162c7c1734ed5a58abc1706b9efbbdadbd2ba5f77bea6911a1aabd5e0831,Java 8; CodeWorkout,2019-09-30T13:48:29,0,CS 1,439,13,49c3797c65988249f6f530a17e15d8185c73866acd9da87d4ab01bcb8244c505,True,Run.Program,0.0,,,,174123,174123,
db2e162c7c1734ed5a58abc1706b9efbbdadbd2ba5f77bea6911a1aabd5e0831,Java 8; CodeWorkout,2019-09-30T13:48:29,0,CS 1,439,13,49c3797c65988249f6f530a17e15d8185c73866acd9da87d4ab01bcb8244c505,True,Compile,,Error,,,174124,174124,174123.0
db2e162c7c1734ed5a58abc1706b9efbbdadbd2ba5f77bea6911a1aabd5e0831,Java 8; CodeWorkout,2019-09-30T13:48:29,0,CS 1,439,13,49c3797c65988249f6f530a17e15d8185c73866acd9da87d4ab01bcb8244c505,True,Compile.Error,,,SyntaxError,line 19: error: missing return statement,174125,174125,174124.0
db2e162c7c1734ed5a58abc1706b9efbbdadbd2ba5f77bea6911a1aabd5e0831,Java 8; CodeWorkout,2019-09-30T13:48:44,0,CS 1,439,13,55c891ac3adfc3c32bd10775981a7d9ebcfd9f25bcca3c351f2730069f77e62f,True,Run.Program,0.0,,,,174126,174126,
db2e162c7c1734ed5a58abc1706b9efbbdadbd2ba5f77bea6911a1aabd5e0831,Java 8; CodeWorkout,2019-09-30T13:48:44,0,CS 1,439,13,55c891ac3adfc3c32bd10775981a7d9ebcfd9f25bcca3c351f2730069f77e62f,True,Compile,,Error,,,174127,174127,174126.0
db2e162c7c1734ed5a58abc1706b9efbbdadbd2ba5f77bea6911a1aabd5e0831,Java 8; CodeWorkout,2019-09-30T13:48:44,0,CS 1,439,13,55c891ac3adfc3c32bd10775981a7d9ebcfd9f25bcca3c351f2730069f77e62f,True,Compile.Error,,,SyntaxError,line 19: error: missing return statement,174128,174128,174127.0
ea47fdcc277117bd663900f36ab09bad41ea1af083ccbc63647b5838e1056ebc,Java 8; CodeWorkout,2019-09-30T13:39:36,0,CS 1,439,1,ba64eb0cec5e0bf39d733f1c2b41e704b157661fc87d6874974ba367b6e01830,True,Run.Program,1.0,,,,171960,171960,
ea47fdcc277117bd663900f36ab09bad41ea1af083ccbc63647b5838e1056ebc,Java 8; CodeWorkout,2019-09-30T13:39:36,0,CS 1,439,1,ba64eb0cec5e0bf39d733f1c2b41e704b157661fc87d6874974ba367b6e01830,True,Compile,,Success,,,171961,171961,171960.0
ea47fdcc277117bd663900f36ab09bad41ea1af083ccbc63647b5838e1056ebc,Java 8; CodeWorkout,2019-09-30T13:42:34,0,CS 1,439,3,5740abbd616db5011b78fa834ca50d561d44369227a91036372c7763384b67dd,True,Run.Program,0.625,,,,171962,171962,
ea47fdcc277117bd663900f36ab09bad41ea1af083ccbc63647b5838e1056ebc,Java 8; CodeWorkout,2019-09-30T13:42:34,0,CS 1,439,3,5740abbd616db5011b78fa834ca50d561d44369227a91036372c7763384b67dd,True,Compile,,Success,,,171963,171963,171962.0
ea47fdcc277117bd663900f36ab09bad41ea1af083ccbc63647b5838e1056ebc,Java 8; CodeWorkout,2019-09-30T13:43:10,0,CS 1,439,3,7f1fed64f2d50f9ab942a6eb7f73d1484aa9a5c5f4cb7f537710b8475125dd1c,True,Run.Program,0.875,,,,171964,171964,
ea47fdcc277117bd663900f36ab09bad41ea1af083ccbc63647b5838e1056ebc,Java 8; CodeWorkout,2019-09-30T13:43:10,0,CS 1,439,3,7f1fed64f2d50f9ab942a6eb7f73d1484aa9a5c5f4cb7f537710b8475125dd1c,True,Compile,,Success,,,171965,171965,171964.0
ea47fdcc277117bd663900f36ab09bad41ea1af083ccbc63647b5838e1056ebc,Java 8; CodeWorkout,2019-09-30T13:45:50,0,CS 1,439,3,21dc1f2b135b6175a276f4b37ed7273cfa22843d6a9750314b9c95194e1a86c3,True,Run.Program,1.0,,,,171966,171966,
ea47fdcc277117bd663900f36ab09bad41ea1af083ccbc63647b5838e1056ebc,Java 8; CodeWorkout,2019-09-30T13:45:50,0,CS 1,439,3,21dc1f2b135b6175a276f4b37ed7273cfa22843d6a9750314b9c95194e1a86c3,True,Compile,,Success,,,171967,171967,171966.0
ea47fdcc277117bd663900f36ab09bad41ea1af083ccbc63647b5838e1056ebc,Java 8; CodeWorkout,2019-09-30T13:32:42,0,CS 1,439,5,dca188b72e1df83695d0eb37bf49272fb1f6f88ef14fea2188107cbb65434870,True,Run.Program,0.875,,,,171951,171951,
ea47fdcc277117bd663900f36ab09bad41ea1af083ccbc63647b5838e1056ebc,Java 8; CodeWorkout,2019-09-30T13:32:42,0,CS 1,439,5,dca188b72e1df83695d0eb37bf49272fb1f6f88ef14fea2188107cbb65434870,True,Compile,,Success,,,171952,171952,171951.0
ea47fdcc277117bd663900f36ab09bad41ea1af083ccbc63647b5838e1056ebc,Java 8; CodeWorkout,2019-09-30T13:33:07,0,CS 1,439,5,3c6196cc12817a9b2f7ded42733f796e47e9412dce76e5fc67e73443bee797f2,True,Run.Program,1.0,,,,171953,171953,
ea47fdcc277117bd663900f36ab09bad41ea1af083ccbc63647b5838e1056ebc,Java 8; CodeWorkout,2019-09-30T13:33:07,0,CS 1,439,5,3c6196cc12817a9b2f7ded42733f796e47e9412dce76e5fc67e73443bee797f2,True,Compile,,Success,,,171954,171954,171953.0
ea47fdcc277117bd663900f36ab09bad41ea1af083ccbc63647b5838e1056ebc,Java 8; CodeWorkout,2019-09-30T13:47:43,0,CS 1,439,12,6533a34913c1b7f84b5c246c57050e0da3037eb15a60754e3e03f7d94a30bff0,True,Run.Program,1.0,,,,171968,171968,
ea47fdcc277117bd663900f36ab09bad41ea1af083ccbc63647b5838e1056ebc,Java 8; CodeWorkout,2019-09-30T13:47:43,0,CS 1,439,12,6533a34913c1b7f84b5c246c57050e0da3037eb15a60754e3e03f7d94a30bff0,True,Compile,,Success,,,171969,171969,171968.0
ea47fdcc277117bd663900f36ab09bad41ea1af083ccbc63647b5838e1056ebc,Java 8; CodeWorkout,2019-09-30T13:14:28,0,CS 1,439,13,2cd57471e7f2085d9267755fa00e4123501bdc0dec12a4ca0bfe6fd7be10d25c,True,Run.Program,1.0,,,,171929,171929,
ea47fdcc277117bd663900f36ab09bad41ea1af083ccbc63647b5838e1056ebc,Java 8; CodeWorkout,2019-09-30T13:14:28,0,CS 1,439,13,2cd57471e7f2085d9267755fa00e4123501bdc0dec12a4ca0bfe6fd7be10d25c,True,Compile,,Success,,,171930,171930,171929.0
ea47fdcc277117bd663900f36ab09bad41ea1af083ccbc63647b5838e1056ebc,Java 8; CodeWorkout,2019-09-30T13:18:11,0,CS 1,439,232,cda8595de91dff72712dea0b7ccfa7247d226fa45ff7d49b5d6458591a0ddf94,True,Run.Program,0.857143,,,,171931,171931,
ea47fdcc277117bd663900f36ab09bad41ea1af083ccbc63647b5838e1056ebc,Java 8; CodeWorkout,2019-09-30T13:18:11,0,CS 1,439,232,cda8595de91dff72712dea0b7ccfa7247d226fa45ff7d49b5d6458591a0ddf94,True,Compile,,Success,,,171932,171932,171931.0
ea47fdcc277117bd663900f36ab09bad41ea1af083ccbc63647b5838e1056ebc,Java 8; CodeWorkout,2019-09-30T13:19:00,0,CS 1,439,232,bfff048a1dafabc1f7d852c6b48087bf4913bdc5c67aa18af88fdd97434467f4,True,Run.Program,0.714286,,,,171933,171933,
ea47fdcc277117bd663900f36ab09bad41ea1af083ccbc63647b5838e1056ebc,Java 8; CodeWorkout,2019-09-30T13:19:00,0,CS 1,439,232,bfff048a1dafabc1f7d852c6b48087bf4913bdc5c67aa18af88fdd97434467f4,True,Compile,,Success,,,171934,171934,171933.0
ea47fdcc277117bd663900f36ab09bad41ea1af083ccbc63647b5838e1056ebc,Java 8; CodeWorkout,2019-09-30T13:19:28,0,CS 1,439,232,610920cd4ca0efe081140476b779d5d89d295e1fe313f3011a4264182d9a5f0b,True,Run.Program,1.0,,,,171935,171935,
ea47fdcc277117bd663900f36ab09bad41ea1af083ccbc63647b5838e1056ebc,Java 8; CodeWorkout,2019-09-30T13:19:28,0,CS 1,439,232,610920cd4ca0efe081140476b779d5d89d295e1fe313f3011a4264182d9a5f0b,True,Compile,,Success,,,171936,171936,171935.0
ea47fdcc277117bd663900f36ab09bad41ea1af083ccbc63647b5838e1056ebc,Java 8; CodeWorkout,2019-09-30T13:37:49,0,CS 1,439,233,6a9faca6848901261c85eec9c688f86c163fb8c2da734849d8aad685b414d8fc,True,Run.Program,0.0,,,,171955,171955,
ea47fdcc277117bd663900f36ab09bad41ea1af083ccbc63647b5838e1056ebc,Java 8; CodeWorkout,2019-09-30T13:37:49,0,CS 1,439,233,6a9faca6848901261c85eec9c688f86c163fb8c2da734849d8aad685b414d8fc,True,Compile,,Error,,,171956,171956,171955.0
ea47fdcc277117bd663900f36ab09bad41ea1af083ccbc63647b5838e1056ebc,Java 8; CodeWorkout,2019-09-30T13:37:49,0,CS 1,439,233,6a9faca6848901261c85eec9c688f86c163fb8c2da734849d8aad685b414d8fc,True,Compile.Error,,,SyntaxError,line 6: error: ';' expected,171957,171957,171956.0
ea47fdcc277117bd663900f36ab09bad41ea1af083ccbc63647b5838e1056ebc,Java 8; CodeWorkout,2019-09-30T13:38:00,0,CS 1,439,233,04d06d0b50cbf938c37cc2dda32a19aa619d2dc9c4272060374161dc899b784b,True,Run.Program,1.0,,,,171958,171958,
ea47fdcc277117bd663900f36ab09bad41ea1af083ccbc63647b5838e1056ebc,Java 8; CodeWorkout,2019-09-30T13:38:00,0,CS 1,439,233,04d06d0b50cbf938c37cc2dda32a19aa619d2dc9c4272060374161dc899b784b,True,Compile,,Success,,,171959,171959,171958.0
ea47fdcc277117bd663900f36ab09bad41ea1af083ccbc63647b5838e1056ebc,Java 8; CodeWorkout,2019-09-30T13:25:26,0,CS 1,439,234,85e813d17516560feab40bfe6339a8ea40b9e4b93b417946d03b8377a954c440,True,Run.Program,0.0,,,,171941,171941,
ea47fdcc277117bd663900f36ab09bad41ea1af083ccbc63647b5838e1056ebc,Java 8; CodeWorkout,2019-09-30T13:25:26,0,CS 1,439,234,85e813d17516560feab40bfe6339a8ea40b9e4b93b417946d03b8377a954c440,True,Compile,,Error,,,171942,171942,171941.0
ea47fdcc277117bd663900f36ab09bad41ea1af083ccbc63647b5838e1056ebc,Java 8; CodeWorkout,2019-09-30T13:25:26,0,CS 1,439,234,85e813d17516560feab40bfe6339a8ea40b9e4b93b417946d03b8377a954c440,True,Compile.Error,,,SyntaxError,line 7: error: 'else' without 'if',171943,171943,171942.0
ea47fdcc277117bd663900f36ab09bad41ea1af083ccbc63647b5838e1056ebc,Java 8; CodeWorkout,2019-09-30T13:25:43,0,CS 1,439,234,5329e6ee502d55f40e566488efcea8134253b0ce1a6198c586c4817179f362b9,True,Run.Program,1.0,,,,171944,171944,
ea47fdcc277117bd663900f36ab09bad41ea1af083ccbc63647b5838e1056ebc,Java 8; CodeWorkout,2019-09-30T13:25:43,0,CS 1,439,234,5329e6ee502d55f40e566488efcea8134253b0ce1a6198c586c4817179f362b9,True,Compile,,Success,,,171945,171945,171944.0
ea47fdcc277117bd663900f36ab09bad41ea1af083ccbc63647b5838e1056ebc,Java 8; CodeWorkout,2019-09-30T13:22:04,0,CS 1,439,235,f62fbabf366f27a1a6b4d99a5659acb04e1209719d120f73af9e728e0dfb8b33,True,Run.Program,0.714286,,,,171937,171937,
ea47fdcc277117bd663900f36ab09bad41ea1af083ccbc63647b5838e1056ebc,Java 8; CodeWorkout,2019-09-30T13:22:04,0,CS 1,439,235,f62fbabf366f27a1a6b4d99a5659acb04e1209719d120f73af9e728e0dfb8b33,True,Compile,,Success,,,171938,171938,171937.0
ea47fdcc277117bd663900f36ab09bad41ea1af083ccbc63647b5838e1056ebc,Java 8; CodeWorkout,2019-09-30T13:22:47,0,CS 1,439,235,9216b116363b1714a914dc8df2a40c9dc87addb1fcb17bf6d04cef30105ad81d,True,Run.Program,1.0,,,,171939,171939,
ea47fdcc277117bd663900f36ab09bad41ea1af083ccbc63647b5838e1056ebc,Java 8; CodeWorkout,2019-09-30T13:22:47,0,CS 1,439,235,9216b116363b1714a914dc8df2a40c9dc87addb1fcb17bf6d04cef30105ad81d,True,Compile,,Success,,,171940,171940,171939.0
ea47fdcc277117bd663900f36ab09bad41ea1af083ccbc63647b5838e1056ebc,Java 8; CodeWorkout,2019-09-30T13:29:29,0,CS 1,439,236,9f3ac1827c605ec899c4e7403cfc1f78121a56ce7725e376f13b2b0edab85ee4,True,Run.Program,0.0,,,,171946,171946,
ea47fdcc277117bd663900f36ab09bad41ea1af083ccbc63647b5838e1056ebc,Java 8; CodeWorkout,2019-09-30T13:29:29,0,CS 1,439,236,9f3ac1827c605ec899c4e7403cfc1f78121a56ce7725e376f13b2b0edab85ee4,True,Compile,,Error,,,171947,171947,171946.0
ea47fdcc277117bd663900f36ab09bad41ea1af083ccbc63647b5838e1056ebc,Java 8; CodeWorkout,2019-09-30T13:29:29,0,CS 1,439,236,9f3ac1827c605ec899c4e7403cfc1f78121a56ce7725e376f13b2b0edab85ee4,True,Compile.Error,,,SyntaxError,line 3: error: ')' expected,171948,171948,171947.0
ea47fdcc277117bd663900f36ab09bad41ea1af083ccbc63647b5838e1056ebc,Java 8; CodeWorkout,2019-09-30T13:29:41,0,CS 1,439,236,ab9f7d471c76a3ab7ead5aa61cd962427cf1a95bc4c8c40096b6b9364e268251,True,Run.Program,1.0,,,,171949,171949,
ea47fdcc277117bd663900f36ab09bad41ea1af083ccbc63647b5838e1056ebc,Java 8; CodeWorkout,2019-09-30T13:29:41,0,CS 1,439,236,ab9f7d471c76a3ab7ead5aa61cd962427cf1a95bc4c8c40096b6b9364e268251,True,Compile,,Success,,,171950,171950,171949.0
