COMMANDE LOGIQUE
python C:\Users\chris\Desktop\Code\TracesPresenter\Traces_presenter\Jupyter\Chaine\scripts_Mirabelle\eq_FE_Mirabelle.py C:\Users\chris\Desktop\Code\TracesPresenter\Traces_presenter\Jupyter\Chaine\data\traces_anonymisees_RGPD_2026_06_09.csv C:\Users\chris\Desktop\Code\TracesPresenter\Traces_presenter\Jupyter\Chaine\csv\eq_FE.csv

SORTIE DU SCRIPT
--- Logging error ---
Traceback (most recent call last):
  File "c:\Users\chris\AppData\Local\Programs\Python\Python314\Lib\logging\__init__.py", line 1154, in emit
    stream.write(msg + self.terminator)
    ~~~~~~~~~~~~^^^^^^^^^^^^^^^^^^^^^^^
ValueError: I/O operation on closed file.
Call stack:
  File "<frozen runpy>", line 198, in _run_module_as_main
  File "<frozen runpy>", line 88, in _run_code
  File "C:\Users\chris\AppData\Roaming\Python\Python314\site-packages\ipykernel_launcher.py", line 18, in <module>
    app.launch_new_instance()
  File "C:\Users\chris\AppData\Roaming\Python\Python314\site-packages\traitlets\config\application.py", line 1082, in launch_instance
    app.start()
  File "C:\Users\chris\AppData\Roaming\Python\Python314\site-packages\ipykernel\kernelapp.py", line 758, in start
    self.io_loop.start()
  File "C:\Users\chris\AppData\Roaming\Python\Python314\site-packages\tornado\platform\asyncio.py", line 211, in start
    self.asyncio_loop.run_forever()
  File "c:\Users\chris\AppData\Local\Programs\Python\Python314\Lib\asyncio\base_events.py", line 677, in run_forever
    self._run_once()
  File "c:\Users\chris\AppData\Local\Programs\Python\Python314\Lib\asyncio\base_events.py", line 2046, in _run_once
    handle._run()
  File "c:\Users\chris\AppData\Local\Programs\Python\Python314\Lib\asyncio\events.py", line 94, in _run
    self._context.run(self._callback, *self._args)
  File "C:\Users\chris\AppData\Roaming\Python\Python314\site-packages\ipykernel\kernelbase.py", line 621, in shell_main
    await self.dispatch_shell(msg, subshell_id=subshell_id)
  File "C:\Users\chris\AppData\Roaming\Python\Python314\site-packages\ipykernel\kernelbase.py", line 478, in dispatch_shell
    await result
  File "C:\Users\chris\AppData\Roaming\Python\Python314\site-packages\ipykernel\ipkernel.py", line 372, in execute_request
    await super().execute_request(stream, ident, parent)
  File "C:\Users\chris\AppData\Roaming\Python\Python314\site-packages\ipykernel\kernelbase.py", line 834, in execute_request
    reply_content = await reply_content
  File "C:\Users\chris\AppData\Roaming\Python\Python314\site-packages\ipykernel\ipkernel.py", line 464, in do_execute
    res = shell.run_cell(
  File "C:\Users\chris\AppData\Roaming\Python\Python314\site-packages\ipykernel\zmqshell.py", line 663, in run_cell
    return super().run_cell(*args, **kwargs)
  File "C:\Users\chris\AppData\Roaming\Python\Python314\site-packages\IPython\core\interactiveshell.py", line 3170, in run_cell
    result = self._run_cell(
  File "C:\Users\chris\AppData\Roaming\Python\Python314\site-packages\IPython\core\interactiveshell.py", line 3225, in _run_cell
    result = runner(coro)
  File "C:\Users\chris\AppData\Roaming\Python\Python314\site-packages\IPython\core\async_helpers.py", line 128, in _pseudo_sync_runner
    coro.send(None)
  File "C:\Users\chris\AppData\Roaming\Python\Python314\site-packages\IPython\core\interactiveshell.py", line 3447, in run_cell_async
    has_raised = await self.run_ast_nodes(code_ast.body, cell_name,
  File "C:\Users\chris\AppData\Roaming\Python\Python314\site-packages\IPython\core\interactiveshell.py", line 3688, in run_ast_nodes
    if await self.run_code(code, result, async_=asy):
  File "C:\Users\chris\AppData\Roaming\Python\Python314\site-packages\IPython\core\interactiveshell.py", line 3748, in run_code
    exec(code_obj, self.user_global_ns, self.user_ns)
  File "C:\Users\chris\AppData\Local\Temp\ipykernel_5480\3007420965.py", line 73, in <module>
    runpy.run_path(str(script_path), run_name="__main__")
  File "<frozen runpy>", line 287, in run_path
  File "<frozen runpy>", line 98, in _run_module_code
  File "<frozen runpy>", line 88, in _run_code
  File "C:\Users\chris\Desktop\Code\TracesPresenter\Traces_presenter\Jupyter\Chaine\scripts_Mirabelle\eq_FE_Mirabelle.py", line 73, in <module>
    main(_read, _write)
  File "C:\Users\chris\Desktop\Code\TracesPresenter\Traces_presenter\Jupyter\Chaine\scripts_Mirabelle\eq_FE_Mirabelle.py", line 43, in main
    df = um.load_csv(read_path)
  File "C:\Users\chris\Desktop\Code\TracesPresenter\Traces_presenter\Jupyter\Chaine\scripts_Mirabelle\utils_Mirabelle.py", line 247, in load_csv
    out.info("Chargement de %s …", path)
Message: 'Chargement de %s …'
Arguments: ('C:\\Users\\chris\\Desktop\\Code\\TracesPresenter\\Traces_presenter\\Jupyter\\Chaine\\data\\traces_anonymisees_RGPD_2026_06_09.csv',)
--- Logging error ---
Traceback (most recent call last):
  File "c:\Users\chris\AppData\Local\Programs\Python\Python314\Lib\logging\__init__.py", line 1154, in emit
    stream.write(msg + self.terminator)
    ~~~~~~~~~~~~^^^^^^^^^^^^^^^^^^^^^^^
ValueError: I/O operation on closed file.
Call stack:
  File "<frozen runpy>", line 198, in _run_module_as_main
  File "<frozen runpy>", line 88, in _run_code
  File "C:\Users\chris\AppData\Roaming\Python\Python314\site-packages\ipykernel_launcher.py", line 18, in <module>
    app.launch_new_instance()
  File "C:\Users\chris\AppData\Roaming\Python\Python314\site-packages\traitlets\config\application.py", line 1082, in launch_instance
    app.start()
  File "C:\Users\chris\AppData\Roaming\Python\Python314\site-packages\ipykernel\kernelapp.py", line 758, in start
    self.io_loop.start()
  File "C:\Users\chris\AppData\Roaming\Python\Python314\site-packages\tornado\platform\asyncio.py", line 211, in start
    self.asyncio_loop.run_forever()
  File "c:\Users\chris\AppData\Local\Programs\Python\Python314\Lib\asyncio\base_events.py", line 677, in run_forever
    self._run_once()
  File "c:\Users\chris\AppData\Local\Programs\Python\Python314\Lib\asyncio\base_events.py", line 2046, in _run_once
    handle._run()
  File "c:\Users\chris\AppData\Local\Programs\Python\Python314\Lib\asyncio\events.py", line 94, in _run
    self._context.run(self._callback, *self._args)
  File "C:\Users\chris\AppData\Roaming\Python\Python314\site-packages\ipykernel\kernelbase.py", line 621, in shell_main
    await self.dispatch_shell(msg, subshell_id=subshell_id)
  File "C:\Users\chris\AppData\Roaming\Python\Python314\site-packages\ipykernel\kernelbase.py", line 478, in dispatch_shell
    await result
  File "C:\Users\chris\AppData\Roaming\Python\Python314\site-packages\ipykernel\ipkernel.py", line 372, in execute_request
    await super().execute_request(stream, ident, parent)
  File "C:\Users\chris\AppData\Roaming\Python\Python314\site-packages\ipykernel\kernelbase.py", line 834, in execute_request
    reply_content = await reply_content
  File "C:\Users\chris\AppData\Roaming\Python\Python314\site-packages\ipykernel\ipkernel.py", line 464, in do_execute
    res = shell.run_cell(
  File "C:\Users\chris\AppData\Roaming\Python\Python314\site-packages\ipykernel\zmqshell.py", line 663, in run_cell
    return super().run_cell(*args, **kwargs)
  File "C:\Users\chris\AppData\Roaming\Python\Python314\site-packages\IPython\core\interactiveshell.py", line 3170, in run_cell
    result = self._run_cell(
  File "C:\Users\chris\AppData\Roaming\Python\Python314\site-packages\IPython\core\interactiveshell.py", line 3225, in _run_cell
    result = runner(coro)
  File "C:\Users\chris\AppData\Roaming\Python\Python314\site-packages\IPython\core\async_helpers.py", line 128, in _pseudo_sync_runner
    coro.send(None)
  File "C:\Users\chris\AppData\Roaming\Python\Python314\site-packages\IPython\core\interactiveshell.py", line 3447, in run_cell_async
    has_raised = await self.run_ast_nodes(code_ast.body, cell_name,
  File "C:\Users\chris\AppData\Roaming\Python\Python314\site-packages\IPython\core\interactiveshell.py", line 3688, in run_ast_nodes
    if await self.run_code(code, result, async_=asy):
  File "C:\Users\chris\AppData\Roaming\Python\Python314\site-packages\IPython\core\interactiveshell.py", line 3748, in run_code
    exec(code_obj, self.user_global_ns, self.user_ns)
  File "C:\Users\chris\AppData\Local\Temp\ipykernel_5480\3007420965.py", line 73, in <module>
    runpy.run_path(str(script_path), run_name="__main__")
  File "<frozen runpy>", line 287, in run_path
  File "<frozen runpy>", line 98, in _run_module_code
  File "<frozen runpy>", line 88, in _run_code
  File "C:\Users\chris\Desktop\Code\TracesPresenter\Traces_presenter\Jupyter\Chaine\scripts_Mirabelle\eq_FE_Mirabelle.py", line 73, in <module>
    main(_read, _write)
  File "C:\Users\chris\Desktop\Code\TracesPresenter\Traces_presenter\Jupyter\Chaine\scripts_Mirabelle\eq_FE_Mirabelle.py", line 43, in main
    df = um.load_csv(read_path)
  File "C:\Users\chris\Desktop\Code\TracesPresenter\Traces_presenter\Jupyter\Chaine\scripts_Mirabelle\utils_Mirabelle.py", line 249, in load_csv
    out.info("  %d lignes, %d colonnes", len(df), len(df.columns))
Message: '  %d lignes, %d colonnes'
Arguments: (766162, 34)
--- Logging error ---
Traceback (most recent call last):
  File "c:\Users\chris\AppData\Local\Programs\Python\Python314\Lib\logging\__init__.py", line 1154, in emit
    stream.write(msg + self.terminator)
    ~~~~~~~~~~~~^^^^^^^^^^^^^^^^^^^^^^^
ValueError: I/O operation on closed file.
Call stack:
  File "<frozen runpy>", line 198, in _run_module_as_main
  File "<frozen runpy>", line 88, in _run_code
  File "C:\Users\chris\AppData\Roaming\Python\Python314\site-packages\ipykernel_launcher.py", line 18, in <module>
    app.launch_new_instance()
  File "C:\Users\chris\AppData\Roaming\Python\Python314\site-packages\traitlets\config\application.py", line 1082, in launch_instance
    app.start()
  File "C:\Users\chris\AppData\Roaming\Python\Python314\site-packages\ipykernel\kernelapp.py", line 758, in start
    self.io_loop.start()
  File "C:\Users\chris\AppData\Roaming\Python\Python314\site-packages\tornado\platform\asyncio.py", line 211, in start
    self.asyncio_loop.run_forever()
  File "c:\Users\chris\AppData\Local\Programs\Python\Python314\Lib\asyncio\base_events.py", line 677, in run_forever
    self._run_once()
  File "c:\Users\chris\AppData\Local\Programs\Python\Python314\Lib\asyncio\base_events.py", line 2046, in _run_once
    handle._run()
  File "c:\Users\chris\AppData\Local\Programs\Python\Python314\Lib\asyncio\events.py", line 94, in _run
    self._context.run(self._callback, *self._args)
  File "C:\Users\chris\AppData\Roaming\Python\Python314\site-packages\ipykernel\kernelbase.py", line 621, in shell_main
    await self.dispatch_shell(msg, subshell_id=subshell_id)
  File "C:\Users\chris\AppData\Roaming\Python\Python314\site-packages\ipykernel\kernelbase.py", line 478, in dispatch_shell
    await result
  File "C:\Users\chris\AppData\Roaming\Python\Python314\site-packages\ipykernel\ipkernel.py", line 372, in execute_request
    await super().execute_request(stream, ident, parent)
  File "C:\Users\chris\AppData\Roaming\Python\Python314\site-packages\ipykernel\kernelbase.py", line 834, in execute_request
    reply_content = await reply_content
  File "C:\Users\chris\AppData\Roaming\Python\Python314\site-packages\ipykernel\ipkernel.py", line 464, in do_execute
    res = shell.run_cell(
  File "C:\Users\chris\AppData\Roaming\Python\Python314\site-packages\ipykernel\zmqshell.py", line 663, in run_cell
    return super().run_cell(*args, **kwargs)
  File "C:\Users\chris\AppData\Roaming\Python\Python314\site-packages\IPython\core\interactiveshell.py", line 3170, in run_cell
    result = self._run_cell(
  File "C:\Users\chris\AppData\Roaming\Python\Python314\site-packages\IPython\core\interactiveshell.py", line 3225, in _run_cell
    result = runner(coro)
  File "C:\Users\chris\AppData\Roaming\Python\Python314\site-packages\IPython\core\async_helpers.py", line 128, in _pseudo_sync_runner
    coro.send(None)
  File "C:\Users\chris\AppData\Roaming\Python\Python314\site-packages\IPython\core\interactiveshell.py", line 3447, in run_cell_async
    has_raised = await self.run_ast_nodes(code_ast.body, cell_name,
  File "C:\Users\chris\AppData\Roaming\Python\Python314\site-packages\IPython\core\interactiveshell.py", line 3688, in run_ast_nodes
    if await self.run_code(code, result, async_=asy):
  File "C:\Users\chris\AppData\Roaming\Python\Python314\site-packages\IPython\core\interactiveshell.py", line 3748, in run_code
    exec(code_obj, self.user_global_ns, self.user_ns)
  File "C:\Users\chris\AppData\Local\Temp\ipykernel_5480\3007420965.py", line 73, in <module>
    runpy.run_path(str(script_path), run_name="__main__")
  File "<frozen runpy>", line 287, in run_path
  File "<frozen runpy>", line 98, in _run_module_code
  File "<frozen runpy>", line 88, in _run_code
  File "C:\Users\chris\Desktop\Code\TracesPresenter\Traces_presenter\Jupyter\Chaine\scripts_Mirabelle\eq_FE_Mirabelle.py", line 73, in <module>
    main(_read, _write)
  File "C:\Users\chris\Desktop\Code\TracesPresenter\Traces_presenter\Jupyter\Chaine\scripts_Mirabelle\eq_FE_Mirabelle.py", line 49, in main
    out.info("%d étudiant(s) trouvé(s)", len(actors))
Message: '%d étudiant(s) trouvé(s)'
Arguments: (232,)
--- Logging error ---
Traceback (most recent call last):
  File "c:\Users\chris\AppData\Local\Programs\Python\Python314\Lib\logging\__init__.py", line 1154, in emit
    stream.write(msg + self.terminator)
    ~~~~~~~~~~~~^^^^^^^^^^^^^^^^^^^^^^^
ValueError: I/O operation on closed file.
Call stack:
  File "<frozen runpy>", line 198, in _run_module_as_main
  File "<frozen runpy>", line 88, in _run_code
  File "C:\Users\chris\AppData\Roaming\Python\Python314\site-packages\ipykernel_launcher.py", line 18, in <module>
    app.launch_new_instance()
  File "C:\Users\chris\AppData\Roaming\Python\Python314\site-packages\traitlets\config\application.py", line 1082, in launch_instance
    app.start()
  File "C:\Users\chris\AppData\Roaming\Python\Python314\site-packages\ipykernel\kernelapp.py", line 758, in start
    self.io_loop.start()
  File "C:\Users\chris\AppData\Roaming\Python\Python314\site-packages\tornado\platform\asyncio.py", line 211, in start
    self.asyncio_loop.run_forever()
  File "c:\Users\chris\AppData\Local\Programs\Python\Python314\Lib\asyncio\base_events.py", line 677, in run_forever
    self._run_once()
  File "c:\Users\chris\AppData\Local\Programs\Python\Python314\Lib\asyncio\base_events.py", line 2046, in _run_once
    handle._run()
  File "c:\Users\chris\AppData\Local\Programs\Python\Python314\Lib\asyncio\events.py", line 94, in _run
    self._context.run(self._callback, *self._args)
  File "C:\Users\chris\AppData\Roaming\Python\Python314\site-packages\ipykernel\kernelbase.py", line 621, in shell_main
    await self.dispatch_shell(msg, subshell_id=subshell_id)
  File "C:\Users\chris\AppData\Roaming\Python\Python314\site-packages\ipykernel\kernelbase.py", line 478, in dispatch_shell
    await result
  File "C:\Users\chris\AppData\Roaming\Python\Python314\site-packages\ipykernel\ipkernel.py", line 372, in execute_request
    await super().execute_request(stream, ident, parent)
  File "C:\Users\chris\AppData\Roaming\Python\Python314\site-packages\ipykernel\kernelbase.py", line 834, in execute_request
    reply_content = await reply_content
  File "C:\Users\chris\AppData\Roaming\Python\Python314\site-packages\ipykernel\ipkernel.py", line 464, in do_execute
    res = shell.run_cell(
  File "C:\Users\chris\AppData\Roaming\Python\Python314\site-packages\ipykernel\zmqshell.py", line 663, in run_cell
    return super().run_cell(*args, **kwargs)
  File "C:\Users\chris\AppData\Roaming\Python\Python314\site-packages\IPython\core\interactiveshell.py", line 3170, in run_cell
    result = self._run_cell(
  File "C:\Users\chris\AppData\Roaming\Python\Python314\site-packages\IPython\core\interactiveshell.py", line 3225, in _run_cell
    result = runner(coro)
  File "C:\Users\chris\AppData\Roaming\Python\Python314\site-packages\IPython\core\async_helpers.py", line 128, in _pseudo_sync_runner
    coro.send(None)
  File "C:\Users\chris\AppData\Roaming\Python\Python314\site-packages\IPython\core\interactiveshell.py", line 3447, in run_cell_async
    has_raised = await self.run_ast_nodes(code_ast.body, cell_name,
  File "C:\Users\chris\AppData\Roaming\Python\Python314\site-packages\IPython\core\interactiveshell.py", line 3688, in run_ast_nodes
    if await self.run_code(code, result, async_=asy):
  File "C:\Users\chris\AppData\Roaming\Python\Python314\site-packages\IPython\core\interactiveshell.py", line 3748, in run_code
    exec(code_obj, self.user_global_ns, self.user_ns)
  File "C:\Users\chris\AppData\Local\Temp\ipykernel_5480\3007420965.py", line 73, in <module>
    runpy.run_path(str(script_path), run_name="__main__")
  File "<frozen runpy>", line 287, in run_path
  File "<frozen runpy>", line 98, in _run_module_code
  File "<frozen runpy>", line 88, in _run_code
  File "C:\Users\chris\Desktop\Code\TracesPresenter\Traces_presenter\Jupyter\Chaine\scripts_Mirabelle\eq_FE_Mirabelle.py", line 73, in <module>
    main(_read, _write)
  File "C:\Users\chris\Desktop\Code\TracesPresenter\Traces_presenter\Jupyter\Chaine\scripts_Mirabelle\eq_FE_Mirabelle.py", line 60, in main
    out.warning("  %s : pas de paire de tentatives exploitable — ignoré", actor)
Message: '  %s : pas de paire de tentatives exploitable — ignoré'
Arguments: (' 2021)',)
--- Logging error ---
Traceback (most recent call last):
  File "c:\Users\chris\AppData\Local\Programs\Python\Python314\Lib\logging\__init__.py", line 1154, in emit
    stream.write(msg + self.terminator)
    ~~~~~~~~~~~~^^^^^^^^^^^^^^^^^^^^^^^
ValueError: I/O operation on closed file.
Call stack:
  File "<frozen runpy>", line 198, in _run_module_as_main
  File "<frozen runpy>", line 88, in _run_code
  File "C:\Users\chris\AppData\Roaming\Python\Python314\site-packages\ipykernel_launcher.py", line 18, in <module>
    app.launch_new_instance()
  File "C:\Users\chris\AppData\Roaming\Python\Python314\site-packages\traitlets\config\application.py", line 1082, in launch_instance
    app.start()
  File "C:\Users\chris\AppData\Roaming\Python\Python314\site-packages\ipykernel\kernelapp.py", line 758, in start
    self.io_loop.start()
  File "C:\Users\chris\AppData\Roaming\Python\Python314\site-packages\tornado\platform\asyncio.py", line 211, in start
    self.asyncio_loop.run_forever()
  File "c:\Users\chris\AppData\Local\Programs\Python\Python314\Lib\asyncio\base_events.py", line 677, in run_forever
    self._run_once()
  File "c:\Users\chris\AppData\Local\Programs\Python\Python314\Lib\asyncio\base_events.py", line 2046, in _run_once
    handle._run()
  File "c:\Users\chris\AppData\Local\Programs\Python\Python314\Lib\asyncio\events.py", line 94, in _run
    self._context.run(self._callback, *self._args)
  File "C:\Users\chris\AppData\Roaming\Python\Python314\site-packages\ipykernel\kernelbase.py", line 621, in shell_main
    await self.dispatch_shell(msg, subshell_id=subshell_id)
  File "C:\Users\chris\AppData\Roaming\Python\Python314\site-packages\ipykernel\kernelbase.py", line 478, in dispatch_shell
    await result
  File "C:\Users\chris\AppData\Roaming\Python\Python314\site-packages\ipykernel\ipkernel.py", line 372, in execute_request
    await super().execute_request(stream, ident, parent)
  File "C:\Users\chris\AppData\Roaming\Python\Python314\site-packages\ipykernel\kernelbase.py", line 834, in execute_request
    reply_content = await reply_content
  File "C:\Users\chris\AppData\Roaming\Python\Python314\site-packages\ipykernel\ipkernel.py", line 464, in do_execute
    res = shell.run_cell(
  File "C:\Users\chris\AppData\Roaming\Python\Python314\site-packages\ipykernel\zmqshell.py", line 663, in run_cell
    return super().run_cell(*args, **kwargs)
  File "C:\Users\chris\AppData\Roaming\Python\Python314\site-packages\IPython\core\interactiveshell.py", line 3170, in run_cell
    result = self._run_cell(
  File "C:\Users\chris\AppData\Roaming\Python\Python314\site-packages\IPython\core\interactiveshell.py", line 3225, in _run_cell
    result = runner(coro)
  File "C:\Users\chris\AppData\Roaming\Python\Python314\site-packages\IPython\core\async_helpers.py", line 128, in _pseudo_sync_runner
    coro.send(None)
  File "C:\Users\chris\AppData\Roaming\Python\Python314\site-packages\IPython\core\interactiveshell.py", line 3447, in run_cell_async
    has_raised = await self.run_ast_nodes(code_ast.body, cell_name,
  File "C:\Users\chris\AppData\Roaming\Python\Python314\site-packages\IPython\core\interactiveshell.py", line 3688, in run_ast_nodes
    if await self.run_code(code, result, async_=asy):
  File "C:\Users\chris\AppData\Roaming\Python\Python314\site-packages\IPython\core\interactiveshell.py", line 3748, in run_code
    exec(code_obj, self.user_global_ns, self.user_ns)
  File "C:\Users\chris\AppData\Local\Temp\ipykernel_5480\3007420965.py", line 73, in <module>
    runpy.run_path(str(script_path), run_name="__main__")
  File "<frozen runpy>", line 287, in run_path
  File "<frozen runpy>", line 98, in _run_module_code
  File "<frozen runpy>", line 88, in _run_code
  File "C:\Users\chris\Desktop\Code\TracesPresenter\Traces_presenter\Jupyter\Chaine\scripts_Mirabelle\eq_FE_Mirabelle.py", line 73, in <module>
    main(_read, _write)
  File "C:\Users\chris\Desktop\Code\TracesPresenter\Traces_presenter\Jupyter\Chaine\scripts_Mirabelle\eq_FE_Mirabelle.py", line 60, in main
    out.warning("  %s : pas de paire de tentatives exploitable — ignoré", actor)
Message: '  %s : pas de paire de tentatives exploitable — ignoré'
Arguments: (' 2022)',)
--- Logging error ---
Traceback (most recent call last):
  File "c:\Users\chris\AppData\Local\Programs\Python\Python314\Lib\logging\__init__.py", line 1154, in emit
    stream.write(msg + self.terminator)
    ~~~~~~~~~~~~^^^^^^^^^^^^^^^^^^^^^^^
ValueError: I/O operation on closed file.
Call stack:
  File "<frozen runpy>", line 198, in _run_module_as_main
  File "<frozen runpy>", line 88, in _run_code
  File "C:\Users\chris\AppData\Roaming\Python\Python314\site-packages\ipykernel_launcher.py", line 18, in <module>
    app.launch_new_instance()
  File "C:\Users\chris\AppData\Roaming\Python\Python314\site-packages\traitlets\config\application.py", line 1082, in launch_instance
    app.start()
  File "C:\Users\chris\AppData\Roaming\Python\Python314\site-packages\ipykernel\kernelapp.py", line 758, in start
    self.io_loop.start()
  File "C:\Users\chris\AppData\Roaming\Python\Python314\site-packages\tornado\platform\asyncio.py", line 211, in start
    self.asyncio_loop.run_forever()
  File "c:\Users\chris\AppData\Local\Programs\Python\Python314\Lib\asyncio\base_events.py", line 677, in run_forever
    self._run_once()
  File "c:\Users\chris\AppData\Local\Programs\Python\Python314\Lib\asyncio\base_events.py", line 2046, in _run_once
    handle._run()
  File "c:\Users\chris\AppData\Local\Programs\Python\Python314\Lib\asyncio\events.py", line 94, in _run
    self._context.run(self._callback, *self._args)
  File "C:\Users\chris\AppData\Roaming\Python\Python314\site-packages\ipykernel\kernelbase.py", line 621, in shell_main
    await self.dispatch_shell(msg, subshell_id=subshell_id)
  File "C:\Users\chris\AppData\Roaming\Python\Python314\site-packages\ipykernel\kernelbase.py", line 478, in dispatch_shell
    await result
  File "C:\Users\chris\AppData\Roaming\Python\Python314\site-packages\ipykernel\ipkernel.py", line 372, in execute_request
    await super().execute_request(stream, ident, parent)
  File "C:\Users\chris\AppData\Roaming\Python\Python314\site-packages\ipykernel\kernelbase.py", line 834, in execute_request
    reply_content = await reply_content
  File "C:\Users\chris\AppData\Roaming\Python\Python314\site-packages\ipykernel\ipkernel.py", line 464, in do_execute
    res = shell.run_cell(
  File "C:\Users\chris\AppData\Roaming\Python\Python314\site-packages\ipykernel\zmqshell.py", line 663, in run_cell
    return super().run_cell(*args, **kwargs)
  File "C:\Users\chris\AppData\Roaming\Python\Python314\site-packages\IPython\core\interactiveshell.py", line 3170, in run_cell
    result = self._run_cell(
  File "C:\Users\chris\AppData\Roaming\Python\Python314\site-packages\IPython\core\interactiveshell.py", line 3225, in _run_cell
    result = runner(coro)
  File "C:\Users\chris\AppData\Roaming\Python\Python314\site-packages\IPython\core\async_helpers.py", line 128, in _pseudo_sync_runner
    coro.send(None)
  File "C:\Users\chris\AppData\Roaming\Python\Python314\site-packages\IPython\core\interactiveshell.py", line 3447, in run_cell_async
    has_raised = await self.run_ast_nodes(code_ast.body, cell_name,
  File "C:\Users\chris\AppData\Roaming\Python\Python314\site-packages\IPython\core\interactiveshell.py", line 3688, in run_ast_nodes
    if await self.run_code(code, result, async_=asy):
  File "C:\Users\chris\AppData\Roaming\Python\Python314\site-packages\IPython\core\interactiveshell.py", line 3748, in run_code
    exec(code_obj, self.user_global_ns, self.user_ns)
  File "C:\Users\chris\AppData\Local\Temp\ipykernel_5480\3007420965.py", line 73, in <module>
    runpy.run_path(str(script_path), run_name="__main__")
  File "<frozen runpy>", line 287, in run_path
  File "<frozen runpy>", line 98, in _run_module_code
  File "<frozen runpy>", line 88, in _run_code
  File "C:\Users\chris\Desktop\Code\TracesPresenter\Traces_presenter\Jupyter\Chaine\scripts_Mirabelle\eq_FE_Mirabelle.py", line 73, in <module>
    main(_read, _write)
  File "C:\Users\chris\Desktop\Code\TracesPresenter\Traces_presenter\Jupyter\Chaine\scripts_Mirabelle\eq_FE_Mirabelle.py", line 60, in main
    out.warning("  %s : pas de paire de tentatives exploitable — ignoré", actor)
Message: '  %s : pas de paire de tentatives exploitable — ignoré'
Arguments: (' 2023)',)
--- Logging error ---
Traceback (most recent call last):
  File "c:\Users\chris\AppData\Local\Programs\Python\Python314\Lib\logging\__init__.py", line 1154, in emit
    stream.write(msg + self.terminator)
    ~~~~~~~~~~~~^^^^^^^^^^^^^^^^^^^^^^^
ValueError: I/O operation on closed file.
Call stack:
  File "<frozen runpy>", line 198, in _run_module_as_main
  File "<frozen runpy>", line 88, in _run_code
  File "C:\Users\chris\AppData\Roaming\Python\Python314\site-packages\ipykernel_launcher.py", line 18, in <module>
    app.launch_new_instance()
  File "C:\Users\chris\AppData\Roaming\Python\Python314\site-packages\traitlets\config\application.py", line 1082, in launch_instance
    app.start()
  File "C:\Users\chris\AppData\Roaming\Python\Python314\site-packages\ipykernel\kernelapp.py", line 758, in start
    self.io_loop.start()
  File "C:\Users\chris\AppData\Roaming\Python\Python314\site-packages\tornado\platform\asyncio.py", line 211, in start
    self.asyncio_loop.run_forever()
  File "c:\Users\chris\AppData\Local\Programs\Python\Python314\Lib\asyncio\base_events.py", line 677, in run_forever
    self._run_once()
  File "c:\Users\chris\AppData\Local\Programs\Python\Python314\Lib\asyncio\base_events.py", line 2046, in _run_once
    handle._run()
  File "c:\Users\chris\AppData\Local\Programs\Python\Python314\Lib\asyncio\events.py", line 94, in _run
    self._context.run(self._callback, *self._args)
  File "C:\Users\chris\AppData\Roaming\Python\Python314\site-packages\ipykernel\kernelbase.py", line 621, in shell_main
    await self.dispatch_shell(msg, subshell_id=subshell_id)
  File "C:\Users\chris\AppData\Roaming\Python\Python314\site-packages\ipykernel\kernelbase.py", line 478, in dispatch_shell
    await result
  File "C:\Users\chris\AppData\Roaming\Python\Python314\site-packages\ipykernel\ipkernel.py", line 372, in execute_request
    await super().execute_request(stream, ident, parent)
  File "C:\Users\chris\AppData\Roaming\Python\Python314\site-packages\ipykernel\kernelbase.py", line 834, in execute_request
    reply_content = await reply_content
  File "C:\Users\chris\AppData\Roaming\Python\Python314\site-packages\ipykernel\ipkernel.py", line 464, in do_execute
    res = shell.run_cell(
  File "C:\Users\chris\AppData\Roaming\Python\Python314\site-packages\ipykernel\zmqshell.py", line 663, in run_cell
    return super().run_cell(*args, **kwargs)
  File "C:\Users\chris\AppData\Roaming\Python\Python314\site-packages\IPython\core\interactiveshell.py", line 3170, in run_cell
    result = self._run_cell(
  File "C:\Users\chris\AppData\Roaming\Python\Python314\site-packages\IPython\core\interactiveshell.py", line 3225, in _run_cell
    result = runner(coro)
  File "C:\Users\chris\AppData\Roaming\Python\Python314\site-packages\IPython\core\async_helpers.py", line 128, in _pseudo_sync_runner
    coro.send(None)
  File "C:\Users\chris\AppData\Roaming\Python\Python314\site-packages\IPython\core\interactiveshell.py", line 3447, in run_cell_async
    has_raised = await self.run_ast_nodes(code_ast.body, cell_name,
  File "C:\Users\chris\AppData\Roaming\Python\Python314\site-packages\IPython\core\interactiveshell.py", line 3688, in run_ast_nodes
    if await self.run_code(code, result, async_=asy):
  File "C:\Users\chris\AppData\Roaming\Python\Python314\site-packages\IPython\core\interactiveshell.py", line 3748, in run_code
    exec(code_obj, self.user_global_ns, self.user_ns)
  File "C:\Users\chris\AppData\Local\Temp\ipykernel_5480\3007420965.py", line 73, in <module>
    runpy.run_path(str(script_path), run_name="__main__")
  File "<frozen runpy>", line 287, in run_path
  File "<frozen runpy>", line 98, in _run_module_code
  File "<frozen runpy>", line 88, in _run_code
  File "C:\Users\chris\Desktop\Code\TracesPresenter\Traces_presenter\Jupyter\Chaine\scripts_Mirabelle\eq_FE_Mirabelle.py", line 73, in <module>
    main(_read, _write)
  File "C:\Users\chris\Desktop\Code\TracesPresenter\Traces_presenter\Jupyter\Chaine\scripts_Mirabelle\eq_FE_Mirabelle.py", line 60, in main
    out.warning("  %s : pas de paire de tentatives exploitable — ignoré", actor)
Message: '  %s : pas de paire de tentatives exploitable — ignoré'
Arguments: ('0 days 00:00:00.280000',)
--- Logging error ---
Traceback (most recent call last):
  File "c:\Users\chris\AppData\Local\Programs\Python\Python314\Lib\logging\__init__.py", line 1154, in emit
    stream.write(msg + self.terminator)
    ~~~~~~~~~~~~^^^^^^^^^^^^^^^^^^^^^^^
ValueError: I/O operation on closed file.
Call stack:
  File "<frozen runpy>", line 198, in _run_module_as_main
  File "<frozen runpy>", line 88, in _run_code
  File "C:\Users\chris\AppData\Roaming\Python\Python314\site-packages\ipykernel_launcher.py", line 18, in <module>
    app.launch_new_instance()
  File "C:\Users\chris\AppData\Roaming\Python\Python314\site-packages\traitlets\config\application.py", line 1082, in launch_instance
    app.start()
  File "C:\Users\chris\AppData\Roaming\Python\Python314\site-packages\ipykernel\kernelapp.py", line 758, in start
    self.io_loop.start()
  File "C:\Users\chris\AppData\Roaming\Python\Python314\site-packages\tornado\platform\asyncio.py", line 211, in start
    self.asyncio_loop.run_forever()
  File "c:\Users\chris\AppData\Local\Programs\Python\Python314\Lib\asyncio\base_events.py", line 677, in run_forever
    self._run_once()
  File "c:\Users\chris\AppData\Local\Programs\Python\Python314\Lib\asyncio\base_events.py", line 2046, in _run_once
    handle._run()
  File "c:\Users\chris\AppData\Local\Programs\Python\Python314\Lib\asyncio\events.py", line 94, in _run
    self._context.run(self._callback, *self._args)
  File "C:\Users\chris\AppData\Roaming\Python\Python314\site-packages\ipykernel\kernelbase.py", line 621, in shell_main
    await self.dispatch_shell(msg, subshell_id=subshell_id)
  File "C:\Users\chris\AppData\Roaming\Python\Python314\site-packages\ipykernel\kernelbase.py", line 478, in dispatch_shell
    await result
  File "C:\Users\chris\AppData\Roaming\Python\Python314\site-packages\ipykernel\ipkernel.py", line 372, in execute_request
    await super().execute_request(stream, ident, parent)
  File "C:\Users\chris\AppData\Roaming\Python\Python314\site-packages\ipykernel\kernelbase.py", line 834, in execute_request
    reply_content = await reply_content
  File "C:\Users\chris\AppData\Roaming\Python\Python314\site-packages\ipykernel\ipkernel.py", line 464, in do_execute
    res = shell.run_cell(
  File "C:\Users\chris\AppData\Roaming\Python\Python314\site-packages\ipykernel\zmqshell.py", line 663, in run_cell
    return super().run_cell(*args, **kwargs)
  File "C:\Users\chris\AppData\Roaming\Python\Python314\site-packages\IPython\core\interactiveshell.py", line 3170, in run_cell
    result = self._run_cell(
  File "C:\Users\chris\AppData\Roaming\Python\Python314\site-packages\IPython\core\interactiveshell.py", line 3225, in _run_cell
    result = runner(coro)
  File "C:\Users\chris\AppData\Roaming\Python\Python314\site-packages\IPython\core\async_helpers.py", line 128, in _pseudo_sync_runner
    coro.send(None)
  File "C:\Users\chris\AppData\Roaming\Python\Python314\site-packages\IPython\core\interactiveshell.py", line 3447, in run_cell_async
    has_raised = await self.run_ast_nodes(code_ast.body, cell_name,
  File "C:\Users\chris\AppData\Roaming\Python\Python314\site-packages\IPython\core\interactiveshell.py", line 3688, in run_ast_nodes
    if await self.run_code(code, result, async_=asy):
  File "C:\Users\chris\AppData\Roaming\Python\Python314\site-packages\IPython\core\interactiveshell.py", line 3748, in run_code
    exec(code_obj, self.user_global_ns, self.user_ns)
  File "C:\Users\chris\AppData\Local\Temp\ipykernel_5480\3007420965.py", line 73, in <module>
    runpy.run_path(str(script_path), run_name="__main__")
  File "<frozen runpy>", line 287, in run_path
  File "<frozen runpy>", line 98, in _run_module_code
  File "<frozen runpy>", line 88, in _run_code
  File "C:\Users\chris\Desktop\Code\TracesPresenter\Traces_presenter\Jupyter\Chaine\scripts_Mirabelle\eq_FE_Mirabelle.py", line 73, in <module>
    main(_read, _write)
  File "C:\Users\chris\Desktop\Code\TracesPresenter\Traces_presenter\Jupyter\Chaine\scripts_Mirabelle\eq_FE_Mirabelle.py", line 60, in main
    out.warning("  %s : pas de paire de tentatives exploitable — ignoré", actor)
Message: '  %s : pas de paire de tentatives exploitable — ignoré'
Arguments: ('0 days 00:05:42.791000',)
--- Logging error ---
Traceback (most recent call last):
  File "c:\Users\chris\AppData\Local\Programs\Python\Python314\Lib\logging\__init__.py", line 1154, in emit
    stream.write(msg + self.terminator)
    ~~~~~~~~~~~~^^^^^^^^^^^^^^^^^^^^^^^
ValueError: I/O operation on closed file.
Call stack:
  File "<frozen runpy>", line 198, in _run_module_as_main
  File "<frozen runpy>", line 88, in _run_code
  File "C:\Users\chris\AppData\Roaming\Python\Python314\site-packages\ipykernel_launcher.py", line 18, in <module>
    app.launch_new_instance()
  File "C:\Users\chris\AppData\Roaming\Python\Python314\site-packages\traitlets\config\application.py", line 1082, in launch_instance
    app.start()
  File "C:\Users\chris\AppData\Roaming\Python\Python314\site-packages\ipykernel\kernelapp.py", line 758, in start
    self.io_loop.start()
  File "C:\Users\chris\AppData\Roaming\Python\Python314\site-packages\tornado\platform\asyncio.py", line 211, in start
    self.asyncio_loop.run_forever()
  File "c:\Users\chris\AppData\Local\Programs\Python\Python314\Lib\asyncio\base_events.py", line 677, in run_forever
    self._run_once()
  File "c:\Users\chris\AppData\Local\Programs\Python\Python314\Lib\asyncio\base_events.py", line 2046, in _run_once
    handle._run()
  File "c:\Users\chris\AppData\Local\Programs\Python\Python314\Lib\asyncio\events.py", line 94, in _run
    self._context.run(self._callback, *self._args)
  File "C:\Users\chris\AppData\Roaming\Python\Python314\site-packages\ipykernel\kernelbase.py", line 621, in shell_main
    await self.dispatch_shell(msg, subshell_id=subshell_id)
  File "C:\Users\chris\AppData\Roaming\Python\Python314\site-packages\ipykernel\kernelbase.py", line 478, in dispatch_shell
    await result
  File "C:\Users\chris\AppData\Roaming\Python\Python314\site-packages\ipykernel\ipkernel.py", line 372, in execute_request
    await super().execute_request(stream, ident, parent)
  File "C:\Users\chris\AppData\Roaming\Python\Python314\site-packages\ipykernel\kernelbase.py", line 834, in execute_request
    reply_content = await reply_content
  File "C:\Users\chris\AppData\Roaming\Python\Python314\site-packages\ipykernel\ipkernel.py", line 464, in do_execute
    res = shell.run_cell(
  File "C:\Users\chris\AppData\Roaming\Python\Python314\site-packages\ipykernel\zmqshell.py", line 663, in run_cell
    return super().run_cell(*args, **kwargs)
  File "C:\Users\chris\AppData\Roaming\Python\Python314\site-packages\IPython\core\interactiveshell.py", line 3170, in run_cell
    result = self._run_cell(
  File "C:\Users\chris\AppData\Roaming\Python\Python314\site-packages\IPython\core\interactiveshell.py", line 3225, in _run_cell
    result = runner(coro)
  File "C:\Users\chris\AppData\Roaming\Python\Python314\site-packages\IPython\core\async_helpers.py", line 128, in _pseudo_sync_runner
    coro.send(None)
  File "C:\Users\chris\AppData\Roaming\Python\Python314\site-packages\IPython\core\interactiveshell.py", line 3447, in run_cell_async
    has_raised = await self.run_ast_nodes(code_ast.body, cell_name,
  File "C:\Users\chris\AppData\Roaming\Python\Python314\site-packages\IPython\core\interactiveshell.py", line 3688, in run_ast_nodes
    if await self.run_code(code, result, async_=asy):
  File "C:\Users\chris\AppData\Roaming\Python\Python314\site-packages\IPython\core\interactiveshell.py", line 3748, in run_code
    exec(code_obj, self.user_global_ns, self.user_ns)
  File "C:\Users\chris\AppData\Local\Temp\ipykernel_5480\3007420965.py", line 73, in <module>
    runpy.run_path(str(script_path), run_name="__main__")
  File "<frozen runpy>", line 287, in run_path
  File "<frozen runpy>", line 98, in _run_module_code
  File "<frozen runpy>", line 88, in _run_code
  File "C:\Users\chris\Desktop\Code\TracesPresenter\Traces_presenter\Jupyter\Chaine\scripts_Mirabelle\eq_FE_Mirabelle.py", line 73, in <module>
    main(_read, _write)
  File "C:\Users\chris\Desktop\Code\TracesPresenter\Traces_presenter\Jupyter\Chaine\scripts_Mirabelle\eq_FE_Mirabelle.py", line 60, in main
    out.warning("  %s : pas de paire de tentatives exploitable — ignoré", actor)
Message: '  %s : pas de paire de tentatives exploitable — ignoré'
Arguments: ('a2:int)->bool:',)
--- Logging error ---
Traceback (most recent call last):
  File "c:\Users\chris\AppData\Local\Programs\Python\Python314\Lib\logging\__init__.py", line 1154, in emit
    stream.write(msg + self.terminator)
    ~~~~~~~~~~~~^^^^^^^^^^^^^^^^^^^^^^^
ValueError: I/O operation on closed file.
Call stack:
  File "<frozen runpy>", line 198, in _run_module_as_main
  File "<frozen runpy>", line 88, in _run_code
  File "C:\Users\chris\AppData\Roaming\Python\Python314\site-packages\ipykernel_launcher.py", line 18, in <module>
    app.launch_new_instance()
  File "C:\Users\chris\AppData\Roaming\Python\Python314\site-packages\traitlets\config\application.py", line 1082, in launch_instance
    app.start()
  File "C:\Users\chris\AppData\Roaming\Python\Python314\site-packages\ipykernel\kernelapp.py", line 758, in start
    self.io_loop.start()
  File "C:\Users\chris\AppData\Roaming\Python\Python314\site-packages\tornado\platform\asyncio.py", line 211, in start
    self.asyncio_loop.run_forever()
  File "c:\Users\chris\AppData\Local\Programs\Python\Python314\Lib\asyncio\base_events.py", line 677, in run_forever
    self._run_once()
  File "c:\Users\chris\AppData\Local\Programs\Python\Python314\Lib\asyncio\base_events.py", line 2046, in _run_once
    handle._run()
  File "c:\Users\chris\AppData\Local\Programs\Python\Python314\Lib\asyncio\events.py", line 94, in _run
    self._context.run(self._callback, *self._args)
  File "C:\Users\chris\AppData\Roaming\Python\Python314\site-packages\ipykernel\kernelbase.py", line 621, in shell_main
    await self.dispatch_shell(msg, subshell_id=subshell_id)
  File "C:\Users\chris\AppData\Roaming\Python\Python314\site-packages\ipykernel\kernelbase.py", line 478, in dispatch_shell
    await result
  File "C:\Users\chris\AppData\Roaming\Python\Python314\site-packages\ipykernel\ipkernel.py", line 372, in execute_request
    await super().execute_request(stream, ident, parent)
  File "C:\Users\chris\AppData\Roaming\Python\Python314\site-packages\ipykernel\kernelbase.py", line 834, in execute_request
    reply_content = await reply_content
  File "C:\Users\chris\AppData\Roaming\Python\Python314\site-packages\ipykernel\ipkernel.py", line 464, in do_execute
    res = shell.run_cell(
  File "C:\Users\chris\AppData\Roaming\Python\Python314\site-packages\ipykernel\zmqshell.py", line 663, in run_cell
    return super().run_cell(*args, **kwargs)
  File "C:\Users\chris\AppData\Roaming\Python\Python314\site-packages\IPython\core\interactiveshell.py", line 3170, in run_cell
    result = self._run_cell(
  File "C:\Users\chris\AppData\Roaming\Python\Python314\site-packages\IPython\core\interactiveshell.py", line 3225, in _run_cell
    result = runner(coro)
  File "C:\Users\chris\AppData\Roaming\Python\Python314\site-packages\IPython\core\async_helpers.py", line 128, in _pseudo_sync_runner
    coro.send(None)
  File "C:\Users\chris\AppData\Roaming\Python\Python314\site-packages\IPython\core\interactiveshell.py", line 3447, in run_cell_async
    has_raised = await self.run_ast_nodes(code_ast.body, cell_name,
  File "C:\Users\chris\AppData\Roaming\Python\Python314\site-packages\IPython\core\interactiveshell.py", line 3688, in run_ast_nodes
    if await self.run_code(code, result, async_=asy):
  File "C:\Users\chris\AppData\Roaming\Python\Python314\site-packages\IPython\core\interactiveshell.py", line 3748, in run_code
    exec(code_obj, self.user_global_ns, self.user_ns)
  File "C:\Users\chris\AppData\Local\Temp\ipykernel_5480\3007420965.py", line 73, in <module>
    runpy.run_path(str(script_path), run_name="__main__")
  File "<frozen runpy>", line 287, in run_path
  File "<frozen runpy>", line 98, in _run_module_code
  File "<frozen runpy>", line 88, in _run_code
  File "C:\Users\chris\Desktop\Code\TracesPresenter\Traces_presenter\Jupyter\Chaine\scripts_Mirabelle\eq_FE_Mirabelle.py", line 73, in <module>
    main(_read, _write)
  File "C:\Users\chris\Desktop\Code\TracesPresenter\Traces_presenter\Jupyter\Chaine\scripts_Mirabelle\eq_FE_Mirabelle.py", line 64, in main
    out.info("  %s : EQ = %.3f  (%d Run.Test)", actor, eq, len(attempts))
Message: '  %s : EQ = %.3f  (%d Run.Test)'
Arguments: ('abord.mesestime', 0.17970401691331925, 76)
--- Logging error ---
Traceback (most recent call last):
  File "c:\Users\chris\AppData\Local\Programs\Python\Python314\Lib\logging\__init__.py", line 1154, in emit
    stream.write(msg + self.terminator)
    ~~~~~~~~~~~~^^^^^^^^^^^^^^^^^^^^^^^
ValueError: I/O operation on closed file.
Call stack:
  File "<frozen runpy>", line 198, in _run_module_as_main
  File "<frozen runpy>", line 88, in _run_code
  File "C:\Users\chris\AppData\Roaming\Python\Python314\site-packages\ipykernel_launcher.py", line 18, in <module>
    app.launch_new_instance()
  File "C:\Users\chris\AppData\Roaming\Python\Python314\site-packages\traitlets\config\application.py", line 1082, in launch_instance
    app.start()
  File "C:\Users\chris\AppData\Roaming\Python\Python314\site-packages\ipykernel\kernelapp.py", line 758, in start
    self.io_loop.start()
  File "C:\Users\chris\AppData\Roaming\Python\Python314\site-packages\tornado\platform\asyncio.py", line 211, in start
    self.asyncio_loop.run_forever()
  File "c:\Users\chris\AppData\Local\Programs\Python\Python314\Lib\asyncio\base_events.py", line 677, in run_forever
    self._run_once()
  File "c:\Users\chris\AppData\Local\Programs\Python\Python314\Lib\asyncio\base_events.py", line 2046, in _run_once
    handle._run()
  File "c:\Users\chris\AppData\Local\Programs\Python\Python314\Lib\asyncio\events.py", line 94, in _run
    self._context.run(self._callback, *self._args)
  File "C:\Users\chris\AppData\Roaming\Python\Python314\site-packages\ipykernel\kernelbase.py", line 621, in shell_main
    await self.dispatch_shell(msg, subshell_id=subshell_id)
  File "C:\Users\chris\AppData\Roaming\Python\Python314\site-packages\ipykernel\kernelbase.py", line 478, in dispatch_shell
    await result
  File "C:\Users\chris\AppData\Roaming\Python\Python314\site-packages\ipykernel\ipkernel.py", line 372, in execute_request
    await super().execute_request(stream, ident, parent)
  File "C:\Users\chris\AppData\Roaming\Python\Python314\site-packages\ipykernel\kernelbase.py", line 834, in execute_request
    reply_content = await reply_content
  File "C:\Users\chris\AppData\Roaming\Python\Python314\site-packages\ipykernel\ipkernel.py", line 464, in do_execute
    res = shell.run_cell(
  File "C:\Users\chris\AppData\Roaming\Python\Python314\site-packages\ipykernel\zmqshell.py", line 663, in run_cell
    return super().run_cell(*args, **kwargs)
  File "C:\Users\chris\AppData\Roaming\Python\Python314\site-packages\IPython\core\interactiveshell.py", line 3170, in run_cell
    result = self._run_cell(
  File "C:\Users\chris\AppData\Roaming\Python\Python314\site-packages\IPython\core\interactiveshell.py", line 3225, in _run_cell
    result = runner(coro)
  File "C:\Users\chris\AppData\Roaming\Python\Python314\site-packages\IPython\core\async_helpers.py", line 128, in _pseudo_sync_runner
    coro.send(None)
  File "C:\Users\chris\AppData\Roaming\Python\Python314\site-packages\IPython\core\interactiveshell.py", line 3447, in run_cell_async
    has_raised = await self.run_ast_nodes(code_ast.body, cell_name,
  File "C:\Users\chris\AppData\Roaming\Python\Python314\site-packages\IPython\core\interactiveshell.py", line 3688, in run_ast_nodes
    if await self.run_code(code, result, async_=asy):
  File "C:\Users\chris\AppData\Roaming\Python\Python314\site-packages\IPython\core\interactiveshell.py", line 3748, in run_code
    exec(code_obj, self.user_global_ns, self.user_ns)
  File "C:\Users\chris\AppData\Local\Temp\ipykernel_5480\3007420965.py", line 73, in <module>
    runpy.run_path(str(script_path), run_name="__main__")
  File "<frozen runpy>", line 287, in run_path
  File "<frozen runpy>", line 98, in _run_module_code
  File "<frozen runpy>", line 88, in _run_code
  File "C:\Users\chris\Desktop\Code\TracesPresenter\Traces_presenter\Jupyter\Chaine\scripts_Mirabelle\eq_FE_Mirabelle.py", line 73, in <module>
    main(_read, _write)
  File "C:\Users\chris\Desktop\Code\TracesPresenter\Traces_presenter\Jupyter\Chaine\scripts_Mirabelle\eq_FE_Mirabelle.py", line 64, in main
    out.info("  %s : EQ = %.3f  (%d Run.Test)", actor, eq, len(attempts))
Message: '  %s : EQ = %.3f  (%d Run.Test)'
Arguments: ('abregeait.rangeais', 0.4, 29)
--- Logging error ---
Traceback (most recent call last):
  File "c:\Users\chris\AppData\Local\Programs\Python\Python314\Lib\logging\__init__.py", line 1154, in emit
    stream.write(msg + self.terminator)
    ~~~~~~~~~~~~^^^^^^^^^^^^^^^^^^^^^^^
ValueError: I/O operation on closed file.
Call stack:
  File "<frozen runpy>", line 198, in _run_module_as_main
  File "<frozen runpy>", line 88, in _run_code
  File "C:\Users\chris\AppData\Roaming\Python\Python314\site-packages\ipykernel_launcher.py", line 18, in <module>
    app.launch_new_instance()
  File "C:\Users\chris\AppData\Roaming\Python\Python314\site-packages\traitlets\config\application.py", line 1082, in launch_instance
    app.start()
  File "C:\Users\chris\AppData\Roaming\Python\Python314\site-packages\ipykernel\kernelapp.py", line 758, in start
    self.io_loop.start()
  File "C:\Users\chris\AppData\Roaming\Python\Python314\site-packages\tornado\platform\asyncio.py", line 211, in start
    self.asyncio_loop.run_forever()
  File "c:\Users\chris\AppData\Local\Programs\Python\Python314\Lib\asyncio\base_events.py", line 677, in run_forever
    self._run_once()
  File "c:\Users\chris\AppData\Local\Programs\Python\Python314\Lib\asyncio\base_events.py", line 2046, in _run_once
    handle._run()
  File "c:\Users\chris\AppData\Local\Programs\Python\Python314\Lib\asyncio\events.py", line 94, in _run
    self._context.run(self._callback, *self._args)
  File "C:\Users\chris\AppData\Roaming\Python\Python314\site-packages\ipykernel\kernelbase.py", line 621, in shell_main
    await self.dispatch_shell(msg, subshell_id=subshell_id)
  File "C:\Users\chris\AppData\Roaming\Python\Python314\site-packages\ipykernel\kernelbase.py", line 478, in dispatch_shell
    await result
  File "C:\Users\chris\AppData\Roaming\Python\Python314\site-packages\ipykernel\ipkernel.py", line 372, in execute_request
    await super().execute_request(stream, ident, parent)
  File "C:\Users\chris\AppData\Roaming\Python\Python314\site-packages\ipykernel\kernelbase.py", line 834, in execute_request
    reply_content = await reply_content
  File "C:\Users\chris\AppData\Roaming\Python\Python314\site-packages\ipykernel\ipkernel.py", line 464, in do_execute
    res = shell.run_cell(
  File "C:\Users\chris\AppData\Roaming\Python\Python314\site-packages\ipykernel\zmqshell.py", line 663, in run_cell
    return super().run_cell(*args, **kwargs)
  File "C:\Users\chris\AppData\Roaming\Python\Python314\site-packages\IPython\core\interactiveshell.py", line 3170, in run_cell
    result = self._run_cell(
  File "C:\Users\chris\AppData\Roaming\Python\Python314\site-packages\IPython\core\interactiveshell.py", line 3225, in _run_cell
    result = runner(coro)
  File "C:\Users\chris\AppData\Roaming\Python\Python314\site-packages\IPython\core\async_helpers.py", line 128, in _pseudo_sync_runner
    coro.send(None)
  File "C:\Users\chris\AppData\Roaming\Python\Python314\site-packages\IPython\core\interactiveshell.py", line 3447, in run_cell_async
    has_raised = await self.run_ast_nodes(code_ast.body, cell_name,
  File "C:\Users\chris\AppData\Roaming\Python\Python314\site-packages\IPython\core\interactiveshell.py", line 3688, in run_ast_nodes
    if await self.run_code(code, result, async_=asy):
  File "C:\Users\chris\AppData\Roaming\Python\Python314\site-packages\IPython\core\interactiveshell.py", line 3748, in run_code
    exec(code_obj, self.user_global_ns, self.user_ns)
  File "C:\Users\chris\AppData\Local\Temp\ipykernel_5480\3007420965.py", line 73, in <module>
    runpy.run_path(str(script_path), run_name="__main__")
  File "<frozen runpy>", line 287, in run_path
  File "<frozen runpy>", line 98, in _run_module_code
  File "<frozen runpy>", line 88, in _run_code
  File "C:\Users\chris\Desktop\Code\TracesPresenter\Traces_presenter\Jupyter\Chaine\scripts_Mirabelle\eq_FE_Mirabelle.py", line 73, in <module>
    main(_read, _write)
  File "C:\Users\chris\Desktop\Code\TracesPresenter\Traces_presenter\Jupyter\Chaine\scripts_Mirabelle\eq_FE_Mirabelle.py", line 64, in main
    out.info("  %s : EQ = %.3f  (%d Run.Test)", actor, eq, len(attempts))
Message: '  %s : EQ = %.3f  (%d Run.Test)'
Arguments: ('accord.vident', 0.38095238095238093, 45)
--- Logging error ---
Traceback (most recent call last):
  File "c:\Users\chris\AppData\Local\Programs\Python\Python314\Lib\logging\__init__.py", line 1154, in emit
    stream.write(msg + self.terminator)
    ~~~~~~~~~~~~^^^^^^^^^^^^^^^^^^^^^^^
ValueError: I/O operation on closed file.
Call stack:
  File "<frozen runpy>", line 198, in _run_module_as_main
  File "<frozen runpy>", line 88, in _run_code
  File "C:\Users\chris\AppData\Roaming\Python\Python314\site-packages\ipykernel_launcher.py", line 18, in <module>
    app.launch_new_instance()
  File "C:\Users\chris\AppData\Roaming\Python\Python314\site-packages\traitlets\config\application.py", line 1082, in launch_instance
    app.start()
  File "C:\Users\chris\AppData\Roaming\Python\Python314\site-packages\ipykernel\kernelapp.py", line 758, in start
    self.io_loop.start()
  File "C:\Users\chris\AppData\Roaming\Python\Python314\site-packages\tornado\platform\asyncio.py", line 211, in start
    self.asyncio_loop.run_forever()
  File "c:\Users\chris\AppData\Local\Programs\Python\Python314\Lib\asyncio\base_events.py", line 677, in run_forever
    self._run_once()
  File "c:\Users\chris\AppData\Local\Programs\Python\Python314\Lib\asyncio\base_events.py", line 2046, in _run_once
    handle._run()
  File "c:\Users\chris\AppData\Local\Programs\Python\Python314\Lib\asyncio\events.py", line 94, in _run
    self._context.run(self._callback, *self._args)
  File "C:\Users\chris\AppData\Roaming\Python\Python314\site-packages\ipykernel\kernelbase.py", line 621, in shell_main
    await self.dispatch_shell(msg, subshell_id=subshell_id)
  File "C:\Users\chris\AppData\Roaming\Python\Python314\site-packages\ipykernel\kernelbase.py", line 478, in dispatch_shell
    await result
  File "C:\Users\chris\AppData\Roaming\Python\Python314\site-packages\ipykernel\ipkernel.py", line 372, in execute_request
    await super().execute_request(stream, ident, parent)
  File "C:\Users\chris\AppData\Roaming\Python\Python314\site-packages\ipykernel\kernelbase.py", line 834, in execute_request
    reply_content = await reply_content
  File "C:\Users\chris\AppData\Roaming\Python\Python314\site-packages\ipykernel\ipkernel.py", line 464, in do_execute
    res = shell.run_cell(
  File "C:\Users\chris\AppData\Roaming\Python\Python314\site-packages\ipykernel\zmqshell.py", line 663, in run_cell
    return super().run_cell(*args, **kwargs)
  File "C:\Users\chris\AppData\Roaming\Python\Python314\site-packages\IPython\core\interactiveshell.py", line 3170, in run_cell
    result = self._run_cell(
  File "C:\Users\chris\AppData\Roaming\Python\Python314\site-packages\IPython\core\interactiveshell.py", line 3225, in _run_cell
    result = runner(coro)
  File "C:\Users\chris\AppData\Roaming\Python\Python314\site-packages\IPython\core\async_helpers.py", line 128, in _pseudo_sync_runner
    coro.send(None)
  File "C:\Users\chris\AppData\Roaming\Python\Python314\site-packages\IPython\core\interactiveshell.py", line 3447, in run_cell_async
    has_raised = await self.run_ast_nodes(code_ast.body, cell_name,
  File "C:\Users\chris\AppData\Roaming\Python\Python314\site-packages\IPython\core\interactiveshell.py", line 3688, in run_ast_nodes
    if await self.run_code(code, result, async_=asy):
  File "C:\Users\chris\AppData\Roaming\Python\Python314\site-packages\IPython\core\interactiveshell.py", line 3748, in run_code
    exec(code_obj, self.user_global_ns, self.user_ns)
  File "C:\Users\chris\AppData\Local\Temp\ipykernel_5480\3007420965.py", line 73, in <module>
    runpy.run_path(str(script_path), run_name="__main__")
  File "<frozen runpy>", line 287, in run_path
  File "<frozen runpy>", line 98, in _run_module_code
  File "<frozen runpy>", line 88, in _run_code
  File "C:\Users\chris\Desktop\Code\TracesPresenter\Traces_presenter\Jupyter\Chaine\scripts_Mirabelle\eq_FE_Mirabelle.py", line 73, in <module>
    main(_read, _write)
  File "C:\Users\chris\Desktop\Code\TracesPresenter\Traces_presenter\Jupyter\Chaine\scripts_Mirabelle\eq_FE_Mirabelle.py", line 64, in main
    out.info("  %s : EQ = %.3f  (%d Run.Test)", actor, eq, len(attempts))
Message: '  %s : EQ = %.3f  (%d Run.Test)'
Arguments: ('agiront.varloper', 0.2972332015810277, 127)
--- Logging error ---
Traceback (most recent call last):
  File "c:\Users\chris\AppData\Local\Programs\Python\Python314\Lib\logging\__init__.py", line 1154, in emit
    stream.write(msg + self.terminator)
    ~~~~~~~~~~~~^^^^^^^^^^^^^^^^^^^^^^^
ValueError: I/O operation on closed file.
Call stack:
  File "<frozen runpy>", line 198, in _run_module_as_main
  File "<frozen runpy>", line 88, in _run_code
  File "C:\Users\chris\AppData\Roaming\Python\Python314\site-packages\ipykernel_launcher.py", line 18, in <module>
    app.launch_new_instance()
  File "C:\Users\chris\AppData\Roaming\Python\Python314\site-packages\traitlets\config\application.py", line 1082, in launch_instance
    app.start()
  File "C:\Users\chris\AppData\Roaming\Python\Python314\site-packages\ipykernel\kernelapp.py", line 758, in start
    self.io_loop.start()
  File "C:\Users\chris\AppData\Roaming\Python\Python314\site-packages\tornado\platform\asyncio.py", line 211, in start
    self.asyncio_loop.run_forever()
  File "c:\Users\chris\AppData\Local\Programs\Python\Python314\Lib\asyncio\base_events.py", line 677, in run_forever
    self._run_once()
  File "c:\Users\chris\AppData\Local\Programs\Python\Python314\Lib\asyncio\base_events.py", line 2046, in _run_once
    handle._run()
  File "c:\Users\chris\AppData\Local\Programs\Python\Python314\Lib\asyncio\events.py", line 94, in _run
    self._context.run(self._callback, *self._args)
  File "C:\Users\chris\AppData\Roaming\Python\Python314\site-packages\ipykernel\kernelbase.py", line 621, in shell_main
    await self.dispatch_shell(msg, subshell_id=subshell_id)
  File "C:\Users\chris\AppData\Roaming\Python\Python314\site-packages\ipykernel\kernelbase.py", line 478, in dispatch_shell
    await result
  File "C:\Users\chris\AppData\Roaming\Python\Python314\site-packages\ipykernel\ipkernel.py", line 372, in execute_request
    await super().execute_request(stream, ident, parent)
  File "C:\Users\chris\AppData\Roaming\Python\Python314\site-packages\ipykernel\kernelbase.py", line 834, in execute_request
    reply_content = await reply_content
  File "C:\Users\chris\AppData\Roaming\Python\Python314\site-packages\ipykernel\ipkernel.py", line 464, in do_execute
    res = shell.run_cell(
  File "C:\Users\chris\AppData\Roaming\Python\Python314\site-packages\ipykernel\zmqshell.py", line 663, in run_cell
    return super().run_cell(*args, **kwargs)
  File "C:\Users\chris\AppData\Roaming\Python\Python314\site-packages\IPython\core\interactiveshell.py", line 3170, in run_cell
    result = self._run_cell(
  File "C:\Users\chris\AppData\Roaming\Python\Python314\site-packages\IPython\core\interactiveshell.py", line 3225, in _run_cell
    result = runner(coro)
  File "C:\Users\chris\AppData\Roaming\Python\Python314\site-packages\IPython\core\async_helpers.py", line 128, in _pseudo_sync_runner
    coro.send(None)
  File "C:\Users\chris\AppData\Roaming\Python\Python314\site-packages\IPython\core\interactiveshell.py", line 3447, in run_cell_async
    has_raised = await self.run_ast_nodes(code_ast.body, cell_name,
  File "C:\Users\chris\AppData\Roaming\Python\Python314\site-packages\IPython\core\interactiveshell.py", line 3688, in run_ast_nodes
    if await self.run_code(code, result, async_=asy):
  File "C:\Users\chris\AppData\Roaming\Python\Python314\site-packages\IPython\core\interactiveshell.py", line 3748, in run_code
    exec(code_obj, self.user_global_ns, self.user_ns)
  File "C:\Users\chris\AppData\Local\Temp\ipykernel_5480\3007420965.py", line 73, in <module>
    runpy.run_path(str(script_path), run_name="__main__")
  File "<frozen runpy>", line 287, in run_path
  File "<frozen runpy>", line 98, in _run_module_code
  File "<frozen runpy>", line 88, in _run_code
  File "C:\Users\chris\Desktop\Code\TracesPresenter\Traces_presenter\Jupyter\Chaine\scripts_Mirabelle\eq_FE_Mirabelle.py", line 73, in <module>
    main(_read, _write)
  File "C:\Users\chris\Desktop\Code\TracesPresenter\Traces_presenter\Jupyter\Chaine\scripts_Mirabelle\eq_FE_Mirabelle.py", line 64, in main
    out.info("  %s : EQ = %.3f  (%d Run.Test)", actor, eq, len(attempts))
Message: '  %s : EQ = %.3f  (%d Run.Test)'
Arguments: ('agraire.orienteur', 0.3783287419651056, 110)
--- Logging error ---
Traceback (most recent call last):
  File "c:\Users\chris\AppData\Local\Programs\Python\Python314\Lib\logging\__init__.py", line 1154, in emit
    stream.write(msg + self.terminator)
    ~~~~~~~~~~~~^^^^^^^^^^^^^^^^^^^^^^^
ValueError: I/O operation on closed file.
Call stack:
  File "<frozen runpy>", line 198, in _run_module_as_main
  File "<frozen runpy>", line 88, in _run_code
  File "C:\Users\chris\AppData\Roaming\Python\Python314\site-packages\ipykernel_launcher.py", line 18, in <module>
    app.launch_new_instance()
  File "C:\Users\chris\AppData\Roaming\Python\Python314\site-packages\traitlets\config\application.py", line 1082, in launch_instance
    app.start()
  File "C:\Users\chris\AppData\Roaming\Python\Python314\site-packages\ipykernel\kernelapp.py", line 758, in start
    self.io_loop.start()
  File "C:\Users\chris\AppData\Roaming\Python\Python314\site-packages\tornado\platform\asyncio.py", line 211, in start
    self.asyncio_loop.run_forever()
  File "c:\Users\chris\AppData\Local\Programs\Python\Python314\Lib\asyncio\base_events.py", line 677, in run_forever
    self._run_once()
  File "c:\Users\chris\AppData\Local\Programs\Python\Python314\Lib\asyncio\base_events.py", line 2046, in _run_once
    handle._run()
  File "c:\Users\chris\AppData\Local\Programs\Python\Python314\Lib\asyncio\events.py", line 94, in _run
    self._context.run(self._callback, *self._args)
  File "C:\Users\chris\AppData\Roaming\Python\Python314\site-packages\ipykernel\kernelbase.py", line 621, in shell_main
    await self.dispatch_shell(msg, subshell_id=subshell_id)
  File "C:\Users\chris\AppData\Roaming\Python\Python314\site-packages\ipykernel\kernelbase.py", line 478, in dispatch_shell
    await result
  File "C:\Users\chris\AppData\Roaming\Python\Python314\site-packages\ipykernel\ipkernel.py", line 372, in execute_request
    await super().execute_request(stream, ident, parent)
  File "C:\Users\chris\AppData\Roaming\Python\Python314\site-packages\ipykernel\kernelbase.py", line 834, in execute_request
    reply_content = await reply_content
  File "C:\Users\chris\AppData\Roaming\Python\Python314\site-packages\ipykernel\ipkernel.py", line 464, in do_execute
    res = shell.run_cell(
  File "C:\Users\chris\AppData\Roaming\Python\Python314\site-packages\ipykernel\zmqshell.py", line 663, in run_cell
    return super().run_cell(*args, **kwargs)
  File "C:\Users\chris\AppData\Roaming\Python\Python314\site-packages\IPython\core\interactiveshell.py", line 3170, in run_cell
    result = self._run_cell(
  File "C:\Users\chris\AppData\Roaming\Python\Python314\site-packages\IPython\core\interactiveshell.py", line 3225, in _run_cell
    result = runner(coro)
  File "C:\Users\chris\AppData\Roaming\Python\Python314\site-packages\IPython\core\async_helpers.py", line 128, in _pseudo_sync_runner
    coro.send(None)
  File "C:\Users\chris\AppData\Roaming\Python\Python314\site-packages\IPython\core\interactiveshell.py", line 3447, in run_cell_async
    has_raised = await self.run_ast_nodes(code_ast.body, cell_name,
  File "C:\Users\chris\AppData\Roaming\Python\Python314\site-packages\IPython\core\interactiveshell.py", line 3688, in run_ast_nodes
    if await self.run_code(code, result, async_=asy):
  File "C:\Users\chris\AppData\Roaming\Python\Python314\site-packages\IPython\core\interactiveshell.py", line 3748, in run_code
    exec(code_obj, self.user_global_ns, self.user_ns)
  File "C:\Users\chris\AppData\Local\Temp\ipykernel_5480\3007420965.py", line 73, in <module>
    runpy.run_path(str(script_path), run_name="__main__")
  File "<frozen runpy>", line 287, in run_path
  File "<frozen runpy>", line 98, in _run_module_code
  File "<frozen runpy>", line 88, in _run_code
  File "C:\Users\chris\Desktop\Code\TracesPresenter\Traces_presenter\Jupyter\Chaine\scripts_Mirabelle\eq_FE_Mirabelle.py", line 73, in <module>
    main(_read, _write)
  File "C:\Users\chris\Desktop\Code\TracesPresenter\Traces_presenter\Jupyter\Chaine\scripts_Mirabelle\eq_FE_Mirabelle.py", line 64, in main
    out.info("  %s : EQ = %.3f  (%d Run.Test)", actor, eq, len(attempts))
Message: '  %s : EQ = %.3f  (%d Run.Test)'
Arguments: ('agregeait.oxydants', 0.3137254901960784, 203)
--- Logging error ---
Traceback (most recent call last):
  File "c:\Users\chris\AppData\Local\Programs\Python\Python314\Lib\logging\__init__.py", line 1154, in emit
    stream.write(msg + self.terminator)
    ~~~~~~~~~~~~^^^^^^^^^^^^^^^^^^^^^^^
ValueError: I/O operation on closed file.
Call stack:
  File "<frozen runpy>", line 198, in _run_module_as_main
  File "<frozen runpy>", line 88, in _run_code
  File "C:\Users\chris\AppData\Roaming\Python\Python314\site-packages\ipykernel_launcher.py", line 18, in <module>
    app.launch_new_instance()
  File "C:\Users\chris\AppData\Roaming\Python\Python314\site-packages\traitlets\config\application.py", line 1082, in launch_instance
    app.start()
  File "C:\Users\chris\AppData\Roaming\Python\Python314\site-packages\ipykernel\kernelapp.py", line 758, in start
    self.io_loop.start()
  File "C:\Users\chris\AppData\Roaming\Python\Python314\site-packages\tornado\platform\asyncio.py", line 211, in start
    self.asyncio_loop.run_forever()
  File "c:\Users\chris\AppData\Local\Programs\Python\Python314\Lib\asyncio\base_events.py", line 677, in run_forever
    self._run_once()
  File "c:\Users\chris\AppData\Local\Programs\Python\Python314\Lib\asyncio\base_events.py", line 2046, in _run_once
    handle._run()
  File "c:\Users\chris\AppData\Local\Programs\Python\Python314\Lib\asyncio\events.py", line 94, in _run
    self._context.run(self._callback, *self._args)
  File "C:\Users\chris\AppData\Roaming\Python\Python314\site-packages\ipykernel\kernelbase.py", line 621, in shell_main
    await self.dispatch_shell(msg, subshell_id=subshell_id)
  File "C:\Users\chris\AppData\Roaming\Python\Python314\site-packages\ipykernel\kernelbase.py", line 478, in dispatch_shell
    await result
  File "C:\Users\chris\AppData\Roaming\Python\Python314\site-packages\ipykernel\ipkernel.py", line 372, in execute_request
    await super().execute_request(stream, ident, parent)
  File "C:\Users\chris\AppData\Roaming\Python\Python314\site-packages\ipykernel\kernelbase.py", line 834, in execute_request
    reply_content = await reply_content
  File "C:\Users\chris\AppData\Roaming\Python\Python314\site-packages\ipykernel\ipkernel.py", line 464, in do_execute
    res = shell.run_cell(
  File "C:\Users\chris\AppData\Roaming\Python\Python314\site-packages\ipykernel\zmqshell.py", line 663, in run_cell
    return super().run_cell(*args, **kwargs)
  File "C:\Users\chris\AppData\Roaming\Python\Python314\site-packages\IPython\core\interactiveshell.py", line 3170, in run_cell
    result = self._run_cell(
  File "C:\Users\chris\AppData\Roaming\Python\Python314\site-packages\IPython\core\interactiveshell.py", line 3225, in _run_cell
    result = runner(coro)
  File "C:\Users\chris\AppData\Roaming\Python\Python314\site-packages\IPython\core\async_helpers.py", line 128, in _pseudo_sync_runner
    coro.send(None)
  File "C:\Users\chris\AppData\Roaming\Python\Python314\site-packages\IPython\core\interactiveshell.py", line 3447, in run_cell_async
    has_raised = await self.run_ast_nodes(code_ast.body, cell_name,
  File "C:\Users\chris\AppData\Roaming\Python\Python314\site-packages\IPython\core\interactiveshell.py", line 3688, in run_ast_nodes
    if await self.run_code(code, result, async_=asy):
  File "C:\Users\chris\AppData\Roaming\Python\Python314\site-packages\IPython\core\interactiveshell.py", line 3748, in run_code
    exec(code_obj, self.user_global_ns, self.user_ns)
  File "C:\Users\chris\AppData\Local\Temp\ipykernel_5480\3007420965.py", line 73, in <module>
    runpy.run_path(str(script_path), run_name="__main__")
  File "<frozen runpy>", line 287, in run_path
  File "<frozen runpy>", line 98, in _run_module_code
  File "<frozen runpy>", line 88, in _run_code
  File "C:\Users\chris\Desktop\Code\TracesPresenter\Traces_presenter\Jupyter\Chaine\scripts_Mirabelle\eq_FE_Mirabelle.py", line 73, in <module>
    main(_read, _write)
  File "C:\Users\chris\Desktop\Code\TracesPresenter\Traces_presenter\Jupyter\Chaine\scripts_Mirabelle\eq_FE_Mirabelle.py", line 64, in main
    out.info("  %s : EQ = %.3f  (%d Run.Test)", actor, eq, len(attempts))
Message: '  %s : EQ = %.3f  (%d Run.Test)'
Arguments: ('alimente.cadriez', 0.30606060606060603, 289)
--- Logging error ---
Traceback (most recent call last):
  File "c:\Users\chris\AppData\Local\Programs\Python\Python314\Lib\logging\__init__.py", line 1154, in emit
    stream.write(msg + self.terminator)
    ~~~~~~~~~~~~^^^^^^^^^^^^^^^^^^^^^^^
ValueError: I/O operation on closed file.
Call stack:
  File "<frozen runpy>", line 198, in _run_module_as_main
  File "<frozen runpy>", line 88, in _run_code
  File "C:\Users\chris\AppData\Roaming\Python\Python314\site-packages\ipykernel_launcher.py", line 18, in <module>
    app.launch_new_instance()
  File "C:\Users\chris\AppData\Roaming\Python\Python314\site-packages\traitlets\config\application.py", line 1082, in launch_instance
    app.start()
  File "C:\Users\chris\AppData\Roaming\Python\Python314\site-packages\ipykernel\kernelapp.py", line 758, in start
    self.io_loop.start()
  File "C:\Users\chris\AppData\Roaming\Python\Python314\site-packages\tornado\platform\asyncio.py", line 211, in start
    self.asyncio_loop.run_forever()
  File "c:\Users\chris\AppData\Local\Programs\Python\Python314\Lib\asyncio\base_events.py", line 677, in run_forever
    self._run_once()
  File "c:\Users\chris\AppData\Local\Programs\Python\Python314\Lib\asyncio\base_events.py", line 2046, in _run_once
    handle._run()
  File "c:\Users\chris\AppData\Local\Programs\Python\Python314\Lib\asyncio\events.py", line 94, in _run
    self._context.run(self._callback, *self._args)
  File "C:\Users\chris\AppData\Roaming\Python\Python314\site-packages\ipykernel\kernelbase.py", line 621, in shell_main
    await self.dispatch_shell(msg, subshell_id=subshell_id)
  File "C:\Users\chris\AppData\Roaming\Python\Python314\site-packages\ipykernel\kernelbase.py", line 478, in dispatch_shell
    await result
  File "C:\Users\chris\AppData\Roaming\Python\Python314\site-packages\ipykernel\ipkernel.py", line 372, in execute_request
    await super().execute_request(stream, ident, parent)
  File "C:\Users\chris\AppData\Roaming\Python\Python314\site-packages\ipykernel\kernelbase.py", line 834, in execute_request
    reply_content = await reply_content
  File "C:\Users\chris\AppData\Roaming\Python\Python314\site-packages\ipykernel\ipkernel.py", line 464, in do_execute
    res = shell.run_cell(
  File "C:\Users\chris\AppData\Roaming\Python\Python314\site-packages\ipykernel\zmqshell.py", line 663, in run_cell
    return super().run_cell(*args, **kwargs)
  File "C:\Users\chris\AppData\Roaming\Python\Python314\site-packages\IPython\core\interactiveshell.py", line 3170, in run_cell
    result = self._run_cell(
  File "C:\Users\chris\AppData\Roaming\Python\Python314\site-packages\IPython\core\interactiveshell.py", line 3225, in _run_cell
    result = runner(coro)
  File "C:\Users\chris\AppData\Roaming\Python\Python314\site-packages\IPython\core\async_helpers.py", line 128, in _pseudo_sync_runner
    coro.send(None)
  File "C:\Users\chris\AppData\Roaming\Python\Python314\site-packages\IPython\core\interactiveshell.py", line 3447, in run_cell_async
    has_raised = await self.run_ast_nodes(code_ast.body, cell_name,
  File "C:\Users\chris\AppData\Roaming\Python\Python314\site-packages\IPython\core\interactiveshell.py", line 3688, in run_ast_nodes
    if await self.run_code(code, result, async_=asy):
  File "C:\Users\chris\AppData\Roaming\Python\Python314\site-packages\IPython\core\interactiveshell.py", line 3748, in run_code
    exec(code_obj, self.user_global_ns, self.user_ns)
  File "C:\Users\chris\AppData\Local\Temp\ipykernel_5480\3007420965.py", line 73, in <module>
    runpy.run_path(str(script_path), run_name="__main__")
  File "<frozen runpy>", line 287, in run_path
  File "<frozen runpy>", line 98, in _run_module_code
  File "<frozen runpy>", line 88, in _run_code
  File "C:\Users\chris\Desktop\Code\TracesPresenter\Traces_presenter\Jupyter\Chaine\scripts_Mirabelle\eq_FE_Mirabelle.py", line 73, in <module>
    main(_read, _write)
  File "C:\Users\chris\Desktop\Code\TracesPresenter\Traces_presenter\Jupyter\Chaine\scripts_Mirabelle\eq_FE_Mirabelle.py", line 64, in main
    out.info("  %s : EQ = %.3f  (%d Run.Test)", actor, eq, len(attempts))
Message: '  %s : EQ = %.3f  (%d Run.Test)'
Arguments: ('amnistie.douteuse', 0.3101604278074866, 168)
--- Logging error ---
Traceback (most recent call last):
  File "c:\Users\chris\AppData\Local\Programs\Python\Python314\Lib\logging\__init__.py", line 1154, in emit
    stream.write(msg + self.terminator)
    ~~~~~~~~~~~~^^^^^^^^^^^^^^^^^^^^^^^
ValueError: I/O operation on closed file.
Call stack:
  File "<frozen runpy>", line 198, in _run_module_as_main
  File "<frozen runpy>", line 88, in _run_code
  File "C:\Users\chris\AppData\Roaming\Python\Python314\site-packages\ipykernel_launcher.py", line 18, in <module>
    app.launch_new_instance()
  File "C:\Users\chris\AppData\Roaming\Python\Python314\site-packages\traitlets\config\application.py", line 1082, in launch_instance
    app.start()
  File "C:\Users\chris\AppData\Roaming\Python\Python314\site-packages\ipykernel\kernelapp.py", line 758, in start
    self.io_loop.start()
  File "C:\Users\chris\AppData\Roaming\Python\Python314\site-packages\tornado\platform\asyncio.py", line 211, in start
    self.asyncio_loop.run_forever()
  File "c:\Users\chris\AppData\Local\Programs\Python\Python314\Lib\asyncio\base_events.py", line 677, in run_forever
    self._run_once()
  File "c:\Users\chris\AppData\Local\Programs\Python\Python314\Lib\asyncio\base_events.py", line 2046, in _run_once
    handle._run()
  File "c:\Users\chris\AppData\Local\Programs\Python\Python314\Lib\asyncio\events.py", line 94, in _run
    self._context.run(self._callback, *self._args)
  File "C:\Users\chris\AppData\Roaming\Python\Python314\site-packages\ipykernel\kernelbase.py", line 621, in shell_main
    await self.dispatch_shell(msg, subshell_id=subshell_id)
  File "C:\Users\chris\AppData\Roaming\Python\Python314\site-packages\ipykernel\kernelbase.py", line 478, in dispatch_shell
    await result
  File "C:\Users\chris\AppData\Roaming\Python\Python314\site-packages\ipykernel\ipkernel.py", line 372, in execute_request
    await super().execute_request(stream, ident, parent)
  File "C:\Users\chris\AppData\Roaming\Python\Python314\site-packages\ipykernel\kernelbase.py", line 834, in execute_request
    reply_content = await reply_content
  File "C:\Users\chris\AppData\Roaming\Python\Python314\site-packages\ipykernel\ipkernel.py", line 464, in do_execute
    res = shell.run_cell(
  File "C:\Users\chris\AppData\Roaming\Python\Python314\site-packages\ipykernel\zmqshell.py", line 663, in run_cell
    return super().run_cell(*args, **kwargs)
  File "C:\Users\chris\AppData\Roaming\Python\Python314\site-packages\IPython\core\interactiveshell.py", line 3170, in run_cell
    result = self._run_cell(
  File "C:\Users\chris\AppData\Roaming\Python\Python314\site-packages\IPython\core\interactiveshell.py", line 3225, in _run_cell
    result = runner(coro)
  File "C:\Users\chris\AppData\Roaming\Python\Python314\site-packages\IPython\core\async_helpers.py", line 128, in _pseudo_sync_runner
    coro.send(None)
  File "C:\Users\chris\AppData\Roaming\Python\Python314\site-packages\IPython\core\interactiveshell.py", line 3447, in run_cell_async
    has_raised = await self.run_ast_nodes(code_ast.body, cell_name,
  File "C:\Users\chris\AppData\Roaming\Python\Python314\site-packages\IPython\core\interactiveshell.py", line 3688, in run_ast_nodes
    if await self.run_code(code, result, async_=asy):
  File "C:\Users\chris\AppData\Roaming\Python\Python314\site-packages\IPython\core\interactiveshell.py", line 3748, in run_code
    exec(code_obj, self.user_global_ns, self.user_ns)
  File "C:\Users\chris\AppData\Local\Temp\ipykernel_5480\3007420965.py", line 73, in <module>
    runpy.run_path(str(script_path), run_name="__main__")
  File "<frozen runpy>", line 287, in run_path
  File "<frozen runpy>", line 98, in _run_module_code
  File "<frozen runpy>", line 88, in _run_code
  File "C:\Users\chris\Desktop\Code\TracesPresenter\Traces_presenter\Jupyter\Chaine\scripts_Mirabelle\eq_FE_Mirabelle.py", line 73, in <module>
    main(_read, _write)
  File "C:\Users\chris\Desktop\Code\TracesPresenter\Traces_presenter\Jupyter\Chaine\scripts_Mirabelle\eq_FE_Mirabelle.py", line 64, in main
    out.info("  %s : EQ = %.3f  (%d Run.Test)", actor, eq, len(attempts))
Message: '  %s : EQ = %.3f  (%d Run.Test)'
Arguments: ('annexez.closant', 0.3250572956455309, 258)
--- Logging error ---
Traceback (most recent call last):
  File "c:\Users\chris\AppData\Local\Programs\Python\Python314\Lib\logging\__init__.py", line 1154, in emit
    stream.write(msg + self.terminator)
    ~~~~~~~~~~~~^^^^^^^^^^^^^^^^^^^^^^^
ValueError: I/O operation on closed file.
Call stack:
  File "<frozen runpy>", line 198, in _run_module_as_main
  File "<frozen runpy>", line 88, in _run_code
  File "C:\Users\chris\AppData\Roaming\Python\Python314\site-packages\ipykernel_launcher.py", line 18, in <module>
    app.launch_new_instance()
  File "C:\Users\chris\AppData\Roaming\Python\Python314\site-packages\traitlets\config\application.py", line 1082, in launch_instance
    app.start()
  File "C:\Users\chris\AppData\Roaming\Python\Python314\site-packages\ipykernel\kernelapp.py", line 758, in start
    self.io_loop.start()
  File "C:\Users\chris\AppData\Roaming\Python\Python314\site-packages\tornado\platform\asyncio.py", line 211, in start
    self.asyncio_loop.run_forever()
  File "c:\Users\chris\AppData\Local\Programs\Python\Python314\Lib\asyncio\base_events.py", line 677, in run_forever
    self._run_once()
  File "c:\Users\chris\AppData\Local\Programs\Python\Python314\Lib\asyncio\base_events.py", line 2046, in _run_once
    handle._run()
  File "c:\Users\chris\AppData\Local\Programs\Python\Python314\Lib\asyncio\events.py", line 94, in _run
    self._context.run(self._callback, *self._args)
  File "C:\Users\chris\AppData\Roaming\Python\Python314\site-packages\ipykernel\kernelbase.py", line 621, in shell_main
    await self.dispatch_shell(msg, subshell_id=subshell_id)
  File "C:\Users\chris\AppData\Roaming\Python\Python314\site-packages\ipykernel\kernelbase.py", line 478, in dispatch_shell
    await result
  File "C:\Users\chris\AppData\Roaming\Python\Python314\site-packages\ipykernel\ipkernel.py", line 372, in execute_request
    await super().execute_request(stream, ident, parent)
  File "C:\Users\chris\AppData\Roaming\Python\Python314\site-packages\ipykernel\kernelbase.py", line 834, in execute_request
    reply_content = await reply_content
  File "C:\Users\chris\AppData\Roaming\Python\Python314\site-packages\ipykernel\ipkernel.py", line 464, in do_execute
    res = shell.run_cell(
  File "C:\Users\chris\AppData\Roaming\Python\Python314\site-packages\ipykernel\zmqshell.py", line 663, in run_cell
    return super().run_cell(*args, **kwargs)
  File "C:\Users\chris\AppData\Roaming\Python\Python314\site-packages\IPython\core\interactiveshell.py", line 3170, in run_cell
    result = self._run_cell(
  File "C:\Users\chris\AppData\Roaming\Python\Python314\site-packages\IPython\core\interactiveshell.py", line 3225, in _run_cell
    result = runner(coro)
  File "C:\Users\chris\AppData\Roaming\Python\Python314\site-packages\IPython\core\async_helpers.py", line 128, in _pseudo_sync_runner
    coro.send(None)
  File "C:\Users\chris\AppData\Roaming\Python\Python314\site-packages\IPython\core\interactiveshell.py", line 3447, in run_cell_async
    has_raised = await self.run_ast_nodes(code_ast.body, cell_name,
  File "C:\Users\chris\AppData\Roaming\Python\Python314\site-packages\IPython\core\interactiveshell.py", line 3688, in run_ast_nodes
    if await self.run_code(code, result, async_=asy):
  File "C:\Users\chris\AppData\Roaming\Python\Python314\site-packages\IPython\core\interactiveshell.py", line 3748, in run_code
    exec(code_obj, self.user_global_ns, self.user_ns)
  File "C:\Users\chris\AppData\Local\Temp\ipykernel_5480\3007420965.py", line 73, in <module>
    runpy.run_path(str(script_path), run_name="__main__")
  File "<frozen runpy>", line 287, in run_path
  File "<frozen runpy>", line 98, in _run_module_code
  File "<frozen runpy>", line 88, in _run_code
  File "C:\Users\chris\Desktop\Code\TracesPresenter\Traces_presenter\Jupyter\Chaine\scripts_Mirabelle\eq_FE_Mirabelle.py", line 73, in <module>
    main(_read, _write)
  File "C:\Users\chris\Desktop\Code\TracesPresenter\Traces_presenter\Jupyter\Chaine\scripts_Mirabelle\eq_FE_Mirabelle.py", line 64, in main
    out.info("  %s : EQ = %.3f  (%d Run.Test)", actor, eq, len(attempts))
Message: '  %s : EQ = %.3f  (%d Run.Test)'
Arguments: ('apercevra.conter', 0.3324962330487192, 221)
--- Logging error ---
Traceback (most recent call last):
  File "c:\Users\chris\AppData\Local\Programs\Python\Python314\Lib\logging\__init__.py", line 1154, in emit
    stream.write(msg + self.terminator)
    ~~~~~~~~~~~~^^^^^^^^^^^^^^^^^^^^^^^
ValueError: I/O operation on closed file.
Call stack:
  File "<frozen runpy>", line 198, in _run_module_as_main
  File "<frozen runpy>", line 88, in _run_code
  File "C:\Users\chris\AppData\Roaming\Python\Python314\site-packages\ipykernel_launcher.py", line 18, in <module>
    app.launch_new_instance()
  File "C:\Users\chris\AppData\Roaming\Python\Python314\site-packages\traitlets\config\application.py", line 1082, in launch_instance
    app.start()
  File "C:\Users\chris\AppData\Roaming\Python\Python314\site-packages\ipykernel\kernelapp.py", line 758, in start
    self.io_loop.start()
  File "C:\Users\chris\AppData\Roaming\Python\Python314\site-packages\tornado\platform\asyncio.py", line 211, in start
    self.asyncio_loop.run_forever()
  File "c:\Users\chris\AppData\Local\Programs\Python\Python314\Lib\asyncio\base_events.py", line 677, in run_forever
    self._run_once()
  File "c:\Users\chris\AppData\Local\Programs\Python\Python314\Lib\asyncio\base_events.py", line 2046, in _run_once
    handle._run()
  File "c:\Users\chris\AppData\Local\Programs\Python\Python314\Lib\asyncio\events.py", line 94, in _run
    self._context.run(self._callback, *self._args)
  File "C:\Users\chris\AppData\Roaming\Python\Python314\site-packages\ipykernel\kernelbase.py", line 621, in shell_main
    await self.dispatch_shell(msg, subshell_id=subshell_id)
  File "C:\Users\chris\AppData\Roaming\Python\Python314\site-packages\ipykernel\kernelbase.py", line 478, in dispatch_shell
    await result
  File "C:\Users\chris\AppData\Roaming\Python\Python314\site-packages\ipykernel\ipkernel.py", line 372, in execute_request
    await super().execute_request(stream, ident, parent)
  File "C:\Users\chris\AppData\Roaming\Python\Python314\site-packages\ipykernel\kernelbase.py", line 834, in execute_request
    reply_content = await reply_content
  File "C:\Users\chris\AppData\Roaming\Python\Python314\site-packages\ipykernel\ipkernel.py", line 464, in do_execute
    res = shell.run_cell(
  File "C:\Users\chris\AppData\Roaming\Python\Python314\site-packages\ipykernel\zmqshell.py", line 663, in run_cell
    return super().run_cell(*args, **kwargs)
  File "C:\Users\chris\AppData\Roaming\Python\Python314\site-packages\IPython\core\interactiveshell.py", line 3170, in run_cell
    result = self._run_cell(
  File "C:\Users\chris\AppData\Roaming\Python\Python314\site-packages\IPython\core\interactiveshell.py", line 3225, in _run_cell
    result = runner(coro)
  File "C:\Users\chris\AppData\Roaming\Python\Python314\site-packages\IPython\core\async_helpers.py", line 128, in _pseudo_sync_runner
    coro.send(None)
  File "C:\Users\chris\AppData\Roaming\Python\Python314\site-packages\IPython\core\interactiveshell.py", line 3447, in run_cell_async
    has_raised = await self.run_ast_nodes(code_ast.body, cell_name,
  File "C:\Users\chris\AppData\Roaming\Python\Python314\site-packages\IPython\core\interactiveshell.py", line 3688, in run_ast_nodes
    if await self.run_code(code, result, async_=asy):
  File "C:\Users\chris\AppData\Roaming\Python\Python314\site-packages\IPython\core\interactiveshell.py", line 3748, in run_code
    exec(code_obj, self.user_global_ns, self.user_ns)
  File "C:\Users\chris\AppData\Local\Temp\ipykernel_5480\3007420965.py", line 73, in <module>
    runpy.run_path(str(script_path), run_name="__main__")
  File "<frozen runpy>", line 287, in run_path
  File "<frozen runpy>", line 98, in _run_module_code
  File "<frozen runpy>", line 88, in _run_code
  File "C:\Users\chris\Desktop\Code\TracesPresenter\Traces_presenter\Jupyter\Chaine\scripts_Mirabelle\eq_FE_Mirabelle.py", line 73, in <module>
    main(_read, _write)
  File "C:\Users\chris\Desktop\Code\TracesPresenter\Traces_presenter\Jupyter\Chaine\scripts_Mirabelle\eq_FE_Mirabelle.py", line 60, in main
    out.warning("  %s : pas de paire de tentatives exploitable — ignoré", actor)
Message: '  %s : pas de paire de tentatives exploitable — ignoré'
Arguments: ('apprecies.emmental',)
--- Logging error ---
Traceback (most recent call last):
  File "c:\Users\chris\AppData\Local\Programs\Python\Python314\Lib\logging\__init__.py", line 1154, in emit
    stream.write(msg + self.terminator)
    ~~~~~~~~~~~~^^^^^^^^^^^^^^^^^^^^^^^
ValueError: I/O operation on closed file.
Call stack:
  File "<frozen runpy>", line 198, in _run_module_as_main
  File "<frozen runpy>", line 88, in _run_code
  File "C:\Users\chris\AppData\Roaming\Python\Python314\site-packages\ipykernel_launcher.py", line 18, in <module>
    app.launch_new_instance()
  File "C:\Users\chris\AppData\Roaming\Python\Python314\site-packages\traitlets\config\application.py", line 1082, in launch_instance
    app.start()
  File "C:\Users\chris\AppData\Roaming\Python\Python314\site-packages\ipykernel\kernelapp.py", line 758, in start
    self.io_loop.start()
  File "C:\Users\chris\AppData\Roaming\Python\Python314\site-packages\tornado\platform\asyncio.py", line 211, in start
    self.asyncio_loop.run_forever()
  File "c:\Users\chris\AppData\Local\Programs\Python\Python314\Lib\asyncio\base_events.py", line 677, in run_forever
    self._run_once()
  File "c:\Users\chris\AppData\Local\Programs\Python\Python314\Lib\asyncio\base_events.py", line 2046, in _run_once
    handle._run()
  File "c:\Users\chris\AppData\Local\Programs\Python\Python314\Lib\asyncio\events.py", line 94, in _run
    self._context.run(self._callback, *self._args)
  File "C:\Users\chris\AppData\Roaming\Python\Python314\site-packages\ipykernel\kernelbase.py", line 621, in shell_main
    await self.dispatch_shell(msg, subshell_id=subshell_id)
  File "C:\Users\chris\AppData\Roaming\Python\Python314\site-packages\ipykernel\kernelbase.py", line 478, in dispatch_shell
    await result
  File "C:\Users\chris\AppData\Roaming\Python\Python314\site-packages\ipykernel\ipkernel.py", line 372, in execute_request
    await super().execute_request(stream, ident, parent)
  File "C:\Users\chris\AppData\Roaming\Python\Python314\site-packages\ipykernel\kernelbase.py", line 834, in execute_request
    reply_content = await reply_content
  File "C:\Users\chris\AppData\Roaming\Python\Python314\site-packages\ipykernel\ipkernel.py", line 464, in do_execute
    res = shell.run_cell(
  File "C:\Users\chris\AppData\Roaming\Python\Python314\site-packages\ipykernel\zmqshell.py", line 663, in run_cell
    return super().run_cell(*args, **kwargs)
  File "C:\Users\chris\AppData\Roaming\Python\Python314\site-packages\IPython\core\interactiveshell.py", line 3170, in run_cell
    result = self._run_cell(
  File "C:\Users\chris\AppData\Roaming\Python\Python314\site-packages\IPython\core\interactiveshell.py", line 3225, in _run_cell
    result = runner(coro)
  File "C:\Users\chris\AppData\Roaming\Python\Python314\site-packages\IPython\core\async_helpers.py", line 128, in _pseudo_sync_runner
    coro.send(None)
  File "C:\Users\chris\AppData\Roaming\Python\Python314\site-packages\IPython\core\interactiveshell.py", line 3447, in run_cell_async
    has_raised = await self.run_ast_nodes(code_ast.body, cell_name,
  File "C:\Users\chris\AppData\Roaming\Python\Python314\site-packages\IPython\core\interactiveshell.py", line 3688, in run_ast_nodes
    if await self.run_code(code, result, async_=asy):
  File "C:\Users\chris\AppData\Roaming\Python\Python314\site-packages\IPython\core\interactiveshell.py", line 3748, in run_code
    exec(code_obj, self.user_global_ns, self.user_ns)
  File "C:\Users\chris\AppData\Local\Temp\ipykernel_5480\3007420965.py", line 73, in <module>
    runpy.run_path(str(script_path), run_name="__main__")
  File "<frozen runpy>", line 287, in run_path
  File "<frozen runpy>", line 98, in _run_module_code
  File "<frozen runpy>", line 88, in _run_code
  File "C:\Users\chris\Desktop\Code\TracesPresenter\Traces_presenter\Jupyter\Chaine\scripts_Mirabelle\eq_FE_Mirabelle.py", line 73, in <module>
    main(_read, _write)
  File "C:\Users\chris\Desktop\Code\TracesPresenter\Traces_presenter\Jupyter\Chaine\scripts_Mirabelle\eq_FE_Mirabelle.py", line 64, in main
    out.info("  %s : EQ = %.3f  (%d Run.Test)", actor, eq, len(attempts))
Message: '  %s : EQ = %.3f  (%d Run.Test)'
Arguments: ('appret.terrais', 0.2676767676767677, 355)
--- Logging error ---
Traceback (most recent call last):
  File "c:\Users\chris\AppData\Local\Programs\Python\Python314\Lib\logging\__init__.py", line 1154, in emit
    stream.write(msg + self.terminator)
    ~~~~~~~~~~~~^^^^^^^^^^^^^^^^^^^^^^^
ValueError: I/O operation on closed file.
Call stack:
  File "<frozen runpy>", line 198, in _run_module_as_main
  File "<frozen runpy>", line 88, in _run_code
  File "C:\Users\chris\AppData\Roaming\Python\Python314\site-packages\ipykernel_launcher.py", line 18, in <module>
    app.launch_new_instance()
  File "C:\Users\chris\AppData\Roaming\Python\Python314\site-packages\traitlets\config\application.py", line 1082, in launch_instance
    app.start()
  File "C:\Users\chris\AppData\Roaming\Python\Python314\site-packages\ipykernel\kernelapp.py", line 758, in start
    self.io_loop.start()
  File "C:\Users\chris\AppData\Roaming\Python\Python314\site-packages\tornado\platform\asyncio.py", line 211, in start
    self.asyncio_loop.run_forever()
  File "c:\Users\chris\AppData\Local\Programs\Python\Python314\Lib\asyncio\base_events.py", line 677, in run_forever
    self._run_once()
  File "c:\Users\chris\AppData\Local\Programs\Python\Python314\Lib\asyncio\base_events.py", line 2046, in _run_once
    handle._run()
  File "c:\Users\chris\AppData\Local\Programs\Python\Python314\Lib\asyncio\events.py", line 94, in _run
    self._context.run(self._callback, *self._args)
  File "C:\Users\chris\AppData\Roaming\Python\Python314\site-packages\ipykernel\kernelbase.py", line 621, in shell_main
    await self.dispatch_shell(msg, subshell_id=subshell_id)
  File "C:\Users\chris\AppData\Roaming\Python\Python314\site-packages\ipykernel\kernelbase.py", line 478, in dispatch_shell
    await result
  File "C:\Users\chris\AppData\Roaming\Python\Python314\site-packages\ipykernel\ipkernel.py", line 372, in execute_request
    await super().execute_request(stream, ident, parent)
  File "C:\Users\chris\AppData\Roaming\Python\Python314\site-packages\ipykernel\kernelbase.py", line 834, in execute_request
    reply_content = await reply_content
  File "C:\Users\chris\AppData\Roaming\Python\Python314\site-packages\ipykernel\ipkernel.py", line 464, in do_execute
    res = shell.run_cell(
  File "C:\Users\chris\AppData\Roaming\Python\Python314\site-packages\ipykernel\zmqshell.py", line 663, in run_cell
    return super().run_cell(*args, **kwargs)
  File "C:\Users\chris\AppData\Roaming\Python\Python314\site-packages\IPython\core\interactiveshell.py", line 3170, in run_cell
    result = self._run_cell(
  File "C:\Users\chris\AppData\Roaming\Python\Python314\site-packages\IPython\core\interactiveshell.py", line 3225, in _run_cell
    result = runner(coro)
  File "C:\Users\chris\AppData\Roaming\Python\Python314\site-packages\IPython\core\async_helpers.py", line 128, in _pseudo_sync_runner
    coro.send(None)
  File "C:\Users\chris\AppData\Roaming\Python\Python314\site-packages\IPython\core\interactiveshell.py", line 3447, in run_cell_async
    has_raised = await self.run_ast_nodes(code_ast.body, cell_name,
  File "C:\Users\chris\AppData\Roaming\Python\Python314\site-packages\IPython\core\interactiveshell.py", line 3688, in run_ast_nodes
    if await self.run_code(code, result, async_=asy):
  File "C:\Users\chris\AppData\Roaming\Python\Python314\site-packages\IPython\core\interactiveshell.py", line 3748, in run_code
    exec(code_obj, self.user_global_ns, self.user_ns)
  File "C:\Users\chris\AppData\Local\Temp\ipykernel_5480\3007420965.py", line 73, in <module>
    runpy.run_path(str(script_path), run_name="__main__")
  File "<frozen runpy>", line 287, in run_path
  File "<frozen runpy>", line 98, in _run_module_code
  File "<frozen runpy>", line 88, in _run_code
  File "C:\Users\chris\Desktop\Code\TracesPresenter\Traces_presenter\Jupyter\Chaine\scripts_Mirabelle\eq_FE_Mirabelle.py", line 73, in <module>
    main(_read, _write)
  File "C:\Users\chris\Desktop\Code\TracesPresenter\Traces_presenter\Jupyter\Chaine\scripts_Mirabelle\eq_FE_Mirabelle.py", line 60, in main
    out.warning("  %s : pas de paire de tentatives exploitable — ignoré", actor)
Message: '  %s : pas de paire de tentatives exploitable — ignoré'
Arguments: ('approuvez.declinee',)
--- Logging error ---
Traceback (most recent call last):
  File "c:\Users\chris\AppData\Local\Programs\Python\Python314\Lib\logging\__init__.py", line 1154, in emit
    stream.write(msg + self.terminator)
    ~~~~~~~~~~~~^^^^^^^^^^^^^^^^^^^^^^^
ValueError: I/O operation on closed file.
Call stack:
  File "<frozen runpy>", line 198, in _run_module_as_main
  File "<frozen runpy>", line 88, in _run_code
  File "C:\Users\chris\AppData\Roaming\Python\Python314\site-packages\ipykernel_launcher.py", line 18, in <module>
    app.launch_new_instance()
  File "C:\Users\chris\AppData\Roaming\Python\Python314\site-packages\traitlets\config\application.py", line 1082, in launch_instance
    app.start()
  File "C:\Users\chris\AppData\Roaming\Python\Python314\site-packages\ipykernel\kernelapp.py", line 758, in start
    self.io_loop.start()
  File "C:\Users\chris\AppData\Roaming\Python\Python314\site-packages\tornado\platform\asyncio.py", line 211, in start
    self.asyncio_loop.run_forever()
  File "c:\Users\chris\AppData\Local\Programs\Python\Python314\Lib\asyncio\base_events.py", line 677, in run_forever
    self._run_once()
  File "c:\Users\chris\AppData\Local\Programs\Python\Python314\Lib\asyncio\base_events.py", line 2046, in _run_once
    handle._run()
  File "c:\Users\chris\AppData\Local\Programs\Python\Python314\Lib\asyncio\events.py", line 94, in _run
    self._context.run(self._callback, *self._args)
  File "C:\Users\chris\AppData\Roaming\Python\Python314\site-packages\ipykernel\kernelbase.py", line 621, in shell_main
    await self.dispatch_shell(msg, subshell_id=subshell_id)
  File "C:\Users\chris\AppData\Roaming\Python\Python314\site-packages\ipykernel\kernelbase.py", line 478, in dispatch_shell
    await result
  File "C:\Users\chris\AppData\Roaming\Python\Python314\site-packages\ipykernel\ipkernel.py", line 372, in execute_request
    await super().execute_request(stream, ident, parent)
  File "C:\Users\chris\AppData\Roaming\Python\Python314\site-packages\ipykernel\kernelbase.py", line 834, in execute_request
    reply_content = await reply_content
  File "C:\Users\chris\AppData\Roaming\Python\Python314\site-packages\ipykernel\ipkernel.py", line 464, in do_execute
    res = shell.run_cell(
  File "C:\Users\chris\AppData\Roaming\Python\Python314\site-packages\ipykernel\zmqshell.py", line 663, in run_cell
    return super().run_cell(*args, **kwargs)
  File "C:\Users\chris\AppData\Roaming\Python\Python314\site-packages\IPython\core\interactiveshell.py", line 3170, in run_cell
    result = self._run_cell(
  File "C:\Users\chris\AppData\Roaming\Python\Python314\site-packages\IPython\core\interactiveshell.py", line 3225, in _run_cell
    result = runner(coro)
  File "C:\Users\chris\AppData\Roaming\Python\Python314\site-packages\IPython\core\async_helpers.py", line 128, in _pseudo_sync_runner
    coro.send(None)
  File "C:\Users\chris\AppData\Roaming\Python\Python314\site-packages\IPython\core\interactiveshell.py", line 3447, in run_cell_async
    has_raised = await self.run_ast_nodes(code_ast.body, cell_name,
  File "C:\Users\chris\AppData\Roaming\Python\Python314\site-packages\IPython\core\interactiveshell.py", line 3688, in run_ast_nodes
    if await self.run_code(code, result, async_=asy):
  File "C:\Users\chris\AppData\Roaming\Python\Python314\site-packages\IPython\core\interactiveshell.py", line 3748, in run_code
    exec(code_obj, self.user_global_ns, self.user_ns)
  File "C:\Users\chris\AppData\Local\Temp\ipykernel_5480\3007420965.py", line 73, in <module>
    runpy.run_path(str(script_path), run_name="__main__")
  File "<frozen runpy>", line 287, in run_path
  File "<frozen runpy>", line 98, in _run_module_code
  File "<frozen runpy>", line 88, in _run_code
  File "C:\Users\chris\Desktop\Code\TracesPresenter\Traces_presenter\Jupyter\Chaine\scripts_Mirabelle\eq_FE_Mirabelle.py", line 73, in <module>
    main(_read, _write)
  File "C:\Users\chris\Desktop\Code\TracesPresenter\Traces_presenter\Jupyter\Chaine\scripts_Mirabelle\eq_FE_Mirabelle.py", line 64, in main
    out.info("  %s : EQ = %.3f  (%d Run.Test)", actor, eq, len(attempts))
Message: '  %s : EQ = %.3f  (%d Run.Test)'
Arguments: ('asperge.goutait', 0.08108108108108109, 80)
--- Logging error ---
Traceback (most recent call last):
  File "c:\Users\chris\AppData\Local\Programs\Python\Python314\Lib\logging\__init__.py", line 1154, in emit
    stream.write(msg + self.terminator)
    ~~~~~~~~~~~~^^^^^^^^^^^^^^^^^^^^^^^
ValueError: I/O operation on closed file.
Call stack:
  File "<frozen runpy>", line 198, in _run_module_as_main
  File "<frozen runpy>", line 88, in _run_code
  File "C:\Users\chris\AppData\Roaming\Python\Python314\site-packages\ipykernel_launcher.py", line 18, in <module>
    app.launch_new_instance()
  File "C:\Users\chris\AppData\Roaming\Python\Python314\site-packages\traitlets\config\application.py", line 1082, in launch_instance
    app.start()
  File "C:\Users\chris\AppData\Roaming\Python\Python314\site-packages\ipykernel\kernelapp.py", line 758, in start
    self.io_loop.start()
  File "C:\Users\chris\AppData\Roaming\Python\Python314\site-packages\tornado\platform\asyncio.py", line 211, in start
    self.asyncio_loop.run_forever()
  File "c:\Users\chris\AppData\Local\Programs\Python\Python314\Lib\asyncio\base_events.py", line 677, in run_forever
    self._run_once()
  File "c:\Users\chris\AppData\Local\Programs\Python\Python314\Lib\asyncio\base_events.py", line 2046, in _run_once
    handle._run()
  File "c:\Users\chris\AppData\Local\Programs\Python\Python314\Lib\asyncio\events.py", line 94, in _run
    self._context.run(self._callback, *self._args)
  File "C:\Users\chris\AppData\Roaming\Python\Python314\site-packages\ipykernel\kernelbase.py", line 621, in shell_main
    await self.dispatch_shell(msg, subshell_id=subshell_id)
  File "C:\Users\chris\AppData\Roaming\Python\Python314\site-packages\ipykernel\kernelbase.py", line 478, in dispatch_shell
    await result
  File "C:\Users\chris\AppData\Roaming\Python\Python314\site-packages\ipykernel\ipkernel.py", line 372, in execute_request
    await super().execute_request(stream, ident, parent)
  File "C:\Users\chris\AppData\Roaming\Python\Python314\site-packages\ipykernel\kernelbase.py", line 834, in execute_request
    reply_content = await reply_content
  File "C:\Users\chris\AppData\Roaming\Python\Python314\site-packages\ipykernel\ipkernel.py", line 464, in do_execute
    res = shell.run_cell(
  File "C:\Users\chris\AppData\Roaming\Python\Python314\site-packages\ipykernel\zmqshell.py", line 663, in run_cell
    return super().run_cell(*args, **kwargs)
  File "C:\Users\chris\AppData\Roaming\Python\Python314\site-packages\IPython\core\interactiveshell.py", line 3170, in run_cell
    result = self._run_cell(
  File "C:\Users\chris\AppData\Roaming\Python\Python314\site-packages\IPython\core\interactiveshell.py", line 3225, in _run_cell
    result = runner(coro)
  File "C:\Users\chris\AppData\Roaming\Python\Python314\site-packages\IPython\core\async_helpers.py", line 128, in _pseudo_sync_runner
    coro.send(None)
  File "C:\Users\chris\AppData\Roaming\Python\Python314\site-packages\IPython\core\interactiveshell.py", line 3447, in run_cell_async
    has_raised = await self.run_ast_nodes(code_ast.body, cell_name,
  File "C:\Users\chris\AppData\Roaming\Python\Python314\site-packages\IPython\core\interactiveshell.py", line 3688, in run_ast_nodes
    if await self.run_code(code, result, async_=asy):
  File "C:\Users\chris\AppData\Roaming\Python\Python314\site-packages\IPython\core\interactiveshell.py", line 3748, in run_code
    exec(code_obj, self.user_global_ns, self.user_ns)
  File "C:\Users\chris\AppData\Local\Temp\ipykernel_5480\3007420965.py", line 73, in <module>
    runpy.run_path(str(script_path), run_name="__main__")
  File "<frozen runpy>", line 287, in run_path
  File "<frozen runpy>", line 98, in _run_module_code
  File "<frozen runpy>", line 88, in _run_code
  File "C:\Users\chris\Desktop\Code\TracesPresenter\Traces_presenter\Jupyter\Chaine\scripts_Mirabelle\eq_FE_Mirabelle.py", line 73, in <module>
    main(_read, _write)
  File "C:\Users\chris\Desktop\Code\TracesPresenter\Traces_presenter\Jupyter\Chaine\scripts_Mirabelle\eq_FE_Mirabelle.py", line 64, in main
    out.info("  %s : EQ = %.3f  (%d Run.Test)", actor, eq, len(attempts))
Message: '  %s : EQ = %.3f  (%d Run.Test)'
Arguments: ('assumait.reverdies', 0.07142857142857142, 38)
--- Logging error ---
Traceback (most recent call last):
  File "c:\Users\chris\AppData\Local\Programs\Python\Python314\Lib\logging\__init__.py", line 1154, in emit
    stream.write(msg + self.terminator)
    ~~~~~~~~~~~~^^^^^^^^^^^^^^^^^^^^^^^
ValueError: I/O operation on closed file.
Call stack:
  File "<frozen runpy>", line 198, in _run_module_as_main
  File "<frozen runpy>", line 88, in _run_code
  File "C:\Users\chris\AppData\Roaming\Python\Python314\site-packages\ipykernel_launcher.py", line 18, in <module>
    app.launch_new_instance()
  File "C:\Users\chris\AppData\Roaming\Python\Python314\site-packages\traitlets\config\application.py", line 1082, in launch_instance
    app.start()
  File "C:\Users\chris\AppData\Roaming\Python\Python314\site-packages\ipykernel\kernelapp.py", line 758, in start
    self.io_loop.start()
  File "C:\Users\chris\AppData\Roaming\Python\Python314\site-packages\tornado\platform\asyncio.py", line 211, in start
    self.asyncio_loop.run_forever()
  File "c:\Users\chris\AppData\Local\Programs\Python\Python314\Lib\asyncio\base_events.py", line 677, in run_forever
    self._run_once()
  File "c:\Users\chris\AppData\Local\Programs\Python\Python314\Lib\asyncio\base_events.py", line 2046, in _run_once
    handle._run()
  File "c:\Users\chris\AppData\Local\Programs\Python\Python314\Lib\asyncio\events.py", line 94, in _run
    self._context.run(self._callback, *self._args)
  File "C:\Users\chris\AppData\Roaming\Python\Python314\site-packages\ipykernel\kernelbase.py", line 621, in shell_main
    await self.dispatch_shell(msg, subshell_id=subshell_id)
  File "C:\Users\chris\AppData\Roaming\Python\Python314\site-packages\ipykernel\kernelbase.py", line 478, in dispatch_shell
    await result
  File "C:\Users\chris\AppData\Roaming\Python\Python314\site-packages\ipykernel\ipkernel.py", line 372, in execute_request
    await super().execute_request(stream, ident, parent)
  File "C:\Users\chris\AppData\Roaming\Python\Python314\site-packages\ipykernel\kernelbase.py", line 834, in execute_request
    reply_content = await reply_content
  File "C:\Users\chris\AppData\Roaming\Python\Python314\site-packages\ipykernel\ipkernel.py", line 464, in do_execute
    res = shell.run_cell(
  File "C:\Users\chris\AppData\Roaming\Python\Python314\site-packages\ipykernel\zmqshell.py", line 663, in run_cell
    return super().run_cell(*args, **kwargs)
  File "C:\Users\chris\AppData\Roaming\Python\Python314\site-packages\IPython\core\interactiveshell.py", line 3170, in run_cell
    result = self._run_cell(
  File "C:\Users\chris\AppData\Roaming\Python\Python314\site-packages\IPython\core\interactiveshell.py", line 3225, in _run_cell
    result = runner(coro)
  File "C:\Users\chris\AppData\Roaming\Python\Python314\site-packages\IPython\core\async_helpers.py", line 128, in _pseudo_sync_runner
    coro.send(None)
  File "C:\Users\chris\AppData\Roaming\Python\Python314\site-packages\IPython\core\interactiveshell.py", line 3447, in run_cell_async
    has_raised = await self.run_ast_nodes(code_ast.body, cell_name,
  File "C:\Users\chris\AppData\Roaming\Python\Python314\site-packages\IPython\core\interactiveshell.py", line 3688, in run_ast_nodes
    if await self.run_code(code, result, async_=asy):
  File "C:\Users\chris\AppData\Roaming\Python\Python314\site-packages\IPython\core\interactiveshell.py", line 3748, in run_code
    exec(code_obj, self.user_global_ns, self.user_ns)
  File "C:\Users\chris\AppData\Local\Temp\ipykernel_5480\3007420965.py", line 73, in <module>
    runpy.run_path(str(script_path), run_name="__main__")
  File "<frozen runpy>", line 287, in run_path
  File "<frozen runpy>", line 98, in _run_module_code
  File "<frozen runpy>", line 88, in _run_code
  File "C:\Users\chris\Desktop\Code\TracesPresenter\Traces_presenter\Jupyter\Chaine\scripts_Mirabelle\eq_FE_Mirabelle.py", line 73, in <module>
    main(_read, _write)
  File "C:\Users\chris\Desktop\Code\TracesPresenter\Traces_presenter\Jupyter\Chaine\scripts_Mirabelle\eq_FE_Mirabelle.py", line 64, in main
    out.info("  %s : EQ = %.3f  (%d Run.Test)", actor, eq, len(attempts))
Message: '  %s : EQ = %.3f  (%d Run.Test)'
Arguments: ('atroce.adjugerez', 0.20742637644046094, 154)
--- Logging error ---
Traceback (most recent call last):
  File "c:\Users\chris\AppData\Local\Programs\Python\Python314\Lib\logging\__init__.py", line 1154, in emit
    stream.write(msg + self.terminator)
    ~~~~~~~~~~~~^^^^^^^^^^^^^^^^^^^^^^^
ValueError: I/O operation on closed file.
Call stack:
  File "<frozen runpy>", line 198, in _run_module_as_main
  File "<frozen runpy>", line 88, in _run_code
  File "C:\Users\chris\AppData\Roaming\Python\Python314\site-packages\ipykernel_launcher.py", line 18, in <module>
    app.launch_new_instance()
  File "C:\Users\chris\AppData\Roaming\Python\Python314\site-packages\traitlets\config\application.py", line 1082, in launch_instance
    app.start()
  File "C:\Users\chris\AppData\Roaming\Python\Python314\site-packages\ipykernel\kernelapp.py", line 758, in start
    self.io_loop.start()
  File "C:\Users\chris\AppData\Roaming\Python\Python314\site-packages\tornado\platform\asyncio.py", line 211, in start
    self.asyncio_loop.run_forever()
  File "c:\Users\chris\AppData\Local\Programs\Python\Python314\Lib\asyncio\base_events.py", line 677, in run_forever
    self._run_once()
  File "c:\Users\chris\AppData\Local\Programs\Python\Python314\Lib\asyncio\base_events.py", line 2046, in _run_once
    handle._run()
  File "c:\Users\chris\AppData\Local\Programs\Python\Python314\Lib\asyncio\events.py", line 94, in _run
    self._context.run(self._callback, *self._args)
  File "C:\Users\chris\AppData\Roaming\Python\Python314\site-packages\ipykernel\kernelbase.py", line 621, in shell_main
    await self.dispatch_shell(msg, subshell_id=subshell_id)
  File "C:\Users\chris\AppData\Roaming\Python\Python314\site-packages\ipykernel\kernelbase.py", line 478, in dispatch_shell
    await result
  File "C:\Users\chris\AppData\Roaming\Python\Python314\site-packages\ipykernel\ipkernel.py", line 372, in execute_request
    await super().execute_request(stream, ident, parent)
  File "C:\Users\chris\AppData\Roaming\Python\Python314\site-packages\ipykernel\kernelbase.py", line 834, in execute_request
    reply_content = await reply_content
  File "C:\Users\chris\AppData\Roaming\Python\Python314\site-packages\ipykernel\ipkernel.py", line 464, in do_execute
    res = shell.run_cell(
  File "C:\Users\chris\AppData\Roaming\Python\Python314\site-packages\ipykernel\zmqshell.py", line 663, in run_cell
    return super().run_cell(*args, **kwargs)
  File "C:\Users\chris\AppData\Roaming\Python\Python314\site-packages\IPython\core\interactiveshell.py", line 3170, in run_cell
    result = self._run_cell(
  File "C:\Users\chris\AppData\Roaming\Python\Python314\site-packages\IPython\core\interactiveshell.py", line 3225, in _run_cell
    result = runner(coro)
  File "C:\Users\chris\AppData\Roaming\Python\Python314\site-packages\IPython\core\async_helpers.py", line 128, in _pseudo_sync_runner
    coro.send(None)
  File "C:\Users\chris\AppData\Roaming\Python\Python314\site-packages\IPython\core\interactiveshell.py", line 3447, in run_cell_async
    has_raised = await self.run_ast_nodes(code_ast.body, cell_name,
  File "C:\Users\chris\AppData\Roaming\Python\Python314\site-packages\IPython\core\interactiveshell.py", line 3688, in run_ast_nodes
    if await self.run_code(code, result, async_=asy):
  File "C:\Users\chris\AppData\Roaming\Python\Python314\site-packages\IPython\core\interactiveshell.py", line 3748, in run_code
    exec(code_obj, self.user_global_ns, self.user_ns)
  File "C:\Users\chris\AppData\Local\Temp\ipykernel_5480\3007420965.py", line 73, in <module>
    runpy.run_path(str(script_path), run_name="__main__")
  File "<frozen runpy>", line 287, in run_path
  File "<frozen runpy>", line 98, in _run_module_code
  File "<frozen runpy>", line 88, in _run_code
  File "C:\Users\chris\Desktop\Code\TracesPresenter\Traces_presenter\Jupyter\Chaine\scripts_Mirabelle\eq_FE_Mirabelle.py", line 73, in <module>
    main(_read, _write)
  File "C:\Users\chris\Desktop\Code\TracesPresenter\Traces_presenter\Jupyter\Chaine\scripts_Mirabelle\eq_FE_Mirabelle.py", line 64, in main
    out.info("  %s : EQ = %.3f  (%d Run.Test)", actor, eq, len(attempts))
Message: '  %s : EQ = %.3f  (%d Run.Test)'
Arguments: ('auspices.heurtoir', 0.39790575916230364, 206)
--- Logging error ---
Traceback (most recent call last):
  File "c:\Users\chris\AppData\Local\Programs\Python\Python314\Lib\logging\__init__.py", line 1154, in emit
    stream.write(msg + self.terminator)
    ~~~~~~~~~~~~^^^^^^^^^^^^^^^^^^^^^^^
ValueError: I/O operation on closed file.
Call stack:
  File "<frozen runpy>", line 198, in _run_module_as_main
  File "<frozen runpy>", line 88, in _run_code
  File "C:\Users\chris\AppData\Roaming\Python\Python314\site-packages\ipykernel_launcher.py", line 18, in <module>
    app.launch_new_instance()
  File "C:\Users\chris\AppData\Roaming\Python\Python314\site-packages\traitlets\config\application.py", line 1082, in launch_instance
    app.start()
  File "C:\Users\chris\AppData\Roaming\Python\Python314\site-packages\ipykernel\kernelapp.py", line 758, in start
    self.io_loop.start()
  File "C:\Users\chris\AppData\Roaming\Python\Python314\site-packages\tornado\platform\asyncio.py", line 211, in start
    self.asyncio_loop.run_forever()
  File "c:\Users\chris\AppData\Local\Programs\Python\Python314\Lib\asyncio\base_events.py", line 677, in run_forever
    self._run_once()
  File "c:\Users\chris\AppData\Local\Programs\Python\Python314\Lib\asyncio\base_events.py", line 2046, in _run_once
    handle._run()
  File "c:\Users\chris\AppData\Local\Programs\Python\Python314\Lib\asyncio\events.py", line 94, in _run
    self._context.run(self._callback, *self._args)
  File "C:\Users\chris\AppData\Roaming\Python\Python314\site-packages\ipykernel\kernelbase.py", line 621, in shell_main
    await self.dispatch_shell(msg, subshell_id=subshell_id)
  File "C:\Users\chris\AppData\Roaming\Python\Python314\site-packages\ipykernel\kernelbase.py", line 478, in dispatch_shell
    await result
  File "C:\Users\chris\AppData\Roaming\Python\Python314\site-packages\ipykernel\ipkernel.py", line 372, in execute_request
    await super().execute_request(stream, ident, parent)
  File "C:\Users\chris\AppData\Roaming\Python\Python314\site-packages\ipykernel\kernelbase.py", line 834, in execute_request
    reply_content = await reply_content
  File "C:\Users\chris\AppData\Roaming\Python\Python314\site-packages\ipykernel\ipkernel.py", line 464, in do_execute
    res = shell.run_cell(
  File "C:\Users\chris\AppData\Roaming\Python\Python314\site-packages\ipykernel\zmqshell.py", line 663, in run_cell
    return super().run_cell(*args, **kwargs)
  File "C:\Users\chris\AppData\Roaming\Python\Python314\site-packages\IPython\core\interactiveshell.py", line 3170, in run_cell
    result = self._run_cell(
  File "C:\Users\chris\AppData\Roaming\Python\Python314\site-packages\IPython\core\interactiveshell.py", line 3225, in _run_cell
    result = runner(coro)
  File "C:\Users\chris\AppData\Roaming\Python\Python314\site-packages\IPython\core\async_helpers.py", line 128, in _pseudo_sync_runner
    coro.send(None)
  File "C:\Users\chris\AppData\Roaming\Python\Python314\site-packages\IPython\core\interactiveshell.py", line 3447, in run_cell_async
    has_raised = await self.run_ast_nodes(code_ast.body, cell_name,
  File "C:\Users\chris\AppData\Roaming\Python\Python314\site-packages\IPython\core\interactiveshell.py", line 3688, in run_ast_nodes
    if await self.run_code(code, result, async_=asy):
  File "C:\Users\chris\AppData\Roaming\Python\Python314\site-packages\IPython\core\interactiveshell.py", line 3748, in run_code
    exec(code_obj, self.user_global_ns, self.user_ns)
  File "C:\Users\chris\AppData\Local\Temp\ipykernel_5480\3007420965.py", line 73, in <module>
    runpy.run_path(str(script_path), run_name="__main__")
  File "<frozen runpy>", line 287, in run_path
  File "<frozen runpy>", line 98, in _run_module_code
  File "<frozen runpy>", line 88, in _run_code
  File "C:\Users\chris\Desktop\Code\TracesPresenter\Traces_presenter\Jupyter\Chaine\scripts_Mirabelle\eq_FE_Mirabelle.py", line 73, in <module>
    main(_read, _write)
  File "C:\Users\chris\Desktop\Code\TracesPresenter\Traces_presenter\Jupyter\Chaine\scripts_Mirabelle\eq_FE_Mirabelle.py", line 64, in main
    out.info("  %s : EQ = %.3f  (%d Run.Test)", actor, eq, len(attempts))
Message: '  %s : EQ = %.3f  (%d Run.Test)'
Arguments: ('autonomes.puisera', 0.15454545454545454, 60)
--- Logging error ---
Traceback (most recent call last):
  File "c:\Users\chris\AppData\Local\Programs\Python\Python314\Lib\logging\__init__.py", line 1154, in emit
    stream.write(msg + self.terminator)
    ~~~~~~~~~~~~^^^^^^^^^^^^^^^^^^^^^^^
ValueError: I/O operation on closed file.
Call stack:
  File "<frozen runpy>", line 198, in _run_module_as_main
  File "<frozen runpy>", line 88, in _run_code
  File "C:\Users\chris\AppData\Roaming\Python\Python314\site-packages\ipykernel_launcher.py", line 18, in <module>
    app.launch_new_instance()
  File "C:\Users\chris\AppData\Roaming\Python\Python314\site-packages\traitlets\config\application.py", line 1082, in launch_instance
    app.start()
  File "C:\Users\chris\AppData\Roaming\Python\Python314\site-packages\ipykernel\kernelapp.py", line 758, in start
    self.io_loop.start()
  File "C:\Users\chris\AppData\Roaming\Python\Python314\site-packages\tornado\platform\asyncio.py", line 211, in start
    self.asyncio_loop.run_forever()
  File "c:\Users\chris\AppData\Local\Programs\Python\Python314\Lib\asyncio\base_events.py", line 677, in run_forever
    self._run_once()
  File "c:\Users\chris\AppData\Local\Programs\Python\Python314\Lib\asyncio\base_events.py", line 2046, in _run_once
    handle._run()
  File "c:\Users\chris\AppData\Local\Programs\Python\Python314\Lib\asyncio\events.py", line 94, in _run
    self._context.run(self._callback, *self._args)
  File "C:\Users\chris\AppData\Roaming\Python\Python314\site-packages\ipykernel\kernelbase.py", line 621, in shell_main
    await self.dispatch_shell(msg, subshell_id=subshell_id)
  File "C:\Users\chris\AppData\Roaming\Python\Python314\site-packages\ipykernel\kernelbase.py", line 478, in dispatch_shell
    await result
  File "C:\Users\chris\AppData\Roaming\Python\Python314\site-packages\ipykernel\ipkernel.py", line 372, in execute_request
    await super().execute_request(stream, ident, parent)
  File "C:\Users\chris\AppData\Roaming\Python\Python314\site-packages\ipykernel\kernelbase.py", line 834, in execute_request
    reply_content = await reply_content
  File "C:\Users\chris\AppData\Roaming\Python\Python314\site-packages\ipykernel\ipkernel.py", line 464, in do_execute
    res = shell.run_cell(
  File "C:\Users\chris\AppData\Roaming\Python\Python314\site-packages\ipykernel\zmqshell.py", line 663, in run_cell
    return super().run_cell(*args, **kwargs)
  File "C:\Users\chris\AppData\Roaming\Python\Python314\site-packages\IPython\core\interactiveshell.py", line 3170, in run_cell
    result = self._run_cell(
  File "C:\Users\chris\AppData\Roaming\Python\Python314\site-packages\IPython\core\interactiveshell.py", line 3225, in _run_cell
    result = runner(coro)
  File "C:\Users\chris\AppData\Roaming\Python\Python314\site-packages\IPython\core\async_helpers.py", line 128, in _pseudo_sync_runner
    coro.send(None)
  File "C:\Users\chris\AppData\Roaming\Python\Python314\site-packages\IPython\core\interactiveshell.py", line 3447, in run_cell_async
    has_raised = await self.run_ast_nodes(code_ast.body, cell_name,
  File "C:\Users\chris\AppData\Roaming\Python\Python314\site-packages\IPython\core\interactiveshell.py", line 3688, in run_ast_nodes
    if await self.run_code(code, result, async_=asy):
  File "C:\Users\chris\AppData\Roaming\Python\Python314\site-packages\IPython\core\interactiveshell.py", line 3748, in run_code
    exec(code_obj, self.user_global_ns, self.user_ns)
  File "C:\Users\chris\AppData\Local\Temp\ipykernel_5480\3007420965.py", line 73, in <module>
    runpy.run_path(str(script_path), run_name="__main__")
  File "<frozen runpy>", line 287, in run_path
  File "<frozen runpy>", line 98, in _run_module_code
  File "<frozen runpy>", line 88, in _run_code
  File "C:\Users\chris\Desktop\Code\TracesPresenter\Traces_presenter\Jupyter\Chaine\scripts_Mirabelle\eq_FE_Mirabelle.py", line 73, in <module>
    main(_read, _write)
  File "C:\Users\chris\Desktop\Code\TracesPresenter\Traces_presenter\Jupyter\Chaine\scripts_Mirabelle\eq_FE_Mirabelle.py", line 64, in main
    out.info("  %s : EQ = %.3f  (%d Run.Test)", actor, eq, len(attempts))
Message: '  %s : EQ = %.3f  (%d Run.Test)'
Arguments: ('avereront.vouees', 0.10922171353826028, 162)
--- Logging error ---
Traceback (most recent call last):
  File "c:\Users\chris\AppData\Local\Programs\Python\Python314\Lib\logging\__init__.py", line 1154, in emit
    stream.write(msg + self.terminator)
    ~~~~~~~~~~~~^^^^^^^^^^^^^^^^^^^^^^^
ValueError: I/O operation on closed file.
Call stack:
  File "<frozen runpy>", line 198, in _run_module_as_main
  File "<frozen runpy>", line 88, in _run_code
  File "C:\Users\chris\AppData\Roaming\Python\Python314\site-packages\ipykernel_launcher.py", line 18, in <module>
    app.launch_new_instance()
  File "C:\Users\chris\AppData\Roaming\Python\Python314\site-packages\traitlets\config\application.py", line 1082, in launch_instance
    app.start()
  File "C:\Users\chris\AppData\Roaming\Python\Python314\site-packages\ipykernel\kernelapp.py", line 758, in start
    self.io_loop.start()
  File "C:\Users\chris\AppData\Roaming\Python\Python314\site-packages\tornado\platform\asyncio.py", line 211, in start
    self.asyncio_loop.run_forever()
  File "c:\Users\chris\AppData\Local\Programs\Python\Python314\Lib\asyncio\base_events.py", line 677, in run_forever
    self._run_once()
  File "c:\Users\chris\AppData\Local\Programs\Python\Python314\Lib\asyncio\base_events.py", line 2046, in _run_once
    handle._run()
  File "c:\Users\chris\AppData\Local\Programs\Python\Python314\Lib\asyncio\events.py", line 94, in _run
    self._context.run(self._callback, *self._args)
  File "C:\Users\chris\AppData\Roaming\Python\Python314\site-packages\ipykernel\kernelbase.py", line 621, in shell_main
    await self.dispatch_shell(msg, subshell_id=subshell_id)
  File "C:\Users\chris\AppData\Roaming\Python\Python314\site-packages\ipykernel\kernelbase.py", line 478, in dispatch_shell
    await result
  File "C:\Users\chris\AppData\Roaming\Python\Python314\site-packages\ipykernel\ipkernel.py", line 372, in execute_request
    await super().execute_request(stream, ident, parent)
  File "C:\Users\chris\AppData\Roaming\Python\Python314\site-packages\ipykernel\kernelbase.py", line 834, in execute_request
    reply_content = await reply_content
  File "C:\Users\chris\AppData\Roaming\Python\Python314\site-packages\ipykernel\ipkernel.py", line 464, in do_execute
    res = shell.run_cell(
  File "C:\Users\chris\AppData\Roaming\Python\Python314\site-packages\ipykernel\zmqshell.py", line 663, in run_cell
    return super().run_cell(*args, **kwargs)
  File "C:\Users\chris\AppData\Roaming\Python\Python314\site-packages\IPython\core\interactiveshell.py", line 3170, in run_cell
    result = self._run_cell(
  File "C:\Users\chris\AppData\Roaming\Python\Python314\site-packages\IPython\core\interactiveshell.py", line 3225, in _run_cell
    result = runner(coro)
  File "C:\Users\chris\AppData\Roaming\Python\Python314\site-packages\IPython\core\async_helpers.py", line 128, in _pseudo_sync_runner
    coro.send(None)
  File "C:\Users\chris\AppData\Roaming\Python\Python314\site-packages\IPython\core\interactiveshell.py", line 3447, in run_cell_async
    has_raised = await self.run_ast_nodes(code_ast.body, cell_name,
  File "C:\Users\chris\AppData\Roaming\Python\Python314\site-packages\IPython\core\interactiveshell.py", line 3688, in run_ast_nodes
    if await self.run_code(code, result, async_=asy):
  File "C:\Users\chris\AppData\Roaming\Python\Python314\site-packages\IPython\core\interactiveshell.py", line 3748, in run_code
    exec(code_obj, self.user_global_ns, self.user_ns)
  File "C:\Users\chris\AppData\Local\Temp\ipykernel_5480\3007420965.py", line 73, in <module>
    runpy.run_path(str(script_path), run_name="__main__")
  File "<frozen runpy>", line 287, in run_path
  File "<frozen runpy>", line 98, in _run_module_code
  File "<frozen runpy>", line 88, in _run_code
  File "C:\Users\chris\Desktop\Code\TracesPresenter\Traces_presenter\Jupyter\Chaine\scripts_Mirabelle\eq_FE_Mirabelle.py", line 73, in <module>
    main(_read, _write)
  File "C:\Users\chris\Desktop\Code\TracesPresenter\Traces_presenter\Jupyter\Chaine\scripts_Mirabelle\eq_FE_Mirabelle.py", line 64, in main
    out.info("  %s : EQ = %.3f  (%d Run.Test)", actor, eq, len(attempts))
Message: '  %s : EQ = %.3f  (%d Run.Test)'
Arguments: ('avertis.cormoran', 0.2727272727272727, 103)
--- Logging error ---
Traceback (most recent call last):
  File "c:\Users\chris\AppData\Local\Programs\Python\Python314\Lib\logging\__init__.py", line 1154, in emit
    stream.write(msg + self.terminator)
    ~~~~~~~~~~~~^^^^^^^^^^^^^^^^^^^^^^^
ValueError: I/O operation on closed file.
Call stack:
  File "<frozen runpy>", line 198, in _run_module_as_main
  File "<frozen runpy>", line 88, in _run_code
  File "C:\Users\chris\AppData\Roaming\Python\Python314\site-packages\ipykernel_launcher.py", line 18, in <module>
    app.launch_new_instance()
  File "C:\Users\chris\AppData\Roaming\Python\Python314\site-packages\traitlets\config\application.py", line 1082, in launch_instance
    app.start()
  File "C:\Users\chris\AppData\Roaming\Python\Python314\site-packages\ipykernel\kernelapp.py", line 758, in start
    self.io_loop.start()
  File "C:\Users\chris\AppData\Roaming\Python\Python314\site-packages\tornado\platform\asyncio.py", line 211, in start
    self.asyncio_loop.run_forever()
  File "c:\Users\chris\AppData\Local\Programs\Python\Python314\Lib\asyncio\base_events.py", line 677, in run_forever
    self._run_once()
  File "c:\Users\chris\AppData\Local\Programs\Python\Python314\Lib\asyncio\base_events.py", line 2046, in _run_once
    handle._run()
  File "c:\Users\chris\AppData\Local\Programs\Python\Python314\Lib\asyncio\events.py", line 94, in _run
    self._context.run(self._callback, *self._args)
  File "C:\Users\chris\AppData\Roaming\Python\Python314\site-packages\ipykernel\kernelbase.py", line 621, in shell_main
    await self.dispatch_shell(msg, subshell_id=subshell_id)
  File "C:\Users\chris\AppData\Roaming\Python\Python314\site-packages\ipykernel\kernelbase.py", line 478, in dispatch_shell
    await result
  File "C:\Users\chris\AppData\Roaming\Python\Python314\site-packages\ipykernel\ipkernel.py", line 372, in execute_request
    await super().execute_request(stream, ident, parent)
  File "C:\Users\chris\AppData\Roaming\Python\Python314\site-packages\ipykernel\kernelbase.py", line 834, in execute_request
    reply_content = await reply_content
  File "C:\Users\chris\AppData\Roaming\Python\Python314\site-packages\ipykernel\ipkernel.py", line 464, in do_execute
    res = shell.run_cell(
  File "C:\Users\chris\AppData\Roaming\Python\Python314\site-packages\ipykernel\zmqshell.py", line 663, in run_cell
    return super().run_cell(*args, **kwargs)
  File "C:\Users\chris\AppData\Roaming\Python\Python314\site-packages\IPython\core\interactiveshell.py", line 3170, in run_cell
    result = self._run_cell(
  File "C:\Users\chris\AppData\Roaming\Python\Python314\site-packages\IPython\core\interactiveshell.py", line 3225, in _run_cell
    result = runner(coro)
  File "C:\Users\chris\AppData\Roaming\Python\Python314\site-packages\IPython\core\async_helpers.py", line 128, in _pseudo_sync_runner
    coro.send(None)
  File "C:\Users\chris\AppData\Roaming\Python\Python314\site-packages\IPython\core\interactiveshell.py", line 3447, in run_cell_async
    has_raised = await self.run_ast_nodes(code_ast.body, cell_name,
  File "C:\Users\chris\AppData\Roaming\Python\Python314\site-packages\IPython\core\interactiveshell.py", line 3688, in run_ast_nodes
    if await self.run_code(code, result, async_=asy):
  File "C:\Users\chris\AppData\Roaming\Python\Python314\site-packages\IPython\core\interactiveshell.py", line 3748, in run_code
    exec(code_obj, self.user_global_ns, self.user_ns)
  File "C:\Users\chris\AppData\Local\Temp\ipykernel_5480\3007420965.py", line 73, in <module>
    runpy.run_path(str(script_path), run_name="__main__")
  File "<frozen runpy>", line 287, in run_path
  File "<frozen runpy>", line 98, in _run_module_code
  File "<frozen runpy>", line 88, in _run_code
  File "C:\Users\chris\Desktop\Code\TracesPresenter\Traces_presenter\Jupyter\Chaine\scripts_Mirabelle\eq_FE_Mirabelle.py", line 73, in <module>
    main(_read, _write)
  File "C:\Users\chris\Desktop\Code\TracesPresenter\Traces_presenter\Jupyter\Chaine\scripts_Mirabelle\eq_FE_Mirabelle.py", line 64, in main
    out.info("  %s : EQ = %.3f  (%d Run.Test)", actor, eq, len(attempts))
Message: '  %s : EQ = %.3f  (%d Run.Test)'
Arguments: ('avorteras.statuais', 0.3102766798418972, 364)
--- Logging error ---
Traceback (most recent call last):
  File "c:\Users\chris\AppData\Local\Programs\Python\Python314\Lib\logging\__init__.py", line 1154, in emit
    stream.write(msg + self.terminator)
    ~~~~~~~~~~~~^^^^^^^^^^^^^^^^^^^^^^^
ValueError: I/O operation on closed file.
Call stack:
  File "<frozen runpy>", line 198, in _run_module_as_main
  File "<frozen runpy>", line 88, in _run_code
  File "C:\Users\chris\AppData\Roaming\Python\Python314\site-packages\ipykernel_launcher.py", line 18, in <module>
    app.launch_new_instance()
  File "C:\Users\chris\AppData\Roaming\Python\Python314\site-packages\traitlets\config\application.py", line 1082, in launch_instance
    app.start()
  File "C:\Users\chris\AppData\Roaming\Python\Python314\site-packages\ipykernel\kernelapp.py", line 758, in start
    self.io_loop.start()
  File "C:\Users\chris\AppData\Roaming\Python\Python314\site-packages\tornado\platform\asyncio.py", line 211, in start
    self.asyncio_loop.run_forever()
  File "c:\Users\chris\AppData\Local\Programs\Python\Python314\Lib\asyncio\base_events.py", line 677, in run_forever
    self._run_once()
  File "c:\Users\chris\AppData\Local\Programs\Python\Python314\Lib\asyncio\base_events.py", line 2046, in _run_once
    handle._run()
  File "c:\Users\chris\AppData\Local\Programs\Python\Python314\Lib\asyncio\events.py", line 94, in _run
    self._context.run(self._callback, *self._args)
  File "C:\Users\chris\AppData\Roaming\Python\Python314\site-packages\ipykernel\kernelbase.py", line 621, in shell_main
    await self.dispatch_shell(msg, subshell_id=subshell_id)
  File "C:\Users\chris\AppData\Roaming\Python\Python314\site-packages\ipykernel\kernelbase.py", line 478, in dispatch_shell
    await result
  File "C:\Users\chris\AppData\Roaming\Python\Python314\site-packages\ipykernel\ipkernel.py", line 372, in execute_request
    await super().execute_request(stream, ident, parent)
  File "C:\Users\chris\AppData\Roaming\Python\Python314\site-packages\ipykernel\kernelbase.py", line 834, in execute_request
    reply_content = await reply_content
  File "C:\Users\chris\AppData\Roaming\Python\Python314\site-packages\ipykernel\ipkernel.py", line 464, in do_execute
    res = shell.run_cell(
  File "C:\Users\chris\AppData\Roaming\Python\Python314\site-packages\ipykernel\zmqshell.py", line 663, in run_cell
    return super().run_cell(*args, **kwargs)
  File "C:\Users\chris\AppData\Roaming\Python\Python314\site-packages\IPython\core\interactiveshell.py", line 3170, in run_cell
    result = self._run_cell(
  File "C:\Users\chris\AppData\Roaming\Python\Python314\site-packages\IPython\core\interactiveshell.py", line 3225, in _run_cell
    result = runner(coro)
  File "C:\Users\chris\AppData\Roaming\Python\Python314\site-packages\IPython\core\async_helpers.py", line 128, in _pseudo_sync_runner
    coro.send(None)
  File "C:\Users\chris\AppData\Roaming\Python\Python314\site-packages\IPython\core\interactiveshell.py", line 3447, in run_cell_async
    has_raised = await self.run_ast_nodes(code_ast.body, cell_name,
  File "C:\Users\chris\AppData\Roaming\Python\Python314\site-packages\IPython\core\interactiveshell.py", line 3688, in run_ast_nodes
    if await self.run_code(code, result, async_=asy):
  File "C:\Users\chris\AppData\Roaming\Python\Python314\site-packages\IPython\core\interactiveshell.py", line 3748, in run_code
    exec(code_obj, self.user_global_ns, self.user_ns)
  File "C:\Users\chris\AppData\Local\Temp\ipykernel_5480\3007420965.py", line 73, in <module>
    runpy.run_path(str(script_path), run_name="__main__")
  File "<frozen runpy>", line 287, in run_path
  File "<frozen runpy>", line 98, in _run_module_code
  File "<frozen runpy>", line 88, in _run_code
  File "C:\Users\chris\Desktop\Code\TracesPresenter\Traces_presenter\Jupyter\Chaine\scripts_Mirabelle\eq_FE_Mirabelle.py", line 73, in <module>
    main(_read, _write)
  File "C:\Users\chris\Desktop\Code\TracesPresenter\Traces_presenter\Jupyter\Chaine\scripts_Mirabelle\eq_FE_Mirabelle.py", line 64, in main
    out.info("  %s : EQ = %.3f  (%d Run.Test)", actor, eq, len(attempts))
Message: '  %s : EQ = %.3f  (%d Run.Test)'
Arguments: ('avouait.happes', 0.24467532467532466, 212)
--- Logging error ---
Traceback (most recent call last):
  File "c:\Users\chris\AppData\Local\Programs\Python\Python314\Lib\logging\__init__.py", line 1154, in emit
    stream.write(msg + self.terminator)
    ~~~~~~~~~~~~^^^^^^^^^^^^^^^^^^^^^^^
ValueError: I/O operation on closed file.
Call stack:
  File "<frozen runpy>", line 198, in _run_module_as_main
  File "<frozen runpy>", line 88, in _run_code
  File "C:\Users\chris\AppData\Roaming\Python\Python314\site-packages\ipykernel_launcher.py", line 18, in <module>
    app.launch_new_instance()
  File "C:\Users\chris\AppData\Roaming\Python\Python314\site-packages\traitlets\config\application.py", line 1082, in launch_instance
    app.start()
  File "C:\Users\chris\AppData\Roaming\Python\Python314\site-packages\ipykernel\kernelapp.py", line 758, in start
    self.io_loop.start()
  File "C:\Users\chris\AppData\Roaming\Python\Python314\site-packages\tornado\platform\asyncio.py", line 211, in start
    self.asyncio_loop.run_forever()
  File "c:\Users\chris\AppData\Local\Programs\Python\Python314\Lib\asyncio\base_events.py", line 677, in run_forever
    self._run_once()
  File "c:\Users\chris\AppData\Local\Programs\Python\Python314\Lib\asyncio\base_events.py", line 2046, in _run_once
    handle._run()
  File "c:\Users\chris\AppData\Local\Programs\Python\Python314\Lib\asyncio\events.py", line 94, in _run
    self._context.run(self._callback, *self._args)
  File "C:\Users\chris\AppData\Roaming\Python\Python314\site-packages\ipykernel\kernelbase.py", line 621, in shell_main
    await self.dispatch_shell(msg, subshell_id=subshell_id)
  File "C:\Users\chris\AppData\Roaming\Python\Python314\site-packages\ipykernel\kernelbase.py", line 478, in dispatch_shell
    await result
  File "C:\Users\chris\AppData\Roaming\Python\Python314\site-packages\ipykernel\ipkernel.py", line 372, in execute_request
    await super().execute_request(stream, ident, parent)
  File "C:\Users\chris\AppData\Roaming\Python\Python314\site-packages\ipykernel\kernelbase.py", line 834, in execute_request
    reply_content = await reply_content
  File "C:\Users\chris\AppData\Roaming\Python\Python314\site-packages\ipykernel\ipkernel.py", line 464, in do_execute
    res = shell.run_cell(
  File "C:\Users\chris\AppData\Roaming\Python\Python314\site-packages\ipykernel\zmqshell.py", line 663, in run_cell
    return super().run_cell(*args, **kwargs)
  File "C:\Users\chris\AppData\Roaming\Python\Python314\site-packages\IPython\core\interactiveshell.py", line 3170, in run_cell
    result = self._run_cell(
  File "C:\Users\chris\AppData\Roaming\Python\Python314\site-packages\IPython\core\interactiveshell.py", line 3225, in _run_cell
    result = runner(coro)
  File "C:\Users\chris\AppData\Roaming\Python\Python314\site-packages\IPython\core\async_helpers.py", line 128, in _pseudo_sync_runner
    coro.send(None)
  File "C:\Users\chris\AppData\Roaming\Python\Python314\site-packages\IPython\core\interactiveshell.py", line 3447, in run_cell_async
    has_raised = await self.run_ast_nodes(code_ast.body, cell_name,
  File "C:\Users\chris\AppData\Roaming\Python\Python314\site-packages\IPython\core\interactiveshell.py", line 3688, in run_ast_nodes
    if await self.run_code(code, result, async_=asy):
  File "C:\Users\chris\AppData\Roaming\Python\Python314\site-packages\IPython\core\interactiveshell.py", line 3748, in run_code
    exec(code_obj, self.user_global_ns, self.user_ns)
  File "C:\Users\chris\AppData\Local\Temp\ipykernel_5480\3007420965.py", line 73, in <module>
    runpy.run_path(str(script_path), run_name="__main__")
  File "<frozen runpy>", line 287, in run_path
  File "<frozen runpy>", line 98, in _run_module_code
  File "<frozen runpy>", line 88, in _run_code
  File "C:\Users\chris\Desktop\Code\TracesPresenter\Traces_presenter\Jupyter\Chaine\scripts_Mirabelle\eq_FE_Mirabelle.py", line 73, in <module>
    main(_read, _write)
  File "C:\Users\chris\Desktop\Code\TracesPresenter\Traces_presenter\Jupyter\Chaine\scripts_Mirabelle\eq_FE_Mirabelle.py", line 64, in main
    out.info("  %s : EQ = %.3f  (%d Run.Test)", actor, eq, len(attempts))
Message: '  %s : EQ = %.3f  (%d Run.Test)'
Arguments: ('bafouer.fuie', 0.29213483146067415, 142)
--- Logging error ---
Traceback (most recent call last):
  File "c:\Users\chris\AppData\Local\Programs\Python\Python314\Lib\logging\__init__.py", line 1154, in emit
    stream.write(msg + self.terminator)
    ~~~~~~~~~~~~^^^^^^^^^^^^^^^^^^^^^^^
ValueError: I/O operation on closed file.
Call stack:
  File "<frozen runpy>", line 198, in _run_module_as_main
  File "<frozen runpy>", line 88, in _run_code
  File "C:\Users\chris\AppData\Roaming\Python\Python314\site-packages\ipykernel_launcher.py", line 18, in <module>
    app.launch_new_instance()
  File "C:\Users\chris\AppData\Roaming\Python\Python314\site-packages\traitlets\config\application.py", line 1082, in launch_instance
    app.start()
  File "C:\Users\chris\AppData\Roaming\Python\Python314\site-packages\ipykernel\kernelapp.py", line 758, in start
    self.io_loop.start()
  File "C:\Users\chris\AppData\Roaming\Python\Python314\site-packages\tornado\platform\asyncio.py", line 211, in start
    self.asyncio_loop.run_forever()
  File "c:\Users\chris\AppData\Local\Programs\Python\Python314\Lib\asyncio\base_events.py", line 677, in run_forever
    self._run_once()
  File "c:\Users\chris\AppData\Local\Programs\Python\Python314\Lib\asyncio\base_events.py", line 2046, in _run_once
    handle._run()
  File "c:\Users\chris\AppData\Local\Programs\Python\Python314\Lib\asyncio\events.py", line 94, in _run
    self._context.run(self._callback, *self._args)
  File "C:\Users\chris\AppData\Roaming\Python\Python314\site-packages\ipykernel\kernelbase.py", line 621, in shell_main
    await self.dispatch_shell(msg, subshell_id=subshell_id)
  File "C:\Users\chris\AppData\Roaming\Python\Python314\site-packages\ipykernel\kernelbase.py", line 478, in dispatch_shell
    await result
  File "C:\Users\chris\AppData\Roaming\Python\Python314\site-packages\ipykernel\ipkernel.py", line 372, in execute_request
    await super().execute_request(stream, ident, parent)
  File "C:\Users\chris\AppData\Roaming\Python\Python314\site-packages\ipykernel\kernelbase.py", line 834, in execute_request
    reply_content = await reply_content
  File "C:\Users\chris\AppData\Roaming\Python\Python314\site-packages\ipykernel\ipkernel.py", line 464, in do_execute
    res = shell.run_cell(
  File "C:\Users\chris\AppData\Roaming\Python\Python314\site-packages\ipykernel\zmqshell.py", line 663, in run_cell
    return super().run_cell(*args, **kwargs)
  File "C:\Users\chris\AppData\Roaming\Python\Python314\site-packages\IPython\core\interactiveshell.py", line 3170, in run_cell
    result = self._run_cell(
  File "C:\Users\chris\AppData\Roaming\Python\Python314\site-packages\IPython\core\interactiveshell.py", line 3225, in _run_cell
    result = runner(coro)
  File "C:\Users\chris\AppData\Roaming\Python\Python314\site-packages\IPython\core\async_helpers.py", line 128, in _pseudo_sync_runner
    coro.send(None)
  File "C:\Users\chris\AppData\Roaming\Python\Python314\site-packages\IPython\core\interactiveshell.py", line 3447, in run_cell_async
    has_raised = await self.run_ast_nodes(code_ast.body, cell_name,
  File "C:\Users\chris\AppData\Roaming\Python\Python314\site-packages\IPython\core\interactiveshell.py", line 3688, in run_ast_nodes
    if await self.run_code(code, result, async_=asy):
  File "C:\Users\chris\AppData\Roaming\Python\Python314\site-packages\IPython\core\interactiveshell.py", line 3748, in run_code
    exec(code_obj, self.user_global_ns, self.user_ns)
  File "C:\Users\chris\AppData\Local\Temp\ipykernel_5480\3007420965.py", line 73, in <module>
    runpy.run_path(str(script_path), run_name="__main__")
  File "<frozen runpy>", line 287, in run_path
  File "<frozen runpy>", line 98, in _run_module_code
  File "<frozen runpy>", line 88, in _run_code
  File "C:\Users\chris\Desktop\Code\TracesPresenter\Traces_presenter\Jupyter\Chaine\scripts_Mirabelle\eq_FE_Mirabelle.py", line 73, in <module>
    main(_read, _write)
  File "C:\Users\chris\Desktop\Code\TracesPresenter\Traces_presenter\Jupyter\Chaine\scripts_Mirabelle\eq_FE_Mirabelle.py", line 64, in main
    out.info("  %s : EQ = %.3f  (%d Run.Test)", actor, eq, len(attempts))
Message: '  %s : EQ = %.3f  (%d Run.Test)'
Arguments: ('batit.instants', 0.19047619047619047, 34)
--- Logging error ---
Traceback (most recent call last):
  File "c:\Users\chris\AppData\Local\Programs\Python\Python314\Lib\logging\__init__.py", line 1154, in emit
    stream.write(msg + self.terminator)
    ~~~~~~~~~~~~^^^^^^^^^^^^^^^^^^^^^^^
ValueError: I/O operation on closed file.
Call stack:
  File "<frozen runpy>", line 198, in _run_module_as_main
  File "<frozen runpy>", line 88, in _run_code
  File "C:\Users\chris\AppData\Roaming\Python\Python314\site-packages\ipykernel_launcher.py", line 18, in <module>
    app.launch_new_instance()
  File "C:\Users\chris\AppData\Roaming\Python\Python314\site-packages\traitlets\config\application.py", line 1082, in launch_instance
    app.start()
  File "C:\Users\chris\AppData\Roaming\Python\Python314\site-packages\ipykernel\kernelapp.py", line 758, in start
    self.io_loop.start()
  File "C:\Users\chris\AppData\Roaming\Python\Python314\site-packages\tornado\platform\asyncio.py", line 211, in start
    self.asyncio_loop.run_forever()
  File "c:\Users\chris\AppData\Local\Programs\Python\Python314\Lib\asyncio\base_events.py", line 677, in run_forever
    self._run_once()
  File "c:\Users\chris\AppData\Local\Programs\Python\Python314\Lib\asyncio\base_events.py", line 2046, in _run_once
    handle._run()
  File "c:\Users\chris\AppData\Local\Programs\Python\Python314\Lib\asyncio\events.py", line 94, in _run
    self._context.run(self._callback, *self._args)
  File "C:\Users\chris\AppData\Roaming\Python\Python314\site-packages\ipykernel\kernelbase.py", line 621, in shell_main
    await self.dispatch_shell(msg, subshell_id=subshell_id)
  File "C:\Users\chris\AppData\Roaming\Python\Python314\site-packages\ipykernel\kernelbase.py", line 478, in dispatch_shell
    await result
  File "C:\Users\chris\AppData\Roaming\Python\Python314\site-packages\ipykernel\ipkernel.py", line 372, in execute_request
    await super().execute_request(stream, ident, parent)
  File "C:\Users\chris\AppData\Roaming\Python\Python314\site-packages\ipykernel\kernelbase.py", line 834, in execute_request
    reply_content = await reply_content
  File "C:\Users\chris\AppData\Roaming\Python\Python314\site-packages\ipykernel\ipkernel.py", line 464, in do_execute
    res = shell.run_cell(
  File "C:\Users\chris\AppData\Roaming\Python\Python314\site-packages\ipykernel\zmqshell.py", line 663, in run_cell
    return super().run_cell(*args, **kwargs)
  File "C:\Users\chris\AppData\Roaming\Python\Python314\site-packages\IPython\core\interactiveshell.py", line 3170, in run_cell
    result = self._run_cell(
  File "C:\Users\chris\AppData\Roaming\Python\Python314\site-packages\IPython\core\interactiveshell.py", line 3225, in _run_cell
    result = runner(coro)
  File "C:\Users\chris\AppData\Roaming\Python\Python314\site-packages\IPython\core\async_helpers.py", line 128, in _pseudo_sync_runner
    coro.send(None)
  File "C:\Users\chris\AppData\Roaming\Python\Python314\site-packages\IPython\core\interactiveshell.py", line 3447, in run_cell_async
    has_raised = await self.run_ast_nodes(code_ast.body, cell_name,
  File "C:\Users\chris\AppData\Roaming\Python\Python314\site-packages\IPython\core\interactiveshell.py", line 3688, in run_ast_nodes
    if await self.run_code(code, result, async_=asy):
  File "C:\Users\chris\AppData\Roaming\Python\Python314\site-packages\IPython\core\interactiveshell.py", line 3748, in run_code
    exec(code_obj, self.user_global_ns, self.user_ns)
  File "C:\Users\chris\AppData\Local\Temp\ipykernel_5480\3007420965.py", line 73, in <module>
    runpy.run_path(str(script_path), run_name="__main__")
  File "<frozen runpy>", line 287, in run_path
  File "<frozen runpy>", line 98, in _run_module_code
  File "<frozen runpy>", line 88, in _run_code
  File "C:\Users\chris\Desktop\Code\TracesPresenter\Traces_presenter\Jupyter\Chaine\scripts_Mirabelle\eq_FE_Mirabelle.py", line 73, in <module>
    main(_read, _write)
  File "C:\Users\chris\Desktop\Code\TracesPresenter\Traces_presenter\Jupyter\Chaine\scripts_Mirabelle\eq_FE_Mirabelle.py", line 64, in main
    out.info("  %s : EQ = %.3f  (%d Run.Test)", actor, eq, len(attempts))
Message: '  %s : EQ = %.3f  (%d Run.Test)'
Arguments: ('bavaient.unissais', 0.4373576309794989, 580)
--- Logging error ---
Traceback (most recent call last):
  File "c:\Users\chris\AppData\Local\Programs\Python\Python314\Lib\logging\__init__.py", line 1154, in emit
    stream.write(msg + self.terminator)
    ~~~~~~~~~~~~^^^^^^^^^^^^^^^^^^^^^^^
ValueError: I/O operation on closed file.
Call stack:
  File "<frozen runpy>", line 198, in _run_module_as_main
  File "<frozen runpy>", line 88, in _run_code
  File "C:\Users\chris\AppData\Roaming\Python\Python314\site-packages\ipykernel_launcher.py", line 18, in <module>
    app.launch_new_instance()
  File "C:\Users\chris\AppData\Roaming\Python\Python314\site-packages\traitlets\config\application.py", line 1082, in launch_instance
    app.start()
  File "C:\Users\chris\AppData\Roaming\Python\Python314\site-packages\ipykernel\kernelapp.py", line 758, in start
    self.io_loop.start()
  File "C:\Users\chris\AppData\Roaming\Python\Python314\site-packages\tornado\platform\asyncio.py", line 211, in start
    self.asyncio_loop.run_forever()
  File "c:\Users\chris\AppData\Local\Programs\Python\Python314\Lib\asyncio\base_events.py", line 677, in run_forever
    self._run_once()
  File "c:\Users\chris\AppData\Local\Programs\Python\Python314\Lib\asyncio\base_events.py", line 2046, in _run_once
    handle._run()
  File "c:\Users\chris\AppData\Local\Programs\Python\Python314\Lib\asyncio\events.py", line 94, in _run
    self._context.run(self._callback, *self._args)
  File "C:\Users\chris\AppData\Roaming\Python\Python314\site-packages\ipykernel\kernelbase.py", line 621, in shell_main
    await self.dispatch_shell(msg, subshell_id=subshell_id)
  File "C:\Users\chris\AppData\Roaming\Python\Python314\site-packages\ipykernel\kernelbase.py", line 478, in dispatch_shell
    await result
  File "C:\Users\chris\AppData\Roaming\Python\Python314\site-packages\ipykernel\ipkernel.py", line 372, in execute_request
    await super().execute_request(stream, ident, parent)
  File "C:\Users\chris\AppData\Roaming\Python\Python314\site-packages\ipykernel\kernelbase.py", line 834, in execute_request
    reply_content = await reply_content
  File "C:\Users\chris\AppData\Roaming\Python\Python314\site-packages\ipykernel\ipkernel.py", line 464, in do_execute
    res = shell.run_cell(
  File "C:\Users\chris\AppData\Roaming\Python\Python314\site-packages\ipykernel\zmqshell.py", line 663, in run_cell
    return super().run_cell(*args, **kwargs)
  File "C:\Users\chris\AppData\Roaming\Python\Python314\site-packages\IPython\core\interactiveshell.py", line 3170, in run_cell
    result = self._run_cell(
  File "C:\Users\chris\AppData\Roaming\Python\Python314\site-packages\IPython\core\interactiveshell.py", line 3225, in _run_cell
    result = runner(coro)
  File "C:\Users\chris\AppData\Roaming\Python\Python314\site-packages\IPython\core\async_helpers.py", line 128, in _pseudo_sync_runner
    coro.send(None)
  File "C:\Users\chris\AppData\Roaming\Python\Python314\site-packages\IPython\core\interactiveshell.py", line 3447, in run_cell_async
    has_raised = await self.run_ast_nodes(code_ast.body, cell_name,
  File "C:\Users\chris\AppData\Roaming\Python\Python314\site-packages\IPython\core\interactiveshell.py", line 3688, in run_ast_nodes
    if await self.run_code(code, result, async_=asy):
  File "C:\Users\chris\AppData\Roaming\Python\Python314\site-packages\IPython\core\interactiveshell.py", line 3748, in run_code
    exec(code_obj, self.user_global_ns, self.user_ns)
  File "C:\Users\chris\AppData\Local\Temp\ipykernel_5480\3007420965.py", line 73, in <module>
    runpy.run_path(str(script_path), run_name="__main__")
  File "<frozen runpy>", line 287, in run_path
  File "<frozen runpy>", line 98, in _run_module_code
  File "<frozen runpy>", line 88, in _run_code
  File "C:\Users\chris\Desktop\Code\TracesPresenter\Traces_presenter\Jupyter\Chaine\scripts_Mirabelle\eq_FE_Mirabelle.py", line 73, in <module>
    main(_read, _write)
  File "C:\Users\chris\Desktop\Code\TracesPresenter\Traces_presenter\Jupyter\Chaine\scripts_Mirabelle\eq_FE_Mirabelle.py", line 64, in main
    out.info("  %s : EQ = %.3f  (%d Run.Test)", actor, eq, len(attempts))
Message: '  %s : EQ = %.3f  (%d Run.Test)'
Arguments: ('beats.supplicia', 0.16517285531370038, 77)
--- Logging error ---
Traceback (most recent call last):
  File "c:\Users\chris\AppData\Local\Programs\Python\Python314\Lib\logging\__init__.py", line 1154, in emit
    stream.write(msg + self.terminator)
    ~~~~~~~~~~~~^^^^^^^^^^^^^^^^^^^^^^^
ValueError: I/O operation on closed file.
Call stack:
  File "<frozen runpy>", line 198, in _run_module_as_main
  File "<frozen runpy>", line 88, in _run_code
  File "C:\Users\chris\AppData\Roaming\Python\Python314\site-packages\ipykernel_launcher.py", line 18, in <module>
    app.launch_new_instance()
  File "C:\Users\chris\AppData\Roaming\Python\Python314\site-packages\traitlets\config\application.py", line 1082, in launch_instance
    app.start()
  File "C:\Users\chris\AppData\Roaming\Python\Python314\site-packages\ipykernel\kernelapp.py", line 758, in start
    self.io_loop.start()
  File "C:\Users\chris\AppData\Roaming\Python\Python314\site-packages\tornado\platform\asyncio.py", line 211, in start
    self.asyncio_loop.run_forever()
  File "c:\Users\chris\AppData\Local\Programs\Python\Python314\Lib\asyncio\base_events.py", line 677, in run_forever
    self._run_once()
  File "c:\Users\chris\AppData\Local\Programs\Python\Python314\Lib\asyncio\base_events.py", line 2046, in _run_once
    handle._run()
  File "c:\Users\chris\AppData\Local\Programs\Python\Python314\Lib\asyncio\events.py", line 94, in _run
    self._context.run(self._callback, *self._args)
  File "C:\Users\chris\AppData\Roaming\Python\Python314\site-packages\ipykernel\kernelbase.py", line 621, in shell_main
    await self.dispatch_shell(msg, subshell_id=subshell_id)
  File "C:\Users\chris\AppData\Roaming\Python\Python314\site-packages\ipykernel\kernelbase.py", line 478, in dispatch_shell
    await result
  File "C:\Users\chris\AppData\Roaming\Python\Python314\site-packages\ipykernel\ipkernel.py", line 372, in execute_request
    await super().execute_request(stream, ident, parent)
  File "C:\Users\chris\AppData\Roaming\Python\Python314\site-packages\ipykernel\kernelbase.py", line 834, in execute_request
    reply_content = await reply_content
  File "C:\Users\chris\AppData\Roaming\Python\Python314\site-packages\ipykernel\ipkernel.py", line 464, in do_execute
    res = shell.run_cell(
  File "C:\Users\chris\AppData\Roaming\Python\Python314\site-packages\ipykernel\zmqshell.py", line 663, in run_cell
    return super().run_cell(*args, **kwargs)
  File "C:\Users\chris\AppData\Roaming\Python\Python314\site-packages\IPython\core\interactiveshell.py", line 3170, in run_cell
    result = self._run_cell(
  File "C:\Users\chris\AppData\Roaming\Python\Python314\site-packages\IPython\core\interactiveshell.py", line 3225, in _run_cell
    result = runner(coro)
  File "C:\Users\chris\AppData\Roaming\Python\Python314\site-packages\IPython\core\async_helpers.py", line 128, in _pseudo_sync_runner
    coro.send(None)
  File "C:\Users\chris\AppData\Roaming\Python\Python314\site-packages\IPython\core\interactiveshell.py", line 3447, in run_cell_async
    has_raised = await self.run_ast_nodes(code_ast.body, cell_name,
  File "C:\Users\chris\AppData\Roaming\Python\Python314\site-packages\IPython\core\interactiveshell.py", line 3688, in run_ast_nodes
    if await self.run_code(code, result, async_=asy):
  File "C:\Users\chris\AppData\Roaming\Python\Python314\site-packages\IPython\core\interactiveshell.py", line 3748, in run_code
    exec(code_obj, self.user_global_ns, self.user_ns)
  File "C:\Users\chris\AppData\Local\Temp\ipykernel_5480\3007420965.py", line 73, in <module>
    runpy.run_path(str(script_path), run_name="__main__")
  File "<frozen runpy>", line 287, in run_path
  File "<frozen runpy>", line 98, in _run_module_code
  File "<frozen runpy>", line 88, in _run_code
  File "C:\Users\chris\Desktop\Code\TracesPresenter\Traces_presenter\Jupyter\Chaine\scripts_Mirabelle\eq_FE_Mirabelle.py", line 73, in <module>
    main(_read, _write)
  File "C:\Users\chris\Desktop\Code\TracesPresenter\Traces_presenter\Jupyter\Chaine\scripts_Mirabelle\eq_FE_Mirabelle.py", line 64, in main
    out.info("  %s : EQ = %.3f  (%d Run.Test)", actor, eq, len(attempts))
Message: '  %s : EQ = %.3f  (%d Run.Test)'
Arguments: ('becquee.aerait', 0.4181818181818182, 581)
--- Logging error ---
Traceback (most recent call last):
  File "c:\Users\chris\AppData\Local\Programs\Python\Python314\Lib\logging\__init__.py", line 1154, in emit
    stream.write(msg + self.terminator)
    ~~~~~~~~~~~~^^^^^^^^^^^^^^^^^^^^^^^
ValueError: I/O operation on closed file.
Call stack:
  File "<frozen runpy>", line 198, in _run_module_as_main
  File "<frozen runpy>", line 88, in _run_code
  File "C:\Users\chris\AppData\Roaming\Python\Python314\site-packages\ipykernel_launcher.py", line 18, in <module>
    app.launch_new_instance()
  File "C:\Users\chris\AppData\Roaming\Python\Python314\site-packages\traitlets\config\application.py", line 1082, in launch_instance
    app.start()
  File "C:\Users\chris\AppData\Roaming\Python\Python314\site-packages\ipykernel\kernelapp.py", line 758, in start
    self.io_loop.start()
  File "C:\Users\chris\AppData\Roaming\Python\Python314\site-packages\tornado\platform\asyncio.py", line 211, in start
    self.asyncio_loop.run_forever()
  File "c:\Users\chris\AppData\Local\Programs\Python\Python314\Lib\asyncio\base_events.py", line 677, in run_forever
    self._run_once()
  File "c:\Users\chris\AppData\Local\Programs\Python\Python314\Lib\asyncio\base_events.py", line 2046, in _run_once
    handle._run()
  File "c:\Users\chris\AppData\Local\Programs\Python\Python314\Lib\asyncio\events.py", line 94, in _run
    self._context.run(self._callback, *self._args)
  File "C:\Users\chris\AppData\Roaming\Python\Python314\site-packages\ipykernel\kernelbase.py", line 621, in shell_main
    await self.dispatch_shell(msg, subshell_id=subshell_id)
  File "C:\Users\chris\AppData\Roaming\Python\Python314\site-packages\ipykernel\kernelbase.py", line 478, in dispatch_shell
    await result
  File "C:\Users\chris\AppData\Roaming\Python\Python314\site-packages\ipykernel\ipkernel.py", line 372, in execute_request
    await super().execute_request(stream, ident, parent)
  File "C:\Users\chris\AppData\Roaming\Python\Python314\site-packages\ipykernel\kernelbase.py", line 834, in execute_request
    reply_content = await reply_content
  File "C:\Users\chris\AppData\Roaming\Python\Python314\site-packages\ipykernel\ipkernel.py", line 464, in do_execute
    res = shell.run_cell(
  File "C:\Users\chris\AppData\Roaming\Python\Python314\site-packages\ipykernel\zmqshell.py", line 663, in run_cell
    return super().run_cell(*args, **kwargs)
  File "C:\Users\chris\AppData\Roaming\Python\Python314\site-packages\IPython\core\interactiveshell.py", line 3170, in run_cell
    result = self._run_cell(
  File "C:\Users\chris\AppData\Roaming\Python\Python314\site-packages\IPython\core\interactiveshell.py", line 3225, in _run_cell
    result = runner(coro)
  File "C:\Users\chris\AppData\Roaming\Python\Python314\site-packages\IPython\core\async_helpers.py", line 128, in _pseudo_sync_runner
    coro.send(None)
  File "C:\Users\chris\AppData\Roaming\Python\Python314\site-packages\IPython\core\interactiveshell.py", line 3447, in run_cell_async
    has_raised = await self.run_ast_nodes(code_ast.body, cell_name,
  File "C:\Users\chris\AppData\Roaming\Python\Python314\site-packages\IPython\core\interactiveshell.py", line 3688, in run_ast_nodes
    if await self.run_code(code, result, async_=asy):
  File "C:\Users\chris\AppData\Roaming\Python\Python314\site-packages\IPython\core\interactiveshell.py", line 3748, in run_code
    exec(code_obj, self.user_global_ns, self.user_ns)
  File "C:\Users\chris\AppData\Local\Temp\ipykernel_5480\3007420965.py", line 73, in <module>
    runpy.run_path(str(script_path), run_name="__main__")
  File "<frozen runpy>", line 287, in run_path
  File "<frozen runpy>", line 98, in _run_module_code
  File "<frozen runpy>", line 88, in _run_code
  File "C:\Users\chris\Desktop\Code\TracesPresenter\Traces_presenter\Jupyter\Chaine\scripts_Mirabelle\eq_FE_Mirabelle.py", line 73, in <module>
    main(_read, _write)
  File "C:\Users\chris\Desktop\Code\TracesPresenter\Traces_presenter\Jupyter\Chaine\scripts_Mirabelle\eq_FE_Mirabelle.py", line 64, in main
    out.info("  %s : EQ = %.3f  (%d Run.Test)", actor, eq, len(attempts))
Message: '  %s : EQ = %.3f  (%d Run.Test)'
Arguments: ('blason.ameuterez', 0.36033914272256234, 234)
--- Logging error ---
Traceback (most recent call last):
  File "c:\Users\chris\AppData\Local\Programs\Python\Python314\Lib\logging\__init__.py", line 1154, in emit
    stream.write(msg + self.terminator)
    ~~~~~~~~~~~~^^^^^^^^^^^^^^^^^^^^^^^
ValueError: I/O operation on closed file.
Call stack:
  File "<frozen runpy>", line 198, in _run_module_as_main
  File "<frozen runpy>", line 88, in _run_code
  File "C:\Users\chris\AppData\Roaming\Python\Python314\site-packages\ipykernel_launcher.py", line 18, in <module>
    app.launch_new_instance()
  File "C:\Users\chris\AppData\Roaming\Python\Python314\site-packages\traitlets\config\application.py", line 1082, in launch_instance
    app.start()
  File "C:\Users\chris\AppData\Roaming\Python\Python314\site-packages\ipykernel\kernelapp.py", line 758, in start
    self.io_loop.start()
  File "C:\Users\chris\AppData\Roaming\Python\Python314\site-packages\tornado\platform\asyncio.py", line 211, in start
    self.asyncio_loop.run_forever()
  File "c:\Users\chris\AppData\Local\Programs\Python\Python314\Lib\asyncio\base_events.py", line 677, in run_forever
    self._run_once()
  File "c:\Users\chris\AppData\Local\Programs\Python\Python314\Lib\asyncio\base_events.py", line 2046, in _run_once
    handle._run()
  File "c:\Users\chris\AppData\Local\Programs\Python\Python314\Lib\asyncio\events.py", line 94, in _run
    self._context.run(self._callback, *self._args)
  File "C:\Users\chris\AppData\Roaming\Python\Python314\site-packages\ipykernel\kernelbase.py", line 621, in shell_main
    await self.dispatch_shell(msg, subshell_id=subshell_id)
  File "C:\Users\chris\AppData\Roaming\Python\Python314\site-packages\ipykernel\kernelbase.py", line 478, in dispatch_shell
    await result
  File "C:\Users\chris\AppData\Roaming\Python\Python314\site-packages\ipykernel\ipkernel.py", line 372, in execute_request
    await super().execute_request(stream, ident, parent)
  File "C:\Users\chris\AppData\Roaming\Python\Python314\site-packages\ipykernel\kernelbase.py", line 834, in execute_request
    reply_content = await reply_content
  File "C:\Users\chris\AppData\Roaming\Python\Python314\site-packages\ipykernel\ipkernel.py", line 464, in do_execute
    res = shell.run_cell(
  File "C:\Users\chris\AppData\Roaming\Python\Python314\site-packages\ipykernel\zmqshell.py", line 663, in run_cell
    return super().run_cell(*args, **kwargs)
  File "C:\Users\chris\AppData\Roaming\Python\Python314\site-packages\IPython\core\interactiveshell.py", line 3170, in run_cell
    result = self._run_cell(
  File "C:\Users\chris\AppData\Roaming\Python\Python314\site-packages\IPython\core\interactiveshell.py", line 3225, in _run_cell
    result = runner(coro)
  File "C:\Users\chris\AppData\Roaming\Python\Python314\site-packages\IPython\core\async_helpers.py", line 128, in _pseudo_sync_runner
    coro.send(None)
  File "C:\Users\chris\AppData\Roaming\Python\Python314\site-packages\IPython\core\interactiveshell.py", line 3447, in run_cell_async
    has_raised = await self.run_ast_nodes(code_ast.body, cell_name,
  File "C:\Users\chris\AppData\Roaming\Python\Python314\site-packages\IPython\core\interactiveshell.py", line 3688, in run_ast_nodes
    if await self.run_code(code, result, async_=asy):
  File "C:\Users\chris\AppData\Roaming\Python\Python314\site-packages\IPython\core\interactiveshell.py", line 3748, in run_code
    exec(code_obj, self.user_global_ns, self.user_ns)
  File "C:\Users\chris\AppData\Local\Temp\ipykernel_5480\3007420965.py", line 73, in <module>
    runpy.run_path(str(script_path), run_name="__main__")
  File "<frozen runpy>", line 287, in run_path
  File "<frozen runpy>", line 98, in _run_module_code
  File "<frozen runpy>", line 88, in _run_code
  File "C:\Users\chris\Desktop\Code\TracesPresenter\Traces_presenter\Jupyter\Chaine\scripts_Mirabelle\eq_FE_Mirabelle.py", line 73, in <module>
    main(_read, _write)
  File "C:\Users\chris\Desktop\Code\TracesPresenter\Traces_presenter\Jupyter\Chaine\scripts_Mirabelle\eq_FE_Mirabelle.py", line 64, in main
    out.info("  %s : EQ = %.3f  (%d Run.Test)", actor, eq, len(attempts))
Message: '  %s : EQ = %.3f  (%d Run.Test)'
Arguments: ('borderais.calmait', 0.3684210526315789, 250)
--- Logging error ---
Traceback (most recent call last):
  File "c:\Users\chris\AppData\Local\Programs\Python\Python314\Lib\logging\__init__.py", line 1154, in emit
    stream.write(msg + self.terminator)
    ~~~~~~~~~~~~^^^^^^^^^^^^^^^^^^^^^^^
ValueError: I/O operation on closed file.
Call stack:
  File "<frozen runpy>", line 198, in _run_module_as_main
  File "<frozen runpy>", line 88, in _run_code
  File "C:\Users\chris\AppData\Roaming\Python\Python314\site-packages\ipykernel_launcher.py", line 18, in <module>
    app.launch_new_instance()
  File "C:\Users\chris\AppData\Roaming\Python\Python314\site-packages\traitlets\config\application.py", line 1082, in launch_instance
    app.start()
  File "C:\Users\chris\AppData\Roaming\Python\Python314\site-packages\ipykernel\kernelapp.py", line 758, in start
    self.io_loop.start()
  File "C:\Users\chris\AppData\Roaming\Python\Python314\site-packages\tornado\platform\asyncio.py", line 211, in start
    self.asyncio_loop.run_forever()
  File "c:\Users\chris\AppData\Local\Programs\Python\Python314\Lib\asyncio\base_events.py", line 677, in run_forever
    self._run_once()
  File "c:\Users\chris\AppData\Local\Programs\Python\Python314\Lib\asyncio\base_events.py", line 2046, in _run_once
    handle._run()
  File "c:\Users\chris\AppData\Local\Programs\Python\Python314\Lib\asyncio\events.py", line 94, in _run
    self._context.run(self._callback, *self._args)
  File "C:\Users\chris\AppData\Roaming\Python\Python314\site-packages\ipykernel\kernelbase.py", line 621, in shell_main
    await self.dispatch_shell(msg, subshell_id=subshell_id)
  File "C:\Users\chris\AppData\Roaming\Python\Python314\site-packages\ipykernel\kernelbase.py", line 478, in dispatch_shell
    await result
  File "C:\Users\chris\AppData\Roaming\Python\Python314\site-packages\ipykernel\ipkernel.py", line 372, in execute_request
    await super().execute_request(stream, ident, parent)
  File "C:\Users\chris\AppData\Roaming\Python\Python314\site-packages\ipykernel\kernelbase.py", line 834, in execute_request
    reply_content = await reply_content
  File "C:\Users\chris\AppData\Roaming\Python\Python314\site-packages\ipykernel\ipkernel.py", line 464, in do_execute
    res = shell.run_cell(
  File "C:\Users\chris\AppData\Roaming\Python\Python314\site-packages\ipykernel\zmqshell.py", line 663, in run_cell
    return super().run_cell(*args, **kwargs)
  File "C:\Users\chris\AppData\Roaming\Python\Python314\site-packages\IPython\core\interactiveshell.py", line 3170, in run_cell
    result = self._run_cell(
  File "C:\Users\chris\AppData\Roaming\Python\Python314\site-packages\IPython\core\interactiveshell.py", line 3225, in _run_cell
    result = runner(coro)
  File "C:\Users\chris\AppData\Roaming\Python\Python314\site-packages\IPython\core\async_helpers.py", line 128, in _pseudo_sync_runner
    coro.send(None)
  File "C:\Users\chris\AppData\Roaming\Python\Python314\site-packages\IPython\core\interactiveshell.py", line 3447, in run_cell_async
    has_raised = await self.run_ast_nodes(code_ast.body, cell_name,
  File "C:\Users\chris\AppData\Roaming\Python\Python314\site-packages\IPython\core\interactiveshell.py", line 3688, in run_ast_nodes
    if await self.run_code(code, result, async_=asy):
  File "C:\Users\chris\AppData\Roaming\Python\Python314\site-packages\IPython\core\interactiveshell.py", line 3748, in run_code
    exec(code_obj, self.user_global_ns, self.user_ns)
  File "C:\Users\chris\AppData\Local\Temp\ipykernel_5480\3007420965.py", line 73, in <module>
    runpy.run_path(str(script_path), run_name="__main__")
  File "<frozen runpy>", line 287, in run_path
  File "<frozen runpy>", line 98, in _run_module_code
  File "<frozen runpy>", line 88, in _run_code
  File "C:\Users\chris\Desktop\Code\TracesPresenter\Traces_presenter\Jupyter\Chaine\scripts_Mirabelle\eq_FE_Mirabelle.py", line 73, in <module>
    main(_read, _write)
  File "C:\Users\chris\Desktop\Code\TracesPresenter\Traces_presenter\Jupyter\Chaine\scripts_Mirabelle\eq_FE_Mirabelle.py", line 64, in main
    out.info("  %s : EQ = %.3f  (%d Run.Test)", actor, eq, len(attempts))
Message: '  %s : EQ = %.3f  (%d Run.Test)'
Arguments: ('boudeuses.conforte', 0.9, 18)
--- Logging error ---
Traceback (most recent call last):
  File "c:\Users\chris\AppData\Local\Programs\Python\Python314\Lib\logging\__init__.py", line 1154, in emit
    stream.write(msg + self.terminator)
    ~~~~~~~~~~~~^^^^^^^^^^^^^^^^^^^^^^^
ValueError: I/O operation on closed file.
Call stack:
  File "<frozen runpy>", line 198, in _run_module_as_main
  File "<frozen runpy>", line 88, in _run_code
  File "C:\Users\chris\AppData\Roaming\Python\Python314\site-packages\ipykernel_launcher.py", line 18, in <module>
    app.launch_new_instance()
  File "C:\Users\chris\AppData\Roaming\Python\Python314\site-packages\traitlets\config\application.py", line 1082, in launch_instance
    app.start()
  File "C:\Users\chris\AppData\Roaming\Python\Python314\site-packages\ipykernel\kernelapp.py", line 758, in start
    self.io_loop.start()
  File "C:\Users\chris\AppData\Roaming\Python\Python314\site-packages\tornado\platform\asyncio.py", line 211, in start
    self.asyncio_loop.run_forever()
  File "c:\Users\chris\AppData\Local\Programs\Python\Python314\Lib\asyncio\base_events.py", line 677, in run_forever
    self._run_once()
  File "c:\Users\chris\AppData\Local\Programs\Python\Python314\Lib\asyncio\base_events.py", line 2046, in _run_once
    handle._run()
  File "c:\Users\chris\AppData\Local\Programs\Python\Python314\Lib\asyncio\events.py", line 94, in _run
    self._context.run(self._callback, *self._args)
  File "C:\Users\chris\AppData\Roaming\Python\Python314\site-packages\ipykernel\kernelbase.py", line 621, in shell_main
    await self.dispatch_shell(msg, subshell_id=subshell_id)
  File "C:\Users\chris\AppData\Roaming\Python\Python314\site-packages\ipykernel\kernelbase.py", line 478, in dispatch_shell
    await result
  File "C:\Users\chris\AppData\Roaming\Python\Python314\site-packages\ipykernel\ipkernel.py", line 372, in execute_request
    await super().execute_request(stream, ident, parent)
  File "C:\Users\chris\AppData\Roaming\Python\Python314\site-packages\ipykernel\kernelbase.py", line 834, in execute_request
    reply_content = await reply_content
  File "C:\Users\chris\AppData\Roaming\Python\Python314\site-packages\ipykernel\ipkernel.py", line 464, in do_execute
    res = shell.run_cell(
  File "C:\Users\chris\AppData\Roaming\Python\Python314\site-packages\ipykernel\zmqshell.py", line 663, in run_cell
    return super().run_cell(*args, **kwargs)
  File "C:\Users\chris\AppData\Roaming\Python\Python314\site-packages\IPython\core\interactiveshell.py", line 3170, in run_cell
    result = self._run_cell(
  File "C:\Users\chris\AppData\Roaming\Python\Python314\site-packages\IPython\core\interactiveshell.py", line 3225, in _run_cell
    result = runner(coro)
  File "C:\Users\chris\AppData\Roaming\Python\Python314\site-packages\IPython\core\async_helpers.py", line 128, in _pseudo_sync_runner
    coro.send(None)
  File "C:\Users\chris\AppData\Roaming\Python\Python314\site-packages\IPython\core\interactiveshell.py", line 3447, in run_cell_async
    has_raised = await self.run_ast_nodes(code_ast.body, cell_name,
  File "C:\Users\chris\AppData\Roaming\Python\Python314\site-packages\IPython\core\interactiveshell.py", line 3688, in run_ast_nodes
    if await self.run_code(code, result, async_=asy):
  File "C:\Users\chris\AppData\Roaming\Python\Python314\site-packages\IPython\core\interactiveshell.py", line 3748, in run_code
    exec(code_obj, self.user_global_ns, self.user_ns)
  File "C:\Users\chris\AppData\Local\Temp\ipykernel_5480\3007420965.py", line 73, in <module>
    runpy.run_path(str(script_path), run_name="__main__")
  File "<frozen runpy>", line 287, in run_path
  File "<frozen runpy>", line 98, in _run_module_code
  File "<frozen runpy>", line 88, in _run_code
  File "C:\Users\chris\Desktop\Code\TracesPresenter\Traces_presenter\Jupyter\Chaine\scripts_Mirabelle\eq_FE_Mirabelle.py", line 73, in <module>
    main(_read, _write)
  File "C:\Users\chris\Desktop\Code\TracesPresenter\Traces_presenter\Jupyter\Chaine\scripts_Mirabelle\eq_FE_Mirabelle.py", line 60, in main
    out.warning("  %s : pas de paire de tentatives exploitable — ignoré", actor)
Message: '  %s : pas de paire de tentatives exploitable — ignoré'
Arguments: ('bourrus.instaurez',)
--- Logging error ---
Traceback (most recent call last):
  File "c:\Users\chris\AppData\Local\Programs\Python\Python314\Lib\logging\__init__.py", line 1154, in emit
    stream.write(msg + self.terminator)
    ~~~~~~~~~~~~^^^^^^^^^^^^^^^^^^^^^^^
ValueError: I/O operation on closed file.
Call stack:
  File "<frozen runpy>", line 198, in _run_module_as_main
  File "<frozen runpy>", line 88, in _run_code
  File "C:\Users\chris\AppData\Roaming\Python\Python314\site-packages\ipykernel_launcher.py", line 18, in <module>
    app.launch_new_instance()
  File "C:\Users\chris\AppData\Roaming\Python\Python314\site-packages\traitlets\config\application.py", line 1082, in launch_instance
    app.start()
  File "C:\Users\chris\AppData\Roaming\Python\Python314\site-packages\ipykernel\kernelapp.py", line 758, in start
    self.io_loop.start()
  File "C:\Users\chris\AppData\Roaming\Python\Python314\site-packages\tornado\platform\asyncio.py", line 211, in start
    self.asyncio_loop.run_forever()
  File "c:\Users\chris\AppData\Local\Programs\Python\Python314\Lib\asyncio\base_events.py", line 677, in run_forever
    self._run_once()
  File "c:\Users\chris\AppData\Local\Programs\Python\Python314\Lib\asyncio\base_events.py", line 2046, in _run_once
    handle._run()
  File "c:\Users\chris\AppData\Local\Programs\Python\Python314\Lib\asyncio\events.py", line 94, in _run
    self._context.run(self._callback, *self._args)
  File "C:\Users\chris\AppData\Roaming\Python\Python314\site-packages\ipykernel\kernelbase.py", line 621, in shell_main
    await self.dispatch_shell(msg, subshell_id=subshell_id)
  File "C:\Users\chris\AppData\Roaming\Python\Python314\site-packages\ipykernel\kernelbase.py", line 478, in dispatch_shell
    await result
  File "C:\Users\chris\AppData\Roaming\Python\Python314\site-packages\ipykernel\ipkernel.py", line 372, in execute_request
    await super().execute_request(stream, ident, parent)
  File "C:\Users\chris\AppData\Roaming\Python\Python314\site-packages\ipykernel\kernelbase.py", line 834, in execute_request
    reply_content = await reply_content
  File "C:\Users\chris\AppData\Roaming\Python\Python314\site-packages\ipykernel\ipkernel.py", line 464, in do_execute
    res = shell.run_cell(
  File "C:\Users\chris\AppData\Roaming\Python\Python314\site-packages\ipykernel\zmqshell.py", line 663, in run_cell
    return super().run_cell(*args, **kwargs)
  File "C:\Users\chris\AppData\Roaming\Python\Python314\site-packages\IPython\core\interactiveshell.py", line 3170, in run_cell
    result = self._run_cell(
  File "C:\Users\chris\AppData\Roaming\Python\Python314\site-packages\IPython\core\interactiveshell.py", line 3225, in _run_cell
    result = runner(coro)
  File "C:\Users\chris\AppData\Roaming\Python\Python314\site-packages\IPython\core\async_helpers.py", line 128, in _pseudo_sync_runner
    coro.send(None)
  File "C:\Users\chris\AppData\Roaming\Python\Python314\site-packages\IPython\core\interactiveshell.py", line 3447, in run_cell_async
    has_raised = await self.run_ast_nodes(code_ast.body, cell_name,
  File "C:\Users\chris\AppData\Roaming\Python\Python314\site-packages\IPython\core\interactiveshell.py", line 3688, in run_ast_nodes
    if await self.run_code(code, result, async_=asy):
  File "C:\Users\chris\AppData\Roaming\Python\Python314\site-packages\IPython\core\interactiveshell.py", line 3748, in run_code
    exec(code_obj, self.user_global_ns, self.user_ns)
  File "C:\Users\chris\AppData\Local\Temp\ipykernel_5480\3007420965.py", line 73, in <module>
    runpy.run_path(str(script_path), run_name="__main__")
  File "<frozen runpy>", line 287, in run_path
  File "<frozen runpy>", line 98, in _run_module_code
  File "<frozen runpy>", line 88, in _run_code
  File "C:\Users\chris\Desktop\Code\TracesPresenter\Traces_presenter\Jupyter\Chaine\scripts_Mirabelle\eq_FE_Mirabelle.py", line 73, in <module>
    main(_read, _write)
  File "C:\Users\chris\Desktop\Code\TracesPresenter\Traces_presenter\Jupyter\Chaine\scripts_Mirabelle\eq_FE_Mirabelle.py", line 64, in main
    out.info("  %s : EQ = %.3f  (%d Run.Test)", actor, eq, len(attempts))
Message: '  %s : EQ = %.3f  (%d Run.Test)'
Arguments: ('bowling.deferant', 0.33238636363636365, 178)
--- Logging error ---
Traceback (most recent call last):
  File "c:\Users\chris\AppData\Local\Programs\Python\Python314\Lib\logging\__init__.py", line 1154, in emit
    stream.write(msg + self.terminator)
    ~~~~~~~~~~~~^^^^^^^^^^^^^^^^^^^^^^^
ValueError: I/O operation on closed file.
Call stack:
  File "<frozen runpy>", line 198, in _run_module_as_main
  File "<frozen runpy>", line 88, in _run_code
  File "C:\Users\chris\AppData\Roaming\Python\Python314\site-packages\ipykernel_launcher.py", line 18, in <module>
    app.launch_new_instance()
  File "C:\Users\chris\AppData\Roaming\Python\Python314\site-packages\traitlets\config\application.py", line 1082, in launch_instance
    app.start()
  File "C:\Users\chris\AppData\Roaming\Python\Python314\site-packages\ipykernel\kernelapp.py", line 758, in start
    self.io_loop.start()
  File "C:\Users\chris\AppData\Roaming\Python\Python314\site-packages\tornado\platform\asyncio.py", line 211, in start
    self.asyncio_loop.run_forever()
  File "c:\Users\chris\AppData\Local\Programs\Python\Python314\Lib\asyncio\base_events.py", line 677, in run_forever
    self._run_once()
  File "c:\Users\chris\AppData\Local\Programs\Python\Python314\Lib\asyncio\base_events.py", line 2046, in _run_once
    handle._run()
  File "c:\Users\chris\AppData\Local\Programs\Python\Python314\Lib\asyncio\events.py", line 94, in _run
    self._context.run(self._callback, *self._args)
  File "C:\Users\chris\AppData\Roaming\Python\Python314\site-packages\ipykernel\kernelbase.py", line 621, in shell_main
    await self.dispatch_shell(msg, subshell_id=subshell_id)
  File "C:\Users\chris\AppData\Roaming\Python\Python314\site-packages\ipykernel\kernelbase.py", line 478, in dispatch_shell
    await result
  File "C:\Users\chris\AppData\Roaming\Python\Python314\site-packages\ipykernel\ipkernel.py", line 372, in execute_request
    await super().execute_request(stream, ident, parent)
  File "C:\Users\chris\AppData\Roaming\Python\Python314\site-packages\ipykernel\kernelbase.py", line 834, in execute_request
    reply_content = await reply_content
  File "C:\Users\chris\AppData\Roaming\Python\Python314\site-packages\ipykernel\ipkernel.py", line 464, in do_execute
    res = shell.run_cell(
  File "C:\Users\chris\AppData\Roaming\Python\Python314\site-packages\ipykernel\zmqshell.py", line 663, in run_cell
    return super().run_cell(*args, **kwargs)
  File "C:\Users\chris\AppData\Roaming\Python\Python314\site-packages\IPython\core\interactiveshell.py", line 3170, in run_cell
    result = self._run_cell(
  File "C:\Users\chris\AppData\Roaming\Python\Python314\site-packages\IPython\core\interactiveshell.py", line 3225, in _run_cell
    result = runner(coro)
  File "C:\Users\chris\AppData\Roaming\Python\Python314\site-packages\IPython\core\async_helpers.py", line 128, in _pseudo_sync_runner
    coro.send(None)
  File "C:\Users\chris\AppData\Roaming\Python\Python314\site-packages\IPython\core\interactiveshell.py", line 3447, in run_cell_async
    has_raised = await self.run_ast_nodes(code_ast.body, cell_name,
  File "C:\Users\chris\AppData\Roaming\Python\Python314\site-packages\IPython\core\interactiveshell.py", line 3688, in run_ast_nodes
    if await self.run_code(code, result, async_=asy):
  File "C:\Users\chris\AppData\Roaming\Python\Python314\site-packages\IPython\core\interactiveshell.py", line 3748, in run_code
    exec(code_obj, self.user_global_ns, self.user_ns)
  File "C:\Users\chris\AppData\Local\Temp\ipykernel_5480\3007420965.py", line 73, in <module>
    runpy.run_path(str(script_path), run_name="__main__")
  File "<frozen runpy>", line 287, in run_path
  File "<frozen runpy>", line 98, in _run_module_code
  File "<frozen runpy>", line 88, in _run_code
  File "C:\Users\chris\Desktop\Code\TracesPresenter\Traces_presenter\Jupyter\Chaine\scripts_Mirabelle\eq_FE_Mirabelle.py", line 73, in <module>
    main(_read, _write)
  File "C:\Users\chris\Desktop\Code\TracesPresenter\Traces_presenter\Jupyter\Chaine\scripts_Mirabelle\eq_FE_Mirabelle.py", line 64, in main
    out.info("  %s : EQ = %.3f  (%d Run.Test)", actor, eq, len(attempts))
Message: '  %s : EQ = %.3f  (%d Run.Test)'
Arguments: ('boxerez.reprenons', 0.34285714285714286, 84)
--- Logging error ---
Traceback (most recent call last):
  File "c:\Users\chris\AppData\Local\Programs\Python\Python314\Lib\logging\__init__.py", line 1154, in emit
    stream.write(msg + self.terminator)
    ~~~~~~~~~~~~^^^^^^^^^^^^^^^^^^^^^^^
ValueError: I/O operation on closed file.
Call stack:
  File "<frozen runpy>", line 198, in _run_module_as_main
  File "<frozen runpy>", line 88, in _run_code
  File "C:\Users\chris\AppData\Roaming\Python\Python314\site-packages\ipykernel_launcher.py", line 18, in <module>
    app.launch_new_instance()
  File "C:\Users\chris\AppData\Roaming\Python\Python314\site-packages\traitlets\config\application.py", line 1082, in launch_instance
    app.start()
  File "C:\Users\chris\AppData\Roaming\Python\Python314\site-packages\ipykernel\kernelapp.py", line 758, in start
    self.io_loop.start()
  File "C:\Users\chris\AppData\Roaming\Python\Python314\site-packages\tornado\platform\asyncio.py", line 211, in start
    self.asyncio_loop.run_forever()
  File "c:\Users\chris\AppData\Local\Programs\Python\Python314\Lib\asyncio\base_events.py", line 677, in run_forever
    self._run_once()
  File "c:\Users\chris\AppData\Local\Programs\Python\Python314\Lib\asyncio\base_events.py", line 2046, in _run_once
    handle._run()
  File "c:\Users\chris\AppData\Local\Programs\Python\Python314\Lib\asyncio\events.py", line 94, in _run
    self._context.run(self._callback, *self._args)
  File "C:\Users\chris\AppData\Roaming\Python\Python314\site-packages\ipykernel\kernelbase.py", line 621, in shell_main
    await self.dispatch_shell(msg, subshell_id=subshell_id)
  File "C:\Users\chris\AppData\Roaming\Python\Python314\site-packages\ipykernel\kernelbase.py", line 478, in dispatch_shell
    await result
  File "C:\Users\chris\AppData\Roaming\Python\Python314\site-packages\ipykernel\ipkernel.py", line 372, in execute_request
    await super().execute_request(stream, ident, parent)
  File "C:\Users\chris\AppData\Roaming\Python\Python314\site-packages\ipykernel\kernelbase.py", line 834, in execute_request
    reply_content = await reply_content
  File "C:\Users\chris\AppData\Roaming\Python\Python314\site-packages\ipykernel\ipkernel.py", line 464, in do_execute
    res = shell.run_cell(
  File "C:\Users\chris\AppData\Roaming\Python\Python314\site-packages\ipykernel\zmqshell.py", line 663, in run_cell
    return super().run_cell(*args, **kwargs)
  File "C:\Users\chris\AppData\Roaming\Python\Python314\site-packages\IPython\core\interactiveshell.py", line 3170, in run_cell
    result = self._run_cell(
  File "C:\Users\chris\AppData\Roaming\Python\Python314\site-packages\IPython\core\interactiveshell.py", line 3225, in _run_cell
    result = runner(coro)
  File "C:\Users\chris\AppData\Roaming\Python\Python314\site-packages\IPython\core\async_helpers.py", line 128, in _pseudo_sync_runner
    coro.send(None)
  File "C:\Users\chris\AppData\Roaming\Python\Python314\site-packages\IPython\core\interactiveshell.py", line 3447, in run_cell_async
    has_raised = await self.run_ast_nodes(code_ast.body, cell_name,
  File "C:\Users\chris\AppData\Roaming\Python\Python314\site-packages\IPython\core\interactiveshell.py", line 3688, in run_ast_nodes
    if await self.run_code(code, result, async_=asy):
  File "C:\Users\chris\AppData\Roaming\Python\Python314\site-packages\IPython\core\interactiveshell.py", line 3748, in run_code
    exec(code_obj, self.user_global_ns, self.user_ns)
  File "C:\Users\chris\AppData\Local\Temp\ipykernel_5480\3007420965.py", line 73, in <module>
    runpy.run_path(str(script_path), run_name="__main__")
  File "<frozen runpy>", line 287, in run_path
  File "<frozen runpy>", line 98, in _run_module_code
  File "<frozen runpy>", line 88, in _run_code
  File "C:\Users\chris\Desktop\Code\TracesPresenter\Traces_presenter\Jupyter\Chaine\scripts_Mirabelle\eq_FE_Mirabelle.py", line 73, in <module>
    main(_read, _write)
  File "C:\Users\chris\Desktop\Code\TracesPresenter\Traces_presenter\Jupyter\Chaine\scripts_Mirabelle\eq_FE_Mirabelle.py", line 64, in main
    out.info("  %s : EQ = %.3f  (%d Run.Test)", actor, eq, len(attempts))
Message: '  %s : EQ = %.3f  (%d Run.Test)'
Arguments: ('brasse.resignees', 0.3333333333333333, 329)
--- Logging error ---
Traceback (most recent call last):
  File "c:\Users\chris\AppData\Local\Programs\Python\Python314\Lib\logging\__init__.py", line 1154, in emit
    stream.write(msg + self.terminator)
    ~~~~~~~~~~~~^^^^^^^^^^^^^^^^^^^^^^^
ValueError: I/O operation on closed file.
Call stack:
  File "<frozen runpy>", line 198, in _run_module_as_main
  File "<frozen runpy>", line 88, in _run_code
  File "C:\Users\chris\AppData\Roaming\Python\Python314\site-packages\ipykernel_launcher.py", line 18, in <module>
    app.launch_new_instance()
  File "C:\Users\chris\AppData\Roaming\Python\Python314\site-packages\traitlets\config\application.py", line 1082, in launch_instance
    app.start()
  File "C:\Users\chris\AppData\Roaming\Python\Python314\site-packages\ipykernel\kernelapp.py", line 758, in start
    self.io_loop.start()
  File "C:\Users\chris\AppData\Roaming\Python\Python314\site-packages\tornado\platform\asyncio.py", line 211, in start
    self.asyncio_loop.run_forever()
  File "c:\Users\chris\AppData\Local\Programs\Python\Python314\Lib\asyncio\base_events.py", line 677, in run_forever
    self._run_once()
  File "c:\Users\chris\AppData\Local\Programs\Python\Python314\Lib\asyncio\base_events.py", line 2046, in _run_once
    handle._run()
  File "c:\Users\chris\AppData\Local\Programs\Python\Python314\Lib\asyncio\events.py", line 94, in _run
    self._context.run(self._callback, *self._args)
  File "C:\Users\chris\AppData\Roaming\Python\Python314\site-packages\ipykernel\kernelbase.py", line 621, in shell_main
    await self.dispatch_shell(msg, subshell_id=subshell_id)
  File "C:\Users\chris\AppData\Roaming\Python\Python314\site-packages\ipykernel\kernelbase.py", line 478, in dispatch_shell
    await result
  File "C:\Users\chris\AppData\Roaming\Python\Python314\site-packages\ipykernel\ipkernel.py", line 372, in execute_request
    await super().execute_request(stream, ident, parent)
  File "C:\Users\chris\AppData\Roaming\Python\Python314\site-packages\ipykernel\kernelbase.py", line 834, in execute_request
    reply_content = await reply_content
  File "C:\Users\chris\AppData\Roaming\Python\Python314\site-packages\ipykernel\ipkernel.py", line 464, in do_execute
    res = shell.run_cell(
  File "C:\Users\chris\AppData\Roaming\Python\Python314\site-packages\ipykernel\zmqshell.py", line 663, in run_cell
    return super().run_cell(*args, **kwargs)
  File "C:\Users\chris\AppData\Roaming\Python\Python314\site-packages\IPython\core\interactiveshell.py", line 3170, in run_cell
    result = self._run_cell(
  File "C:\Users\chris\AppData\Roaming\Python\Python314\site-packages\IPython\core\interactiveshell.py", line 3225, in _run_cell
    result = runner(coro)
  File "C:\Users\chris\AppData\Roaming\Python\Python314\site-packages\IPython\core\async_helpers.py", line 128, in _pseudo_sync_runner
    coro.send(None)
  File "C:\Users\chris\AppData\Roaming\Python\Python314\site-packages\IPython\core\interactiveshell.py", line 3447, in run_cell_async
    has_raised = await self.run_ast_nodes(code_ast.body, cell_name,
  File "C:\Users\chris\AppData\Roaming\Python\Python314\site-packages\IPython\core\interactiveshell.py", line 3688, in run_ast_nodes
    if await self.run_code(code, result, async_=asy):
  File "C:\Users\chris\AppData\Roaming\Python\Python314\site-packages\IPython\core\interactiveshell.py", line 3748, in run_code
    exec(code_obj, self.user_global_ns, self.user_ns)
  File "C:\Users\chris\AppData\Local\Temp\ipykernel_5480\3007420965.py", line 73, in <module>
    runpy.run_path(str(script_path), run_name="__main__")
  File "<frozen runpy>", line 287, in run_path
  File "<frozen runpy>", line 98, in _run_module_code
  File "<frozen runpy>", line 88, in _run_code
  File "C:\Users\chris\Desktop\Code\TracesPresenter\Traces_presenter\Jupyter\Chaine\scripts_Mirabelle\eq_FE_Mirabelle.py", line 73, in <module>
    main(_read, _write)
  File "C:\Users\chris\Desktop\Code\TracesPresenter\Traces_presenter\Jupyter\Chaine\scripts_Mirabelle\eq_FE_Mirabelle.py", line 64, in main
    out.info("  %s : EQ = %.3f  (%d Run.Test)", actor, eq, len(attempts))
Message: '  %s : EQ = %.3f  (%d Run.Test)'
Arguments: ('canape.patissiez', 0.3333333333333333, 82)
--- Logging error ---
Traceback (most recent call last):
  File "c:\Users\chris\AppData\Local\Programs\Python\Python314\Lib\logging\__init__.py", line 1154, in emit
    stream.write(msg + self.terminator)
    ~~~~~~~~~~~~^^^^^^^^^^^^^^^^^^^^^^^
ValueError: I/O operation on closed file.
Call stack:
  File "<frozen runpy>", line 198, in _run_module_as_main
  File "<frozen runpy>", line 88, in _run_code
  File "C:\Users\chris\AppData\Roaming\Python\Python314\site-packages\ipykernel_launcher.py", line 18, in <module>
    app.launch_new_instance()
  File "C:\Users\chris\AppData\Roaming\Python\Python314\site-packages\traitlets\config\application.py", line 1082, in launch_instance
    app.start()
  File "C:\Users\chris\AppData\Roaming\Python\Python314\site-packages\ipykernel\kernelapp.py", line 758, in start
    self.io_loop.start()
  File "C:\Users\chris\AppData\Roaming\Python\Python314\site-packages\tornado\platform\asyncio.py", line 211, in start
    self.asyncio_loop.run_forever()
  File "c:\Users\chris\AppData\Local\Programs\Python\Python314\Lib\asyncio\base_events.py", line 677, in run_forever
    self._run_once()
  File "c:\Users\chris\AppData\Local\Programs\Python\Python314\Lib\asyncio\base_events.py", line 2046, in _run_once
    handle._run()
  File "c:\Users\chris\AppData\Local\Programs\Python\Python314\Lib\asyncio\events.py", line 94, in _run
    self._context.run(self._callback, *self._args)
  File "C:\Users\chris\AppData\Roaming\Python\Python314\site-packages\ipykernel\kernelbase.py", line 621, in shell_main
    await self.dispatch_shell(msg, subshell_id=subshell_id)
  File "C:\Users\chris\AppData\Roaming\Python\Python314\site-packages\ipykernel\kernelbase.py", line 478, in dispatch_shell
    await result
  File "C:\Users\chris\AppData\Roaming\Python\Python314\site-packages\ipykernel\ipkernel.py", line 372, in execute_request
    await super().execute_request(stream, ident, parent)
  File "C:\Users\chris\AppData\Roaming\Python\Python314\site-packages\ipykernel\kernelbase.py", line 834, in execute_request
    reply_content = await reply_content
  File "C:\Users\chris\AppData\Roaming\Python\Python314\site-packages\ipykernel\ipkernel.py", line 464, in do_execute
    res = shell.run_cell(
  File "C:\Users\chris\AppData\Roaming\Python\Python314\site-packages\ipykernel\zmqshell.py", line 663, in run_cell
    return super().run_cell(*args, **kwargs)
  File "C:\Users\chris\AppData\Roaming\Python\Python314\site-packages\IPython\core\interactiveshell.py", line 3170, in run_cell
    result = self._run_cell(
  File "C:\Users\chris\AppData\Roaming\Python\Python314\site-packages\IPython\core\interactiveshell.py", line 3225, in _run_cell
    result = runner(coro)
  File "C:\Users\chris\AppData\Roaming\Python\Python314\site-packages\IPython\core\async_helpers.py", line 128, in _pseudo_sync_runner
    coro.send(None)
  File "C:\Users\chris\AppData\Roaming\Python\Python314\site-packages\IPython\core\interactiveshell.py", line 3447, in run_cell_async
    has_raised = await self.run_ast_nodes(code_ast.body, cell_name,
  File "C:\Users\chris\AppData\Roaming\Python\Python314\site-packages\IPython\core\interactiveshell.py", line 3688, in run_ast_nodes
    if await self.run_code(code, result, async_=asy):
  File "C:\Users\chris\AppData\Roaming\Python\Python314\site-packages\IPython\core\interactiveshell.py", line 3748, in run_code
    exec(code_obj, self.user_global_ns, self.user_ns)
  File "C:\Users\chris\AppData\Local\Temp\ipykernel_5480\3007420965.py", line 73, in <module>
    runpy.run_path(str(script_path), run_name="__main__")
  File "<frozen runpy>", line 287, in run_path
  File "<frozen runpy>", line 98, in _run_module_code
  File "<frozen runpy>", line 88, in _run_code
  File "C:\Users\chris\Desktop\Code\TracesPresenter\Traces_presenter\Jupyter\Chaine\scripts_Mirabelle\eq_FE_Mirabelle.py", line 73, in <module>
    main(_read, _write)
  File "C:\Users\chris\Desktop\Code\TracesPresenter\Traces_presenter\Jupyter\Chaine\scripts_Mirabelle\eq_FE_Mirabelle.py", line 64, in main
    out.info("  %s : EQ = %.3f  (%d Run.Test)", actor, eq, len(attempts))
Message: '  %s : EQ = %.3f  (%d Run.Test)'
Arguments: ('cartayer.desherbes', 0.18181818181818182, 19)
--- Logging error ---
Traceback (most recent call last):
  File "c:\Users\chris\AppData\Local\Programs\Python\Python314\Lib\logging\__init__.py", line 1154, in emit
    stream.write(msg + self.terminator)
    ~~~~~~~~~~~~^^^^^^^^^^^^^^^^^^^^^^^
ValueError: I/O operation on closed file.
Call stack:
  File "<frozen runpy>", line 198, in _run_module_as_main
  File "<frozen runpy>", line 88, in _run_code
  File "C:\Users\chris\AppData\Roaming\Python\Python314\site-packages\ipykernel_launcher.py", line 18, in <module>
    app.launch_new_instance()
  File "C:\Users\chris\AppData\Roaming\Python\Python314\site-packages\traitlets\config\application.py", line 1082, in launch_instance
    app.start()
  File "C:\Users\chris\AppData\Roaming\Python\Python314\site-packages\ipykernel\kernelapp.py", line 758, in start
    self.io_loop.start()
  File "C:\Users\chris\AppData\Roaming\Python\Python314\site-packages\tornado\platform\asyncio.py", line 211, in start
    self.asyncio_loop.run_forever()
  File "c:\Users\chris\AppData\Local\Programs\Python\Python314\Lib\asyncio\base_events.py", line 677, in run_forever
    self._run_once()
  File "c:\Users\chris\AppData\Local\Programs\Python\Python314\Lib\asyncio\base_events.py", line 2046, in _run_once
    handle._run()
  File "c:\Users\chris\AppData\Local\Programs\Python\Python314\Lib\asyncio\events.py", line 94, in _run
    self._context.run(self._callback, *self._args)
  File "C:\Users\chris\AppData\Roaming\Python\Python314\site-packages\ipykernel\kernelbase.py", line 621, in shell_main
    await self.dispatch_shell(msg, subshell_id=subshell_id)
  File "C:\Users\chris\AppData\Roaming\Python\Python314\site-packages\ipykernel\kernelbase.py", line 478, in dispatch_shell
    await result
  File "C:\Users\chris\AppData\Roaming\Python\Python314\site-packages\ipykernel\ipkernel.py", line 372, in execute_request
    await super().execute_request(stream, ident, parent)
  File "C:\Users\chris\AppData\Roaming\Python\Python314\site-packages\ipykernel\kernelbase.py", line 834, in execute_request
    reply_content = await reply_content
  File "C:\Users\chris\AppData\Roaming\Python\Python314\site-packages\ipykernel\ipkernel.py", line 464, in do_execute
    res = shell.run_cell(
  File "C:\Users\chris\AppData\Roaming\Python\Python314\site-packages\ipykernel\zmqshell.py", line 663, in run_cell
    return super().run_cell(*args, **kwargs)
  File "C:\Users\chris\AppData\Roaming\Python\Python314\site-packages\IPython\core\interactiveshell.py", line 3170, in run_cell
    result = self._run_cell(
  File "C:\Users\chris\AppData\Roaming\Python\Python314\site-packages\IPython\core\interactiveshell.py", line 3225, in _run_cell
    result = runner(coro)
  File "C:\Users\chris\AppData\Roaming\Python\Python314\site-packages\IPython\core\async_helpers.py", line 128, in _pseudo_sync_runner
    coro.send(None)
  File "C:\Users\chris\AppData\Roaming\Python\Python314\site-packages\IPython\core\interactiveshell.py", line 3447, in run_cell_async
    has_raised = await self.run_ast_nodes(code_ast.body, cell_name,
  File "C:\Users\chris\AppData\Roaming\Python\Python314\site-packages\IPython\core\interactiveshell.py", line 3688, in run_ast_nodes
    if await self.run_code(code, result, async_=asy):
  File "C:\Users\chris\AppData\Roaming\Python\Python314\site-packages\IPython\core\interactiveshell.py", line 3748, in run_code
    exec(code_obj, self.user_global_ns, self.user_ns)
  File "C:\Users\chris\AppData\Local\Temp\ipykernel_5480\3007420965.py", line 73, in <module>
    runpy.run_path(str(script_path), run_name="__main__")
  File "<frozen runpy>", line 287, in run_path
  File "<frozen runpy>", line 98, in _run_module_code
  File "<frozen runpy>", line 88, in _run_code
  File "C:\Users\chris\Desktop\Code\TracesPresenter\Traces_presenter\Jupyter\Chaine\scripts_Mirabelle\eq_FE_Mirabelle.py", line 73, in <module>
    main(_read, _write)
  File "C:\Users\chris\Desktop\Code\TracesPresenter\Traces_presenter\Jupyter\Chaine\scripts_Mirabelle\eq_FE_Mirabelle.py", line 64, in main
    out.info("  %s : EQ = %.3f  (%d Run.Test)", actor, eq, len(attempts))
Message: '  %s : EQ = %.3f  (%d Run.Test)'
Arguments: ('celestes.tireras', 0.36363636363636365, 21)
--- Logging error ---
Traceback (most recent call last):
  File "c:\Users\chris\AppData\Local\Programs\Python\Python314\Lib\logging\__init__.py", line 1154, in emit
    stream.write(msg + self.terminator)
    ~~~~~~~~~~~~^^^^^^^^^^^^^^^^^^^^^^^
ValueError: I/O operation on closed file.
Call stack:
  File "<frozen runpy>", line 198, in _run_module_as_main
  File "<frozen runpy>", line 88, in _run_code
  File "C:\Users\chris\AppData\Roaming\Python\Python314\site-packages\ipykernel_launcher.py", line 18, in <module>
    app.launch_new_instance()
  File "C:\Users\chris\AppData\Roaming\Python\Python314\site-packages\traitlets\config\application.py", line 1082, in launch_instance
    app.start()
  File "C:\Users\chris\AppData\Roaming\Python\Python314\site-packages\ipykernel\kernelapp.py", line 758, in start
    self.io_loop.start()
  File "C:\Users\chris\AppData\Roaming\Python\Python314\site-packages\tornado\platform\asyncio.py", line 211, in start
    self.asyncio_loop.run_forever()
  File "c:\Users\chris\AppData\Local\Programs\Python\Python314\Lib\asyncio\base_events.py", line 677, in run_forever
    self._run_once()
  File "c:\Users\chris\AppData\Local\Programs\Python\Python314\Lib\asyncio\base_events.py", line 2046, in _run_once
    handle._run()
  File "c:\Users\chris\AppData\Local\Programs\Python\Python314\Lib\asyncio\events.py", line 94, in _run
    self._context.run(self._callback, *self._args)
  File "C:\Users\chris\AppData\Roaming\Python\Python314\site-packages\ipykernel\kernelbase.py", line 621, in shell_main
    await self.dispatch_shell(msg, subshell_id=subshell_id)
  File "C:\Users\chris\AppData\Roaming\Python\Python314\site-packages\ipykernel\kernelbase.py", line 478, in dispatch_shell
    await result
  File "C:\Users\chris\AppData\Roaming\Python\Python314\site-packages\ipykernel\ipkernel.py", line 372, in execute_request
    await super().execute_request(stream, ident, parent)
  File "C:\Users\chris\AppData\Roaming\Python\Python314\site-packages\ipykernel\kernelbase.py", line 834, in execute_request
    reply_content = await reply_content
  File "C:\Users\chris\AppData\Roaming\Python\Python314\site-packages\ipykernel\ipkernel.py", line 464, in do_execute
    res = shell.run_cell(
  File "C:\Users\chris\AppData\Roaming\Python\Python314\site-packages\ipykernel\zmqshell.py", line 663, in run_cell
    return super().run_cell(*args, **kwargs)
  File "C:\Users\chris\AppData\Roaming\Python\Python314\site-packages\IPython\core\interactiveshell.py", line 3170, in run_cell
    result = self._run_cell(
  File "C:\Users\chris\AppData\Roaming\Python\Python314\site-packages\IPython\core\interactiveshell.py", line 3225, in _run_cell
    result = runner(coro)
  File "C:\Users\chris\AppData\Roaming\Python\Python314\site-packages\IPython\core\async_helpers.py", line 128, in _pseudo_sync_runner
    coro.send(None)
  File "C:\Users\chris\AppData\Roaming\Python\Python314\site-packages\IPython\core\interactiveshell.py", line 3447, in run_cell_async
    has_raised = await self.run_ast_nodes(code_ast.body, cell_name,
  File "C:\Users\chris\AppData\Roaming\Python\Python314\site-packages\IPython\core\interactiveshell.py", line 3688, in run_ast_nodes
    if await self.run_code(code, result, async_=asy):
  File "C:\Users\chris\AppData\Roaming\Python\Python314\site-packages\IPython\core\interactiveshell.py", line 3748, in run_code
    exec(code_obj, self.user_global_ns, self.user_ns)
  File "C:\Users\chris\AppData\Local\Temp\ipykernel_5480\3007420965.py", line 73, in <module>
    runpy.run_path(str(script_path), run_name="__main__")
  File "<frozen runpy>", line 287, in run_path
  File "<frozen runpy>", line 98, in _run_module_code
  File "<frozen runpy>", line 88, in _run_code
  File "C:\Users\chris\Desktop\Code\TracesPresenter\Traces_presenter\Jupyter\Chaine\scripts_Mirabelle\eq_FE_Mirabelle.py", line 73, in <module>
    main(_read, _write)
  File "C:\Users\chris\Desktop\Code\TracesPresenter\Traces_presenter\Jupyter\Chaine\scripts_Mirabelle\eq_FE_Mirabelle.py", line 64, in main
    out.info("  %s : EQ = %.3f  (%d Run.Test)", actor, eq, len(attempts))
Message: '  %s : EQ = %.3f  (%d Run.Test)'
Arguments: ('chauffez.pics', 0.28, 144)
--- Logging error ---
Traceback (most recent call last):
  File "c:\Users\chris\AppData\Local\Programs\Python\Python314\Lib\logging\__init__.py", line 1154, in emit
    stream.write(msg + self.terminator)
    ~~~~~~~~~~~~^^^^^^^^^^^^^^^^^^^^^^^
ValueError: I/O operation on closed file.
Call stack:
  File "<frozen runpy>", line 198, in _run_module_as_main
  File "<frozen runpy>", line 88, in _run_code
  File "C:\Users\chris\AppData\Roaming\Python\Python314\site-packages\ipykernel_launcher.py", line 18, in <module>
    app.launch_new_instance()
  File "C:\Users\chris\AppData\Roaming\Python\Python314\site-packages\traitlets\config\application.py", line 1082, in launch_instance
    app.start()
  File "C:\Users\chris\AppData\Roaming\Python\Python314\site-packages\ipykernel\kernelapp.py", line 758, in start
    self.io_loop.start()
  File "C:\Users\chris\AppData\Roaming\Python\Python314\site-packages\tornado\platform\asyncio.py", line 211, in start
    self.asyncio_loop.run_forever()
  File "c:\Users\chris\AppData\Local\Programs\Python\Python314\Lib\asyncio\base_events.py", line 677, in run_forever
    self._run_once()
  File "c:\Users\chris\AppData\Local\Programs\Python\Python314\Lib\asyncio\base_events.py", line 2046, in _run_once
    handle._run()
  File "c:\Users\chris\AppData\Local\Programs\Python\Python314\Lib\asyncio\events.py", line 94, in _run
    self._context.run(self._callback, *self._args)
  File "C:\Users\chris\AppData\Roaming\Python\Python314\site-packages\ipykernel\kernelbase.py", line 621, in shell_main
    await self.dispatch_shell(msg, subshell_id=subshell_id)
  File "C:\Users\chris\AppData\Roaming\Python\Python314\site-packages\ipykernel\kernelbase.py", line 478, in dispatch_shell
    await result
  File "C:\Users\chris\AppData\Roaming\Python\Python314\site-packages\ipykernel\ipkernel.py", line 372, in execute_request
    await super().execute_request(stream, ident, parent)
  File "C:\Users\chris\AppData\Roaming\Python\Python314\site-packages\ipykernel\kernelbase.py", line 834, in execute_request
    reply_content = await reply_content
  File "C:\Users\chris\AppData\Roaming\Python\Python314\site-packages\ipykernel\ipkernel.py", line 464, in do_execute
    res = shell.run_cell(
  File "C:\Users\chris\AppData\Roaming\Python\Python314\site-packages\ipykernel\zmqshell.py", line 663, in run_cell
    return super().run_cell(*args, **kwargs)
  File "C:\Users\chris\AppData\Roaming\Python\Python314\site-packages\IPython\core\interactiveshell.py", line 3170, in run_cell
    result = self._run_cell(
  File "C:\Users\chris\AppData\Roaming\Python\Python314\site-packages\IPython\core\interactiveshell.py", line 3225, in _run_cell
    result = runner(coro)
  File "C:\Users\chris\AppData\Roaming\Python\Python314\site-packages\IPython\core\async_helpers.py", line 128, in _pseudo_sync_runner
    coro.send(None)
  File "C:\Users\chris\AppData\Roaming\Python\Python314\site-packages\IPython\core\interactiveshell.py", line 3447, in run_cell_async
    has_raised = await self.run_ast_nodes(code_ast.body, cell_name,
  File "C:\Users\chris\AppData\Roaming\Python\Python314\site-packages\IPython\core\interactiveshell.py", line 3688, in run_ast_nodes
    if await self.run_code(code, result, async_=asy):
  File "C:\Users\chris\AppData\Roaming\Python\Python314\site-packages\IPython\core\interactiveshell.py", line 3748, in run_code
    exec(code_obj, self.user_global_ns, self.user_ns)
  File "C:\Users\chris\AppData\Local\Temp\ipykernel_5480\3007420965.py", line 73, in <module>
    runpy.run_path(str(script_path), run_name="__main__")
  File "<frozen runpy>", line 287, in run_path
  File "<frozen runpy>", line 98, in _run_module_code
  File "<frozen runpy>", line 88, in _run_code
  File "C:\Users\chris\Desktop\Code\TracesPresenter\Traces_presenter\Jupyter\Chaine\scripts_Mirabelle\eq_FE_Mirabelle.py", line 73, in <module>
    main(_read, _write)
  File "C:\Users\chris\Desktop\Code\TracesPresenter\Traces_presenter\Jupyter\Chaine\scripts_Mirabelle\eq_FE_Mirabelle.py", line 64, in main
    out.info("  %s : EQ = %.3f  (%d Run.Test)", actor, eq, len(attempts))
Message: '  %s : EQ = %.3f  (%d Run.Test)'
Arguments: ('cireriez.miseras', 0.25683665927568367, 279)
--- Logging error ---
Traceback (most recent call last):
  File "c:\Users\chris\AppData\Local\Programs\Python\Python314\Lib\logging\__init__.py", line 1154, in emit
    stream.write(msg + self.terminator)
    ~~~~~~~~~~~~^^^^^^^^^^^^^^^^^^^^^^^
ValueError: I/O operation on closed file.
Call stack:
  File "<frozen runpy>", line 198, in _run_module_as_main
  File "<frozen runpy>", line 88, in _run_code
  File "C:\Users\chris\AppData\Roaming\Python\Python314\site-packages\ipykernel_launcher.py", line 18, in <module>
    app.launch_new_instance()
  File "C:\Users\chris\AppData\Roaming\Python\Python314\site-packages\traitlets\config\application.py", line 1082, in launch_instance
    app.start()
  File "C:\Users\chris\AppData\Roaming\Python\Python314\site-packages\ipykernel\kernelapp.py", line 758, in start
    self.io_loop.start()
  File "C:\Users\chris\AppData\Roaming\Python\Python314\site-packages\tornado\platform\asyncio.py", line 211, in start
    self.asyncio_loop.run_forever()
  File "c:\Users\chris\AppData\Local\Programs\Python\Python314\Lib\asyncio\base_events.py", line 677, in run_forever
    self._run_once()
  File "c:\Users\chris\AppData\Local\Programs\Python\Python314\Lib\asyncio\base_events.py", line 2046, in _run_once
    handle._run()
  File "c:\Users\chris\AppData\Local\Programs\Python\Python314\Lib\asyncio\events.py", line 94, in _run
    self._context.run(self._callback, *self._args)
  File "C:\Users\chris\AppData\Roaming\Python\Python314\site-packages\ipykernel\kernelbase.py", line 621, in shell_main
    await self.dispatch_shell(msg, subshell_id=subshell_id)
  File "C:\Users\chris\AppData\Roaming\Python\Python314\site-packages\ipykernel\kernelbase.py", line 478, in dispatch_shell
    await result
  File "C:\Users\chris\AppData\Roaming\Python\Python314\site-packages\ipykernel\ipkernel.py", line 372, in execute_request
    await super().execute_request(stream, ident, parent)
  File "C:\Users\chris\AppData\Roaming\Python\Python314\site-packages\ipykernel\kernelbase.py", line 834, in execute_request
    reply_content = await reply_content
  File "C:\Users\chris\AppData\Roaming\Python\Python314\site-packages\ipykernel\ipkernel.py", line 464, in do_execute
    res = shell.run_cell(
  File "C:\Users\chris\AppData\Roaming\Python\Python314\site-packages\ipykernel\zmqshell.py", line 663, in run_cell
    return super().run_cell(*args, **kwargs)
  File "C:\Users\chris\AppData\Roaming\Python\Python314\site-packages\IPython\core\interactiveshell.py", line 3170, in run_cell
    result = self._run_cell(
  File "C:\Users\chris\AppData\Roaming\Python\Python314\site-packages\IPython\core\interactiveshell.py", line 3225, in _run_cell
    result = runner(coro)
  File "C:\Users\chris\AppData\Roaming\Python\Python314\site-packages\IPython\core\async_helpers.py", line 128, in _pseudo_sync_runner
    coro.send(None)
  File "C:\Users\chris\AppData\Roaming\Python\Python314\site-packages\IPython\core\interactiveshell.py", line 3447, in run_cell_async
    has_raised = await self.run_ast_nodes(code_ast.body, cell_name,
  File "C:\Users\chris\AppData\Roaming\Python\Python314\site-packages\IPython\core\interactiveshell.py", line 3688, in run_ast_nodes
    if await self.run_code(code, result, async_=asy):
  File "C:\Users\chris\AppData\Roaming\Python\Python314\site-packages\IPython\core\interactiveshell.py", line 3748, in run_code
    exec(code_obj, self.user_global_ns, self.user_ns)
  File "C:\Users\chris\AppData\Local\Temp\ipykernel_5480\3007420965.py", line 73, in <module>
    runpy.run_path(str(script_path), run_name="__main__")
  File "<frozen runpy>", line 287, in run_path
  File "<frozen runpy>", line 98, in _run_module_code
  File "<frozen runpy>", line 88, in _run_code
  File "C:\Users\chris\Desktop\Code\TracesPresenter\Traces_presenter\Jupyter\Chaine\scripts_Mirabelle\eq_FE_Mirabelle.py", line 73, in <module>
    main(_read, _write)
  File "C:\Users\chris\Desktop\Code\TracesPresenter\Traces_presenter\Jupyter\Chaine\scripts_Mirabelle\eq_FE_Mirabelle.py", line 64, in main
    out.info("  %s : EQ = %.3f  (%d Run.Test)", actor, eq, len(attempts))
Message: '  %s : EQ = %.3f  (%d Run.Test)'
Arguments: ('ciselure.pamant', 0.3969270166453266, 417)
--- Logging error ---
Traceback (most recent call last):
  File "c:\Users\chris\AppData\Local\Programs\Python\Python314\Lib\logging\__init__.py", line 1154, in emit
    stream.write(msg + self.terminator)
    ~~~~~~~~~~~~^^^^^^^^^^^^^^^^^^^^^^^
ValueError: I/O operation on closed file.
Call stack:
  File "<frozen runpy>", line 198, in _run_module_as_main
  File "<frozen runpy>", line 88, in _run_code
  File "C:\Users\chris\AppData\Roaming\Python\Python314\site-packages\ipykernel_launcher.py", line 18, in <module>
    app.launch_new_instance()
  File "C:\Users\chris\AppData\Roaming\Python\Python314\site-packages\traitlets\config\application.py", line 1082, in launch_instance
    app.start()
  File "C:\Users\chris\AppData\Roaming\Python\Python314\site-packages\ipykernel\kernelapp.py", line 758, in start
    self.io_loop.start()
  File "C:\Users\chris\AppData\Roaming\Python\Python314\site-packages\tornado\platform\asyncio.py", line 211, in start
    self.asyncio_loop.run_forever()
  File "c:\Users\chris\AppData\Local\Programs\Python\Python314\Lib\asyncio\base_events.py", line 677, in run_forever
    self._run_once()
  File "c:\Users\chris\AppData\Local\Programs\Python\Python314\Lib\asyncio\base_events.py", line 2046, in _run_once
    handle._run()
  File "c:\Users\chris\AppData\Local\Programs\Python\Python314\Lib\asyncio\events.py", line 94, in _run
    self._context.run(self._callback, *self._args)
  File "C:\Users\chris\AppData\Roaming\Python\Python314\site-packages\ipykernel\kernelbase.py", line 621, in shell_main
    await self.dispatch_shell(msg, subshell_id=subshell_id)
  File "C:\Users\chris\AppData\Roaming\Python\Python314\site-packages\ipykernel\kernelbase.py", line 478, in dispatch_shell
    await result
  File "C:\Users\chris\AppData\Roaming\Python\Python314\site-packages\ipykernel\ipkernel.py", line 372, in execute_request
    await super().execute_request(stream, ident, parent)
  File "C:\Users\chris\AppData\Roaming\Python\Python314\site-packages\ipykernel\kernelbase.py", line 834, in execute_request
    reply_content = await reply_content
  File "C:\Users\chris\AppData\Roaming\Python\Python314\site-packages\ipykernel\ipkernel.py", line 464, in do_execute
    res = shell.run_cell(
  File "C:\Users\chris\AppData\Roaming\Python\Python314\site-packages\ipykernel\zmqshell.py", line 663, in run_cell
    return super().run_cell(*args, **kwargs)
  File "C:\Users\chris\AppData\Roaming\Python\Python314\site-packages\IPython\core\interactiveshell.py", line 3170, in run_cell
    result = self._run_cell(
  File "C:\Users\chris\AppData\Roaming\Python\Python314\site-packages\IPython\core\interactiveshell.py", line 3225, in _run_cell
    result = runner(coro)
  File "C:\Users\chris\AppData\Roaming\Python\Python314\site-packages\IPython\core\async_helpers.py", line 128, in _pseudo_sync_runner
    coro.send(None)
  File "C:\Users\chris\AppData\Roaming\Python\Python314\site-packages\IPython\core\interactiveshell.py", line 3447, in run_cell_async
    has_raised = await self.run_ast_nodes(code_ast.body, cell_name,
  File "C:\Users\chris\AppData\Roaming\Python\Python314\site-packages\IPython\core\interactiveshell.py", line 3688, in run_ast_nodes
    if await self.run_code(code, result, async_=asy):
  File "C:\Users\chris\AppData\Roaming\Python\Python314\site-packages\IPython\core\interactiveshell.py", line 3748, in run_code
    exec(code_obj, self.user_global_ns, self.user_ns)
  File "C:\Users\chris\AppData\Local\Temp\ipykernel_5480\3007420965.py", line 73, in <module>
    runpy.run_path(str(script_path), run_name="__main__")
  File "<frozen runpy>", line 287, in run_path
  File "<frozen runpy>", line 98, in _run_module_code
  File "<frozen runpy>", line 88, in _run_code
  File "C:\Users\chris\Desktop\Code\TracesPresenter\Traces_presenter\Jupyter\Chaine\scripts_Mirabelle\eq_FE_Mirabelle.py", line 73, in <module>
    main(_read, _write)
  File "C:\Users\chris\Desktop\Code\TracesPresenter\Traces_presenter\Jupyter\Chaine\scripts_Mirabelle\eq_FE_Mirabelle.py", line 64, in main
    out.info("  %s : EQ = %.3f  (%d Run.Test)", actor, eq, len(attempts))
Message: '  %s : EQ = %.3f  (%d Run.Test)'
Arguments: ('clowns.perdais', 0.17209302325581396, 268)
--- Logging error ---
Traceback (most recent call last):
  File "c:\Users\chris\AppData\Local\Programs\Python\Python314\Lib\logging\__init__.py", line 1154, in emit
    stream.write(msg + self.terminator)
    ~~~~~~~~~~~~^^^^^^^^^^^^^^^^^^^^^^^
ValueError: I/O operation on closed file.
Call stack:
  File "<frozen runpy>", line 198, in _run_module_as_main
  File "<frozen runpy>", line 88, in _run_code
  File "C:\Users\chris\AppData\Roaming\Python\Python314\site-packages\ipykernel_launcher.py", line 18, in <module>
    app.launch_new_instance()
  File "C:\Users\chris\AppData\Roaming\Python\Python314\site-packages\traitlets\config\application.py", line 1082, in launch_instance
    app.start()
  File "C:\Users\chris\AppData\Roaming\Python\Python314\site-packages\ipykernel\kernelapp.py", line 758, in start
    self.io_loop.start()
  File "C:\Users\chris\AppData\Roaming\Python\Python314\site-packages\tornado\platform\asyncio.py", line 211, in start
    self.asyncio_loop.run_forever()
  File "c:\Users\chris\AppData\Local\Programs\Python\Python314\Lib\asyncio\base_events.py", line 677, in run_forever
    self._run_once()
  File "c:\Users\chris\AppData\Local\Programs\Python\Python314\Lib\asyncio\base_events.py", line 2046, in _run_once
    handle._run()
  File "c:\Users\chris\AppData\Local\Programs\Python\Python314\Lib\asyncio\events.py", line 94, in _run
    self._context.run(self._callback, *self._args)
  File "C:\Users\chris\AppData\Roaming\Python\Python314\site-packages\ipykernel\kernelbase.py", line 621, in shell_main
    await self.dispatch_shell(msg, subshell_id=subshell_id)
  File "C:\Users\chris\AppData\Roaming\Python\Python314\site-packages\ipykernel\kernelbase.py", line 478, in dispatch_shell
    await result
  File "C:\Users\chris\AppData\Roaming\Python\Python314\site-packages\ipykernel\ipkernel.py", line 372, in execute_request
    await super().execute_request(stream, ident, parent)
  File "C:\Users\chris\AppData\Roaming\Python\Python314\site-packages\ipykernel\kernelbase.py", line 834, in execute_request
    reply_content = await reply_content
  File "C:\Users\chris\AppData\Roaming\Python\Python314\site-packages\ipykernel\ipkernel.py", line 464, in do_execute
    res = shell.run_cell(
  File "C:\Users\chris\AppData\Roaming\Python\Python314\site-packages\ipykernel\zmqshell.py", line 663, in run_cell
    return super().run_cell(*args, **kwargs)
  File "C:\Users\chris\AppData\Roaming\Python\Python314\site-packages\IPython\core\interactiveshell.py", line 3170, in run_cell
    result = self._run_cell(
  File "C:\Users\chris\AppData\Roaming\Python\Python314\site-packages\IPython\core\interactiveshell.py", line 3225, in _run_cell
    result = runner(coro)
  File "C:\Users\chris\AppData\Roaming\Python\Python314\site-packages\IPython\core\async_helpers.py", line 128, in _pseudo_sync_runner
    coro.send(None)
  File "C:\Users\chris\AppData\Roaming\Python\Python314\site-packages\IPython\core\interactiveshell.py", line 3447, in run_cell_async
    has_raised = await self.run_ast_nodes(code_ast.body, cell_name,
  File "C:\Users\chris\AppData\Roaming\Python\Python314\site-packages\IPython\core\interactiveshell.py", line 3688, in run_ast_nodes
    if await self.run_code(code, result, async_=asy):
  File "C:\Users\chris\AppData\Roaming\Python\Python314\site-packages\IPython\core\interactiveshell.py", line 3748, in run_code
    exec(code_obj, self.user_global_ns, self.user_ns)
  File "C:\Users\chris\AppData\Local\Temp\ipykernel_5480\3007420965.py", line 73, in <module>
    runpy.run_path(str(script_path), run_name="__main__")
  File "<frozen runpy>", line 287, in run_path
  File "<frozen runpy>", line 98, in _run_module_code
  File "<frozen runpy>", line 88, in _run_code
  File "C:\Users\chris\Desktop\Code\TracesPresenter\Traces_presenter\Jupyter\Chaine\scripts_Mirabelle\eq_FE_Mirabelle.py", line 73, in <module>
    main(_read, _write)
  File "C:\Users\chris\Desktop\Code\TracesPresenter\Traces_presenter\Jupyter\Chaine\scripts_Mirabelle\eq_FE_Mirabelle.py", line 64, in main
    out.info("  %s : EQ = %.3f  (%d Run.Test)", actor, eq, len(attempts))
Message: '  %s : EQ = %.3f  (%d Run.Test)'
Arguments: ('cokefier.survolait', 0.3209442491210447, 400)
--- Logging error ---
Traceback (most recent call last):
  File "c:\Users\chris\AppData\Local\Programs\Python\Python314\Lib\logging\__init__.py", line 1154, in emit
    stream.write(msg + self.terminator)
    ~~~~~~~~~~~~^^^^^^^^^^^^^^^^^^^^^^^
ValueError: I/O operation on closed file.
Call stack:
  File "<frozen runpy>", line 198, in _run_module_as_main
  File "<frozen runpy>", line 88, in _run_code
  File "C:\Users\chris\AppData\Roaming\Python\Python314\site-packages\ipykernel_launcher.py", line 18, in <module>
    app.launch_new_instance()
  File "C:\Users\chris\AppData\Roaming\Python\Python314\site-packages\traitlets\config\application.py", line 1082, in launch_instance
    app.start()
  File "C:\Users\chris\AppData\Roaming\Python\Python314\site-packages\ipykernel\kernelapp.py", line 758, in start
    self.io_loop.start()
  File "C:\Users\chris\AppData\Roaming\Python\Python314\site-packages\tornado\platform\asyncio.py", line 211, in start
    self.asyncio_loop.run_forever()
  File "c:\Users\chris\AppData\Local\Programs\Python\Python314\Lib\asyncio\base_events.py", line 677, in run_forever
    self._run_once()
  File "c:\Users\chris\AppData\Local\Programs\Python\Python314\Lib\asyncio\base_events.py", line 2046, in _run_once
    handle._run()
  File "c:\Users\chris\AppData\Local\Programs\Python\Python314\Lib\asyncio\events.py", line 94, in _run
    self._context.run(self._callback, *self._args)
  File "C:\Users\chris\AppData\Roaming\Python\Python314\site-packages\ipykernel\kernelbase.py", line 621, in shell_main
    await self.dispatch_shell(msg, subshell_id=subshell_id)
  File "C:\Users\chris\AppData\Roaming\Python\Python314\site-packages\ipykernel\kernelbase.py", line 478, in dispatch_shell
    await result
  File "C:\Users\chris\AppData\Roaming\Python\Python314\site-packages\ipykernel\ipkernel.py", line 372, in execute_request
    await super().execute_request(stream, ident, parent)
  File "C:\Users\chris\AppData\Roaming\Python\Python314\site-packages\ipykernel\kernelbase.py", line 834, in execute_request
    reply_content = await reply_content
  File "C:\Users\chris\AppData\Roaming\Python\Python314\site-packages\ipykernel\ipkernel.py", line 464, in do_execute
    res = shell.run_cell(
  File "C:\Users\chris\AppData\Roaming\Python\Python314\site-packages\ipykernel\zmqshell.py", line 663, in run_cell
    return super().run_cell(*args, **kwargs)
  File "C:\Users\chris\AppData\Roaming\Python\Python314\site-packages\IPython\core\interactiveshell.py", line 3170, in run_cell
    result = self._run_cell(
  File "C:\Users\chris\AppData\Roaming\Python\Python314\site-packages\IPython\core\interactiveshell.py", line 3225, in _run_cell
    result = runner(coro)
  File "C:\Users\chris\AppData\Roaming\Python\Python314\site-packages\IPython\core\async_helpers.py", line 128, in _pseudo_sync_runner
    coro.send(None)
  File "C:\Users\chris\AppData\Roaming\Python\Python314\site-packages\IPython\core\interactiveshell.py", line 3447, in run_cell_async
    has_raised = await self.run_ast_nodes(code_ast.body, cell_name,
  File "C:\Users\chris\AppData\Roaming\Python\Python314\site-packages\IPython\core\interactiveshell.py", line 3688, in run_ast_nodes
    if await self.run_code(code, result, async_=asy):
  File "C:\Users\chris\AppData\Roaming\Python\Python314\site-packages\IPython\core\interactiveshell.py", line 3748, in run_code
    exec(code_obj, self.user_global_ns, self.user_ns)
  File "C:\Users\chris\AppData\Local\Temp\ipykernel_5480\3007420965.py", line 73, in <module>
    runpy.run_path(str(script_path), run_name="__main__")
  File "<frozen runpy>", line 287, in run_path
  File "<frozen runpy>", line 98, in _run_module_code
  File "<frozen runpy>", line 88, in _run_code
  File "C:\Users\chris\Desktop\Code\TracesPresenter\Traces_presenter\Jupyter\Chaine\scripts_Mirabelle\eq_FE_Mirabelle.py", line 73, in <module>
    main(_read, _write)
  File "C:\Users\chris\Desktop\Code\TracesPresenter\Traces_presenter\Jupyter\Chaine\scripts_Mirabelle\eq_FE_Mirabelle.py", line 64, in main
    out.info("  %s : EQ = %.3f  (%d Run.Test)", actor, eq, len(attempts))
Message: '  %s : EQ = %.3f  (%d Run.Test)'
Arguments: ('comblerez.ecrier', 0.3480049362402305, 234)
--- Logging error ---
Traceback (most recent call last):
  File "c:\Users\chris\AppData\Local\Programs\Python\Python314\Lib\logging\__init__.py", line 1154, in emit
    stream.write(msg + self.terminator)
    ~~~~~~~~~~~~^^^^^^^^^^^^^^^^^^^^^^^
ValueError: I/O operation on closed file.
Call stack:
  File "<frozen runpy>", line 198, in _run_module_as_main
  File "<frozen runpy>", line 88, in _run_code
  File "C:\Users\chris\AppData\Roaming\Python\Python314\site-packages\ipykernel_launcher.py", line 18, in <module>
    app.launch_new_instance()
  File "C:\Users\chris\AppData\Roaming\Python\Python314\site-packages\traitlets\config\application.py", line 1082, in launch_instance
    app.start()
  File "C:\Users\chris\AppData\Roaming\Python\Python314\site-packages\ipykernel\kernelapp.py", line 758, in start
    self.io_loop.start()
  File "C:\Users\chris\AppData\Roaming\Python\Python314\site-packages\tornado\platform\asyncio.py", line 211, in start
    self.asyncio_loop.run_forever()
  File "c:\Users\chris\AppData\Local\Programs\Python\Python314\Lib\asyncio\base_events.py", line 677, in run_forever
    self._run_once()
  File "c:\Users\chris\AppData\Local\Programs\Python\Python314\Lib\asyncio\base_events.py", line 2046, in _run_once
    handle._run()
  File "c:\Users\chris\AppData\Local\Programs\Python\Python314\Lib\asyncio\events.py", line 94, in _run
    self._context.run(self._callback, *self._args)
  File "C:\Users\chris\AppData\Roaming\Python\Python314\site-packages\ipykernel\kernelbase.py", line 621, in shell_main
    await self.dispatch_shell(msg, subshell_id=subshell_id)
  File "C:\Users\chris\AppData\Roaming\Python\Python314\site-packages\ipykernel\kernelbase.py", line 478, in dispatch_shell
    await result
  File "C:\Users\chris\AppData\Roaming\Python\Python314\site-packages\ipykernel\ipkernel.py", line 372, in execute_request
    await super().execute_request(stream, ident, parent)
  File "C:\Users\chris\AppData\Roaming\Python\Python314\site-packages\ipykernel\kernelbase.py", line 834, in execute_request
    reply_content = await reply_content
  File "C:\Users\chris\AppData\Roaming\Python\Python314\site-packages\ipykernel\ipkernel.py", line 464, in do_execute
    res = shell.run_cell(
  File "C:\Users\chris\AppData\Roaming\Python\Python314\site-packages\ipykernel\zmqshell.py", line 663, in run_cell
    return super().run_cell(*args, **kwargs)
  File "C:\Users\chris\AppData\Roaming\Python\Python314\site-packages\IPython\core\interactiveshell.py", line 3170, in run_cell
    result = self._run_cell(
  File "C:\Users\chris\AppData\Roaming\Python\Python314\site-packages\IPython\core\interactiveshell.py", line 3225, in _run_cell
    result = runner(coro)
  File "C:\Users\chris\AppData\Roaming\Python\Python314\site-packages\IPython\core\async_helpers.py", line 128, in _pseudo_sync_runner
    coro.send(None)
  File "C:\Users\chris\AppData\Roaming\Python\Python314\site-packages\IPython\core\interactiveshell.py", line 3447, in run_cell_async
    has_raised = await self.run_ast_nodes(code_ast.body, cell_name,
  File "C:\Users\chris\AppData\Roaming\Python\Python314\site-packages\IPython\core\interactiveshell.py", line 3688, in run_ast_nodes
    if await self.run_code(code, result, async_=asy):
  File "C:\Users\chris\AppData\Roaming\Python\Python314\site-packages\IPython\core\interactiveshell.py", line 3748, in run_code
    exec(code_obj, self.user_global_ns, self.user_ns)
  File "C:\Users\chris\AppData\Local\Temp\ipykernel_5480\3007420965.py", line 73, in <module>
    runpy.run_path(str(script_path), run_name="__main__")
  File "<frozen runpy>", line 287, in run_path
  File "<frozen runpy>", line 98, in _run_module_code
  File "<frozen runpy>", line 88, in _run_code
  File "C:\Users\chris\Desktop\Code\TracesPresenter\Traces_presenter\Jupyter\Chaine\scripts_Mirabelle\eq_FE_Mirabelle.py", line 73, in <module>
    main(_read, _write)
  File "C:\Users\chris\Desktop\Code\TracesPresenter\Traces_presenter\Jupyter\Chaine\scripts_Mirabelle\eq_FE_Mirabelle.py", line 64, in main
    out.info("  %s : EQ = %.3f  (%d Run.Test)", actor, eq, len(attempts))
Message: '  %s : EQ = %.3f  (%d Run.Test)'
Arguments: ('confortee.mesquin', 0.375, 132)
--- Logging error ---
Traceback (most recent call last):
  File "c:\Users\chris\AppData\Local\Programs\Python\Python314\Lib\logging\__init__.py", line 1154, in emit
    stream.write(msg + self.terminator)
    ~~~~~~~~~~~~^^^^^^^^^^^^^^^^^^^^^^^
ValueError: I/O operation on closed file.
Call stack:
  File "<frozen runpy>", line 198, in _run_module_as_main
  File "<frozen runpy>", line 88, in _run_code
  File "C:\Users\chris\AppData\Roaming\Python\Python314\site-packages\ipykernel_launcher.py", line 18, in <module>
    app.launch_new_instance()
  File "C:\Users\chris\AppData\Roaming\Python\Python314\site-packages\traitlets\config\application.py", line 1082, in launch_instance
    app.start()
  File "C:\Users\chris\AppData\Roaming\Python\Python314\site-packages\ipykernel\kernelapp.py", line 758, in start
    self.io_loop.start()
  File "C:\Users\chris\AppData\Roaming\Python\Python314\site-packages\tornado\platform\asyncio.py", line 211, in start
    self.asyncio_loop.run_forever()
  File "c:\Users\chris\AppData\Local\Programs\Python\Python314\Lib\asyncio\base_events.py", line 677, in run_forever
    self._run_once()
  File "c:\Users\chris\AppData\Local\Programs\Python\Python314\Lib\asyncio\base_events.py", line 2046, in _run_once
    handle._run()
  File "c:\Users\chris\AppData\Local\Programs\Python\Python314\Lib\asyncio\events.py", line 94, in _run
    self._context.run(self._callback, *self._args)
  File "C:\Users\chris\AppData\Roaming\Python\Python314\site-packages\ipykernel\kernelbase.py", line 621, in shell_main
    await self.dispatch_shell(msg, subshell_id=subshell_id)
  File "C:\Users\chris\AppData\Roaming\Python\Python314\site-packages\ipykernel\kernelbase.py", line 478, in dispatch_shell
    await result
  File "C:\Users\chris\AppData\Roaming\Python\Python314\site-packages\ipykernel\ipkernel.py", line 372, in execute_request
    await super().execute_request(stream, ident, parent)
  File "C:\Users\chris\AppData\Roaming\Python\Python314\site-packages\ipykernel\kernelbase.py", line 834, in execute_request
    reply_content = await reply_content
  File "C:\Users\chris\AppData\Roaming\Python\Python314\site-packages\ipykernel\ipkernel.py", line 464, in do_execute
    res = shell.run_cell(
  File "C:\Users\chris\AppData\Roaming\Python\Python314\site-packages\ipykernel\zmqshell.py", line 663, in run_cell
    return super().run_cell(*args, **kwargs)
  File "C:\Users\chris\AppData\Roaming\Python\Python314\site-packages\IPython\core\interactiveshell.py", line 3170, in run_cell
    result = self._run_cell(
  File "C:\Users\chris\AppData\Roaming\Python\Python314\site-packages\IPython\core\interactiveshell.py", line 3225, in _run_cell
    result = runner(coro)
  File "C:\Users\chris\AppData\Roaming\Python\Python314\site-packages\IPython\core\async_helpers.py", line 128, in _pseudo_sync_runner
    coro.send(None)
  File "C:\Users\chris\AppData\Roaming\Python\Python314\site-packages\IPython\core\interactiveshell.py", line 3447, in run_cell_async
    has_raised = await self.run_ast_nodes(code_ast.body, cell_name,
  File "C:\Users\chris\AppData\Roaming\Python\Python314\site-packages\IPython\core\interactiveshell.py", line 3688, in run_ast_nodes
    if await self.run_code(code, result, async_=asy):
  File "C:\Users\chris\AppData\Roaming\Python\Python314\site-packages\IPython\core\interactiveshell.py", line 3748, in run_code
    exec(code_obj, self.user_global_ns, self.user_ns)
  File "C:\Users\chris\AppData\Local\Temp\ipykernel_5480\3007420965.py", line 73, in <module>
    runpy.run_path(str(script_path), run_name="__main__")
  File "<frozen runpy>", line 287, in run_path
  File "<frozen runpy>", line 98, in _run_module_code
  File "<frozen runpy>", line 88, in _run_code
  File "C:\Users\chris\Desktop\Code\TracesPresenter\Traces_presenter\Jupyter\Chaine\scripts_Mirabelle\eq_FE_Mirabelle.py", line 73, in <module>
    main(_read, _write)
  File "C:\Users\chris\Desktop\Code\TracesPresenter\Traces_presenter\Jupyter\Chaine\scripts_Mirabelle\eq_FE_Mirabelle.py", line 64, in main
    out.info("  %s : EQ = %.3f  (%d Run.Test)", actor, eq, len(attempts))
Message: '  %s : EQ = %.3f  (%d Run.Test)'
Arguments: ('consultes.pacifiee', 0.3775961865849507, 306)
--- Logging error ---
Traceback (most recent call last):
  File "c:\Users\chris\AppData\Local\Programs\Python\Python314\Lib\logging\__init__.py", line 1154, in emit
    stream.write(msg + self.terminator)
    ~~~~~~~~~~~~^^^^^^^^^^^^^^^^^^^^^^^
ValueError: I/O operation on closed file.
Call stack:
  File "<frozen runpy>", line 198, in _run_module_as_main
  File "<frozen runpy>", line 88, in _run_code
  File "C:\Users\chris\AppData\Roaming\Python\Python314\site-packages\ipykernel_launcher.py", line 18, in <module>
    app.launch_new_instance()
  File "C:\Users\chris\AppData\Roaming\Python\Python314\site-packages\traitlets\config\application.py", line 1082, in launch_instance
    app.start()
  File "C:\Users\chris\AppData\Roaming\Python\Python314\site-packages\ipykernel\kernelapp.py", line 758, in start
    self.io_loop.start()
  File "C:\Users\chris\AppData\Roaming\Python\Python314\site-packages\tornado\platform\asyncio.py", line 211, in start
    self.asyncio_loop.run_forever()
  File "c:\Users\chris\AppData\Local\Programs\Python\Python314\Lib\asyncio\base_events.py", line 677, in run_forever
    self._run_once()
  File "c:\Users\chris\AppData\Local\Programs\Python\Python314\Lib\asyncio\base_events.py", line 2046, in _run_once
    handle._run()
  File "c:\Users\chris\AppData\Local\Programs\Python\Python314\Lib\asyncio\events.py", line 94, in _run
    self._context.run(self._callback, *self._args)
  File "C:\Users\chris\AppData\Roaming\Python\Python314\site-packages\ipykernel\kernelbase.py", line 621, in shell_main
    await self.dispatch_shell(msg, subshell_id=subshell_id)
  File "C:\Users\chris\AppData\Roaming\Python\Python314\site-packages\ipykernel\kernelbase.py", line 478, in dispatch_shell
    await result
  File "C:\Users\chris\AppData\Roaming\Python\Python314\site-packages\ipykernel\ipkernel.py", line 372, in execute_request
    await super().execute_request(stream, ident, parent)
  File "C:\Users\chris\AppData\Roaming\Python\Python314\site-packages\ipykernel\kernelbase.py", line 834, in execute_request
    reply_content = await reply_content
  File "C:\Users\chris\AppData\Roaming\Python\Python314\site-packages\ipykernel\ipkernel.py", line 464, in do_execute
    res = shell.run_cell(
  File "C:\Users\chris\AppData\Roaming\Python\Python314\site-packages\ipykernel\zmqshell.py", line 663, in run_cell
    return super().run_cell(*args, **kwargs)
  File "C:\Users\chris\AppData\Roaming\Python\Python314\site-packages\IPython\core\interactiveshell.py", line 3170, in run_cell
    result = self._run_cell(
  File "C:\Users\chris\AppData\Roaming\Python\Python314\site-packages\IPython\core\interactiveshell.py", line 3225, in _run_cell
    result = runner(coro)
  File "C:\Users\chris\AppData\Roaming\Python\Python314\site-packages\IPython\core\async_helpers.py", line 128, in _pseudo_sync_runner
    coro.send(None)
  File "C:\Users\chris\AppData\Roaming\Python\Python314\site-packages\IPython\core\interactiveshell.py", line 3447, in run_cell_async
    has_raised = await self.run_ast_nodes(code_ast.body, cell_name,
  File "C:\Users\chris\AppData\Roaming\Python\Python314\site-packages\IPython\core\interactiveshell.py", line 3688, in run_ast_nodes
    if await self.run_code(code, result, async_=asy):
  File "C:\Users\chris\AppData\Roaming\Python\Python314\site-packages\IPython\core\interactiveshell.py", line 3748, in run_code
    exec(code_obj, self.user_global_ns, self.user_ns)
  File "C:\Users\chris\AppData\Local\Temp\ipykernel_5480\3007420965.py", line 73, in <module>
    runpy.run_path(str(script_path), run_name="__main__")
  File "<frozen runpy>", line 287, in run_path
  File "<frozen runpy>", line 98, in _run_module_code
  File "<frozen runpy>", line 88, in _run_code
  File "C:\Users\chris\Desktop\Code\TracesPresenter\Traces_presenter\Jupyter\Chaine\scripts_Mirabelle\eq_FE_Mirabelle.py", line 73, in <module>
    main(_read, _write)
  File "C:\Users\chris\Desktop\Code\TracesPresenter\Traces_presenter\Jupyter\Chaine\scripts_Mirabelle\eq_FE_Mirabelle.py", line 60, in main
    out.warning("  %s : pas de paire de tentatives exploitable — ignoré", actor)
Message: '  %s : pas de paire de tentatives exploitable — ignoré'
Arguments: ('conviees.moulure',)
--- Logging error ---
Traceback (most recent call last):
  File "c:\Users\chris\AppData\Local\Programs\Python\Python314\Lib\logging\__init__.py", line 1154, in emit
    stream.write(msg + self.terminator)
    ~~~~~~~~~~~~^^^^^^^^^^^^^^^^^^^^^^^
ValueError: I/O operation on closed file.
Call stack:
  File "<frozen runpy>", line 198, in _run_module_as_main
  File "<frozen runpy>", line 88, in _run_code
  File "C:\Users\chris\AppData\Roaming\Python\Python314\site-packages\ipykernel_launcher.py", line 18, in <module>
    app.launch_new_instance()
  File "C:\Users\chris\AppData\Roaming\Python\Python314\site-packages\traitlets\config\application.py", line 1082, in launch_instance
    app.start()
  File "C:\Users\chris\AppData\Roaming\Python\Python314\site-packages\ipykernel\kernelapp.py", line 758, in start
    self.io_loop.start()
  File "C:\Users\chris\AppData\Roaming\Python\Python314\site-packages\tornado\platform\asyncio.py", line 211, in start
    self.asyncio_loop.run_forever()
  File "c:\Users\chris\AppData\Local\Programs\Python\Python314\Lib\asyncio\base_events.py", line 677, in run_forever
    self._run_once()
  File "c:\Users\chris\AppData\Local\Programs\Python\Python314\Lib\asyncio\base_events.py", line 2046, in _run_once
    handle._run()
  File "c:\Users\chris\AppData\Local\Programs\Python\Python314\Lib\asyncio\events.py", line 94, in _run
    self._context.run(self._callback, *self._args)
  File "C:\Users\chris\AppData\Roaming\Python\Python314\site-packages\ipykernel\kernelbase.py", line 621, in shell_main
    await self.dispatch_shell(msg, subshell_id=subshell_id)
  File "C:\Users\chris\AppData\Roaming\Python\Python314\site-packages\ipykernel\kernelbase.py", line 478, in dispatch_shell
    await result
  File "C:\Users\chris\AppData\Roaming\Python\Python314\site-packages\ipykernel\ipkernel.py", line 372, in execute_request
    await super().execute_request(stream, ident, parent)
  File "C:\Users\chris\AppData\Roaming\Python\Python314\site-packages\ipykernel\kernelbase.py", line 834, in execute_request
    reply_content = await reply_content
  File "C:\Users\chris\AppData\Roaming\Python\Python314\site-packages\ipykernel\ipkernel.py", line 464, in do_execute
    res = shell.run_cell(
  File "C:\Users\chris\AppData\Roaming\Python\Python314\site-packages\ipykernel\zmqshell.py", line 663, in run_cell
    return super().run_cell(*args, **kwargs)
  File "C:\Users\chris\AppData\Roaming\Python\Python314\site-packages\IPython\core\interactiveshell.py", line 3170, in run_cell
    result = self._run_cell(
  File "C:\Users\chris\AppData\Roaming\Python\Python314\site-packages\IPython\core\interactiveshell.py", line 3225, in _run_cell
    result = runner(coro)
  File "C:\Users\chris\AppData\Roaming\Python\Python314\site-packages\IPython\core\async_helpers.py", line 128, in _pseudo_sync_runner
    coro.send(None)
  File "C:\Users\chris\AppData\Roaming\Python\Python314\site-packages\IPython\core\interactiveshell.py", line 3447, in run_cell_async
    has_raised = await self.run_ast_nodes(code_ast.body, cell_name,
  File "C:\Users\chris\AppData\Roaming\Python\Python314\site-packages\IPython\core\interactiveshell.py", line 3688, in run_ast_nodes
    if await self.run_code(code, result, async_=asy):
  File "C:\Users\chris\AppData\Roaming\Python\Python314\site-packages\IPython\core\interactiveshell.py", line 3748, in run_code
    exec(code_obj, self.user_global_ns, self.user_ns)
  File "C:\Users\chris\AppData\Local\Temp\ipykernel_5480\3007420965.py", line 73, in <module>
    runpy.run_path(str(script_path), run_name="__main__")
  File "<frozen runpy>", line 287, in run_path
  File "<frozen runpy>", line 98, in _run_module_code
  File "<frozen runpy>", line 88, in _run_code
  File "C:\Users\chris\Desktop\Code\TracesPresenter\Traces_presenter\Jupyter\Chaine\scripts_Mirabelle\eq_FE_Mirabelle.py", line 73, in <module>
    main(_read, _write)
  File "C:\Users\chris\Desktop\Code\TracesPresenter\Traces_presenter\Jupyter\Chaine\scripts_Mirabelle\eq_FE_Mirabelle.py", line 64, in main
    out.info("  %s : EQ = %.3f  (%d Run.Test)", actor, eq, len(attempts))
Message: '  %s : EQ = %.3f  (%d Run.Test)'
Arguments: ('cougouars.balayes', 0.14292659212445308, 224)
--- Logging error ---
Traceback (most recent call last):
  File "c:\Users\chris\AppData\Local\Programs\Python\Python314\Lib\logging\__init__.py", line 1154, in emit
    stream.write(msg + self.terminator)
    ~~~~~~~~~~~~^^^^^^^^^^^^^^^^^^^^^^^
ValueError: I/O operation on closed file.
Call stack:
  File "<frozen runpy>", line 198, in _run_module_as_main
  File "<frozen runpy>", line 88, in _run_code
  File "C:\Users\chris\AppData\Roaming\Python\Python314\site-packages\ipykernel_launcher.py", line 18, in <module>
    app.launch_new_instance()
  File "C:\Users\chris\AppData\Roaming\Python\Python314\site-packages\traitlets\config\application.py", line 1082, in launch_instance
    app.start()
  File "C:\Users\chris\AppData\Roaming\Python\Python314\site-packages\ipykernel\kernelapp.py", line 758, in start
    self.io_loop.start()
  File "C:\Users\chris\AppData\Roaming\Python\Python314\site-packages\tornado\platform\asyncio.py", line 211, in start
    self.asyncio_loop.run_forever()
  File "c:\Users\chris\AppData\Local\Programs\Python\Python314\Lib\asyncio\base_events.py", line 677, in run_forever
    self._run_once()
  File "c:\Users\chris\AppData\Local\Programs\Python\Python314\Lib\asyncio\base_events.py", line 2046, in _run_once
    handle._run()
  File "c:\Users\chris\AppData\Local\Programs\Python\Python314\Lib\asyncio\events.py", line 94, in _run
    self._context.run(self._callback, *self._args)
  File "C:\Users\chris\AppData\Roaming\Python\Python314\site-packages\ipykernel\kernelbase.py", line 621, in shell_main
    await self.dispatch_shell(msg, subshell_id=subshell_id)
  File "C:\Users\chris\AppData\Roaming\Python\Python314\site-packages\ipykernel\kernelbase.py", line 478, in dispatch_shell
    await result
  File "C:\Users\chris\AppData\Roaming\Python\Python314\site-packages\ipykernel\ipkernel.py", line 372, in execute_request
    await super().execute_request(stream, ident, parent)
  File "C:\Users\chris\AppData\Roaming\Python\Python314\site-packages\ipykernel\kernelbase.py", line 834, in execute_request
    reply_content = await reply_content
  File "C:\Users\chris\AppData\Roaming\Python\Python314\site-packages\ipykernel\ipkernel.py", line 464, in do_execute
    res = shell.run_cell(
  File "C:\Users\chris\AppData\Roaming\Python\Python314\site-packages\ipykernel\zmqshell.py", line 663, in run_cell
    return super().run_cell(*args, **kwargs)
  File "C:\Users\chris\AppData\Roaming\Python\Python314\site-packages\IPython\core\interactiveshell.py", line 3170, in run_cell
    result = self._run_cell(
  File "C:\Users\chris\AppData\Roaming\Python\Python314\site-packages\IPython\core\interactiveshell.py", line 3225, in _run_cell
    result = runner(coro)
  File "C:\Users\chris\AppData\Roaming\Python\Python314\site-packages\IPython\core\async_helpers.py", line 128, in _pseudo_sync_runner
    coro.send(None)
  File "C:\Users\chris\AppData\Roaming\Python\Python314\site-packages\IPython\core\interactiveshell.py", line 3447, in run_cell_async
    has_raised = await self.run_ast_nodes(code_ast.body, cell_name,
  File "C:\Users\chris\AppData\Roaming\Python\Python314\site-packages\IPython\core\interactiveshell.py", line 3688, in run_ast_nodes
    if await self.run_code(code, result, async_=asy):
  File "C:\Users\chris\AppData\Roaming\Python\Python314\site-packages\IPython\core\interactiveshell.py", line 3748, in run_code
    exec(code_obj, self.user_global_ns, self.user_ns)
  File "C:\Users\chris\AppData\Local\Temp\ipykernel_5480\3007420965.py", line 73, in <module>
    runpy.run_path(str(script_path), run_name="__main__")
  File "<frozen runpy>", line 287, in run_path
  File "<frozen runpy>", line 98, in _run_module_code
  File "<frozen runpy>", line 88, in _run_code
  File "C:\Users\chris\Desktop\Code\TracesPresenter\Traces_presenter\Jupyter\Chaine\scripts_Mirabelle\eq_FE_Mirabelle.py", line 73, in <module>
    main(_read, _write)
  File "C:\Users\chris\Desktop\Code\TracesPresenter\Traces_presenter\Jupyter\Chaine\scripts_Mirabelle\eq_FE_Mirabelle.py", line 64, in main
    out.info("  %s : EQ = %.3f  (%d Run.Test)", actor, eq, len(attempts))
Message: '  %s : EQ = %.3f  (%d Run.Test)'
Arguments: ('coulerons.elisiez', 0.34678243105209394, 206)
--- Logging error ---
Traceback (most recent call last):
  File "c:\Users\chris\AppData\Local\Programs\Python\Python314\Lib\logging\__init__.py", line 1154, in emit
    stream.write(msg + self.terminator)
    ~~~~~~~~~~~~^^^^^^^^^^^^^^^^^^^^^^^
ValueError: I/O operation on closed file.
Call stack:
  File "<frozen runpy>", line 198, in _run_module_as_main
  File "<frozen runpy>", line 88, in _run_code
  File "C:\Users\chris\AppData\Roaming\Python\Python314\site-packages\ipykernel_launcher.py", line 18, in <module>
    app.launch_new_instance()
  File "C:\Users\chris\AppData\Roaming\Python\Python314\site-packages\traitlets\config\application.py", line 1082, in launch_instance
    app.start()
  File "C:\Users\chris\AppData\Roaming\Python\Python314\site-packages\ipykernel\kernelapp.py", line 758, in start
    self.io_loop.start()
  File "C:\Users\chris\AppData\Roaming\Python\Python314\site-packages\tornado\platform\asyncio.py", line 211, in start
    self.asyncio_loop.run_forever()
  File "c:\Users\chris\AppData\Local\Programs\Python\Python314\Lib\asyncio\base_events.py", line 677, in run_forever
    self._run_once()
  File "c:\Users\chris\AppData\Local\Programs\Python\Python314\Lib\asyncio\base_events.py", line 2046, in _run_once
    handle._run()
  File "c:\Users\chris\AppData\Local\Programs\Python\Python314\Lib\asyncio\events.py", line 94, in _run
    self._context.run(self._callback, *self._args)
  File "C:\Users\chris\AppData\Roaming\Python\Python314\site-packages\ipykernel\kernelbase.py", line 621, in shell_main
    await self.dispatch_shell(msg, subshell_id=subshell_id)
  File "C:\Users\chris\AppData\Roaming\Python\Python314\site-packages\ipykernel\kernelbase.py", line 478, in dispatch_shell
    await result
  File "C:\Users\chris\AppData\Roaming\Python\Python314\site-packages\ipykernel\ipkernel.py", line 372, in execute_request
    await super().execute_request(stream, ident, parent)
  File "C:\Users\chris\AppData\Roaming\Python\Python314\site-packages\ipykernel\kernelbase.py", line 834, in execute_request
    reply_content = await reply_content
  File "C:\Users\chris\AppData\Roaming\Python\Python314\site-packages\ipykernel\ipkernel.py", line 464, in do_execute
    res = shell.run_cell(
  File "C:\Users\chris\AppData\Roaming\Python\Python314\site-packages\ipykernel\zmqshell.py", line 663, in run_cell
    return super().run_cell(*args, **kwargs)
  File "C:\Users\chris\AppData\Roaming\Python\Python314\site-packages\IPython\core\interactiveshell.py", line 3170, in run_cell
    result = self._run_cell(
  File "C:\Users\chris\AppData\Roaming\Python\Python314\site-packages\IPython\core\interactiveshell.py", line 3225, in _run_cell
    result = runner(coro)
  File "C:\Users\chris\AppData\Roaming\Python\Python314\site-packages\IPython\core\async_helpers.py", line 128, in _pseudo_sync_runner
    coro.send(None)
  File "C:\Users\chris\AppData\Roaming\Python\Python314\site-packages\IPython\core\interactiveshell.py", line 3447, in run_cell_async
    has_raised = await self.run_ast_nodes(code_ast.body, cell_name,
  File "C:\Users\chris\AppData\Roaming\Python\Python314\site-packages\IPython\core\interactiveshell.py", line 3688, in run_ast_nodes
    if await self.run_code(code, result, async_=asy):
  File "C:\Users\chris\AppData\Roaming\Python\Python314\site-packages\IPython\core\interactiveshell.py", line 3748, in run_code
    exec(code_obj, self.user_global_ns, self.user_ns)
  File "C:\Users\chris\AppData\Local\Temp\ipykernel_5480\3007420965.py", line 73, in <module>
    runpy.run_path(str(script_path), run_name="__main__")
  File "<frozen runpy>", line 287, in run_path
  File "<frozen runpy>", line 98, in _run_module_code
  File "<frozen runpy>", line 88, in _run_code
  File "C:\Users\chris\Desktop\Code\TracesPresenter\Traces_presenter\Jupyter\Chaine\scripts_Mirabelle\eq_FE_Mirabelle.py", line 73, in <module>
    main(_read, _write)
  File "C:\Users\chris\Desktop\Code\TracesPresenter\Traces_presenter\Jupyter\Chaine\scripts_Mirabelle\eq_FE_Mirabelle.py", line 64, in main
    out.info("  %s : EQ = %.3f  (%d Run.Test)", actor, eq, len(attempts))
Message: '  %s : EQ = %.3f  (%d Run.Test)'
Arguments: ('coutions.informant', 0.14565731666103413, 320)
--- Logging error ---
Traceback (most recent call last):
  File "c:\Users\chris\AppData\Local\Programs\Python\Python314\Lib\logging\__init__.py", line 1154, in emit
    stream.write(msg + self.terminator)
    ~~~~~~~~~~~~^^^^^^^^^^^^^^^^^^^^^^^
ValueError: I/O operation on closed file.
Call stack:
  File "<frozen runpy>", line 198, in _run_module_as_main
  File "<frozen runpy>", line 88, in _run_code
  File "C:\Users\chris\AppData\Roaming\Python\Python314\site-packages\ipykernel_launcher.py", line 18, in <module>
    app.launch_new_instance()
  File "C:\Users\chris\AppData\Roaming\Python\Python314\site-packages\traitlets\config\application.py", line 1082, in launch_instance
    app.start()
  File "C:\Users\chris\AppData\Roaming\Python\Python314\site-packages\ipykernel\kernelapp.py", line 758, in start
    self.io_loop.start()
  File "C:\Users\chris\AppData\Roaming\Python\Python314\site-packages\tornado\platform\asyncio.py", line 211, in start
    self.asyncio_loop.run_forever()
  File "c:\Users\chris\AppData\Local\Programs\Python\Python314\Lib\asyncio\base_events.py", line 677, in run_forever
    self._run_once()
  File "c:\Users\chris\AppData\Local\Programs\Python\Python314\Lib\asyncio\base_events.py", line 2046, in _run_once
    handle._run()
  File "c:\Users\chris\AppData\Local\Programs\Python\Python314\Lib\asyncio\events.py", line 94, in _run
    self._context.run(self._callback, *self._args)
  File "C:\Users\chris\AppData\Roaming\Python\Python314\site-packages\ipykernel\kernelbase.py", line 621, in shell_main
    await self.dispatch_shell(msg, subshell_id=subshell_id)
  File "C:\Users\chris\AppData\Roaming\Python\Python314\site-packages\ipykernel\kernelbase.py", line 478, in dispatch_shell
    await result
  File "C:\Users\chris\AppData\Roaming\Python\Python314\site-packages\ipykernel\ipkernel.py", line 372, in execute_request
    await super().execute_request(stream, ident, parent)
  File "C:\Users\chris\AppData\Roaming\Python\Python314\site-packages\ipykernel\kernelbase.py", line 834, in execute_request
    reply_content = await reply_content
  File "C:\Users\chris\AppData\Roaming\Python\Python314\site-packages\ipykernel\ipkernel.py", line 464, in do_execute
    res = shell.run_cell(
  File "C:\Users\chris\AppData\Roaming\Python\Python314\site-packages\ipykernel\zmqshell.py", line 663, in run_cell
    return super().run_cell(*args, **kwargs)
  File "C:\Users\chris\AppData\Roaming\Python\Python314\site-packages\IPython\core\interactiveshell.py", line 3170, in run_cell
    result = self._run_cell(
  File "C:\Users\chris\AppData\Roaming\Python\Python314\site-packages\IPython\core\interactiveshell.py", line 3225, in _run_cell
    result = runner(coro)
  File "C:\Users\chris\AppData\Roaming\Python\Python314\site-packages\IPython\core\async_helpers.py", line 128, in _pseudo_sync_runner
    coro.send(None)
  File "C:\Users\chris\AppData\Roaming\Python\Python314\site-packages\IPython\core\interactiveshell.py", line 3447, in run_cell_async
    has_raised = await self.run_ast_nodes(code_ast.body, cell_name,
  File "C:\Users\chris\AppData\Roaming\Python\Python314\site-packages\IPython\core\interactiveshell.py", line 3688, in run_ast_nodes
    if await self.run_code(code, result, async_=asy):
  File "C:\Users\chris\AppData\Roaming\Python\Python314\site-packages\IPython\core\interactiveshell.py", line 3748, in run_code
    exec(code_obj, self.user_global_ns, self.user_ns)
  File "C:\Users\chris\AppData\Local\Temp\ipykernel_5480\3007420965.py", line 73, in <module>
    runpy.run_path(str(script_path), run_name="__main__")
  File "<frozen runpy>", line 287, in run_path
  File "<frozen runpy>", line 98, in _run_module_code
  File "<frozen runpy>", line 88, in _run_code
  File "C:\Users\chris\Desktop\Code\TracesPresenter\Traces_presenter\Jupyter\Chaine\scripts_Mirabelle\eq_FE_Mirabelle.py", line 73, in <module>
    main(_read, _write)
  File "C:\Users\chris\Desktop\Code\TracesPresenter\Traces_presenter\Jupyter\Chaine\scripts_Mirabelle\eq_FE_Mirabelle.py", line 64, in main
    out.info("  %s : EQ = %.3f  (%d Run.Test)", actor, eq, len(attempts))
Message: '  %s : EQ = %.3f  (%d Run.Test)'
Arguments: ('crantes.mutes', 0.21428571428571427, 121)
--- Logging error ---
Traceback (most recent call last):
  File "c:\Users\chris\AppData\Local\Programs\Python\Python314\Lib\logging\__init__.py", line 1154, in emit
    stream.write(msg + self.terminator)
    ~~~~~~~~~~~~^^^^^^^^^^^^^^^^^^^^^^^
ValueError: I/O operation on closed file.
Call stack:
  File "<frozen runpy>", line 198, in _run_module_as_main
  File "<frozen runpy>", line 88, in _run_code
  File "C:\Users\chris\AppData\Roaming\Python\Python314\site-packages\ipykernel_launcher.py", line 18, in <module>
    app.launch_new_instance()
  File "C:\Users\chris\AppData\Roaming\Python\Python314\site-packages\traitlets\config\application.py", line 1082, in launch_instance
    app.start()
  File "C:\Users\chris\AppData\Roaming\Python\Python314\site-packages\ipykernel\kernelapp.py", line 758, in start
    self.io_loop.start()
  File "C:\Users\chris\AppData\Roaming\Python\Python314\site-packages\tornado\platform\asyncio.py", line 211, in start
    self.asyncio_loop.run_forever()
  File "c:\Users\chris\AppData\Local\Programs\Python\Python314\Lib\asyncio\base_events.py", line 677, in run_forever
    self._run_once()
  File "c:\Users\chris\AppData\Local\Programs\Python\Python314\Lib\asyncio\base_events.py", line 2046, in _run_once
    handle._run()
  File "c:\Users\chris\AppData\Local\Programs\Python\Python314\Lib\asyncio\events.py", line 94, in _run
    self._context.run(self._callback, *self._args)
  File "C:\Users\chris\AppData\Roaming\Python\Python314\site-packages\ipykernel\kernelbase.py", line 621, in shell_main
    await self.dispatch_shell(msg, subshell_id=subshell_id)
  File "C:\Users\chris\AppData\Roaming\Python\Python314\site-packages\ipykernel\kernelbase.py", line 478, in dispatch_shell
    await result
  File "C:\Users\chris\AppData\Roaming\Python\Python314\site-packages\ipykernel\ipkernel.py", line 372, in execute_request
    await super().execute_request(stream, ident, parent)
  File "C:\Users\chris\AppData\Roaming\Python\Python314\site-packages\ipykernel\kernelbase.py", line 834, in execute_request
    reply_content = await reply_content
  File "C:\Users\chris\AppData\Roaming\Python\Python314\site-packages\ipykernel\ipkernel.py", line 464, in do_execute
    res = shell.run_cell(
  File "C:\Users\chris\AppData\Roaming\Python\Python314\site-packages\ipykernel\zmqshell.py", line 663, in run_cell
    return super().run_cell(*args, **kwargs)
  File "C:\Users\chris\AppData\Roaming\Python\Python314\site-packages\IPython\core\interactiveshell.py", line 3170, in run_cell
    result = self._run_cell(
  File "C:\Users\chris\AppData\Roaming\Python\Python314\site-packages\IPython\core\interactiveshell.py", line 3225, in _run_cell
    result = runner(coro)
  File "C:\Users\chris\AppData\Roaming\Python\Python314\site-packages\IPython\core\async_helpers.py", line 128, in _pseudo_sync_runner
    coro.send(None)
  File "C:\Users\chris\AppData\Roaming\Python\Python314\site-packages\IPython\core\interactiveshell.py", line 3447, in run_cell_async
    has_raised = await self.run_ast_nodes(code_ast.body, cell_name,
  File "C:\Users\chris\AppData\Roaming\Python\Python314\site-packages\IPython\core\interactiveshell.py", line 3688, in run_ast_nodes
    if await self.run_code(code, result, async_=asy):
  File "C:\Users\chris\AppData\Roaming\Python\Python314\site-packages\IPython\core\interactiveshell.py", line 3748, in run_code
    exec(code_obj, self.user_global_ns, self.user_ns)
  File "C:\Users\chris\AppData\Local\Temp\ipykernel_5480\3007420965.py", line 73, in <module>
    runpy.run_path(str(script_path), run_name="__main__")
  File "<frozen runpy>", line 287, in run_path
  File "<frozen runpy>", line 98, in _run_module_code
  File "<frozen runpy>", line 88, in _run_code
  File "C:\Users\chris\Desktop\Code\TracesPresenter\Traces_presenter\Jupyter\Chaine\scripts_Mirabelle\eq_FE_Mirabelle.py", line 73, in <module>
    main(_read, _write)
  File "C:\Users\chris\Desktop\Code\TracesPresenter\Traces_presenter\Jupyter\Chaine\scripts_Mirabelle\eq_FE_Mirabelle.py", line 64, in main
    out.info("  %s : EQ = %.3f  (%d Run.Test)", actor, eq, len(attempts))
Message: '  %s : EQ = %.3f  (%d Run.Test)'
Arguments: ('criquet.selles', 0.0, 11)
--- Logging error ---
Traceback (most recent call last):
  File "c:\Users\chris\AppData\Local\Programs\Python\Python314\Lib\logging\__init__.py", line 1154, in emit
    stream.write(msg + self.terminator)
    ~~~~~~~~~~~~^^^^^^^^^^^^^^^^^^^^^^^
ValueError: I/O operation on closed file.
Call stack:
  File "<frozen runpy>", line 198, in _run_module_as_main
  File "<frozen runpy>", line 88, in _run_code
  File "C:\Users\chris\AppData\Roaming\Python\Python314\site-packages\ipykernel_launcher.py", line 18, in <module>
    app.launch_new_instance()
  File "C:\Users\chris\AppData\Roaming\Python\Python314\site-packages\traitlets\config\application.py", line 1082, in launch_instance
    app.start()
  File "C:\Users\chris\AppData\Roaming\Python\Python314\site-packages\ipykernel\kernelapp.py", line 758, in start
    self.io_loop.start()
  File "C:\Users\chris\AppData\Roaming\Python\Python314\site-packages\tornado\platform\asyncio.py", line 211, in start
    self.asyncio_loop.run_forever()
  File "c:\Users\chris\AppData\Local\Programs\Python\Python314\Lib\asyncio\base_events.py", line 677, in run_forever
    self._run_once()
  File "c:\Users\chris\AppData\Local\Programs\Python\Python314\Lib\asyncio\base_events.py", line 2046, in _run_once
    handle._run()
  File "c:\Users\chris\AppData\Local\Programs\Python\Python314\Lib\asyncio\events.py", line 94, in _run
    self._context.run(self._callback, *self._args)
  File "C:\Users\chris\AppData\Roaming\Python\Python314\site-packages\ipykernel\kernelbase.py", line 621, in shell_main
    await self.dispatch_shell(msg, subshell_id=subshell_id)
  File "C:\Users\chris\AppData\Roaming\Python\Python314\site-packages\ipykernel\kernelbase.py", line 478, in dispatch_shell
    await result
  File "C:\Users\chris\AppData\Roaming\Python\Python314\site-packages\ipykernel\ipkernel.py", line 372, in execute_request
    await super().execute_request(stream, ident, parent)
  File "C:\Users\chris\AppData\Roaming\Python\Python314\site-packages\ipykernel\kernelbase.py", line 834, in execute_request
    reply_content = await reply_content
  File "C:\Users\chris\AppData\Roaming\Python\Python314\site-packages\ipykernel\ipkernel.py", line 464, in do_execute
    res = shell.run_cell(
  File "C:\Users\chris\AppData\Roaming\Python\Python314\site-packages\ipykernel\zmqshell.py", line 663, in run_cell
    return super().run_cell(*args, **kwargs)
  File "C:\Users\chris\AppData\Roaming\Python\Python314\site-packages\IPython\core\interactiveshell.py", line 3170, in run_cell
    result = self._run_cell(
  File "C:\Users\chris\AppData\Roaming\Python\Python314\site-packages\IPython\core\interactiveshell.py", line 3225, in _run_cell
    result = runner(coro)
  File "C:\Users\chris\AppData\Roaming\Python\Python314\site-packages\IPython\core\async_helpers.py", line 128, in _pseudo_sync_runner
    coro.send(None)
  File "C:\Users\chris\AppData\Roaming\Python\Python314\site-packages\IPython\core\interactiveshell.py", line 3447, in run_cell_async
    has_raised = await self.run_ast_nodes(code_ast.body, cell_name,
  File "C:\Users\chris\AppData\Roaming\Python\Python314\site-packages\IPython\core\interactiveshell.py", line 3688, in run_ast_nodes
    if await self.run_code(code, result, async_=asy):
  File "C:\Users\chris\AppData\Roaming\Python\Python314\site-packages\IPython\core\interactiveshell.py", line 3748, in run_code
    exec(code_obj, self.user_global_ns, self.user_ns)
  File "C:\Users\chris\AppData\Local\Temp\ipykernel_5480\3007420965.py", line 73, in <module>
    runpy.run_path(str(script_path), run_name="__main__")
  File "<frozen runpy>", line 287, in run_path
  File "<frozen runpy>", line 98, in _run_module_code
  File "<frozen runpy>", line 88, in _run_code
  File "C:\Users\chris\Desktop\Code\TracesPresenter\Traces_presenter\Jupyter\Chaine\scripts_Mirabelle\eq_FE_Mirabelle.py", line 73, in <module>
    main(_read, _write)
  File "C:\Users\chris\Desktop\Code\TracesPresenter\Traces_presenter\Jupyter\Chaine\scripts_Mirabelle\eq_FE_Mirabelle.py", line 64, in main
    out.info("  %s : EQ = %.3f  (%d Run.Test)", actor, eq, len(attempts))
Message: '  %s : EQ = %.3f  (%d Run.Test)'
Arguments: ('cuivre.livrent', 0.24533545057562525, 264)
--- Logging error ---
Traceback (most recent call last):
  File "c:\Users\chris\AppData\Local\Programs\Python\Python314\Lib\logging\__init__.py", line 1154, in emit
    stream.write(msg + self.terminator)
    ~~~~~~~~~~~~^^^^^^^^^^^^^^^^^^^^^^^
ValueError: I/O operation on closed file.
Call stack:
  File "<frozen runpy>", line 198, in _run_module_as_main
  File "<frozen runpy>", line 88, in _run_code
  File "C:\Users\chris\AppData\Roaming\Python\Python314\site-packages\ipykernel_launcher.py", line 18, in <module>
    app.launch_new_instance()
  File "C:\Users\chris\AppData\Roaming\Python\Python314\site-packages\traitlets\config\application.py", line 1082, in launch_instance
    app.start()
  File "C:\Users\chris\AppData\Roaming\Python\Python314\site-packages\ipykernel\kernelapp.py", line 758, in start
    self.io_loop.start()
  File "C:\Users\chris\AppData\Roaming\Python\Python314\site-packages\tornado\platform\asyncio.py", line 211, in start
    self.asyncio_loop.run_forever()
  File "c:\Users\chris\AppData\Local\Programs\Python\Python314\Lib\asyncio\base_events.py", line 677, in run_forever
    self._run_once()
  File "c:\Users\chris\AppData\Local\Programs\Python\Python314\Lib\asyncio\base_events.py", line 2046, in _run_once
    handle._run()
  File "c:\Users\chris\AppData\Local\Programs\Python\Python314\Lib\asyncio\events.py", line 94, in _run
    self._context.run(self._callback, *self._args)
  File "C:\Users\chris\AppData\Roaming\Python\Python314\site-packages\ipykernel\kernelbase.py", line 621, in shell_main
    await self.dispatch_shell(msg, subshell_id=subshell_id)
  File "C:\Users\chris\AppData\Roaming\Python\Python314\site-packages\ipykernel\kernelbase.py", line 478, in dispatch_shell
    await result
  File "C:\Users\chris\AppData\Roaming\Python\Python314\site-packages\ipykernel\ipkernel.py", line 372, in execute_request
    await super().execute_request(stream, ident, parent)
  File "C:\Users\chris\AppData\Roaming\Python\Python314\site-packages\ipykernel\kernelbase.py", line 834, in execute_request
    reply_content = await reply_content
  File "C:\Users\chris\AppData\Roaming\Python\Python314\site-packages\ipykernel\ipkernel.py", line 464, in do_execute
    res = shell.run_cell(
  File "C:\Users\chris\AppData\Roaming\Python\Python314\site-packages\ipykernel\zmqshell.py", line 663, in run_cell
    return super().run_cell(*args, **kwargs)
  File "C:\Users\chris\AppData\Roaming\Python\Python314\site-packages\IPython\core\interactiveshell.py", line 3170, in run_cell
    result = self._run_cell(
  File "C:\Users\chris\AppData\Roaming\Python\Python314\site-packages\IPython\core\interactiveshell.py", line 3225, in _run_cell
    result = runner(coro)
  File "C:\Users\chris\AppData\Roaming\Python\Python314\site-packages\IPython\core\async_helpers.py", line 128, in _pseudo_sync_runner
    coro.send(None)
  File "C:\Users\chris\AppData\Roaming\Python\Python314\site-packages\IPython\core\interactiveshell.py", line 3447, in run_cell_async
    has_raised = await self.run_ast_nodes(code_ast.body, cell_name,
  File "C:\Users\chris\AppData\Roaming\Python\Python314\site-packages\IPython\core\interactiveshell.py", line 3688, in run_ast_nodes
    if await self.run_code(code, result, async_=asy):
  File "C:\Users\chris\AppData\Roaming\Python\Python314\site-packages\IPython\core\interactiveshell.py", line 3748, in run_code
    exec(code_obj, self.user_global_ns, self.user_ns)
  File "C:\Users\chris\AppData\Local\Temp\ipykernel_5480\3007420965.py", line 73, in <module>
    runpy.run_path(str(script_path), run_name="__main__")
  File "<frozen runpy>", line 287, in run_path
  File "<frozen runpy>", line 98, in _run_module_code
  File "<frozen runpy>", line 88, in _run_code
  File "C:\Users\chris\Desktop\Code\TracesPresenter\Traces_presenter\Jupyter\Chaine\scripts_Mirabelle\eq_FE_Mirabelle.py", line 73, in <module>
    main(_read, _write)
  File "C:\Users\chris\Desktop\Code\TracesPresenter\Traces_presenter\Jupyter\Chaine\scripts_Mirabelle\eq_FE_Mirabelle.py", line 64, in main
    out.info("  %s : EQ = %.3f  (%d Run.Test)", actor, eq, len(attempts))
Message: '  %s : EQ = %.3f  (%d Run.Test)'
Arguments: ('debacler.decores', 0.09220779220779221, 90)
--- Logging error ---
Traceback (most recent call last):
  File "c:\Users\chris\AppData\Local\Programs\Python\Python314\Lib\logging\__init__.py", line 1154, in emit
    stream.write(msg + self.terminator)
    ~~~~~~~~~~~~^^^^^^^^^^^^^^^^^^^^^^^
ValueError: I/O operation on closed file.
Call stack:
  File "<frozen runpy>", line 198, in _run_module_as_main
  File "<frozen runpy>", line 88, in _run_code
  File "C:\Users\chris\AppData\Roaming\Python\Python314\site-packages\ipykernel_launcher.py", line 18, in <module>
    app.launch_new_instance()
  File "C:\Users\chris\AppData\Roaming\Python\Python314\site-packages\traitlets\config\application.py", line 1082, in launch_instance
    app.start()
  File "C:\Users\chris\AppData\Roaming\Python\Python314\site-packages\ipykernel\kernelapp.py", line 758, in start
    self.io_loop.start()
  File "C:\Users\chris\AppData\Roaming\Python\Python314\site-packages\tornado\platform\asyncio.py", line 211, in start
    self.asyncio_loop.run_forever()
  File "c:\Users\chris\AppData\Local\Programs\Python\Python314\Lib\asyncio\base_events.py", line 677, in run_forever
    self._run_once()
  File "c:\Users\chris\AppData\Local\Programs\Python\Python314\Lib\asyncio\base_events.py", line 2046, in _run_once
    handle._run()
  File "c:\Users\chris\AppData\Local\Programs\Python\Python314\Lib\asyncio\events.py", line 94, in _run
    self._context.run(self._callback, *self._args)
  File "C:\Users\chris\AppData\Roaming\Python\Python314\site-packages\ipykernel\kernelbase.py", line 621, in shell_main
    await self.dispatch_shell(msg, subshell_id=subshell_id)
  File "C:\Users\chris\AppData\Roaming\Python\Python314\site-packages\ipykernel\kernelbase.py", line 478, in dispatch_shell
    await result
  File "C:\Users\chris\AppData\Roaming\Python\Python314\site-packages\ipykernel\ipkernel.py", line 372, in execute_request
    await super().execute_request(stream, ident, parent)
  File "C:\Users\chris\AppData\Roaming\Python\Python314\site-packages\ipykernel\kernelbase.py", line 834, in execute_request
    reply_content = await reply_content
  File "C:\Users\chris\AppData\Roaming\Python\Python314\site-packages\ipykernel\ipkernel.py", line 464, in do_execute
    res = shell.run_cell(
  File "C:\Users\chris\AppData\Roaming\Python\Python314\site-packages\ipykernel\zmqshell.py", line 663, in run_cell
    return super().run_cell(*args, **kwargs)
  File "C:\Users\chris\AppData\Roaming\Python\Python314\site-packages\IPython\core\interactiveshell.py", line 3170, in run_cell
    result = self._run_cell(
  File "C:\Users\chris\AppData\Roaming\Python\Python314\site-packages\IPython\core\interactiveshell.py", line 3225, in _run_cell
    result = runner(coro)
  File "C:\Users\chris\AppData\Roaming\Python\Python314\site-packages\IPython\core\async_helpers.py", line 128, in _pseudo_sync_runner
    coro.send(None)
  File "C:\Users\chris\AppData\Roaming\Python\Python314\site-packages\IPython\core\interactiveshell.py", line 3447, in run_cell_async
    has_raised = await self.run_ast_nodes(code_ast.body, cell_name,
  File "C:\Users\chris\AppData\Roaming\Python\Python314\site-packages\IPython\core\interactiveshell.py", line 3688, in run_ast_nodes
    if await self.run_code(code, result, async_=asy):
  File "C:\Users\chris\AppData\Roaming\Python\Python314\site-packages\IPython\core\interactiveshell.py", line 3748, in run_code
    exec(code_obj, self.user_global_ns, self.user_ns)
  File "C:\Users\chris\AppData\Local\Temp\ipykernel_5480\3007420965.py", line 73, in <module>
    runpy.run_path(str(script_path), run_name="__main__")
  File "<frozen runpy>", line 287, in run_path
  File "<frozen runpy>", line 98, in _run_module_code
  File "<frozen runpy>", line 88, in _run_code
  File "C:\Users\chris\Desktop\Code\TracesPresenter\Traces_presenter\Jupyter\Chaine\scripts_Mirabelle\eq_FE_Mirabelle.py", line 73, in <module>
    main(_read, _write)
  File "C:\Users\chris\Desktop\Code\TracesPresenter\Traces_presenter\Jupyter\Chaine\scripts_Mirabelle\eq_FE_Mirabelle.py", line 64, in main
    out.info("  %s : EQ = %.3f  (%d Run.Test)", actor, eq, len(attempts))
Message: '  %s : EQ = %.3f  (%d Run.Test)'
Arguments: ('deblayant.vouerez', 0.0, 3)
--- Logging error ---
Traceback (most recent call last):
  File "c:\Users\chris\AppData\Local\Programs\Python\Python314\Lib\logging\__init__.py", line 1154, in emit
    stream.write(msg + self.terminator)
    ~~~~~~~~~~~~^^^^^^^^^^^^^^^^^^^^^^^
ValueError: I/O operation on closed file.
Call stack:
  File "<frozen runpy>", line 198, in _run_module_as_main
  File "<frozen runpy>", line 88, in _run_code
  File "C:\Users\chris\AppData\Roaming\Python\Python314\site-packages\ipykernel_launcher.py", line 18, in <module>
    app.launch_new_instance()
  File "C:\Users\chris\AppData\Roaming\Python\Python314\site-packages\traitlets\config\application.py", line 1082, in launch_instance
    app.start()
  File "C:\Users\chris\AppData\Roaming\Python\Python314\site-packages\ipykernel\kernelapp.py", line 758, in start
    self.io_loop.start()
  File "C:\Users\chris\AppData\Roaming\Python\Python314\site-packages\tornado\platform\asyncio.py", line 211, in start
    self.asyncio_loop.run_forever()
  File "c:\Users\chris\AppData\Local\Programs\Python\Python314\Lib\asyncio\base_events.py", line 677, in run_forever
    self._run_once()
  File "c:\Users\chris\AppData\Local\Programs\Python\Python314\Lib\asyncio\base_events.py", line 2046, in _run_once
    handle._run()
  File "c:\Users\chris\AppData\Local\Programs\Python\Python314\Lib\asyncio\events.py", line 94, in _run
    self._context.run(self._callback, *self._args)
  File "C:\Users\chris\AppData\Roaming\Python\Python314\site-packages\ipykernel\kernelbase.py", line 621, in shell_main
    await self.dispatch_shell(msg, subshell_id=subshell_id)
  File "C:\Users\chris\AppData\Roaming\Python\Python314\site-packages\ipykernel\kernelbase.py", line 478, in dispatch_shell
    await result
  File "C:\Users\chris\AppData\Roaming\Python\Python314\site-packages\ipykernel\ipkernel.py", line 372, in execute_request
    await super().execute_request(stream, ident, parent)
  File "C:\Users\chris\AppData\Roaming\Python\Python314\site-packages\ipykernel\kernelbase.py", line 834, in execute_request
    reply_content = await reply_content
  File "C:\Users\chris\AppData\Roaming\Python\Python314\site-packages\ipykernel\ipkernel.py", line 464, in do_execute
    res = shell.run_cell(
  File "C:\Users\chris\AppData\Roaming\Python\Python314\site-packages\ipykernel\zmqshell.py", line 663, in run_cell
    return super().run_cell(*args, **kwargs)
  File "C:\Users\chris\AppData\Roaming\Python\Python314\site-packages\IPython\core\interactiveshell.py", line 3170, in run_cell
    result = self._run_cell(
  File "C:\Users\chris\AppData\Roaming\Python\Python314\site-packages\IPython\core\interactiveshell.py", line 3225, in _run_cell
    result = runner(coro)
  File "C:\Users\chris\AppData\Roaming\Python\Python314\site-packages\IPython\core\async_helpers.py", line 128, in _pseudo_sync_runner
    coro.send(None)
  File "C:\Users\chris\AppData\Roaming\Python\Python314\site-packages\IPython\core\interactiveshell.py", line 3447, in run_cell_async
    has_raised = await self.run_ast_nodes(code_ast.body, cell_name,
  File "C:\Users\chris\AppData\Roaming\Python\Python314\site-packages\IPython\core\interactiveshell.py", line 3688, in run_ast_nodes
    if await self.run_code(code, result, async_=asy):
  File "C:\Users\chris\AppData\Roaming\Python\Python314\site-packages\IPython\core\interactiveshell.py", line 3748, in run_code
    exec(code_obj, self.user_global_ns, self.user_ns)
  File "C:\Users\chris\AppData\Local\Temp\ipykernel_5480\3007420965.py", line 73, in <module>
    runpy.run_path(str(script_path), run_name="__main__")
  File "<frozen runpy>", line 287, in run_path
  File "<frozen runpy>", line 98, in _run_module_code
  File "<frozen runpy>", line 88, in _run_code
  File "C:\Users\chris\Desktop\Code\TracesPresenter\Traces_presenter\Jupyter\Chaine\scripts_Mirabelle\eq_FE_Mirabelle.py", line 73, in <module>
    main(_read, _write)
  File "C:\Users\chris\Desktop\Code\TracesPresenter\Traces_presenter\Jupyter\Chaine\scripts_Mirabelle\eq_FE_Mirabelle.py", line 64, in main
    out.info("  %s : EQ = %.3f  (%d Run.Test)", actor, eq, len(attempts))
Message: '  %s : EQ = %.3f  (%d Run.Test)'
Arguments: ('debusquer.decimale', 0.29779691061028113, 475)
--- Logging error ---
Traceback (most recent call last):
  File "c:\Users\chris\AppData\Local\Programs\Python\Python314\Lib\logging\__init__.py", line 1154, in emit
    stream.write(msg + self.terminator)
    ~~~~~~~~~~~~^^^^^^^^^^^^^^^^^^^^^^^
ValueError: I/O operation on closed file.
Call stack:
  File "<frozen runpy>", line 198, in _run_module_as_main
  File "<frozen runpy>", line 88, in _run_code
  File "C:\Users\chris\AppData\Roaming\Python\Python314\site-packages\ipykernel_launcher.py", line 18, in <module>
    app.launch_new_instance()
  File "C:\Users\chris\AppData\Roaming\Python\Python314\site-packages\traitlets\config\application.py", line 1082, in launch_instance
    app.start()
  File "C:\Users\chris\AppData\Roaming\Python\Python314\site-packages\ipykernel\kernelapp.py", line 758, in start
    self.io_loop.start()
  File "C:\Users\chris\AppData\Roaming\Python\Python314\site-packages\tornado\platform\asyncio.py", line 211, in start
    self.asyncio_loop.run_forever()
  File "c:\Users\chris\AppData\Local\Programs\Python\Python314\Lib\asyncio\base_events.py", line 677, in run_forever
    self._run_once()
  File "c:\Users\chris\AppData\Local\Programs\Python\Python314\Lib\asyncio\base_events.py", line 2046, in _run_once
    handle._run()
  File "c:\Users\chris\AppData\Local\Programs\Python\Python314\Lib\asyncio\events.py", line 94, in _run
    self._context.run(self._callback, *self._args)
  File "C:\Users\chris\AppData\Roaming\Python\Python314\site-packages\ipykernel\kernelbase.py", line 621, in shell_main
    await self.dispatch_shell(msg, subshell_id=subshell_id)
  File "C:\Users\chris\AppData\Roaming\Python\Python314\site-packages\ipykernel\kernelbase.py", line 478, in dispatch_shell
    await result
  File "C:\Users\chris\AppData\Roaming\Python\Python314\site-packages\ipykernel\ipkernel.py", line 372, in execute_request
    await super().execute_request(stream, ident, parent)
  File "C:\Users\chris\AppData\Roaming\Python\Python314\site-packages\ipykernel\kernelbase.py", line 834, in execute_request
    reply_content = await reply_content
  File "C:\Users\chris\AppData\Roaming\Python\Python314\site-packages\ipykernel\ipkernel.py", line 464, in do_execute
    res = shell.run_cell(
  File "C:\Users\chris\AppData\Roaming\Python\Python314\site-packages\ipykernel\zmqshell.py", line 663, in run_cell
    return super().run_cell(*args, **kwargs)
  File "C:\Users\chris\AppData\Roaming\Python\Python314\site-packages\IPython\core\interactiveshell.py", line 3170, in run_cell
    result = self._run_cell(
  File "C:\Users\chris\AppData\Roaming\Python\Python314\site-packages\IPython\core\interactiveshell.py", line 3225, in _run_cell
    result = runner(coro)
  File "C:\Users\chris\AppData\Roaming\Python\Python314\site-packages\IPython\core\async_helpers.py", line 128, in _pseudo_sync_runner
    coro.send(None)
  File "C:\Users\chris\AppData\Roaming\Python\Python314\site-packages\IPython\core\interactiveshell.py", line 3447, in run_cell_async
    has_raised = await self.run_ast_nodes(code_ast.body, cell_name,
  File "C:\Users\chris\AppData\Roaming\Python\Python314\site-packages\IPython\core\interactiveshell.py", line 3688, in run_ast_nodes
    if await self.run_code(code, result, async_=asy):
  File "C:\Users\chris\AppData\Roaming\Python\Python314\site-packages\IPython\core\interactiveshell.py", line 3748, in run_code
    exec(code_obj, self.user_global_ns, self.user_ns)
  File "C:\Users\chris\AppData\Local\Temp\ipykernel_5480\3007420965.py", line 73, in <module>
    runpy.run_path(str(script_path), run_name="__main__")
  File "<frozen runpy>", line 287, in run_path
  File "<frozen runpy>", line 98, in _run_module_code
  File "<frozen runpy>", line 88, in _run_code
  File "C:\Users\chris\Desktop\Code\TracesPresenter\Traces_presenter\Jupyter\Chaine\scripts_Mirabelle\eq_FE_Mirabelle.py", line 73, in <module>
    main(_read, _write)
  File "C:\Users\chris\Desktop\Code\TracesPresenter\Traces_presenter\Jupyter\Chaine\scripts_Mirabelle\eq_FE_Mirabelle.py", line 64, in main
    out.info("  %s : EQ = %.3f  (%d Run.Test)", actor, eq, len(attempts))
Message: '  %s : EQ = %.3f  (%d Run.Test)'
Arguments: ('decalques.avenu', 0.43928086838534625, 289)
--- Logging error ---
Traceback (most recent call last):
  File "c:\Users\chris\AppData\Local\Programs\Python\Python314\Lib\logging\__init__.py", line 1154, in emit
    stream.write(msg + self.terminator)
    ~~~~~~~~~~~~^^^^^^^^^^^^^^^^^^^^^^^
ValueError: I/O operation on closed file.
Call stack:
  File "<frozen runpy>", line 198, in _run_module_as_main
  File "<frozen runpy>", line 88, in _run_code
  File "C:\Users\chris\AppData\Roaming\Python\Python314\site-packages\ipykernel_launcher.py", line 18, in <module>
    app.launch_new_instance()
  File "C:\Users\chris\AppData\Roaming\Python\Python314\site-packages\traitlets\config\application.py", line 1082, in launch_instance
    app.start()
  File "C:\Users\chris\AppData\Roaming\Python\Python314\site-packages\ipykernel\kernelapp.py", line 758, in start
    self.io_loop.start()
  File "C:\Users\chris\AppData\Roaming\Python\Python314\site-packages\tornado\platform\asyncio.py", line 211, in start
    self.asyncio_loop.run_forever()
  File "c:\Users\chris\AppData\Local\Programs\Python\Python314\Lib\asyncio\base_events.py", line 677, in run_forever
    self._run_once()
  File "c:\Users\chris\AppData\Local\Programs\Python\Python314\Lib\asyncio\base_events.py", line 2046, in _run_once
    handle._run()
  File "c:\Users\chris\AppData\Local\Programs\Python\Python314\Lib\asyncio\events.py", line 94, in _run
    self._context.run(self._callback, *self._args)
  File "C:\Users\chris\AppData\Roaming\Python\Python314\site-packages\ipykernel\kernelbase.py", line 621, in shell_main
    await self.dispatch_shell(msg, subshell_id=subshell_id)
  File "C:\Users\chris\AppData\Roaming\Python\Python314\site-packages\ipykernel\kernelbase.py", line 478, in dispatch_shell
    await result
  File "C:\Users\chris\AppData\Roaming\Python\Python314\site-packages\ipykernel\ipkernel.py", line 372, in execute_request
    await super().execute_request(stream, ident, parent)
  File "C:\Users\chris\AppData\Roaming\Python\Python314\site-packages\ipykernel\kernelbase.py", line 834, in execute_request
    reply_content = await reply_content
  File "C:\Users\chris\AppData\Roaming\Python\Python314\site-packages\ipykernel\ipkernel.py", line 464, in do_execute
    res = shell.run_cell(
  File "C:\Users\chris\AppData\Roaming\Python\Python314\site-packages\ipykernel\zmqshell.py", line 663, in run_cell
    return super().run_cell(*args, **kwargs)
  File "C:\Users\chris\AppData\Roaming\Python\Python314\site-packages\IPython\core\interactiveshell.py", line 3170, in run_cell
    result = self._run_cell(
  File "C:\Users\chris\AppData\Roaming\Python\Python314\site-packages\IPython\core\interactiveshell.py", line 3225, in _run_cell
    result = runner(coro)
  File "C:\Users\chris\AppData\Roaming\Python\Python314\site-packages\IPython\core\async_helpers.py", line 128, in _pseudo_sync_runner
    coro.send(None)
  File "C:\Users\chris\AppData\Roaming\Python\Python314\site-packages\IPython\core\interactiveshell.py", line 3447, in run_cell_async
    has_raised = await self.run_ast_nodes(code_ast.body, cell_name,
  File "C:\Users\chris\AppData\Roaming\Python\Python314\site-packages\IPython\core\interactiveshell.py", line 3688, in run_ast_nodes
    if await self.run_code(code, result, async_=asy):
  File "C:\Users\chris\AppData\Roaming\Python\Python314\site-packages\IPython\core\interactiveshell.py", line 3748, in run_code
    exec(code_obj, self.user_global_ns, self.user_ns)
  File "C:\Users\chris\AppData\Local\Temp\ipykernel_5480\3007420965.py", line 73, in <module>
    runpy.run_path(str(script_path), run_name="__main__")
  File "<frozen runpy>", line 287, in run_path
  File "<frozen runpy>", line 98, in _run_module_code
  File "<frozen runpy>", line 88, in _run_code
  File "C:\Users\chris\Desktop\Code\TracesPresenter\Traces_presenter\Jupyter\Chaine\scripts_Mirabelle\eq_FE_Mirabelle.py", line 73, in <module>
    main(_read, _write)
  File "C:\Users\chris\Desktop\Code\TracesPresenter\Traces_presenter\Jupyter\Chaine\scripts_Mirabelle\eq_FE_Mirabelle.py", line 64, in main
    out.info("  %s : EQ = %.3f  (%d Run.Test)", actor, eq, len(attempts))
Message: '  %s : EQ = %.3f  (%d Run.Test)'
Arguments: ('decaves.plevre', 0.4003612281757977, 158)
--- Logging error ---
Traceback (most recent call last):
  File "c:\Users\chris\AppData\Local\Programs\Python\Python314\Lib\logging\__init__.py", line 1154, in emit
    stream.write(msg + self.terminator)
    ~~~~~~~~~~~~^^^^^^^^^^^^^^^^^^^^^^^
ValueError: I/O operation on closed file.
Call stack:
  File "<frozen runpy>", line 198, in _run_module_as_main
  File "<frozen runpy>", line 88, in _run_code
  File "C:\Users\chris\AppData\Roaming\Python\Python314\site-packages\ipykernel_launcher.py", line 18, in <module>
    app.launch_new_instance()
  File "C:\Users\chris\AppData\Roaming\Python\Python314\site-packages\traitlets\config\application.py", line 1082, in launch_instance
    app.start()
  File "C:\Users\chris\AppData\Roaming\Python\Python314\site-packages\ipykernel\kernelapp.py", line 758, in start
    self.io_loop.start()
  File "C:\Users\chris\AppData\Roaming\Python\Python314\site-packages\tornado\platform\asyncio.py", line 211, in start
    self.asyncio_loop.run_forever()
  File "c:\Users\chris\AppData\Local\Programs\Python\Python314\Lib\asyncio\base_events.py", line 677, in run_forever
    self._run_once()
  File "c:\Users\chris\AppData\Local\Programs\Python\Python314\Lib\asyncio\base_events.py", line 2046, in _run_once
    handle._run()
  File "c:\Users\chris\AppData\Local\Programs\Python\Python314\Lib\asyncio\events.py", line 94, in _run
    self._context.run(self._callback, *self._args)
  File "C:\Users\chris\AppData\Roaming\Python\Python314\site-packages\ipykernel\kernelbase.py", line 621, in shell_main
    await self.dispatch_shell(msg, subshell_id=subshell_id)
  File "C:\Users\chris\AppData\Roaming\Python\Python314\site-packages\ipykernel\kernelbase.py", line 478, in dispatch_shell
    await result
  File "C:\Users\chris\AppData\Roaming\Python\Python314\site-packages\ipykernel\ipkernel.py", line 372, in execute_request
    await super().execute_request(stream, ident, parent)
  File "C:\Users\chris\AppData\Roaming\Python\Python314\site-packages\ipykernel\kernelbase.py", line 834, in execute_request
    reply_content = await reply_content
  File "C:\Users\chris\AppData\Roaming\Python\Python314\site-packages\ipykernel\ipkernel.py", line 464, in do_execute
    res = shell.run_cell(
  File "C:\Users\chris\AppData\Roaming\Python\Python314\site-packages\ipykernel\zmqshell.py", line 663, in run_cell
    return super().run_cell(*args, **kwargs)
  File "C:\Users\chris\AppData\Roaming\Python\Python314\site-packages\IPython\core\interactiveshell.py", line 3170, in run_cell
    result = self._run_cell(
  File "C:\Users\chris\AppData\Roaming\Python\Python314\site-packages\IPython\core\interactiveshell.py", line 3225, in _run_cell
    result = runner(coro)
  File "C:\Users\chris\AppData\Roaming\Python\Python314\site-packages\IPython\core\async_helpers.py", line 128, in _pseudo_sync_runner
    coro.send(None)
  File "C:\Users\chris\AppData\Roaming\Python\Python314\site-packages\IPython\core\interactiveshell.py", line 3447, in run_cell_async
    has_raised = await self.run_ast_nodes(code_ast.body, cell_name,
  File "C:\Users\chris\AppData\Roaming\Python\Python314\site-packages\IPython\core\interactiveshell.py", line 3688, in run_ast_nodes
    if await self.run_code(code, result, async_=asy):
  File "C:\Users\chris\AppData\Roaming\Python\Python314\site-packages\IPython\core\interactiveshell.py", line 3748, in run_code
    exec(code_obj, self.user_global_ns, self.user_ns)
  File "C:\Users\chris\AppData\Local\Temp\ipykernel_5480\3007420965.py", line 73, in <module>
    runpy.run_path(str(script_path), run_name="__main__")
  File "<frozen runpy>", line 287, in run_path
  File "<frozen runpy>", line 98, in _run_module_code
  File "<frozen runpy>", line 88, in _run_code
  File "C:\Users\chris\Desktop\Code\TracesPresenter\Traces_presenter\Jupyter\Chaine\scripts_Mirabelle\eq_FE_Mirabelle.py", line 73, in <module>
    main(_read, _write)
  File "C:\Users\chris\Desktop\Code\TracesPresenter\Traces_presenter\Jupyter\Chaine\scripts_Mirabelle\eq_FE_Mirabelle.py", line 64, in main
    out.info("  %s : EQ = %.3f  (%d Run.Test)", actor, eq, len(attempts))
Message: '  %s : EQ = %.3f  (%d Run.Test)'
Arguments: ('decernera.promesse', 0.34208754208754205, 156)
--- Logging error ---
Traceback (most recent call last):
  File "c:\Users\chris\AppData\Local\Programs\Python\Python314\Lib\logging\__init__.py", line 1154, in emit
    stream.write(msg + self.terminator)
    ~~~~~~~~~~~~^^^^^^^^^^^^^^^^^^^^^^^
ValueError: I/O operation on closed file.
Call stack:
  File "<frozen runpy>", line 198, in _run_module_as_main
  File "<frozen runpy>", line 88, in _run_code
  File "C:\Users\chris\AppData\Roaming\Python\Python314\site-packages\ipykernel_launcher.py", line 18, in <module>
    app.launch_new_instance()
  File "C:\Users\chris\AppData\Roaming\Python\Python314\site-packages\traitlets\config\application.py", line 1082, in launch_instance
    app.start()
  File "C:\Users\chris\AppData\Roaming\Python\Python314\site-packages\ipykernel\kernelapp.py", line 758, in start
    self.io_loop.start()
  File "C:\Users\chris\AppData\Roaming\Python\Python314\site-packages\tornado\platform\asyncio.py", line 211, in start
    self.asyncio_loop.run_forever()
  File "c:\Users\chris\AppData\Local\Programs\Python\Python314\Lib\asyncio\base_events.py", line 677, in run_forever
    self._run_once()
  File "c:\Users\chris\AppData\Local\Programs\Python\Python314\Lib\asyncio\base_events.py", line 2046, in _run_once
    handle._run()
  File "c:\Users\chris\AppData\Local\Programs\Python\Python314\Lib\asyncio\events.py", line 94, in _run
    self._context.run(self._callback, *self._args)
  File "C:\Users\chris\AppData\Roaming\Python\Python314\site-packages\ipykernel\kernelbase.py", line 621, in shell_main
    await self.dispatch_shell(msg, subshell_id=subshell_id)
  File "C:\Users\chris\AppData\Roaming\Python\Python314\site-packages\ipykernel\kernelbase.py", line 478, in dispatch_shell
    await result
  File "C:\Users\chris\AppData\Roaming\Python\Python314\site-packages\ipykernel\ipkernel.py", line 372, in execute_request
    await super().execute_request(stream, ident, parent)
  File "C:\Users\chris\AppData\Roaming\Python\Python314\site-packages\ipykernel\kernelbase.py", line 834, in execute_request
    reply_content = await reply_content
  File "C:\Users\chris\AppData\Roaming\Python\Python314\site-packages\ipykernel\ipkernel.py", line 464, in do_execute
    res = shell.run_cell(
  File "C:\Users\chris\AppData\Roaming\Python\Python314\site-packages\ipykernel\zmqshell.py", line 663, in run_cell
    return super().run_cell(*args, **kwargs)
  File "C:\Users\chris\AppData\Roaming\Python\Python314\site-packages\IPython\core\interactiveshell.py", line 3170, in run_cell
    result = self._run_cell(
  File "C:\Users\chris\AppData\Roaming\Python\Python314\site-packages\IPython\core\interactiveshell.py", line 3225, in _run_cell
    result = runner(coro)
  File "C:\Users\chris\AppData\Roaming\Python\Python314\site-packages\IPython\core\async_helpers.py", line 128, in _pseudo_sync_runner
    coro.send(None)
  File "C:\Users\chris\AppData\Roaming\Python\Python314\site-packages\IPython\core\interactiveshell.py", line 3447, in run_cell_async
    has_raised = await self.run_ast_nodes(code_ast.body, cell_name,
  File "C:\Users\chris\AppData\Roaming\Python\Python314\site-packages\IPython\core\interactiveshell.py", line 3688, in run_ast_nodes
    if await self.run_code(code, result, async_=asy):
  File "C:\Users\chris\AppData\Roaming\Python\Python314\site-packages\IPython\core\interactiveshell.py", line 3748, in run_code
    exec(code_obj, self.user_global_ns, self.user_ns)
  File "C:\Users\chris\AppData\Local\Temp\ipykernel_5480\3007420965.py", line 73, in <module>
    runpy.run_path(str(script_path), run_name="__main__")
  File "<frozen runpy>", line 287, in run_path
  File "<frozen runpy>", line 98, in _run_module_code
  File "<frozen runpy>", line 88, in _run_code
  File "C:\Users\chris\Desktop\Code\TracesPresenter\Traces_presenter\Jupyter\Chaine\scripts_Mirabelle\eq_FE_Mirabelle.py", line 73, in <module>
    main(_read, _write)
  File "C:\Users\chris\Desktop\Code\TracesPresenter\Traces_presenter\Jupyter\Chaine\scripts_Mirabelle\eq_FE_Mirabelle.py", line 64, in main
    out.info("  %s : EQ = %.3f  (%d Run.Test)", actor, eq, len(attempts))
Message: '  %s : EQ = %.3f  (%d Run.Test)'
Arguments: ('decevriez.poussees', 0.425, 213)
--- Logging error ---
Traceback (most recent call last):
  File "c:\Users\chris\AppData\Local\Programs\Python\Python314\Lib\logging\__init__.py", line 1154, in emit
    stream.write(msg + self.terminator)
    ~~~~~~~~~~~~^^^^^^^^^^^^^^^^^^^^^^^
ValueError: I/O operation on closed file.
Call stack:
  File "<frozen runpy>", line 198, in _run_module_as_main
  File "<frozen runpy>", line 88, in _run_code
  File "C:\Users\chris\AppData\Roaming\Python\Python314\site-packages\ipykernel_launcher.py", line 18, in <module>
    app.launch_new_instance()
  File "C:\Users\chris\AppData\Roaming\Python\Python314\site-packages\traitlets\config\application.py", line 1082, in launch_instance
    app.start()
  File "C:\Users\chris\AppData\Roaming\Python\Python314\site-packages\ipykernel\kernelapp.py", line 758, in start
    self.io_loop.start()
  File "C:\Users\chris\AppData\Roaming\Python\Python314\site-packages\tornado\platform\asyncio.py", line 211, in start
    self.asyncio_loop.run_forever()
  File "c:\Users\chris\AppData\Local\Programs\Python\Python314\Lib\asyncio\base_events.py", line 677, in run_forever
    self._run_once()
  File "c:\Users\chris\AppData\Local\Programs\Python\Python314\Lib\asyncio\base_events.py", line 2046, in _run_once
    handle._run()
  File "c:\Users\chris\AppData\Local\Programs\Python\Python314\Lib\asyncio\events.py", line 94, in _run
    self._context.run(self._callback, *self._args)
  File "C:\Users\chris\AppData\Roaming\Python\Python314\site-packages\ipykernel\kernelbase.py", line 621, in shell_main
    await self.dispatch_shell(msg, subshell_id=subshell_id)
  File "C:\Users\chris\AppData\Roaming\Python\Python314\site-packages\ipykernel\kernelbase.py", line 478, in dispatch_shell
    await result
  File "C:\Users\chris\AppData\Roaming\Python\Python314\site-packages\ipykernel\ipkernel.py", line 372, in execute_request
    await super().execute_request(stream, ident, parent)
  File "C:\Users\chris\AppData\Roaming\Python\Python314\site-packages\ipykernel\kernelbase.py", line 834, in execute_request
    reply_content = await reply_content
  File "C:\Users\chris\AppData\Roaming\Python\Python314\site-packages\ipykernel\ipkernel.py", line 464, in do_execute
    res = shell.run_cell(
  File "C:\Users\chris\AppData\Roaming\Python\Python314\site-packages\ipykernel\zmqshell.py", line 663, in run_cell
    return super().run_cell(*args, **kwargs)
  File "C:\Users\chris\AppData\Roaming\Python\Python314\site-packages\IPython\core\interactiveshell.py", line 3170, in run_cell
    result = self._run_cell(
  File "C:\Users\chris\AppData\Roaming\Python\Python314\site-packages\IPython\core\interactiveshell.py", line 3225, in _run_cell
    result = runner(coro)
  File "C:\Users\chris\AppData\Roaming\Python\Python314\site-packages\IPython\core\async_helpers.py", line 128, in _pseudo_sync_runner
    coro.send(None)
  File "C:\Users\chris\AppData\Roaming\Python\Python314\site-packages\IPython\core\interactiveshell.py", line 3447, in run_cell_async
    has_raised = await self.run_ast_nodes(code_ast.body, cell_name,
  File "C:\Users\chris\AppData\Roaming\Python\Python314\site-packages\IPython\core\interactiveshell.py", line 3688, in run_ast_nodes
    if await self.run_code(code, result, async_=asy):
  File "C:\Users\chris\AppData\Roaming\Python\Python314\site-packages\IPython\core\interactiveshell.py", line 3748, in run_code
    exec(code_obj, self.user_global_ns, self.user_ns)
  File "C:\Users\chris\AppData\Local\Temp\ipykernel_5480\3007420965.py", line 73, in <module>
    runpy.run_path(str(script_path), run_name="__main__")
  File "<frozen runpy>", line 287, in run_path
  File "<frozen runpy>", line 98, in _run_module_code
  File "<frozen runpy>", line 88, in _run_code
  File "C:\Users\chris\Desktop\Code\TracesPresenter\Traces_presenter\Jupyter\Chaine\scripts_Mirabelle\eq_FE_Mirabelle.py", line 73, in <module>
    main(_read, _write)
  File "C:\Users\chris\Desktop\Code\TracesPresenter\Traces_presenter\Jupyter\Chaine\scripts_Mirabelle\eq_FE_Mirabelle.py", line 64, in main
    out.info("  %s : EQ = %.3f  (%d Run.Test)", actor, eq, len(attempts))
Message: '  %s : EQ = %.3f  (%d Run.Test)'
Arguments: ('decousu.bavant', 0.2698181818181818, 149)
--- Logging error ---
Traceback (most recent call last):
  File "c:\Users\chris\AppData\Local\Programs\Python\Python314\Lib\logging\__init__.py", line 1154, in emit
    stream.write(msg + self.terminator)
    ~~~~~~~~~~~~^^^^^^^^^^^^^^^^^^^^^^^
ValueError: I/O operation on closed file.
Call stack:
  File "<frozen runpy>", line 198, in _run_module_as_main
  File "<frozen runpy>", line 88, in _run_code
  File "C:\Users\chris\AppData\Roaming\Python\Python314\site-packages\ipykernel_launcher.py", line 18, in <module>
    app.launch_new_instance()
  File "C:\Users\chris\AppData\Roaming\Python\Python314\site-packages\traitlets\config\application.py", line 1082, in launch_instance
    app.start()
  File "C:\Users\chris\AppData\Roaming\Python\Python314\site-packages\ipykernel\kernelapp.py", line 758, in start
    self.io_loop.start()
  File "C:\Users\chris\AppData\Roaming\Python\Python314\site-packages\tornado\platform\asyncio.py", line 211, in start
    self.asyncio_loop.run_forever()
  File "c:\Users\chris\AppData\Local\Programs\Python\Python314\Lib\asyncio\base_events.py", line 677, in run_forever
    self._run_once()
  File "c:\Users\chris\AppData\Local\Programs\Python\Python314\Lib\asyncio\base_events.py", line 2046, in _run_once
    handle._run()
  File "c:\Users\chris\AppData\Local\Programs\Python\Python314\Lib\asyncio\events.py", line 94, in _run
    self._context.run(self._callback, *self._args)
  File "C:\Users\chris\AppData\Roaming\Python\Python314\site-packages\ipykernel\kernelbase.py", line 621, in shell_main
    await self.dispatch_shell(msg, subshell_id=subshell_id)
  File "C:\Users\chris\AppData\Roaming\Python\Python314\site-packages\ipykernel\kernelbase.py", line 478, in dispatch_shell
    await result
  File "C:\Users\chris\AppData\Roaming\Python\Python314\site-packages\ipykernel\ipkernel.py", line 372, in execute_request
    await super().execute_request(stream, ident, parent)
  File "C:\Users\chris\AppData\Roaming\Python\Python314\site-packages\ipykernel\kernelbase.py", line 834, in execute_request
    reply_content = await reply_content
  File "C:\Users\chris\AppData\Roaming\Python\Python314\site-packages\ipykernel\ipkernel.py", line 464, in do_execute
    res = shell.run_cell(
  File "C:\Users\chris\AppData\Roaming\Python\Python314\site-packages\ipykernel\zmqshell.py", line 663, in run_cell
    return super().run_cell(*args, **kwargs)
  File "C:\Users\chris\AppData\Roaming\Python\Python314\site-packages\IPython\core\interactiveshell.py", line 3170, in run_cell
    result = self._run_cell(
  File "C:\Users\chris\AppData\Roaming\Python\Python314\site-packages\IPython\core\interactiveshell.py", line 3225, in _run_cell
    result = runner(coro)
  File "C:\Users\chris\AppData\Roaming\Python\Python314\site-packages\IPython\core\async_helpers.py", line 128, in _pseudo_sync_runner
    coro.send(None)
  File "C:\Users\chris\AppData\Roaming\Python\Python314\site-packages\IPython\core\interactiveshell.py", line 3447, in run_cell_async
    has_raised = await self.run_ast_nodes(code_ast.body, cell_name,
  File "C:\Users\chris\AppData\Roaming\Python\Python314\site-packages\IPython\core\interactiveshell.py", line 3688, in run_ast_nodes
    if await self.run_code(code, result, async_=asy):
  File "C:\Users\chris\AppData\Roaming\Python\Python314\site-packages\IPython\core\interactiveshell.py", line 3748, in run_code
    exec(code_obj, self.user_global_ns, self.user_ns)
  File "C:\Users\chris\AppData\Local\Temp\ipykernel_5480\3007420965.py", line 73, in <module>
    runpy.run_path(str(script_path), run_name="__main__")
  File "<frozen runpy>", line 287, in run_path
  File "<frozen runpy>", line 98, in _run_module_code
  File "<frozen runpy>", line 88, in _run_code
  File "C:\Users\chris\Desktop\Code\TracesPresenter\Traces_presenter\Jupyter\Chaine\scripts_Mirabelle\eq_FE_Mirabelle.py", line 73, in <module>
    main(_read, _write)
  File "C:\Users\chris\Desktop\Code\TracesPresenter\Traces_presenter\Jupyter\Chaine\scripts_Mirabelle\eq_FE_Mirabelle.py", line 64, in main
    out.info("  %s : EQ = %.3f  (%d Run.Test)", actor, eq, len(attempts))
Message: '  %s : EQ = %.3f  (%d Run.Test)'
Arguments: ('deferlez.rallongea', 0.11212121212121212, 83)
--- Logging error ---
Traceback (most recent call last):
  File "c:\Users\chris\AppData\Local\Programs\Python\Python314\Lib\logging\__init__.py", line 1154, in emit
    stream.write(msg + self.terminator)
    ~~~~~~~~~~~~^^^^^^^^^^^^^^^^^^^^^^^
ValueError: I/O operation on closed file.
Call stack:
  File "<frozen runpy>", line 198, in _run_module_as_main
  File "<frozen runpy>", line 88, in _run_code
  File "C:\Users\chris\AppData\Roaming\Python\Python314\site-packages\ipykernel_launcher.py", line 18, in <module>
    app.launch_new_instance()
  File "C:\Users\chris\AppData\Roaming\Python\Python314\site-packages\traitlets\config\application.py", line 1082, in launch_instance
    app.start()
  File "C:\Users\chris\AppData\Roaming\Python\Python314\site-packages\ipykernel\kernelapp.py", line 758, in start
    self.io_loop.start()
  File "C:\Users\chris\AppData\Roaming\Python\Python314\site-packages\tornado\platform\asyncio.py", line 211, in start
    self.asyncio_loop.run_forever()
  File "c:\Users\chris\AppData\Local\Programs\Python\Python314\Lib\asyncio\base_events.py", line 677, in run_forever
    self._run_once()
  File "c:\Users\chris\AppData\Local\Programs\Python\Python314\Lib\asyncio\base_events.py", line 2046, in _run_once
    handle._run()
  File "c:\Users\chris\AppData\Local\Programs\Python\Python314\Lib\asyncio\events.py", line 94, in _run
    self._context.run(self._callback, *self._args)
  File "C:\Users\chris\AppData\Roaming\Python\Python314\site-packages\ipykernel\kernelbase.py", line 621, in shell_main
    await self.dispatch_shell(msg, subshell_id=subshell_id)
  File "C:\Users\chris\AppData\Roaming\Python\Python314\site-packages\ipykernel\kernelbase.py", line 478, in dispatch_shell
    await result
  File "C:\Users\chris\AppData\Roaming\Python\Python314\site-packages\ipykernel\ipkernel.py", line 372, in execute_request
    await super().execute_request(stream, ident, parent)
  File "C:\Users\chris\AppData\Roaming\Python\Python314\site-packages\ipykernel\kernelbase.py", line 834, in execute_request
    reply_content = await reply_content
  File "C:\Users\chris\AppData\Roaming\Python\Python314\site-packages\ipykernel\ipkernel.py", line 464, in do_execute
    res = shell.run_cell(
  File "C:\Users\chris\AppData\Roaming\Python\Python314\site-packages\ipykernel\zmqshell.py", line 663, in run_cell
    return super().run_cell(*args, **kwargs)
  File "C:\Users\chris\AppData\Roaming\Python\Python314\site-packages\IPython\core\interactiveshell.py", line 3170, in run_cell
    result = self._run_cell(
  File "C:\Users\chris\AppData\Roaming\Python\Python314\site-packages\IPython\core\interactiveshell.py", line 3225, in _run_cell
    result = runner(coro)
  File "C:\Users\chris\AppData\Roaming\Python\Python314\site-packages\IPython\core\async_helpers.py", line 128, in _pseudo_sync_runner
    coro.send(None)
  File "C:\Users\chris\AppData\Roaming\Python\Python314\site-packages\IPython\core\interactiveshell.py", line 3447, in run_cell_async
    has_raised = await self.run_ast_nodes(code_ast.body, cell_name,
  File "C:\Users\chris\AppData\Roaming\Python\Python314\site-packages\IPython\core\interactiveshell.py", line 3688, in run_ast_nodes
    if await self.run_code(code, result, async_=asy):
  File "C:\Users\chris\AppData\Roaming\Python\Python314\site-packages\IPython\core\interactiveshell.py", line 3748, in run_code
    exec(code_obj, self.user_global_ns, self.user_ns)
  File "C:\Users\chris\AppData\Local\Temp\ipykernel_5480\3007420965.py", line 73, in <module>
    runpy.run_path(str(script_path), run_name="__main__")
  File "<frozen runpy>", line 287, in run_path
  File "<frozen runpy>", line 98, in _run_module_code
  File "<frozen runpy>", line 88, in _run_code
  File "C:\Users\chris\Desktop\Code\TracesPresenter\Traces_presenter\Jupyter\Chaine\scripts_Mirabelle\eq_FE_Mirabelle.py", line 73, in <module>
    main(_read, _write)
  File "C:\Users\chris\Desktop\Code\TracesPresenter\Traces_presenter\Jupyter\Chaine\scripts_Mirabelle\eq_FE_Mirabelle.py", line 64, in main
    out.info("  %s : EQ = %.3f  (%d Run.Test)", actor, eq, len(attempts))
Message: '  %s : EQ = %.3f  (%d Run.Test)'
Arguments: ('dejeune.ficela', 0.5789473684210527, 31)
--- Logging error ---
Traceback (most recent call last):
  File "c:\Users\chris\AppData\Local\Programs\Python\Python314\Lib\logging\__init__.py", line 1154, in emit
    stream.write(msg + self.terminator)
    ~~~~~~~~~~~~^^^^^^^^^^^^^^^^^^^^^^^
ValueError: I/O operation on closed file.
Call stack:
  File "<frozen runpy>", line 198, in _run_module_as_main
  File "<frozen runpy>", line 88, in _run_code
  File "C:\Users\chris\AppData\Roaming\Python\Python314\site-packages\ipykernel_launcher.py", line 18, in <module>
    app.launch_new_instance()
  File "C:\Users\chris\AppData\Roaming\Python\Python314\site-packages\traitlets\config\application.py", line 1082, in launch_instance
    app.start()
  File "C:\Users\chris\AppData\Roaming\Python\Python314\site-packages\ipykernel\kernelapp.py", line 758, in start
    self.io_loop.start()
  File "C:\Users\chris\AppData\Roaming\Python\Python314\site-packages\tornado\platform\asyncio.py", line 211, in start
    self.asyncio_loop.run_forever()
  File "c:\Users\chris\AppData\Local\Programs\Python\Python314\Lib\asyncio\base_events.py", line 677, in run_forever
    self._run_once()
  File "c:\Users\chris\AppData\Local\Programs\Python\Python314\Lib\asyncio\base_events.py", line 2046, in _run_once
    handle._run()
  File "c:\Users\chris\AppData\Local\Programs\Python\Python314\Lib\asyncio\events.py", line 94, in _run
    self._context.run(self._callback, *self._args)
  File "C:\Users\chris\AppData\Roaming\Python\Python314\site-packages\ipykernel\kernelbase.py", line 621, in shell_main
    await self.dispatch_shell(msg, subshell_id=subshell_id)
  File "C:\Users\chris\AppData\Roaming\Python\Python314\site-packages\ipykernel\kernelbase.py", line 478, in dispatch_shell
    await result
  File "C:\Users\chris\AppData\Roaming\Python\Python314\site-packages\ipykernel\ipkernel.py", line 372, in execute_request
    await super().execute_request(stream, ident, parent)
  File "C:\Users\chris\AppData\Roaming\Python\Python314\site-packages\ipykernel\kernelbase.py", line 834, in execute_request
    reply_content = await reply_content
  File "C:\Users\chris\AppData\Roaming\Python\Python314\site-packages\ipykernel\ipkernel.py", line 464, in do_execute
    res = shell.run_cell(
  File "C:\Users\chris\AppData\Roaming\Python\Python314\site-packages\ipykernel\zmqshell.py", line 663, in run_cell
    return super().run_cell(*args, **kwargs)
  File "C:\Users\chris\AppData\Roaming\Python\Python314\site-packages\IPython\core\interactiveshell.py", line 3170, in run_cell
    result = self._run_cell(
  File "C:\Users\chris\AppData\Roaming\Python\Python314\site-packages\IPython\core\interactiveshell.py", line 3225, in _run_cell
    result = runner(coro)
  File "C:\Users\chris\AppData\Roaming\Python\Python314\site-packages\IPython\core\async_helpers.py", line 128, in _pseudo_sync_runner
    coro.send(None)
  File "C:\Users\chris\AppData\Roaming\Python\Python314\site-packages\IPython\core\interactiveshell.py", line 3447, in run_cell_async
    has_raised = await self.run_ast_nodes(code_ast.body, cell_name,
  File "C:\Users\chris\AppData\Roaming\Python\Python314\site-packages\IPython\core\interactiveshell.py", line 3688, in run_ast_nodes
    if await self.run_code(code, result, async_=asy):
  File "C:\Users\chris\AppData\Roaming\Python\Python314\site-packages\IPython\core\interactiveshell.py", line 3748, in run_code
    exec(code_obj, self.user_global_ns, self.user_ns)
  File "C:\Users\chris\AppData\Local\Temp\ipykernel_5480\3007420965.py", line 73, in <module>
    runpy.run_path(str(script_path), run_name="__main__")
  File "<frozen runpy>", line 287, in run_path
  File "<frozen runpy>", line 98, in _run_module_code
  File "<frozen runpy>", line 88, in _run_code
  File "C:\Users\chris\Desktop\Code\TracesPresenter\Traces_presenter\Jupyter\Chaine\scripts_Mirabelle\eq_FE_Mirabelle.py", line 73, in <module>
    main(_read, _write)
  File "C:\Users\chris\Desktop\Code\TracesPresenter\Traces_presenter\Jupyter\Chaine\scripts_Mirabelle\eq_FE_Mirabelle.py", line 64, in main
    out.info("  %s : EQ = %.3f  (%d Run.Test)", actor, eq, len(attempts))
Message: '  %s : EQ = %.3f  (%d Run.Test)'
Arguments: ('delogez.planeras', 0.2, 14)
--- Logging error ---
Traceback (most recent call last):
  File "c:\Users\chris\AppData\Local\Programs\Python\Python314\Lib\logging\__init__.py", line 1154, in emit
    stream.write(msg + self.terminator)
    ~~~~~~~~~~~~^^^^^^^^^^^^^^^^^^^^^^^
ValueError: I/O operation on closed file.
Call stack:
  File "<frozen runpy>", line 198, in _run_module_as_main
  File "<frozen runpy>", line 88, in _run_code
  File "C:\Users\chris\AppData\Roaming\Python\Python314\site-packages\ipykernel_launcher.py", line 18, in <module>
    app.launch_new_instance()
  File "C:\Users\chris\AppData\Roaming\Python\Python314\site-packages\traitlets\config\application.py", line 1082, in launch_instance
    app.start()
  File "C:\Users\chris\AppData\Roaming\Python\Python314\site-packages\ipykernel\kernelapp.py", line 758, in start
    self.io_loop.start()
  File "C:\Users\chris\AppData\Roaming\Python\Python314\site-packages\tornado\platform\asyncio.py", line 211, in start
    self.asyncio_loop.run_forever()
  File "c:\Users\chris\AppData\Local\Programs\Python\Python314\Lib\asyncio\base_events.py", line 677, in run_forever
    self._run_once()
  File "c:\Users\chris\AppData\Local\Programs\Python\Python314\Lib\asyncio\base_events.py", line 2046, in _run_once
    handle._run()
  File "c:\Users\chris\AppData\Local\Programs\Python\Python314\Lib\asyncio\events.py", line 94, in _run
    self._context.run(self._callback, *self._args)
  File "C:\Users\chris\AppData\Roaming\Python\Python314\site-packages\ipykernel\kernelbase.py", line 621, in shell_main
    await self.dispatch_shell(msg, subshell_id=subshell_id)
  File "C:\Users\chris\AppData\Roaming\Python\Python314\site-packages\ipykernel\kernelbase.py", line 478, in dispatch_shell
    await result
  File "C:\Users\chris\AppData\Roaming\Python\Python314\site-packages\ipykernel\ipkernel.py", line 372, in execute_request
    await super().execute_request(stream, ident, parent)
  File "C:\Users\chris\AppData\Roaming\Python\Python314\site-packages\ipykernel\kernelbase.py", line 834, in execute_request
    reply_content = await reply_content
  File "C:\Users\chris\AppData\Roaming\Python\Python314\site-packages\ipykernel\ipkernel.py", line 464, in do_execute
    res = shell.run_cell(
  File "C:\Users\chris\AppData\Roaming\Python\Python314\site-packages\ipykernel\zmqshell.py", line 663, in run_cell
    return super().run_cell(*args, **kwargs)
  File "C:\Users\chris\AppData\Roaming\Python\Python314\site-packages\IPython\core\interactiveshell.py", line 3170, in run_cell
    result = self._run_cell(
  File "C:\Users\chris\AppData\Roaming\Python\Python314\site-packages\IPython\core\interactiveshell.py", line 3225, in _run_cell
    result = runner(coro)
  File "C:\Users\chris\AppData\Roaming\Python\Python314\site-packages\IPython\core\async_helpers.py", line 128, in _pseudo_sync_runner
    coro.send(None)
  File "C:\Users\chris\AppData\Roaming\Python\Python314\site-packages\IPython\core\interactiveshell.py", line 3447, in run_cell_async
    has_raised = await self.run_ast_nodes(code_ast.body, cell_name,
  File "C:\Users\chris\AppData\Roaming\Python\Python314\site-packages\IPython\core\interactiveshell.py", line 3688, in run_ast_nodes
    if await self.run_code(code, result, async_=asy):
  File "C:\Users\chris\AppData\Roaming\Python\Python314\site-packages\IPython\core\interactiveshell.py", line 3748, in run_code
    exec(code_obj, self.user_global_ns, self.user_ns)
  File "C:\Users\chris\AppData\Local\Temp\ipykernel_5480\3007420965.py", line 73, in <module>
    runpy.run_path(str(script_path), run_name="__main__")
  File "<frozen runpy>", line 287, in run_path
  File "<frozen runpy>", line 98, in _run_module_code
  File "<frozen runpy>", line 88, in _run_code
  File "C:\Users\chris\Desktop\Code\TracesPresenter\Traces_presenter\Jupyter\Chaine\scripts_Mirabelle\eq_FE_Mirabelle.py", line 73, in <module>
    main(_read, _write)
  File "C:\Users\chris\Desktop\Code\TracesPresenter\Traces_presenter\Jupyter\Chaine\scripts_Mirabelle\eq_FE_Mirabelle.py", line 60, in main
    out.warning("  %s : pas de paire de tentatives exploitable — ignoré", actor)
Message: '  %s : pas de paire de tentatives exploitable — ignoré'
Arguments: ('dente.mugissent',)
--- Logging error ---
Traceback (most recent call last):
  File "c:\Users\chris\AppData\Local\Programs\Python\Python314\Lib\logging\__init__.py", line 1154, in emit
    stream.write(msg + self.terminator)
    ~~~~~~~~~~~~^^^^^^^^^^^^^^^^^^^^^^^
ValueError: I/O operation on closed file.
Call stack:
  File "<frozen runpy>", line 198, in _run_module_as_main
  File "<frozen runpy>", line 88, in _run_code
  File "C:\Users\chris\AppData\Roaming\Python\Python314\site-packages\ipykernel_launcher.py", line 18, in <module>
    app.launch_new_instance()
  File "C:\Users\chris\AppData\Roaming\Python\Python314\site-packages\traitlets\config\application.py", line 1082, in launch_instance
    app.start()
  File "C:\Users\chris\AppData\Roaming\Python\Python314\site-packages\ipykernel\kernelapp.py", line 758, in start
    self.io_loop.start()
  File "C:\Users\chris\AppData\Roaming\Python\Python314\site-packages\tornado\platform\asyncio.py", line 211, in start
    self.asyncio_loop.run_forever()
  File "c:\Users\chris\AppData\Local\Programs\Python\Python314\Lib\asyncio\base_events.py", line 677, in run_forever
    self._run_once()
  File "c:\Users\chris\AppData\Local\Programs\Python\Python314\Lib\asyncio\base_events.py", line 2046, in _run_once
    handle._run()
  File "c:\Users\chris\AppData\Local\Programs\Python\Python314\Lib\asyncio\events.py", line 94, in _run
    self._context.run(self._callback, *self._args)
  File "C:\Users\chris\AppData\Roaming\Python\Python314\site-packages\ipykernel\kernelbase.py", line 621, in shell_main
    await self.dispatch_shell(msg, subshell_id=subshell_id)
  File "C:\Users\chris\AppData\Roaming\Python\Python314\site-packages\ipykernel\kernelbase.py", line 478, in dispatch_shell
    await result
  File "C:\Users\chris\AppData\Roaming\Python\Python314\site-packages\ipykernel\ipkernel.py", line 372, in execute_request
    await super().execute_request(stream, ident, parent)
  File "C:\Users\chris\AppData\Roaming\Python\Python314\site-packages\ipykernel\kernelbase.py", line 834, in execute_request
    reply_content = await reply_content
  File "C:\Users\chris\AppData\Roaming\Python\Python314\site-packages\ipykernel\ipkernel.py", line 464, in do_execute
    res = shell.run_cell(
  File "C:\Users\chris\AppData\Roaming\Python\Python314\site-packages\ipykernel\zmqshell.py", line 663, in run_cell
    return super().run_cell(*args, **kwargs)
  File "C:\Users\chris\AppData\Roaming\Python\Python314\site-packages\IPython\core\interactiveshell.py", line 3170, in run_cell
    result = self._run_cell(
  File "C:\Users\chris\AppData\Roaming\Python\Python314\site-packages\IPython\core\interactiveshell.py", line 3225, in _run_cell
    result = runner(coro)
  File "C:\Users\chris\AppData\Roaming\Python\Python314\site-packages\IPython\core\async_helpers.py", line 128, in _pseudo_sync_runner
    coro.send(None)
  File "C:\Users\chris\AppData\Roaming\Python\Python314\site-packages\IPython\core\interactiveshell.py", line 3447, in run_cell_async
    has_raised = await self.run_ast_nodes(code_ast.body, cell_name,
  File "C:\Users\chris\AppData\Roaming\Python\Python314\site-packages\IPython\core\interactiveshell.py", line 3688, in run_ast_nodes
    if await self.run_code(code, result, async_=asy):
  File "C:\Users\chris\AppData\Roaming\Python\Python314\site-packages\IPython\core\interactiveshell.py", line 3748, in run_code
    exec(code_obj, self.user_global_ns, self.user_ns)
  File "C:\Users\chris\AppData\Local\Temp\ipykernel_5480\3007420965.py", line 73, in <module>
    runpy.run_path(str(script_path), run_name="__main__")
  File "<frozen runpy>", line 287, in run_path
  File "<frozen runpy>", line 98, in _run_module_code
  File "<frozen runpy>", line 88, in _run_code
  File "C:\Users\chris\Desktop\Code\TracesPresenter\Traces_presenter\Jupyter\Chaine\scripts_Mirabelle\eq_FE_Mirabelle.py", line 73, in <module>
    main(_read, _write)
  File "C:\Users\chris\Desktop\Code\TracesPresenter\Traces_presenter\Jupyter\Chaine\scripts_Mirabelle\eq_FE_Mirabelle.py", line 64, in main
    out.info("  %s : EQ = %.3f  (%d Run.Test)", actor, eq, len(attempts))
Message: '  %s : EQ = %.3f  (%d Run.Test)'
Arguments: ('deprime.grondions', 0.5512882839086047, 207)
--- Logging error ---
Traceback (most recent call last):
  File "c:\Users\chris\AppData\Local\Programs\Python\Python314\Lib\logging\__init__.py", line 1154, in emit
    stream.write(msg + self.terminator)
    ~~~~~~~~~~~~^^^^^^^^^^^^^^^^^^^^^^^
ValueError: I/O operation on closed file.
Call stack:
  File "<frozen runpy>", line 198, in _run_module_as_main
  File "<frozen runpy>", line 88, in _run_code
  File "C:\Users\chris\AppData\Roaming\Python\Python314\site-packages\ipykernel_launcher.py", line 18, in <module>
    app.launch_new_instance()
  File "C:\Users\chris\AppData\Roaming\Python\Python314\site-packages\traitlets\config\application.py", line 1082, in launch_instance
    app.start()
  File "C:\Users\chris\AppData\Roaming\Python\Python314\site-packages\ipykernel\kernelapp.py", line 758, in start
    self.io_loop.start()
  File "C:\Users\chris\AppData\Roaming\Python\Python314\site-packages\tornado\platform\asyncio.py", line 211, in start
    self.asyncio_loop.run_forever()
  File "c:\Users\chris\AppData\Local\Programs\Python\Python314\Lib\asyncio\base_events.py", line 677, in run_forever
    self._run_once()
  File "c:\Users\chris\AppData\Local\Programs\Python\Python314\Lib\asyncio\base_events.py", line 2046, in _run_once
    handle._run()
  File "c:\Users\chris\AppData\Local\Programs\Python\Python314\Lib\asyncio\events.py", line 94, in _run
    self._context.run(self._callback, *self._args)
  File "C:\Users\chris\AppData\Roaming\Python\Python314\site-packages\ipykernel\kernelbase.py", line 621, in shell_main
    await self.dispatch_shell(msg, subshell_id=subshell_id)
  File "C:\Users\chris\AppData\Roaming\Python\Python314\site-packages\ipykernel\kernelbase.py", line 478, in dispatch_shell
    await result
  File "C:\Users\chris\AppData\Roaming\Python\Python314\site-packages\ipykernel\ipkernel.py", line 372, in execute_request
    await super().execute_request(stream, ident, parent)
  File "C:\Users\chris\AppData\Roaming\Python\Python314\site-packages\ipykernel\kernelbase.py", line 834, in execute_request
    reply_content = await reply_content
  File "C:\Users\chris\AppData\Roaming\Python\Python314\site-packages\ipykernel\ipkernel.py", line 464, in do_execute
    res = shell.run_cell(
  File "C:\Users\chris\AppData\Roaming\Python\Python314\site-packages\ipykernel\zmqshell.py", line 663, in run_cell
    return super().run_cell(*args, **kwargs)
  File "C:\Users\chris\AppData\Roaming\Python\Python314\site-packages\IPython\core\interactiveshell.py", line 3170, in run_cell
    result = self._run_cell(
  File "C:\Users\chris\AppData\Roaming\Python\Python314\site-packages\IPython\core\interactiveshell.py", line 3225, in _run_cell
    result = runner(coro)
  File "C:\Users\chris\AppData\Roaming\Python\Python314\site-packages\IPython\core\async_helpers.py", line 128, in _pseudo_sync_runner
    coro.send(None)
  File "C:\Users\chris\AppData\Roaming\Python\Python314\site-packages\IPython\core\interactiveshell.py", line 3447, in run_cell_async
    has_raised = await self.run_ast_nodes(code_ast.body, cell_name,
  File "C:\Users\chris\AppData\Roaming\Python\Python314\site-packages\IPython\core\interactiveshell.py", line 3688, in run_ast_nodes
    if await self.run_code(code, result, async_=asy):
  File "C:\Users\chris\AppData\Roaming\Python\Python314\site-packages\IPython\core\interactiveshell.py", line 3748, in run_code
    exec(code_obj, self.user_global_ns, self.user_ns)
  File "C:\Users\chris\AppData\Local\Temp\ipykernel_5480\3007420965.py", line 73, in <module>
    runpy.run_path(str(script_path), run_name="__main__")
  File "<frozen runpy>", line 287, in run_path
  File "<frozen runpy>", line 98, in _run_module_code
  File "<frozen runpy>", line 88, in _run_code
  File "C:\Users\chris\Desktop\Code\TracesPresenter\Traces_presenter\Jupyter\Chaine\scripts_Mirabelle\eq_FE_Mirabelle.py", line 73, in <module>
    main(_read, _write)
  File "C:\Users\chris\Desktop\Code\TracesPresenter\Traces_presenter\Jupyter\Chaine\scripts_Mirabelle\eq_FE_Mirabelle.py", line 64, in main
    out.info("  %s : EQ = %.3f  (%d Run.Test)", actor, eq, len(attempts))
Message: '  %s : EQ = %.3f  (%d Run.Test)'
Arguments: ('deraser.mouilliez', 0.327852998065764, 327)
--- Logging error ---
Traceback (most recent call last):
  File "c:\Users\chris\AppData\Local\Programs\Python\Python314\Lib\logging\__init__.py", line 1154, in emit
    stream.write(msg + self.terminator)
    ~~~~~~~~~~~~^^^^^^^^^^^^^^^^^^^^^^^
ValueError: I/O operation on closed file.
Call stack:
  File "<frozen runpy>", line 198, in _run_module_as_main
  File "<frozen runpy>", line 88, in _run_code
  File "C:\Users\chris\AppData\Roaming\Python\Python314\site-packages\ipykernel_launcher.py", line 18, in <module>
    app.launch_new_instance()
  File "C:\Users\chris\AppData\Roaming\Python\Python314\site-packages\traitlets\config\application.py", line 1082, in launch_instance
    app.start()
  File "C:\Users\chris\AppData\Roaming\Python\Python314\site-packages\ipykernel\kernelapp.py", line 758, in start
    self.io_loop.start()
  File "C:\Users\chris\AppData\Roaming\Python\Python314\site-packages\tornado\platform\asyncio.py", line 211, in start
    self.asyncio_loop.run_forever()
  File "c:\Users\chris\AppData\Local\Programs\Python\Python314\Lib\asyncio\base_events.py", line 677, in run_forever
    self._run_once()
  File "c:\Users\chris\AppData\Local\Programs\Python\Python314\Lib\asyncio\base_events.py", line 2046, in _run_once
    handle._run()
  File "c:\Users\chris\AppData\Local\Programs\Python\Python314\Lib\asyncio\events.py", line 94, in _run
    self._context.run(self._callback, *self._args)
  File "C:\Users\chris\AppData\Roaming\Python\Python314\site-packages\ipykernel\kernelbase.py", line 621, in shell_main
    await self.dispatch_shell(msg, subshell_id=subshell_id)
  File "C:\Users\chris\AppData\Roaming\Python\Python314\site-packages\ipykernel\kernelbase.py", line 478, in dispatch_shell
    await result
  File "C:\Users\chris\AppData\Roaming\Python\Python314\site-packages\ipykernel\ipkernel.py", line 372, in execute_request
    await super().execute_request(stream, ident, parent)
  File "C:\Users\chris\AppData\Roaming\Python\Python314\site-packages\ipykernel\kernelbase.py", line 834, in execute_request
    reply_content = await reply_content
  File "C:\Users\chris\AppData\Roaming\Python\Python314\site-packages\ipykernel\ipkernel.py", line 464, in do_execute
    res = shell.run_cell(
  File "C:\Users\chris\AppData\Roaming\Python\Python314\site-packages\ipykernel\zmqshell.py", line 663, in run_cell
    return super().run_cell(*args, **kwargs)
  File "C:\Users\chris\AppData\Roaming\Python\Python314\site-packages\IPython\core\interactiveshell.py", line 3170, in run_cell
    result = self._run_cell(
  File "C:\Users\chris\AppData\Roaming\Python\Python314\site-packages\IPython\core\interactiveshell.py", line 3225, in _run_cell
    result = runner(coro)
  File "C:\Users\chris\AppData\Roaming\Python\Python314\site-packages\IPython\core\async_helpers.py", line 128, in _pseudo_sync_runner
    coro.send(None)
  File "C:\Users\chris\AppData\Roaming\Python\Python314\site-packages\IPython\core\interactiveshell.py", line 3447, in run_cell_async
    has_raised = await self.run_ast_nodes(code_ast.body, cell_name,
  File "C:\Users\chris\AppData\Roaming\Python\Python314\site-packages\IPython\core\interactiveshell.py", line 3688, in run_ast_nodes
    if await self.run_code(code, result, async_=asy):
  File "C:\Users\chris\AppData\Roaming\Python\Python314\site-packages\IPython\core\interactiveshell.py", line 3748, in run_code
    exec(code_obj, self.user_global_ns, self.user_ns)
  File "C:\Users\chris\AppData\Local\Temp\ipykernel_5480\3007420965.py", line 73, in <module>
    runpy.run_path(str(script_path), run_name="__main__")
  File "<frozen runpy>", line 287, in run_path
  File "<frozen runpy>", line 98, in _run_module_code
  File "<frozen runpy>", line 88, in _run_code
  File "C:\Users\chris\Desktop\Code\TracesPresenter\Traces_presenter\Jupyter\Chaine\scripts_Mirabelle\eq_FE_Mirabelle.py", line 73, in <module>
    main(_read, _write)
  File "C:\Users\chris\Desktop\Code\TracesPresenter\Traces_presenter\Jupyter\Chaine\scripts_Mirabelle\eq_FE_Mirabelle.py", line 64, in main
    out.info("  %s : EQ = %.3f  (%d Run.Test)", actor, eq, len(attempts))
Message: '  %s : EQ = %.3f  (%d Run.Test)'
Arguments: ('devierons.inviterai', 0.18799102132435466, 187)
--- Logging error ---
Traceback (most recent call last):
  File "c:\Users\chris\AppData\Local\Programs\Python\Python314\Lib\logging\__init__.py", line 1154, in emit
    stream.write(msg + self.terminator)
    ~~~~~~~~~~~~^^^^^^^^^^^^^^^^^^^^^^^
ValueError: I/O operation on closed file.
Call stack:
  File "<frozen runpy>", line 198, in _run_module_as_main
  File "<frozen runpy>", line 88, in _run_code
  File "C:\Users\chris\AppData\Roaming\Python\Python314\site-packages\ipykernel_launcher.py", line 18, in <module>
    app.launch_new_instance()
  File "C:\Users\chris\AppData\Roaming\Python\Python314\site-packages\traitlets\config\application.py", line 1082, in launch_instance
    app.start()
  File "C:\Users\chris\AppData\Roaming\Python\Python314\site-packages\ipykernel\kernelapp.py", line 758, in start
    self.io_loop.start()
  File "C:\Users\chris\AppData\Roaming\Python\Python314\site-packages\tornado\platform\asyncio.py", line 211, in start
    self.asyncio_loop.run_forever()
  File "c:\Users\chris\AppData\Local\Programs\Python\Python314\Lib\asyncio\base_events.py", line 677, in run_forever
    self._run_once()
  File "c:\Users\chris\AppData\Local\Programs\Python\Python314\Lib\asyncio\base_events.py", line 2046, in _run_once
    handle._run()
  File "c:\Users\chris\AppData\Local\Programs\Python\Python314\Lib\asyncio\events.py", line 94, in _run
    self._context.run(self._callback, *self._args)
  File "C:\Users\chris\AppData\Roaming\Python\Python314\site-packages\ipykernel\kernelbase.py", line 621, in shell_main
    await self.dispatch_shell(msg, subshell_id=subshell_id)
  File "C:\Users\chris\AppData\Roaming\Python\Python314\site-packages\ipykernel\kernelbase.py", line 478, in dispatch_shell
    await result
  File "C:\Users\chris\AppData\Roaming\Python\Python314\site-packages\ipykernel\ipkernel.py", line 372, in execute_request
    await super().execute_request(stream, ident, parent)
  File "C:\Users\chris\AppData\Roaming\Python\Python314\site-packages\ipykernel\kernelbase.py", line 834, in execute_request
    reply_content = await reply_content
  File "C:\Users\chris\AppData\Roaming\Python\Python314\site-packages\ipykernel\ipkernel.py", line 464, in do_execute
    res = shell.run_cell(
  File "C:\Users\chris\AppData\Roaming\Python\Python314\site-packages\ipykernel\zmqshell.py", line 663, in run_cell
    return super().run_cell(*args, **kwargs)
  File "C:\Users\chris\AppData\Roaming\Python\Python314\site-packages\IPython\core\interactiveshell.py", line 3170, in run_cell
    result = self._run_cell(
  File "C:\Users\chris\AppData\Roaming\Python\Python314\site-packages\IPython\core\interactiveshell.py", line 3225, in _run_cell
    result = runner(coro)
  File "C:\Users\chris\AppData\Roaming\Python\Python314\site-packages\IPython\core\async_helpers.py", line 128, in _pseudo_sync_runner
    coro.send(None)
  File "C:\Users\chris\AppData\Roaming\Python\Python314\site-packages\IPython\core\interactiveshell.py", line 3447, in run_cell_async
    has_raised = await self.run_ast_nodes(code_ast.body, cell_name,
  File "C:\Users\chris\AppData\Roaming\Python\Python314\site-packages\IPython\core\interactiveshell.py", line 3688, in run_ast_nodes
    if await self.run_code(code, result, async_=asy):
  File "C:\Users\chris\AppData\Roaming\Python\Python314\site-packages\IPython\core\interactiveshell.py", line 3748, in run_code
    exec(code_obj, self.user_global_ns, self.user_ns)
  File "C:\Users\chris\AppData\Local\Temp\ipykernel_5480\3007420965.py", line 73, in <module>
    runpy.run_path(str(script_path), run_name="__main__")
  File "<frozen runpy>", line 287, in run_path
  File "<frozen runpy>", line 98, in _run_module_code
  File "<frozen runpy>", line 88, in _run_code
  File "C:\Users\chris\Desktop\Code\TracesPresenter\Traces_presenter\Jupyter\Chaine\scripts_Mirabelle\eq_FE_Mirabelle.py", line 73, in <module>
    main(_read, _write)
  File "C:\Users\chris\Desktop\Code\TracesPresenter\Traces_presenter\Jupyter\Chaine\scripts_Mirabelle\eq_FE_Mirabelle.py", line 64, in main
    out.info("  %s : EQ = %.3f  (%d Run.Test)", actor, eq, len(attempts))
Message: '  %s : EQ = %.3f  (%d Run.Test)'
Arguments: ('dialectes.avancions', 0.44393939393939386, 338)
--- Logging error ---
Traceback (most recent call last):
  File "c:\Users\chris\AppData\Local\Programs\Python\Python314\Lib\logging\__init__.py", line 1154, in emit
    stream.write(msg + self.terminator)
    ~~~~~~~~~~~~^^^^^^^^^^^^^^^^^^^^^^^
ValueError: I/O operation on closed file.
Call stack:
  File "<frozen runpy>", line 198, in _run_module_as_main
  File "<frozen runpy>", line 88, in _run_code
  File "C:\Users\chris\AppData\Roaming\Python\Python314\site-packages\ipykernel_launcher.py", line 18, in <module>
    app.launch_new_instance()
  File "C:\Users\chris\AppData\Roaming\Python\Python314\site-packages\traitlets\config\application.py", line 1082, in launch_instance
    app.start()
  File "C:\Users\chris\AppData\Roaming\Python\Python314\site-packages\ipykernel\kernelapp.py", line 758, in start
    self.io_loop.start()
  File "C:\Users\chris\AppData\Roaming\Python\Python314\site-packages\tornado\platform\asyncio.py", line 211, in start
    self.asyncio_loop.run_forever()
  File "c:\Users\chris\AppData\Local\Programs\Python\Python314\Lib\asyncio\base_events.py", line 677, in run_forever
    self._run_once()
  File "c:\Users\chris\AppData\Local\Programs\Python\Python314\Lib\asyncio\base_events.py", line 2046, in _run_once
    handle._run()
  File "c:\Users\chris\AppData\Local\Programs\Python\Python314\Lib\asyncio\events.py", line 94, in _run
    self._context.run(self._callback, *self._args)
  File "C:\Users\chris\AppData\Roaming\Python\Python314\site-packages\ipykernel\kernelbase.py", line 621, in shell_main
    await self.dispatch_shell(msg, subshell_id=subshell_id)
  File "C:\Users\chris\AppData\Roaming\Python\Python314\site-packages\ipykernel\kernelbase.py", line 478, in dispatch_shell
    await result
  File "C:\Users\chris\AppData\Roaming\Python\Python314\site-packages\ipykernel\ipkernel.py", line 372, in execute_request
    await super().execute_request(stream, ident, parent)
  File "C:\Users\chris\AppData\Roaming\Python\Python314\site-packages\ipykernel\kernelbase.py", line 834, in execute_request
    reply_content = await reply_content
  File "C:\Users\chris\AppData\Roaming\Python\Python314\site-packages\ipykernel\ipkernel.py", line 464, in do_execute
    res = shell.run_cell(
  File "C:\Users\chris\AppData\Roaming\Python\Python314\site-packages\ipykernel\zmqshell.py", line 663, in run_cell
    return super().run_cell(*args, **kwargs)
  File "C:\Users\chris\AppData\Roaming\Python\Python314\site-packages\IPython\core\interactiveshell.py", line 3170, in run_cell
    result = self._run_cell(
  File "C:\Users\chris\AppData\Roaming\Python\Python314\site-packages\IPython\core\interactiveshell.py", line 3225, in _run_cell
    result = runner(coro)
  File "C:\Users\chris\AppData\Roaming\Python\Python314\site-packages\IPython\core\async_helpers.py", line 128, in _pseudo_sync_runner
    coro.send(None)
  File "C:\Users\chris\AppData\Roaming\Python\Python314\site-packages\IPython\core\interactiveshell.py", line 3447, in run_cell_async
    has_raised = await self.run_ast_nodes(code_ast.body, cell_name,
  File "C:\Users\chris\AppData\Roaming\Python\Python314\site-packages\IPython\core\interactiveshell.py", line 3688, in run_ast_nodes
    if await self.run_code(code, result, async_=asy):
  File "C:\Users\chris\AppData\Roaming\Python\Python314\site-packages\IPython\core\interactiveshell.py", line 3748, in run_code
    exec(code_obj, self.user_global_ns, self.user_ns)
  File "C:\Users\chris\AppData\Local\Temp\ipykernel_5480\3007420965.py", line 73, in <module>
    runpy.run_path(str(script_path), run_name="__main__")
  File "<frozen runpy>", line 287, in run_path
  File "<frozen runpy>", line 98, in _run_module_code
  File "<frozen runpy>", line 88, in _run_code
  File "C:\Users\chris\Desktop\Code\TracesPresenter\Traces_presenter\Jupyter\Chaine\scripts_Mirabelle\eq_FE_Mirabelle.py", line 73, in <module>
    main(_read, _write)
  File "C:\Users\chris\Desktop\Code\TracesPresenter\Traces_presenter\Jupyter\Chaine\scripts_Mirabelle\eq_FE_Mirabelle.py", line 64, in main
    out.info("  %s : EQ = %.3f  (%d Run.Test)", actor, eq, len(attempts))
Message: '  %s : EQ = %.3f  (%d Run.Test)'
Arguments: ('dilueront.compare', 0.4580873671782764, 267)
--- Logging error ---
Traceback (most recent call last):
  File "c:\Users\chris\AppData\Local\Programs\Python\Python314\Lib\logging\__init__.py", line 1154, in emit
    stream.write(msg + self.terminator)
    ~~~~~~~~~~~~^^^^^^^^^^^^^^^^^^^^^^^
ValueError: I/O operation on closed file.
Call stack:
  File "<frozen runpy>", line 198, in _run_module_as_main
  File "<frozen runpy>", line 88, in _run_code
  File "C:\Users\chris\AppData\Roaming\Python\Python314\site-packages\ipykernel_launcher.py", line 18, in <module>
    app.launch_new_instance()
  File "C:\Users\chris\AppData\Roaming\Python\Python314\site-packages\traitlets\config\application.py", line 1082, in launch_instance
    app.start()
  File "C:\Users\chris\AppData\Roaming\Python\Python314\site-packages\ipykernel\kernelapp.py", line 758, in start
    self.io_loop.start()
  File "C:\Users\chris\AppData\Roaming\Python\Python314\site-packages\tornado\platform\asyncio.py", line 211, in start
    self.asyncio_loop.run_forever()
  File "c:\Users\chris\AppData\Local\Programs\Python\Python314\Lib\asyncio\base_events.py", line 677, in run_forever
    self._run_once()
  File "c:\Users\chris\AppData\Local\Programs\Python\Python314\Lib\asyncio\base_events.py", line 2046, in _run_once
    handle._run()
  File "c:\Users\chris\AppData\Local\Programs\Python\Python314\Lib\asyncio\events.py", line 94, in _run
    self._context.run(self._callback, *self._args)
  File "C:\Users\chris\AppData\Roaming\Python\Python314\site-packages\ipykernel\kernelbase.py", line 621, in shell_main
    await self.dispatch_shell(msg, subshell_id=subshell_id)
  File "C:\Users\chris\AppData\Roaming\Python\Python314\site-packages\ipykernel\kernelbase.py", line 478, in dispatch_shell
    await result
  File "C:\Users\chris\AppData\Roaming\Python\Python314\site-packages\ipykernel\ipkernel.py", line 372, in execute_request
    await super().execute_request(stream, ident, parent)
  File "C:\Users\chris\AppData\Roaming\Python\Python314\site-packages\ipykernel\kernelbase.py", line 834, in execute_request
    reply_content = await reply_content
  File "C:\Users\chris\AppData\Roaming\Python\Python314\site-packages\ipykernel\ipkernel.py", line 464, in do_execute
    res = shell.run_cell(
  File "C:\Users\chris\AppData\Roaming\Python\Python314\site-packages\ipykernel\zmqshell.py", line 663, in run_cell
    return super().run_cell(*args, **kwargs)
  File "C:\Users\chris\AppData\Roaming\Python\Python314\site-packages\IPython\core\interactiveshell.py", line 3170, in run_cell
    result = self._run_cell(
  File "C:\Users\chris\AppData\Roaming\Python\Python314\site-packages\IPython\core\interactiveshell.py", line 3225, in _run_cell
    result = runner(coro)
  File "C:\Users\chris\AppData\Roaming\Python\Python314\site-packages\IPython\core\async_helpers.py", line 128, in _pseudo_sync_runner
    coro.send(None)
  File "C:\Users\chris\AppData\Roaming\Python\Python314\site-packages\IPython\core\interactiveshell.py", line 3447, in run_cell_async
    has_raised = await self.run_ast_nodes(code_ast.body, cell_name,
  File "C:\Users\chris\AppData\Roaming\Python\Python314\site-packages\IPython\core\interactiveshell.py", line 3688, in run_ast_nodes
    if await self.run_code(code, result, async_=asy):
  File "C:\Users\chris\AppData\Roaming\Python\Python314\site-packages\IPython\core\interactiveshell.py", line 3748, in run_code
    exec(code_obj, self.user_global_ns, self.user_ns)
  File "C:\Users\chris\AppData\Local\Temp\ipykernel_5480\3007420965.py", line 73, in <module>
    runpy.run_path(str(script_path), run_name="__main__")
  File "<frozen runpy>", line 287, in run_path
  File "<frozen runpy>", line 98, in _run_module_code
  File "<frozen runpy>", line 88, in _run_code
  File "C:\Users\chris\Desktop\Code\TracesPresenter\Traces_presenter\Jupyter\Chaine\scripts_Mirabelle\eq_FE_Mirabelle.py", line 73, in <module>
    main(_read, _write)
  File "C:\Users\chris\Desktop\Code\TracesPresenter\Traces_presenter\Jupyter\Chaine\scripts_Mirabelle\eq_FE_Mirabelle.py", line 60, in main
    out.warning("  %s : pas de paire de tentatives exploitable — ignoré", actor)
Message: '  %s : pas de paire de tentatives exploitable — ignoré'
Arguments: ('diocese.altos',)
--- Logging error ---
Traceback (most recent call last):
  File "c:\Users\chris\AppData\Local\Programs\Python\Python314\Lib\logging\__init__.py", line 1154, in emit
    stream.write(msg + self.terminator)
    ~~~~~~~~~~~~^^^^^^^^^^^^^^^^^^^^^^^
ValueError: I/O operation on closed file.
Call stack:
  File "<frozen runpy>", line 198, in _run_module_as_main
  File "<frozen runpy>", line 88, in _run_code
  File "C:\Users\chris\AppData\Roaming\Python\Python314\site-packages\ipykernel_launcher.py", line 18, in <module>
    app.launch_new_instance()
  File "C:\Users\chris\AppData\Roaming\Python\Python314\site-packages\traitlets\config\application.py", line 1082, in launch_instance
    app.start()
  File "C:\Users\chris\AppData\Roaming\Python\Python314\site-packages\ipykernel\kernelapp.py", line 758, in start
    self.io_loop.start()
  File "C:\Users\chris\AppData\Roaming\Python\Python314\site-packages\tornado\platform\asyncio.py", line 211, in start
    self.asyncio_loop.run_forever()
  File "c:\Users\chris\AppData\Local\Programs\Python\Python314\Lib\asyncio\base_events.py", line 677, in run_forever
    self._run_once()
  File "c:\Users\chris\AppData\Local\Programs\Python\Python314\Lib\asyncio\base_events.py", line 2046, in _run_once
    handle._run()
  File "c:\Users\chris\AppData\Local\Programs\Python\Python314\Lib\asyncio\events.py", line 94, in _run
    self._context.run(self._callback, *self._args)
  File "C:\Users\chris\AppData\Roaming\Python\Python314\site-packages\ipykernel\kernelbase.py", line 621, in shell_main
    await self.dispatch_shell(msg, subshell_id=subshell_id)
  File "C:\Users\chris\AppData\Roaming\Python\Python314\site-packages\ipykernel\kernelbase.py", line 478, in dispatch_shell
    await result
  File "C:\Users\chris\AppData\Roaming\Python\Python314\site-packages\ipykernel\ipkernel.py", line 372, in execute_request
    await super().execute_request(stream, ident, parent)
  File "C:\Users\chris\AppData\Roaming\Python\Python314\site-packages\ipykernel\kernelbase.py", line 834, in execute_request
    reply_content = await reply_content
  File "C:\Users\chris\AppData\Roaming\Python\Python314\site-packages\ipykernel\ipkernel.py", line 464, in do_execute
    res = shell.run_cell(
  File "C:\Users\chris\AppData\Roaming\Python\Python314\site-packages\ipykernel\zmqshell.py", line 663, in run_cell
    return super().run_cell(*args, **kwargs)
  File "C:\Users\chris\AppData\Roaming\Python\Python314\site-packages\IPython\core\interactiveshell.py", line 3170, in run_cell
    result = self._run_cell(
  File "C:\Users\chris\AppData\Roaming\Python\Python314\site-packages\IPython\core\interactiveshell.py", line 3225, in _run_cell
    result = runner(coro)
  File "C:\Users\chris\AppData\Roaming\Python\Python314\site-packages\IPython\core\async_helpers.py", line 128, in _pseudo_sync_runner
    coro.send(None)
  File "C:\Users\chris\AppData\Roaming\Python\Python314\site-packages\IPython\core\interactiveshell.py", line 3447, in run_cell_async
    has_raised = await self.run_ast_nodes(code_ast.body, cell_name,
  File "C:\Users\chris\AppData\Roaming\Python\Python314\site-packages\IPython\core\interactiveshell.py", line 3688, in run_ast_nodes
    if await self.run_code(code, result, async_=asy):
  File "C:\Users\chris\AppData\Roaming\Python\Python314\site-packages\IPython\core\interactiveshell.py", line 3748, in run_code
    exec(code_obj, self.user_global_ns, self.user_ns)
  File "C:\Users\chris\AppData\Local\Temp\ipykernel_5480\3007420965.py", line 73, in <module>
    runpy.run_path(str(script_path), run_name="__main__")
  File "<frozen runpy>", line 287, in run_path
  File "<frozen runpy>", line 98, in _run_module_code
  File "<frozen runpy>", line 88, in _run_code
  File "C:\Users\chris\Desktop\Code\TracesPresenter\Traces_presenter\Jupyter\Chaine\scripts_Mirabelle\eq_FE_Mirabelle.py", line 73, in <module>
    main(_read, _write)
  File "C:\Users\chris\Desktop\Code\TracesPresenter\Traces_presenter\Jupyter\Chaine\scripts_Mirabelle\eq_FE_Mirabelle.py", line 64, in main
    out.info("  %s : EQ = %.3f  (%d Run.Test)", actor, eq, len(attempts))
Message: '  %s : EQ = %.3f  (%d Run.Test)'
Arguments: ('dopants.recrie', 0.05, 24)
--- Logging error ---
Traceback (most recent call last):
  File "c:\Users\chris\AppData\Local\Programs\Python\Python314\Lib\logging\__init__.py", line 1154, in emit
    stream.write(msg + self.terminator)
    ~~~~~~~~~~~~^^^^^^^^^^^^^^^^^^^^^^^
ValueError: I/O operation on closed file.
Call stack:
  File "<frozen runpy>", line 198, in _run_module_as_main
  File "<frozen runpy>", line 88, in _run_code
  File "C:\Users\chris\AppData\Roaming\Python\Python314\site-packages\ipykernel_launcher.py", line 18, in <module>
    app.launch_new_instance()
  File "C:\Users\chris\AppData\Roaming\Python\Python314\site-packages\traitlets\config\application.py", line 1082, in launch_instance
    app.start()
  File "C:\Users\chris\AppData\Roaming\Python\Python314\site-packages\ipykernel\kernelapp.py", line 758, in start
    self.io_loop.start()
  File "C:\Users\chris\AppData\Roaming\Python\Python314\site-packages\tornado\platform\asyncio.py", line 211, in start
    self.asyncio_loop.run_forever()
  File "c:\Users\chris\AppData\Local\Programs\Python\Python314\Lib\asyncio\base_events.py", line 677, in run_forever
    self._run_once()
  File "c:\Users\chris\AppData\Local\Programs\Python\Python314\Lib\asyncio\base_events.py", line 2046, in _run_once
    handle._run()
  File "c:\Users\chris\AppData\Local\Programs\Python\Python314\Lib\asyncio\events.py", line 94, in _run
    self._context.run(self._callback, *self._args)
  File "C:\Users\chris\AppData\Roaming\Python\Python314\site-packages\ipykernel\kernelbase.py", line 621, in shell_main
    await self.dispatch_shell(msg, subshell_id=subshell_id)
  File "C:\Users\chris\AppData\Roaming\Python\Python314\site-packages\ipykernel\kernelbase.py", line 478, in dispatch_shell
    await result
  File "C:\Users\chris\AppData\Roaming\Python\Python314\site-packages\ipykernel\ipkernel.py", line 372, in execute_request
    await super().execute_request(stream, ident, parent)
  File "C:\Users\chris\AppData\Roaming\Python\Python314\site-packages\ipykernel\kernelbase.py", line 834, in execute_request
    reply_content = await reply_content
  File "C:\Users\chris\AppData\Roaming\Python\Python314\site-packages\ipykernel\ipkernel.py", line 464, in do_execute
    res = shell.run_cell(
  File "C:\Users\chris\AppData\Roaming\Python\Python314\site-packages\ipykernel\zmqshell.py", line 663, in run_cell
    return super().run_cell(*args, **kwargs)
  File "C:\Users\chris\AppData\Roaming\Python\Python314\site-packages\IPython\core\interactiveshell.py", line 3170, in run_cell
    result = self._run_cell(
  File "C:\Users\chris\AppData\Roaming\Python\Python314\site-packages\IPython\core\interactiveshell.py", line 3225, in _run_cell
    result = runner(coro)
  File "C:\Users\chris\AppData\Roaming\Python\Python314\site-packages\IPython\core\async_helpers.py", line 128, in _pseudo_sync_runner
    coro.send(None)
  File "C:\Users\chris\AppData\Roaming\Python\Python314\site-packages\IPython\core\interactiveshell.py", line 3447, in run_cell_async
    has_raised = await self.run_ast_nodes(code_ast.body, cell_name,
  File "C:\Users\chris\AppData\Roaming\Python\Python314\site-packages\IPython\core\interactiveshell.py", line 3688, in run_ast_nodes
    if await self.run_code(code, result, async_=asy):
  File "C:\Users\chris\AppData\Roaming\Python\Python314\site-packages\IPython\core\interactiveshell.py", line 3748, in run_code
    exec(code_obj, self.user_global_ns, self.user_ns)
  File "C:\Users\chris\AppData\Local\Temp\ipykernel_5480\3007420965.py", line 73, in <module>
    runpy.run_path(str(script_path), run_name="__main__")
  File "<frozen runpy>", line 287, in run_path
  File "<frozen runpy>", line 98, in _run_module_code
  File "<frozen runpy>", line 88, in _run_code
  File "C:\Users\chris\Desktop\Code\TracesPresenter\Traces_presenter\Jupyter\Chaine\scripts_Mirabelle\eq_FE_Mirabelle.py", line 73, in <module>
    main(_read, _write)
  File "C:\Users\chris\Desktop\Code\TracesPresenter\Traces_presenter\Jupyter\Chaine\scripts_Mirabelle\eq_FE_Mirabelle.py", line 64, in main
    out.info("  %s : EQ = %.3f  (%d Run.Test)", actor, eq, len(attempts))
Message: '  %s : EQ = %.3f  (%d Run.Test)'
Arguments: ('dotait.huilerons', 0.5932047750229569, 127)
--- Logging error ---
Traceback (most recent call last):
  File "c:\Users\chris\AppData\Local\Programs\Python\Python314\Lib\logging\__init__.py", line 1154, in emit
    stream.write(msg + self.terminator)
    ~~~~~~~~~~~~^^^^^^^^^^^^^^^^^^^^^^^
ValueError: I/O operation on closed file.
Call stack:
  File "<frozen runpy>", line 198, in _run_module_as_main
  File "<frozen runpy>", line 88, in _run_code
  File "C:\Users\chris\AppData\Roaming\Python\Python314\site-packages\ipykernel_launcher.py", line 18, in <module>
    app.launch_new_instance()
  File "C:\Users\chris\AppData\Roaming\Python\Python314\site-packages\traitlets\config\application.py", line 1082, in launch_instance
    app.start()
  File "C:\Users\chris\AppData\Roaming\Python\Python314\site-packages\ipykernel\kernelapp.py", line 758, in start
    self.io_loop.start()
  File "C:\Users\chris\AppData\Roaming\Python\Python314\site-packages\tornado\platform\asyncio.py", line 211, in start
    self.asyncio_loop.run_forever()
  File "c:\Users\chris\AppData\Local\Programs\Python\Python314\Lib\asyncio\base_events.py", line 677, in run_forever
    self._run_once()
  File "c:\Users\chris\AppData\Local\Programs\Python\Python314\Lib\asyncio\base_events.py", line 2046, in _run_once
    handle._run()
  File "c:\Users\chris\AppData\Local\Programs\Python\Python314\Lib\asyncio\events.py", line 94, in _run
    self._context.run(self._callback, *self._args)
  File "C:\Users\chris\AppData\Roaming\Python\Python314\site-packages\ipykernel\kernelbase.py", line 621, in shell_main
    await self.dispatch_shell(msg, subshell_id=subshell_id)
  File "C:\Users\chris\AppData\Roaming\Python\Python314\site-packages\ipykernel\kernelbase.py", line 478, in dispatch_shell
    await result
  File "C:\Users\chris\AppData\Roaming\Python\Python314\site-packages\ipykernel\ipkernel.py", line 372, in execute_request
    await super().execute_request(stream, ident, parent)
  File "C:\Users\chris\AppData\Roaming\Python\Python314\site-packages\ipykernel\kernelbase.py", line 834, in execute_request
    reply_content = await reply_content
  File "C:\Users\chris\AppData\Roaming\Python\Python314\site-packages\ipykernel\ipkernel.py", line 464, in do_execute
    res = shell.run_cell(
  File "C:\Users\chris\AppData\Roaming\Python\Python314\site-packages\ipykernel\zmqshell.py", line 663, in run_cell
    return super().run_cell(*args, **kwargs)
  File "C:\Users\chris\AppData\Roaming\Python\Python314\site-packages\IPython\core\interactiveshell.py", line 3170, in run_cell
    result = self._run_cell(
  File "C:\Users\chris\AppData\Roaming\Python\Python314\site-packages\IPython\core\interactiveshell.py", line 3225, in _run_cell
    result = runner(coro)
  File "C:\Users\chris\AppData\Roaming\Python\Python314\site-packages\IPython\core\async_helpers.py", line 128, in _pseudo_sync_runner
    coro.send(None)
  File "C:\Users\chris\AppData\Roaming\Python\Python314\site-packages\IPython\core\interactiveshell.py", line 3447, in run_cell_async
    has_raised = await self.run_ast_nodes(code_ast.body, cell_name,
  File "C:\Users\chris\AppData\Roaming\Python\Python314\site-packages\IPython\core\interactiveshell.py", line 3688, in run_ast_nodes
    if await self.run_code(code, result, async_=asy):
  File "C:\Users\chris\AppData\Roaming\Python\Python314\site-packages\IPython\core\interactiveshell.py", line 3748, in run_code
    exec(code_obj, self.user_global_ns, self.user_ns)
  File "C:\Users\chris\AppData\Local\Temp\ipykernel_5480\3007420965.py", line 73, in <module>
    runpy.run_path(str(script_path), run_name="__main__")
  File "<frozen runpy>", line 287, in run_path
  File "<frozen runpy>", line 98, in _run_module_code
  File "<frozen runpy>", line 88, in _run_code
  File "C:\Users\chris\Desktop\Code\TracesPresenter\Traces_presenter\Jupyter\Chaine\scripts_Mirabelle\eq_FE_Mirabelle.py", line 73, in <module>
    main(_read, _write)
  File "C:\Users\chris\Desktop\Code\TracesPresenter\Traces_presenter\Jupyter\Chaine\scripts_Mirabelle\eq_FE_Mirabelle.py", line 64, in main
    out.info("  %s : EQ = %.3f  (%d Run.Test)", actor, eq, len(attempts))
Message: '  %s : EQ = %.3f  (%d Run.Test)'
Arguments: ('echarpe.invoquez', 0.2597853535353536, 326)
--- Logging error ---
Traceback (most recent call last):
  File "c:\Users\chris\AppData\Local\Programs\Python\Python314\Lib\logging\__init__.py", line 1154, in emit
    stream.write(msg + self.terminator)
    ~~~~~~~~~~~~^^^^^^^^^^^^^^^^^^^^^^^
ValueError: I/O operation on closed file.
Call stack:
  File "<frozen runpy>", line 198, in _run_module_as_main
  File "<frozen runpy>", line 88, in _run_code
  File "C:\Users\chris\AppData\Roaming\Python\Python314\site-packages\ipykernel_launcher.py", line 18, in <module>
    app.launch_new_instance()
  File "C:\Users\chris\AppData\Roaming\Python\Python314\site-packages\traitlets\config\application.py", line 1082, in launch_instance
    app.start()
  File "C:\Users\chris\AppData\Roaming\Python\Python314\site-packages\ipykernel\kernelapp.py", line 758, in start
    self.io_loop.start()
  File "C:\Users\chris\AppData\Roaming\Python\Python314\site-packages\tornado\platform\asyncio.py", line 211, in start
    self.asyncio_loop.run_forever()
  File "c:\Users\chris\AppData\Local\Programs\Python\Python314\Lib\asyncio\base_events.py", line 677, in run_forever
    self._run_once()
  File "c:\Users\chris\AppData\Local\Programs\Python\Python314\Lib\asyncio\base_events.py", line 2046, in _run_once
    handle._run()
  File "c:\Users\chris\AppData\Local\Programs\Python\Python314\Lib\asyncio\events.py", line 94, in _run
    self._context.run(self._callback, *self._args)
  File "C:\Users\chris\AppData\Roaming\Python\Python314\site-packages\ipykernel\kernelbase.py", line 621, in shell_main
    await self.dispatch_shell(msg, subshell_id=subshell_id)
  File "C:\Users\chris\AppData\Roaming\Python\Python314\site-packages\ipykernel\kernelbase.py", line 478, in dispatch_shell
    await result
  File "C:\Users\chris\AppData\Roaming\Python\Python314\site-packages\ipykernel\ipkernel.py", line 372, in execute_request
    await super().execute_request(stream, ident, parent)
  File "C:\Users\chris\AppData\Roaming\Python\Python314\site-packages\ipykernel\kernelbase.py", line 834, in execute_request
    reply_content = await reply_content
  File "C:\Users\chris\AppData\Roaming\Python\Python314\site-packages\ipykernel\ipkernel.py", line 464, in do_execute
    res = shell.run_cell(
  File "C:\Users\chris\AppData\Roaming\Python\Python314\site-packages\ipykernel\zmqshell.py", line 663, in run_cell
    return super().run_cell(*args, **kwargs)
  File "C:\Users\chris\AppData\Roaming\Python\Python314\site-packages\IPython\core\interactiveshell.py", line 3170, in run_cell
    result = self._run_cell(
  File "C:\Users\chris\AppData\Roaming\Python\Python314\site-packages\IPython\core\interactiveshell.py", line 3225, in _run_cell
    result = runner(coro)
  File "C:\Users\chris\AppData\Roaming\Python\Python314\site-packages\IPython\core\async_helpers.py", line 128, in _pseudo_sync_runner
    coro.send(None)
  File "C:\Users\chris\AppData\Roaming\Python\Python314\site-packages\IPython\core\interactiveshell.py", line 3447, in run_cell_async
    has_raised = await self.run_ast_nodes(code_ast.body, cell_name,
  File "C:\Users\chris\AppData\Roaming\Python\Python314\site-packages\IPython\core\interactiveshell.py", line 3688, in run_ast_nodes
    if await self.run_code(code, result, async_=asy):
  File "C:\Users\chris\AppData\Roaming\Python\Python314\site-packages\IPython\core\interactiveshell.py", line 3748, in run_code
    exec(code_obj, self.user_global_ns, self.user_ns)
  File "C:\Users\chris\AppData\Local\Temp\ipykernel_5480\3007420965.py", line 73, in <module>
    runpy.run_path(str(script_path), run_name="__main__")
  File "<frozen runpy>", line 287, in run_path
  File "<frozen runpy>", line 98, in _run_module_code
  File "<frozen runpy>", line 88, in _run_code
  File "C:\Users\chris\Desktop\Code\TracesPresenter\Traces_presenter\Jupyter\Chaine\scripts_Mirabelle\eq_FE_Mirabelle.py", line 73, in <module>
    main(_read, _write)
  File "C:\Users\chris\Desktop\Code\TracesPresenter\Traces_presenter\Jupyter\Chaine\scripts_Mirabelle\eq_FE_Mirabelle.py", line 64, in main
    out.info("  %s : EQ = %.3f  (%d Run.Test)", actor, eq, len(attempts))
Message: '  %s : EQ = %.3f  (%d Run.Test)'
Arguments: ('eclairez.efforces', 0.44909090909090915, 237)
--- Logging error ---
Traceback (most recent call last):
  File "c:\Users\chris\AppData\Local\Programs\Python\Python314\Lib\logging\__init__.py", line 1154, in emit
    stream.write(msg + self.terminator)
    ~~~~~~~~~~~~^^^^^^^^^^^^^^^^^^^^^^^
ValueError: I/O operation on closed file.
Call stack:
  File "<frozen runpy>", line 198, in _run_module_as_main
  File "<frozen runpy>", line 88, in _run_code
  File "C:\Users\chris\AppData\Roaming\Python\Python314\site-packages\ipykernel_launcher.py", line 18, in <module>
    app.launch_new_instance()
  File "C:\Users\chris\AppData\Roaming\Python\Python314\site-packages\traitlets\config\application.py", line 1082, in launch_instance
    app.start()
  File "C:\Users\chris\AppData\Roaming\Python\Python314\site-packages\ipykernel\kernelapp.py", line 758, in start
    self.io_loop.start()
  File "C:\Users\chris\AppData\Roaming\Python\Python314\site-packages\tornado\platform\asyncio.py", line 211, in start
    self.asyncio_loop.run_forever()
  File "c:\Users\chris\AppData\Local\Programs\Python\Python314\Lib\asyncio\base_events.py", line 677, in run_forever
    self._run_once()
  File "c:\Users\chris\AppData\Local\Programs\Python\Python314\Lib\asyncio\base_events.py", line 2046, in _run_once
    handle._run()
  File "c:\Users\chris\AppData\Local\Programs\Python\Python314\Lib\asyncio\events.py", line 94, in _run
    self._context.run(self._callback, *self._args)
  File "C:\Users\chris\AppData\Roaming\Python\Python314\site-packages\ipykernel\kernelbase.py", line 621, in shell_main
    await self.dispatch_shell(msg, subshell_id=subshell_id)
  File "C:\Users\chris\AppData\Roaming\Python\Python314\site-packages\ipykernel\kernelbase.py", line 478, in dispatch_shell
    await result
  File "C:\Users\chris\AppData\Roaming\Python\Python314\site-packages\ipykernel\ipkernel.py", line 372, in execute_request
    await super().execute_request(stream, ident, parent)
  File "C:\Users\chris\AppData\Roaming\Python\Python314\site-packages\ipykernel\kernelbase.py", line 834, in execute_request
    reply_content = await reply_content
  File "C:\Users\chris\AppData\Roaming\Python\Python314\site-packages\ipykernel\ipkernel.py", line 464, in do_execute
    res = shell.run_cell(
  File "C:\Users\chris\AppData\Roaming\Python\Python314\site-packages\ipykernel\zmqshell.py", line 663, in run_cell
    return super().run_cell(*args, **kwargs)
  File "C:\Users\chris\AppData\Roaming\Python\Python314\site-packages\IPython\core\interactiveshell.py", line 3170, in run_cell
    result = self._run_cell(
  File "C:\Users\chris\AppData\Roaming\Python\Python314\site-packages\IPython\core\interactiveshell.py", line 3225, in _run_cell
    result = runner(coro)
  File "C:\Users\chris\AppData\Roaming\Python\Python314\site-packages\IPython\core\async_helpers.py", line 128, in _pseudo_sync_runner
    coro.send(None)
  File "C:\Users\chris\AppData\Roaming\Python\Python314\site-packages\IPython\core\interactiveshell.py", line 3447, in run_cell_async
    has_raised = await self.run_ast_nodes(code_ast.body, cell_name,
  File "C:\Users\chris\AppData\Roaming\Python\Python314\site-packages\IPython\core\interactiveshell.py", line 3688, in run_ast_nodes
    if await self.run_code(code, result, async_=asy):
  File "C:\Users\chris\AppData\Roaming\Python\Python314\site-packages\IPython\core\interactiveshell.py", line 3748, in run_code
    exec(code_obj, self.user_global_ns, self.user_ns)
  File "C:\Users\chris\AppData\Local\Temp\ipykernel_5480\3007420965.py", line 73, in <module>
    runpy.run_path(str(script_path), run_name="__main__")
  File "<frozen runpy>", line 287, in run_path
  File "<frozen runpy>", line 98, in _run_module_code
  File "<frozen runpy>", line 88, in _run_code
  File "C:\Users\chris\Desktop\Code\TracesPresenter\Traces_presenter\Jupyter\Chaine\scripts_Mirabelle\eq_FE_Mirabelle.py", line 73, in <module>
    main(_read, _write)
  File "C:\Users\chris\Desktop\Code\TracesPresenter\Traces_presenter\Jupyter\Chaine\scripts_Mirabelle\eq_FE_Mirabelle.py", line 64, in main
    out.info("  %s : EQ = %.3f  (%d Run.Test)", actor, eq, len(attempts))
Message: '  %s : EQ = %.3f  (%d Run.Test)'
Arguments: ('ecrieriez.indemnes', 0.2776915916847658, 318)
--- Logging error ---
Traceback (most recent call last):
  File "c:\Users\chris\AppData\Local\Programs\Python\Python314\Lib\logging\__init__.py", line 1154, in emit
    stream.write(msg + self.terminator)
    ~~~~~~~~~~~~^^^^^^^^^^^^^^^^^^^^^^^
ValueError: I/O operation on closed file.
Call stack:
  File "<frozen runpy>", line 198, in _run_module_as_main
  File "<frozen runpy>", line 88, in _run_code
  File "C:\Users\chris\AppData\Roaming\Python\Python314\site-packages\ipykernel_launcher.py", line 18, in <module>
    app.launch_new_instance()
  File "C:\Users\chris\AppData\Roaming\Python\Python314\site-packages\traitlets\config\application.py", line 1082, in launch_instance
    app.start()
  File "C:\Users\chris\AppData\Roaming\Python\Python314\site-packages\ipykernel\kernelapp.py", line 758, in start
    self.io_loop.start()
  File "C:\Users\chris\AppData\Roaming\Python\Python314\site-packages\tornado\platform\asyncio.py", line 211, in start
    self.asyncio_loop.run_forever()
  File "c:\Users\chris\AppData\Local\Programs\Python\Python314\Lib\asyncio\base_events.py", line 677, in run_forever
    self._run_once()
  File "c:\Users\chris\AppData\Local\Programs\Python\Python314\Lib\asyncio\base_events.py", line 2046, in _run_once
    handle._run()
  File "c:\Users\chris\AppData\Local\Programs\Python\Python314\Lib\asyncio\events.py", line 94, in _run
    self._context.run(self._callback, *self._args)
  File "C:\Users\chris\AppData\Roaming\Python\Python314\site-packages\ipykernel\kernelbase.py", line 621, in shell_main
    await self.dispatch_shell(msg, subshell_id=subshell_id)
  File "C:\Users\chris\AppData\Roaming\Python\Python314\site-packages\ipykernel\kernelbase.py", line 478, in dispatch_shell
    await result
  File "C:\Users\chris\AppData\Roaming\Python\Python314\site-packages\ipykernel\ipkernel.py", line 372, in execute_request
    await super().execute_request(stream, ident, parent)
  File "C:\Users\chris\AppData\Roaming\Python\Python314\site-packages\ipykernel\kernelbase.py", line 834, in execute_request
    reply_content = await reply_content
  File "C:\Users\chris\AppData\Roaming\Python\Python314\site-packages\ipykernel\ipkernel.py", line 464, in do_execute
    res = shell.run_cell(
  File "C:\Users\chris\AppData\Roaming\Python\Python314\site-packages\ipykernel\zmqshell.py", line 663, in run_cell
    return super().run_cell(*args, **kwargs)
  File "C:\Users\chris\AppData\Roaming\Python\Python314\site-packages\IPython\core\interactiveshell.py", line 3170, in run_cell
    result = self._run_cell(
  File "C:\Users\chris\AppData\Roaming\Python\Python314\site-packages\IPython\core\interactiveshell.py", line 3225, in _run_cell
    result = runner(coro)
  File "C:\Users\chris\AppData\Roaming\Python\Python314\site-packages\IPython\core\async_helpers.py", line 128, in _pseudo_sync_runner
    coro.send(None)
  File "C:\Users\chris\AppData\Roaming\Python\Python314\site-packages\IPython\core\interactiveshell.py", line 3447, in run_cell_async
    has_raised = await self.run_ast_nodes(code_ast.body, cell_name,
  File "C:\Users\chris\AppData\Roaming\Python\Python314\site-packages\IPython\core\interactiveshell.py", line 3688, in run_ast_nodes
    if await self.run_code(code, result, async_=asy):
  File "C:\Users\chris\AppData\Roaming\Python\Python314\site-packages\IPython\core\interactiveshell.py", line 3748, in run_code
    exec(code_obj, self.user_global_ns, self.user_ns)
  File "C:\Users\chris\AppData\Local\Temp\ipykernel_5480\3007420965.py", line 73, in <module>
    runpy.run_path(str(script_path), run_name="__main__")
  File "<frozen runpy>", line 287, in run_path
  File "<frozen runpy>", line 98, in _run_module_code
  File "<frozen runpy>", line 88, in _run_code
  File "C:\Users\chris\Desktop\Code\TracesPresenter\Traces_presenter\Jupyter\Chaine\scripts_Mirabelle\eq_FE_Mirabelle.py", line 73, in <module>
    main(_read, _write)
  File "C:\Users\chris\Desktop\Code\TracesPresenter\Traces_presenter\Jupyter\Chaine\scripts_Mirabelle\eq_FE_Mirabelle.py", line 64, in main
    out.info("  %s : EQ = %.3f  (%d Run.Test)", actor, eq, len(attempts))
Message: '  %s : EQ = %.3f  (%d Run.Test)'
Arguments: ('egalisiez.pendrons', 0.31105834464043425, 331)
--- Logging error ---
Traceback (most recent call last):
  File "c:\Users\chris\AppData\Local\Programs\Python\Python314\Lib\logging\__init__.py", line 1154, in emit
    stream.write(msg + self.terminator)
    ~~~~~~~~~~~~^^^^^^^^^^^^^^^^^^^^^^^
ValueError: I/O operation on closed file.
Call stack:
  File "<frozen runpy>", line 198, in _run_module_as_main
  File "<frozen runpy>", line 88, in _run_code
  File "C:\Users\chris\AppData\Roaming\Python\Python314\site-packages\ipykernel_launcher.py", line 18, in <module>
    app.launch_new_instance()
  File "C:\Users\chris\AppData\Roaming\Python\Python314\site-packages\traitlets\config\application.py", line 1082, in launch_instance
    app.start()
  File "C:\Users\chris\AppData\Roaming\Python\Python314\site-packages\ipykernel\kernelapp.py", line 758, in start
    self.io_loop.start()
  File "C:\Users\chris\AppData\Roaming\Python\Python314\site-packages\tornado\platform\asyncio.py", line 211, in start
    self.asyncio_loop.run_forever()
  File "c:\Users\chris\AppData\Local\Programs\Python\Python314\Lib\asyncio\base_events.py", line 677, in run_forever
    self._run_once()
  File "c:\Users\chris\AppData\Local\Programs\Python\Python314\Lib\asyncio\base_events.py", line 2046, in _run_once
    handle._run()
  File "c:\Users\chris\AppData\Local\Programs\Python\Python314\Lib\asyncio\events.py", line 94, in _run
    self._context.run(self._callback, *self._args)
  File "C:\Users\chris\AppData\Roaming\Python\Python314\site-packages\ipykernel\kernelbase.py", line 621, in shell_main
    await self.dispatch_shell(msg, subshell_id=subshell_id)
  File "C:\Users\chris\AppData\Roaming\Python\Python314\site-packages\ipykernel\kernelbase.py", line 478, in dispatch_shell
    await result
  File "C:\Users\chris\AppData\Roaming\Python\Python314\site-packages\ipykernel\ipkernel.py", line 372, in execute_request
    await super().execute_request(stream, ident, parent)
  File "C:\Users\chris\AppData\Roaming\Python\Python314\site-packages\ipykernel\kernelbase.py", line 834, in execute_request
    reply_content = await reply_content
  File "C:\Users\chris\AppData\Roaming\Python\Python314\site-packages\ipykernel\ipkernel.py", line 464, in do_execute
    res = shell.run_cell(
  File "C:\Users\chris\AppData\Roaming\Python\Python314\site-packages\ipykernel\zmqshell.py", line 663, in run_cell
    return super().run_cell(*args, **kwargs)
  File "C:\Users\chris\AppData\Roaming\Python\Python314\site-packages\IPython\core\interactiveshell.py", line 3170, in run_cell
    result = self._run_cell(
  File "C:\Users\chris\AppData\Roaming\Python\Python314\site-packages\IPython\core\interactiveshell.py", line 3225, in _run_cell
    result = runner(coro)
  File "C:\Users\chris\AppData\Roaming\Python\Python314\site-packages\IPython\core\async_helpers.py", line 128, in _pseudo_sync_runner
    coro.send(None)
  File "C:\Users\chris\AppData\Roaming\Python\Python314\site-packages\IPython\core\interactiveshell.py", line 3447, in run_cell_async
    has_raised = await self.run_ast_nodes(code_ast.body, cell_name,
  File "C:\Users\chris\AppData\Roaming\Python\Python314\site-packages\IPython\core\interactiveshell.py", line 3688, in run_ast_nodes
    if await self.run_code(code, result, async_=asy):
  File "C:\Users\chris\AppData\Roaming\Python\Python314\site-packages\IPython\core\interactiveshell.py", line 3748, in run_code
    exec(code_obj, self.user_global_ns, self.user_ns)
  File "C:\Users\chris\AppData\Local\Temp\ipykernel_5480\3007420965.py", line 73, in <module>
    runpy.run_path(str(script_path), run_name="__main__")
  File "<frozen runpy>", line 287, in run_path
  File "<frozen runpy>", line 98, in _run_module_code
  File "<frozen runpy>", line 88, in _run_code
  File "C:\Users\chris\Desktop\Code\TracesPresenter\Traces_presenter\Jupyter\Chaine\scripts_Mirabelle\eq_FE_Mirabelle.py", line 73, in <module>
    main(_read, _write)
  File "C:\Users\chris\Desktop\Code\TracesPresenter\Traces_presenter\Jupyter\Chaine\scripts_Mirabelle\eq_FE_Mirabelle.py", line 64, in main
    out.info("  %s : EQ = %.3f  (%d Run.Test)", actor, eq, len(attempts))
Message: '  %s : EQ = %.3f  (%d Run.Test)'
Arguments: ('egayant.taurins', 0.21666666666666667, 70)
--- Logging error ---
Traceback (most recent call last):
  File "c:\Users\chris\AppData\Local\Programs\Python\Python314\Lib\logging\__init__.py", line 1154, in emit
    stream.write(msg + self.terminator)
    ~~~~~~~~~~~~^^^^^^^^^^^^^^^^^^^^^^^
ValueError: I/O operation on closed file.
Call stack:
  File "<frozen runpy>", line 198, in _run_module_as_main
  File "<frozen runpy>", line 88, in _run_code
  File "C:\Users\chris\AppData\Roaming\Python\Python314\site-packages\ipykernel_launcher.py", line 18, in <module>
    app.launch_new_instance()
  File "C:\Users\chris\AppData\Roaming\Python\Python314\site-packages\traitlets\config\application.py", line 1082, in launch_instance
    app.start()
  File "C:\Users\chris\AppData\Roaming\Python\Python314\site-packages\ipykernel\kernelapp.py", line 758, in start
    self.io_loop.start()
  File "C:\Users\chris\AppData\Roaming\Python\Python314\site-packages\tornado\platform\asyncio.py", line 211, in start
    self.asyncio_loop.run_forever()
  File "c:\Users\chris\AppData\Local\Programs\Python\Python314\Lib\asyncio\base_events.py", line 677, in run_forever
    self._run_once()
  File "c:\Users\chris\AppData\Local\Programs\Python\Python314\Lib\asyncio\base_events.py", line 2046, in _run_once
    handle._run()
  File "c:\Users\chris\AppData\Local\Programs\Python\Python314\Lib\asyncio\events.py", line 94, in _run
    self._context.run(self._callback, *self._args)
  File "C:\Users\chris\AppData\Roaming\Python\Python314\site-packages\ipykernel\kernelbase.py", line 621, in shell_main
    await self.dispatch_shell(msg, subshell_id=subshell_id)
  File "C:\Users\chris\AppData\Roaming\Python\Python314\site-packages\ipykernel\kernelbase.py", line 478, in dispatch_shell
    await result
  File "C:\Users\chris\AppData\Roaming\Python\Python314\site-packages\ipykernel\ipkernel.py", line 372, in execute_request
    await super().execute_request(stream, ident, parent)
  File "C:\Users\chris\AppData\Roaming\Python\Python314\site-packages\ipykernel\kernelbase.py", line 834, in execute_request
    reply_content = await reply_content
  File "C:\Users\chris\AppData\Roaming\Python\Python314\site-packages\ipykernel\ipkernel.py", line 464, in do_execute
    res = shell.run_cell(
  File "C:\Users\chris\AppData\Roaming\Python\Python314\site-packages\ipykernel\zmqshell.py", line 663, in run_cell
    return super().run_cell(*args, **kwargs)
  File "C:\Users\chris\AppData\Roaming\Python\Python314\site-packages\IPython\core\interactiveshell.py", line 3170, in run_cell
    result = self._run_cell(
  File "C:\Users\chris\AppData\Roaming\Python\Python314\site-packages\IPython\core\interactiveshell.py", line 3225, in _run_cell
    result = runner(coro)
  File "C:\Users\chris\AppData\Roaming\Python\Python314\site-packages\IPython\core\async_helpers.py", line 128, in _pseudo_sync_runner
    coro.send(None)
  File "C:\Users\chris\AppData\Roaming\Python\Python314\site-packages\IPython\core\interactiveshell.py", line 3447, in run_cell_async
    has_raised = await self.run_ast_nodes(code_ast.body, cell_name,
  File "C:\Users\chris\AppData\Roaming\Python\Python314\site-packages\IPython\core\interactiveshell.py", line 3688, in run_ast_nodes
    if await self.run_code(code, result, async_=asy):
  File "C:\Users\chris\AppData\Roaming\Python\Python314\site-packages\IPython\core\interactiveshell.py", line 3748, in run_code
    exec(code_obj, self.user_global_ns, self.user_ns)
  File "C:\Users\chris\AppData\Local\Temp\ipykernel_5480\3007420965.py", line 73, in <module>
    runpy.run_path(str(script_path), run_name="__main__")
  File "<frozen runpy>", line 287, in run_path
  File "<frozen runpy>", line 98, in _run_module_code
  File "<frozen runpy>", line 88, in _run_code
  File "C:\Users\chris\Desktop\Code\TracesPresenter\Traces_presenter\Jupyter\Chaine\scripts_Mirabelle\eq_FE_Mirabelle.py", line 73, in <module>
    main(_read, _write)
  File "C:\Users\chris\Desktop\Code\TracesPresenter\Traces_presenter\Jupyter\Chaine\scripts_Mirabelle\eq_FE_Mirabelle.py", line 64, in main
    out.info("  %s : EQ = %.3f  (%d Run.Test)", actor, eq, len(attempts))
Message: '  %s : EQ = %.3f  (%d Run.Test)'
Arguments: ('egayer.variais', 0.2003081664098613, 150)
--- Logging error ---
Traceback (most recent call last):
  File "c:\Users\chris\AppData\Local\Programs\Python\Python314\Lib\logging\__init__.py", line 1154, in emit
    stream.write(msg + self.terminator)
    ~~~~~~~~~~~~^^^^^^^^^^^^^^^^^^^^^^^
ValueError: I/O operation on closed file.
Call stack:
  File "<frozen runpy>", line 198, in _run_module_as_main
  File "<frozen runpy>", line 88, in _run_code
  File "C:\Users\chris\AppData\Roaming\Python\Python314\site-packages\ipykernel_launcher.py", line 18, in <module>
    app.launch_new_instance()
  File "C:\Users\chris\AppData\Roaming\Python\Python314\site-packages\traitlets\config\application.py", line 1082, in launch_instance
    app.start()
  File "C:\Users\chris\AppData\Roaming\Python\Python314\site-packages\ipykernel\kernelapp.py", line 758, in start
    self.io_loop.start()
  File "C:\Users\chris\AppData\Roaming\Python\Python314\site-packages\tornado\platform\asyncio.py", line 211, in start
    self.asyncio_loop.run_forever()
  File "c:\Users\chris\AppData\Local\Programs\Python\Python314\Lib\asyncio\base_events.py", line 677, in run_forever
    self._run_once()
  File "c:\Users\chris\AppData\Local\Programs\Python\Python314\Lib\asyncio\base_events.py", line 2046, in _run_once
    handle._run()
  File "c:\Users\chris\AppData\Local\Programs\Python\Python314\Lib\asyncio\events.py", line 94, in _run
    self._context.run(self._callback, *self._args)
  File "C:\Users\chris\AppData\Roaming\Python\Python314\site-packages\ipykernel\kernelbase.py", line 621, in shell_main
    await self.dispatch_shell(msg, subshell_id=subshell_id)
  File "C:\Users\chris\AppData\Roaming\Python\Python314\site-packages\ipykernel\kernelbase.py", line 478, in dispatch_shell
    await result
  File "C:\Users\chris\AppData\Roaming\Python\Python314\site-packages\ipykernel\ipkernel.py", line 372, in execute_request
    await super().execute_request(stream, ident, parent)
  File "C:\Users\chris\AppData\Roaming\Python\Python314\site-packages\ipykernel\kernelbase.py", line 834, in execute_request
    reply_content = await reply_content
  File "C:\Users\chris\AppData\Roaming\Python\Python314\site-packages\ipykernel\ipkernel.py", line 464, in do_execute
    res = shell.run_cell(
  File "C:\Users\chris\AppData\Roaming\Python\Python314\site-packages\ipykernel\zmqshell.py", line 663, in run_cell
    return super().run_cell(*args, **kwargs)
  File "C:\Users\chris\AppData\Roaming\Python\Python314\site-packages\IPython\core\interactiveshell.py", line 3170, in run_cell
    result = self._run_cell(
  File "C:\Users\chris\AppData\Roaming\Python\Python314\site-packages\IPython\core\interactiveshell.py", line 3225, in _run_cell
    result = runner(coro)
  File "C:\Users\chris\AppData\Roaming\Python\Python314\site-packages\IPython\core\async_helpers.py", line 128, in _pseudo_sync_runner
    coro.send(None)
  File "C:\Users\chris\AppData\Roaming\Python\Python314\site-packages\IPython\core\interactiveshell.py", line 3447, in run_cell_async
    has_raised = await self.run_ast_nodes(code_ast.body, cell_name,
  File "C:\Users\chris\AppData\Roaming\Python\Python314\site-packages\IPython\core\interactiveshell.py", line 3688, in run_ast_nodes
    if await self.run_code(code, result, async_=asy):
  File "C:\Users\chris\AppData\Roaming\Python\Python314\site-packages\IPython\core\interactiveshell.py", line 3748, in run_code
    exec(code_obj, self.user_global_ns, self.user_ns)
  File "C:\Users\chris\AppData\Local\Temp\ipykernel_5480\3007420965.py", line 73, in <module>
    runpy.run_path(str(script_path), run_name="__main__")
  File "<frozen runpy>", line 287, in run_path
  File "<frozen runpy>", line 98, in _run_module_code
  File "<frozen runpy>", line 88, in _run_code
  File "C:\Users\chris\Desktop\Code\TracesPresenter\Traces_presenter\Jupyter\Chaine\scripts_Mirabelle\eq_FE_Mirabelle.py", line 73, in <module>
    main(_read, _write)
  File "C:\Users\chris\Desktop\Code\TracesPresenter\Traces_presenter\Jupyter\Chaine\scripts_Mirabelle\eq_FE_Mirabelle.py", line 64, in main
    out.info("  %s : EQ = %.3f  (%d Run.Test)", actor, eq, len(attempts))
Message: '  %s : EQ = %.3f  (%d Run.Test)'
Arguments: ('entaillee.beriberi', 0.0, 17)
--- Logging error ---
Traceback (most recent call last):
  File "c:\Users\chris\AppData\Local\Programs\Python\Python314\Lib\logging\__init__.py", line 1154, in emit
    stream.write(msg + self.terminator)
    ~~~~~~~~~~~~^^^^^^^^^^^^^^^^^^^^^^^
ValueError: I/O operation on closed file.
Call stack:
  File "<frozen runpy>", line 198, in _run_module_as_main
  File "<frozen runpy>", line 88, in _run_code
  File "C:\Users\chris\AppData\Roaming\Python\Python314\site-packages\ipykernel_launcher.py", line 18, in <module>
    app.launch_new_instance()
  File "C:\Users\chris\AppData\Roaming\Python\Python314\site-packages\traitlets\config\application.py", line 1082, in launch_instance
    app.start()
  File "C:\Users\chris\AppData\Roaming\Python\Python314\site-packages\ipykernel\kernelapp.py", line 758, in start
    self.io_loop.start()
  File "C:\Users\chris\AppData\Roaming\Python\Python314\site-packages\tornado\platform\asyncio.py", line 211, in start
    self.asyncio_loop.run_forever()
  File "c:\Users\chris\AppData\Local\Programs\Python\Python314\Lib\asyncio\base_events.py", line 677, in run_forever
    self._run_once()
  File "c:\Users\chris\AppData\Local\Programs\Python\Python314\Lib\asyncio\base_events.py", line 2046, in _run_once
    handle._run()
  File "c:\Users\chris\AppData\Local\Programs\Python\Python314\Lib\asyncio\events.py", line 94, in _run
    self._context.run(self._callback, *self._args)
  File "C:\Users\chris\AppData\Roaming\Python\Python314\site-packages\ipykernel\kernelbase.py", line 621, in shell_main
    await self.dispatch_shell(msg, subshell_id=subshell_id)
  File "C:\Users\chris\AppData\Roaming\Python\Python314\site-packages\ipykernel\kernelbase.py", line 478, in dispatch_shell
    await result
  File "C:\Users\chris\AppData\Roaming\Python\Python314\site-packages\ipykernel\ipkernel.py", line 372, in execute_request
    await super().execute_request(stream, ident, parent)
  File "C:\Users\chris\AppData\Roaming\Python\Python314\site-packages\ipykernel\kernelbase.py", line 834, in execute_request
    reply_content = await reply_content
  File "C:\Users\chris\AppData\Roaming\Python\Python314\site-packages\ipykernel\ipkernel.py", line 464, in do_execute
    res = shell.run_cell(
  File "C:\Users\chris\AppData\Roaming\Python\Python314\site-packages\ipykernel\zmqshell.py", line 663, in run_cell
    return super().run_cell(*args, **kwargs)
  File "C:\Users\chris\AppData\Roaming\Python\Python314\site-packages\IPython\core\interactiveshell.py", line 3170, in run_cell
    result = self._run_cell(
  File "C:\Users\chris\AppData\Roaming\Python\Python314\site-packages\IPython\core\interactiveshell.py", line 3225, in _run_cell
    result = runner(coro)
  File "C:\Users\chris\AppData\Roaming\Python\Python314\site-packages\IPython\core\async_helpers.py", line 128, in _pseudo_sync_runner
    coro.send(None)
  File "C:\Users\chris\AppData\Roaming\Python\Python314\site-packages\IPython\core\interactiveshell.py", line 3447, in run_cell_async
    has_raised = await self.run_ast_nodes(code_ast.body, cell_name,
  File "C:\Users\chris\AppData\Roaming\Python\Python314\site-packages\IPython\core\interactiveshell.py", line 3688, in run_ast_nodes
    if await self.run_code(code, result, async_=asy):
  File "C:\Users\chris\AppData\Roaming\Python\Python314\site-packages\IPython\core\interactiveshell.py", line 3748, in run_code
    exec(code_obj, self.user_global_ns, self.user_ns)
  File "C:\Users\chris\AppData\Local\Temp\ipykernel_5480\3007420965.py", line 73, in <module>
    runpy.run_path(str(script_path), run_name="__main__")
  File "<frozen runpy>", line 287, in run_path
  File "<frozen runpy>", line 98, in _run_module_code
  File "<frozen runpy>", line 88, in _run_code
  File "C:\Users\chris\Desktop\Code\TracesPresenter\Traces_presenter\Jupyter\Chaine\scripts_Mirabelle\eq_FE_Mirabelle.py", line 73, in <module>
    main(_read, _write)
  File "C:\Users\chris\Desktop\Code\TracesPresenter\Traces_presenter\Jupyter\Chaine\scripts_Mirabelle\eq_FE_Mirabelle.py", line 64, in main
    out.info("  %s : EQ = %.3f  (%d Run.Test)", actor, eq, len(attempts))
Message: '  %s : EQ = %.3f  (%d Run.Test)'
Arguments: ('epargnent.torpille', 0.5, 4)
--- Logging error ---
Traceback (most recent call last):
  File "c:\Users\chris\AppData\Local\Programs\Python\Python314\Lib\logging\__init__.py", line 1154, in emit
    stream.write(msg + self.terminator)
    ~~~~~~~~~~~~^^^^^^^^^^^^^^^^^^^^^^^
ValueError: I/O operation on closed file.
Call stack:
  File "<frozen runpy>", line 198, in _run_module_as_main
  File "<frozen runpy>", line 88, in _run_code
  File "C:\Users\chris\AppData\Roaming\Python\Python314\site-packages\ipykernel_launcher.py", line 18, in <module>
    app.launch_new_instance()
  File "C:\Users\chris\AppData\Roaming\Python\Python314\site-packages\traitlets\config\application.py", line 1082, in launch_instance
    app.start()
  File "C:\Users\chris\AppData\Roaming\Python\Python314\site-packages\ipykernel\kernelapp.py", line 758, in start
    self.io_loop.start()
  File "C:\Users\chris\AppData\Roaming\Python\Python314\site-packages\tornado\platform\asyncio.py", line 211, in start
    self.asyncio_loop.run_forever()
  File "c:\Users\chris\AppData\Local\Programs\Python\Python314\Lib\asyncio\base_events.py", line 677, in run_forever
    self._run_once()
  File "c:\Users\chris\AppData\Local\Programs\Python\Python314\Lib\asyncio\base_events.py", line 2046, in _run_once
    handle._run()
  File "c:\Users\chris\AppData\Local\Programs\Python\Python314\Lib\asyncio\events.py", line 94, in _run
    self._context.run(self._callback, *self._args)
  File "C:\Users\chris\AppData\Roaming\Python\Python314\site-packages\ipykernel\kernelbase.py", line 621, in shell_main
    await self.dispatch_shell(msg, subshell_id=subshell_id)
  File "C:\Users\chris\AppData\Roaming\Python\Python314\site-packages\ipykernel\kernelbase.py", line 478, in dispatch_shell
    await result
  File "C:\Users\chris\AppData\Roaming\Python\Python314\site-packages\ipykernel\ipkernel.py", line 372, in execute_request
    await super().execute_request(stream, ident, parent)
  File "C:\Users\chris\AppData\Roaming\Python\Python314\site-packages\ipykernel\kernelbase.py", line 834, in execute_request
    reply_content = await reply_content
  File "C:\Users\chris\AppData\Roaming\Python\Python314\site-packages\ipykernel\ipkernel.py", line 464, in do_execute
    res = shell.run_cell(
  File "C:\Users\chris\AppData\Roaming\Python\Python314\site-packages\ipykernel\zmqshell.py", line 663, in run_cell
    return super().run_cell(*args, **kwargs)
  File "C:\Users\chris\AppData\Roaming\Python\Python314\site-packages\IPython\core\interactiveshell.py", line 3170, in run_cell
    result = self._run_cell(
  File "C:\Users\chris\AppData\Roaming\Python\Python314\site-packages\IPython\core\interactiveshell.py", line 3225, in _run_cell
    result = runner(coro)
  File "C:\Users\chris\AppData\Roaming\Python\Python314\site-packages\IPython\core\async_helpers.py", line 128, in _pseudo_sync_runner
    coro.send(None)
  File "C:\Users\chris\AppData\Roaming\Python\Python314\site-packages\IPython\core\interactiveshell.py", line 3447, in run_cell_async
    has_raised = await self.run_ast_nodes(code_ast.body, cell_name,
  File "C:\Users\chris\AppData\Roaming\Python\Python314\site-packages\IPython\core\interactiveshell.py", line 3688, in run_ast_nodes
    if await self.run_code(code, result, async_=asy):
  File "C:\Users\chris\AppData\Roaming\Python\Python314\site-packages\IPython\core\interactiveshell.py", line 3748, in run_code
    exec(code_obj, self.user_global_ns, self.user_ns)
  File "C:\Users\chris\AppData\Local\Temp\ipykernel_5480\3007420965.py", line 73, in <module>
    runpy.run_path(str(script_path), run_name="__main__")
  File "<frozen runpy>", line 287, in run_path
  File "<frozen runpy>", line 98, in _run_module_code
  File "<frozen runpy>", line 88, in _run_code
  File "C:\Users\chris\Desktop\Code\TracesPresenter\Traces_presenter\Jupyter\Chaine\scripts_Mirabelle\eq_FE_Mirabelle.py", line 73, in <module>
    main(_read, _write)
  File "C:\Users\chris\Desktop\Code\TracesPresenter\Traces_presenter\Jupyter\Chaine\scripts_Mirabelle\eq_FE_Mirabelle.py", line 64, in main
    out.info("  %s : EQ = %.3f  (%d Run.Test)", actor, eq, len(attempts))
Message: '  %s : EQ = %.3f  (%d Run.Test)'
Arguments: ('erigerent.nubile', 0.3235294117647059, 44)
--- Logging error ---
Traceback (most recent call last):
  File "c:\Users\chris\AppData\Local\Programs\Python\Python314\Lib\logging\__init__.py", line 1154, in emit
    stream.write(msg + self.terminator)
    ~~~~~~~~~~~~^^^^^^^^^^^^^^^^^^^^^^^
ValueError: I/O operation on closed file.
Call stack:
  File "<frozen runpy>", line 198, in _run_module_as_main
  File "<frozen runpy>", line 88, in _run_code
  File "C:\Users\chris\AppData\Roaming\Python\Python314\site-packages\ipykernel_launcher.py", line 18, in <module>
    app.launch_new_instance()
  File "C:\Users\chris\AppData\Roaming\Python\Python314\site-packages\traitlets\config\application.py", line 1082, in launch_instance
    app.start()
  File "C:\Users\chris\AppData\Roaming\Python\Python314\site-packages\ipykernel\kernelapp.py", line 758, in start
    self.io_loop.start()
  File "C:\Users\chris\AppData\Roaming\Python\Python314\site-packages\tornado\platform\asyncio.py", line 211, in start
    self.asyncio_loop.run_forever()
  File "c:\Users\chris\AppData\Local\Programs\Python\Python314\Lib\asyncio\base_events.py", line 677, in run_forever
    self._run_once()
  File "c:\Users\chris\AppData\Local\Programs\Python\Python314\Lib\asyncio\base_events.py", line 2046, in _run_once
    handle._run()
  File "c:\Users\chris\AppData\Local\Programs\Python\Python314\Lib\asyncio\events.py", line 94, in _run
    self._context.run(self._callback, *self._args)
  File "C:\Users\chris\AppData\Roaming\Python\Python314\site-packages\ipykernel\kernelbase.py", line 621, in shell_main
    await self.dispatch_shell(msg, subshell_id=subshell_id)
  File "C:\Users\chris\AppData\Roaming\Python\Python314\site-packages\ipykernel\kernelbase.py", line 478, in dispatch_shell
    await result
  File "C:\Users\chris\AppData\Roaming\Python\Python314\site-packages\ipykernel\ipkernel.py", line 372, in execute_request
    await super().execute_request(stream, ident, parent)
  File "C:\Users\chris\AppData\Roaming\Python\Python314\site-packages\ipykernel\kernelbase.py", line 834, in execute_request
    reply_content = await reply_content
  File "C:\Users\chris\AppData\Roaming\Python\Python314\site-packages\ipykernel\ipkernel.py", line 464, in do_execute
    res = shell.run_cell(
  File "C:\Users\chris\AppData\Roaming\Python\Python314\site-packages\ipykernel\zmqshell.py", line 663, in run_cell
    return super().run_cell(*args, **kwargs)
  File "C:\Users\chris\AppData\Roaming\Python\Python314\site-packages\IPython\core\interactiveshell.py", line 3170, in run_cell
    result = self._run_cell(
  File "C:\Users\chris\AppData\Roaming\Python\Python314\site-packages\IPython\core\interactiveshell.py", line 3225, in _run_cell
    result = runner(coro)
  File "C:\Users\chris\AppData\Roaming\Python\Python314\site-packages\IPython\core\async_helpers.py", line 128, in _pseudo_sync_runner
    coro.send(None)
  File "C:\Users\chris\AppData\Roaming\Python\Python314\site-packages\IPython\core\interactiveshell.py", line 3447, in run_cell_async
    has_raised = await self.run_ast_nodes(code_ast.body, cell_name,
  File "C:\Users\chris\AppData\Roaming\Python\Python314\site-packages\IPython\core\interactiveshell.py", line 3688, in run_ast_nodes
    if await self.run_code(code, result, async_=asy):
  File "C:\Users\chris\AppData\Roaming\Python\Python314\site-packages\IPython\core\interactiveshell.py", line 3748, in run_code
    exec(code_obj, self.user_global_ns, self.user_ns)
  File "C:\Users\chris\AppData\Local\Temp\ipykernel_5480\3007420965.py", line 73, in <module>
    runpy.run_path(str(script_path), run_name="__main__")
  File "<frozen runpy>", line 287, in run_path
  File "<frozen runpy>", line 98, in _run_module_code
  File "<frozen runpy>", line 88, in _run_code
  File "C:\Users\chris\Desktop\Code\TracesPresenter\Traces_presenter\Jupyter\Chaine\scripts_Mirabelle\eq_FE_Mirabelle.py", line 73, in <module>
    main(_read, _write)
  File "C:\Users\chris\Desktop\Code\TracesPresenter\Traces_presenter\Jupyter\Chaine\scripts_Mirabelle\eq_FE_Mirabelle.py", line 60, in main
    out.warning("  %s : pas de paire de tentatives exploitable — ignoré", actor)
Message: '  %s : pas de paire de tentatives exploitable — ignoré'
Arguments: ('essayiez.annihile',)
--- Logging error ---
Traceback (most recent call last):
  File "c:\Users\chris\AppData\Local\Programs\Python\Python314\Lib\logging\__init__.py", line 1154, in emit
    stream.write(msg + self.terminator)
    ~~~~~~~~~~~~^^^^^^^^^^^^^^^^^^^^^^^
ValueError: I/O operation on closed file.
Call stack:
  File "<frozen runpy>", line 198, in _run_module_as_main
  File "<frozen runpy>", line 88, in _run_code
  File "C:\Users\chris\AppData\Roaming\Python\Python314\site-packages\ipykernel_launcher.py", line 18, in <module>
    app.launch_new_instance()
  File "C:\Users\chris\AppData\Roaming\Python\Python314\site-packages\traitlets\config\application.py", line 1082, in launch_instance
    app.start()
  File "C:\Users\chris\AppData\Roaming\Python\Python314\site-packages\ipykernel\kernelapp.py", line 758, in start
    self.io_loop.start()
  File "C:\Users\chris\AppData\Roaming\Python\Python314\site-packages\tornado\platform\asyncio.py", line 211, in start
    self.asyncio_loop.run_forever()
  File "c:\Users\chris\AppData\Local\Programs\Python\Python314\Lib\asyncio\base_events.py", line 677, in run_forever
    self._run_once()
  File "c:\Users\chris\AppData\Local\Programs\Python\Python314\Lib\asyncio\base_events.py", line 2046, in _run_once
    handle._run()
  File "c:\Users\chris\AppData\Local\Programs\Python\Python314\Lib\asyncio\events.py", line 94, in _run
    self._context.run(self._callback, *self._args)
  File "C:\Users\chris\AppData\Roaming\Python\Python314\site-packages\ipykernel\kernelbase.py", line 621, in shell_main
    await self.dispatch_shell(msg, subshell_id=subshell_id)
  File "C:\Users\chris\AppData\Roaming\Python\Python314\site-packages\ipykernel\kernelbase.py", line 478, in dispatch_shell
    await result
  File "C:\Users\chris\AppData\Roaming\Python\Python314\site-packages\ipykernel\ipkernel.py", line 372, in execute_request
    await super().execute_request(stream, ident, parent)
  File "C:\Users\chris\AppData\Roaming\Python\Python314\site-packages\ipykernel\kernelbase.py", line 834, in execute_request
    reply_content = await reply_content
  File "C:\Users\chris\AppData\Roaming\Python\Python314\site-packages\ipykernel\ipkernel.py", line 464, in do_execute
    res = shell.run_cell(
  File "C:\Users\chris\AppData\Roaming\Python\Python314\site-packages\ipykernel\zmqshell.py", line 663, in run_cell
    return super().run_cell(*args, **kwargs)
  File "C:\Users\chris\AppData\Roaming\Python\Python314\site-packages\IPython\core\interactiveshell.py", line 3170, in run_cell
    result = self._run_cell(
  File "C:\Users\chris\AppData\Roaming\Python\Python314\site-packages\IPython\core\interactiveshell.py", line 3225, in _run_cell
    result = runner(coro)
  File "C:\Users\chris\AppData\Roaming\Python\Python314\site-packages\IPython\core\async_helpers.py", line 128, in _pseudo_sync_runner
    coro.send(None)
  File "C:\Users\chris\AppData\Roaming\Python\Python314\site-packages\IPython\core\interactiveshell.py", line 3447, in run_cell_async
    has_raised = await self.run_ast_nodes(code_ast.body, cell_name,
  File "C:\Users\chris\AppData\Roaming\Python\Python314\site-packages\IPython\core\interactiveshell.py", line 3688, in run_ast_nodes
    if await self.run_code(code, result, async_=asy):
  File "C:\Users\chris\AppData\Roaming\Python\Python314\site-packages\IPython\core\interactiveshell.py", line 3748, in run_code
    exec(code_obj, self.user_global_ns, self.user_ns)
  File "C:\Users\chris\AppData\Local\Temp\ipykernel_5480\3007420965.py", line 73, in <module>
    runpy.run_path(str(script_path), run_name="__main__")
  File "<frozen runpy>", line 287, in run_path
  File "<frozen runpy>", line 98, in _run_module_code
  File "<frozen runpy>", line 88, in _run_code
  File "C:\Users\chris\Desktop\Code\TracesPresenter\Traces_presenter\Jupyter\Chaine\scripts_Mirabelle\eq_FE_Mirabelle.py", line 73, in <module>
    main(_read, _write)
  File "C:\Users\chris\Desktop\Code\TracesPresenter\Traces_presenter\Jupyter\Chaine\scripts_Mirabelle\eq_FE_Mirabelle.py", line 64, in main
    out.info("  %s : EQ = %.3f  (%d Run.Test)", actor, eq, len(attempts))
Message: '  %s : EQ = %.3f  (%d Run.Test)'
Arguments: ('estompes.renomme', 0.3333333333333333, 92)
--- Logging error ---
Traceback (most recent call last):
  File "c:\Users\chris\AppData\Local\Programs\Python\Python314\Lib\logging\__init__.py", line 1154, in emit
    stream.write(msg + self.terminator)
    ~~~~~~~~~~~~^^^^^^^^^^^^^^^^^^^^^^^
ValueError: I/O operation on closed file.
Call stack:
  File "<frozen runpy>", line 198, in _run_module_as_main
  File "<frozen runpy>", line 88, in _run_code
  File "C:\Users\chris\AppData\Roaming\Python\Python314\site-packages\ipykernel_launcher.py", line 18, in <module>
    app.launch_new_instance()
  File "C:\Users\chris\AppData\Roaming\Python\Python314\site-packages\traitlets\config\application.py", line 1082, in launch_instance
    app.start()
  File "C:\Users\chris\AppData\Roaming\Python\Python314\site-packages\ipykernel\kernelapp.py", line 758, in start
    self.io_loop.start()
  File "C:\Users\chris\AppData\Roaming\Python\Python314\site-packages\tornado\platform\asyncio.py", line 211, in start
    self.asyncio_loop.run_forever()
  File "c:\Users\chris\AppData\Local\Programs\Python\Python314\Lib\asyncio\base_events.py", line 677, in run_forever
    self._run_once()
  File "c:\Users\chris\AppData\Local\Programs\Python\Python314\Lib\asyncio\base_events.py", line 2046, in _run_once
    handle._run()
  File "c:\Users\chris\AppData\Local\Programs\Python\Python314\Lib\asyncio\events.py", line 94, in _run
    self._context.run(self._callback, *self._args)
  File "C:\Users\chris\AppData\Roaming\Python\Python314\site-packages\ipykernel\kernelbase.py", line 621, in shell_main
    await self.dispatch_shell(msg, subshell_id=subshell_id)
  File "C:\Users\chris\AppData\Roaming\Python\Python314\site-packages\ipykernel\kernelbase.py", line 478, in dispatch_shell
    await result
  File "C:\Users\chris\AppData\Roaming\Python\Python314\site-packages\ipykernel\ipkernel.py", line 372, in execute_request
    await super().execute_request(stream, ident, parent)
  File "C:\Users\chris\AppData\Roaming\Python\Python314\site-packages\ipykernel\kernelbase.py", line 834, in execute_request
    reply_content = await reply_content
  File "C:\Users\chris\AppData\Roaming\Python\Python314\site-packages\ipykernel\ipkernel.py", line 464, in do_execute
    res = shell.run_cell(
  File "C:\Users\chris\AppData\Roaming\Python\Python314\site-packages\ipykernel\zmqshell.py", line 663, in run_cell
    return super().run_cell(*args, **kwargs)
  File "C:\Users\chris\AppData\Roaming\Python\Python314\site-packages\IPython\core\interactiveshell.py", line 3170, in run_cell
    result = self._run_cell(
  File "C:\Users\chris\AppData\Roaming\Python\Python314\site-packages\IPython\core\interactiveshell.py", line 3225, in _run_cell
    result = runner(coro)
  File "C:\Users\chris\AppData\Roaming\Python\Python314\site-packages\IPython\core\async_helpers.py", line 128, in _pseudo_sync_runner
    coro.send(None)
  File "C:\Users\chris\AppData\Roaming\Python\Python314\site-packages\IPython\core\interactiveshell.py", line 3447, in run_cell_async
    has_raised = await self.run_ast_nodes(code_ast.body, cell_name,
  File "C:\Users\chris\AppData\Roaming\Python\Python314\site-packages\IPython\core\interactiveshell.py", line 3688, in run_ast_nodes
    if await self.run_code(code, result, async_=asy):
  File "C:\Users\chris\AppData\Roaming\Python\Python314\site-packages\IPython\core\interactiveshell.py", line 3748, in run_code
    exec(code_obj, self.user_global_ns, self.user_ns)
  File "C:\Users\chris\AppData\Local\Temp\ipykernel_5480\3007420965.py", line 73, in <module>
    runpy.run_path(str(script_path), run_name="__main__")
  File "<frozen runpy>", line 287, in run_path
  File "<frozen runpy>", line 98, in _run_module_code
  File "<frozen runpy>", line 88, in _run_code
  File "C:\Users\chris\Desktop\Code\TracesPresenter\Traces_presenter\Jupyter\Chaine\scripts_Mirabelle\eq_FE_Mirabelle.py", line 73, in <module>
    main(_read, _write)
  File "C:\Users\chris\Desktop\Code\TracesPresenter\Traces_presenter\Jupyter\Chaine\scripts_Mirabelle\eq_FE_Mirabelle.py", line 64, in main
    out.info("  %s : EQ = %.3f  (%d Run.Test)", actor, eq, len(attempts))
Message: '  %s : EQ = %.3f  (%d Run.Test)'
Arguments: ('expediee.percluse', 0.1, 61)
--- Logging error ---
Traceback (most recent call last):
  File "c:\Users\chris\AppData\Local\Programs\Python\Python314\Lib\logging\__init__.py", line 1154, in emit
    stream.write(msg + self.terminator)
    ~~~~~~~~~~~~^^^^^^^^^^^^^^^^^^^^^^^
ValueError: I/O operation on closed file.
Call stack:
  File "<frozen runpy>", line 198, in _run_module_as_main
  File "<frozen runpy>", line 88, in _run_code
  File "C:\Users\chris\AppData\Roaming\Python\Python314\site-packages\ipykernel_launcher.py", line 18, in <module>
    app.launch_new_instance()
  File "C:\Users\chris\AppData\Roaming\Python\Python314\site-packages\traitlets\config\application.py", line 1082, in launch_instance
    app.start()
  File "C:\Users\chris\AppData\Roaming\Python\Python314\site-packages\ipykernel\kernelapp.py", line 758, in start
    self.io_loop.start()
  File "C:\Users\chris\AppData\Roaming\Python\Python314\site-packages\tornado\platform\asyncio.py", line 211, in start
    self.asyncio_loop.run_forever()
  File "c:\Users\chris\AppData\Local\Programs\Python\Python314\Lib\asyncio\base_events.py", line 677, in run_forever
    self._run_once()
  File "c:\Users\chris\AppData\Local\Programs\Python\Python314\Lib\asyncio\base_events.py", line 2046, in _run_once
    handle._run()
  File "c:\Users\chris\AppData\Local\Programs\Python\Python314\Lib\asyncio\events.py", line 94, in _run
    self._context.run(self._callback, *self._args)
  File "C:\Users\chris\AppData\Roaming\Python\Python314\site-packages\ipykernel\kernelbase.py", line 621, in shell_main
    await self.dispatch_shell(msg, subshell_id=subshell_id)
  File "C:\Users\chris\AppData\Roaming\Python\Python314\site-packages\ipykernel\kernelbase.py", line 478, in dispatch_shell
    await result
  File "C:\Users\chris\AppData\Roaming\Python\Python314\site-packages\ipykernel\ipkernel.py", line 372, in execute_request
    await super().execute_request(stream, ident, parent)
  File "C:\Users\chris\AppData\Roaming\Python\Python314\site-packages\ipykernel\kernelbase.py", line 834, in execute_request
    reply_content = await reply_content
  File "C:\Users\chris\AppData\Roaming\Python\Python314\site-packages\ipykernel\ipkernel.py", line 464, in do_execute
    res = shell.run_cell(
  File "C:\Users\chris\AppData\Roaming\Python\Python314\site-packages\ipykernel\zmqshell.py", line 663, in run_cell
    return super().run_cell(*args, **kwargs)
  File "C:\Users\chris\AppData\Roaming\Python\Python314\site-packages\IPython\core\interactiveshell.py", line 3170, in run_cell
    result = self._run_cell(
  File "C:\Users\chris\AppData\Roaming\Python\Python314\site-packages\IPython\core\interactiveshell.py", line 3225, in _run_cell
    result = runner(coro)
  File "C:\Users\chris\AppData\Roaming\Python\Python314\site-packages\IPython\core\async_helpers.py", line 128, in _pseudo_sync_runner
    coro.send(None)
  File "C:\Users\chris\AppData\Roaming\Python\Python314\site-packages\IPython\core\interactiveshell.py", line 3447, in run_cell_async
    has_raised = await self.run_ast_nodes(code_ast.body, cell_name,
  File "C:\Users\chris\AppData\Roaming\Python\Python314\site-packages\IPython\core\interactiveshell.py", line 3688, in run_ast_nodes
    if await self.run_code(code, result, async_=asy):
  File "C:\Users\chris\AppData\Roaming\Python\Python314\site-packages\IPython\core\interactiveshell.py", line 3748, in run_code
    exec(code_obj, self.user_global_ns, self.user_ns)
  File "C:\Users\chris\AppData\Local\Temp\ipykernel_5480\3007420965.py", line 73, in <module>
    runpy.run_path(str(script_path), run_name="__main__")
  File "<frozen runpy>", line 287, in run_path
  File "<frozen runpy>", line 98, in _run_module_code
  File "<frozen runpy>", line 88, in _run_code
  File "C:\Users\chris\Desktop\Code\TracesPresenter\Traces_presenter\Jupyter\Chaine\scripts_Mirabelle\eq_FE_Mirabelle.py", line 73, in <module>
    main(_read, _write)
  File "C:\Users\chris\Desktop\Code\TracesPresenter\Traces_presenter\Jupyter\Chaine\scripts_Mirabelle\eq_FE_Mirabelle.py", line 64, in main
    out.info("  %s : EQ = %.3f  (%d Run.Test)", actor, eq, len(attempts))
Message: '  %s : EQ = %.3f  (%d Run.Test)'
Arguments: ('expliquer.reimprime', 0.3644408688656477, 145)
--- Logging error ---
Traceback (most recent call last):
  File "c:\Users\chris\AppData\Local\Programs\Python\Python314\Lib\logging\__init__.py", line 1154, in emit
    stream.write(msg + self.terminator)
    ~~~~~~~~~~~~^^^^^^^^^^^^^^^^^^^^^^^
ValueError: I/O operation on closed file.
Call stack:
  File "<frozen runpy>", line 198, in _run_module_as_main
  File "<frozen runpy>", line 88, in _run_code
  File "C:\Users\chris\AppData\Roaming\Python\Python314\site-packages\ipykernel_launcher.py", line 18, in <module>
    app.launch_new_instance()
  File "C:\Users\chris\AppData\Roaming\Python\Python314\site-packages\traitlets\config\application.py", line 1082, in launch_instance
    app.start()
  File "C:\Users\chris\AppData\Roaming\Python\Python314\site-packages\ipykernel\kernelapp.py", line 758, in start
    self.io_loop.start()
  File "C:\Users\chris\AppData\Roaming\Python\Python314\site-packages\tornado\platform\asyncio.py", line 211, in start
    self.asyncio_loop.run_forever()
  File "c:\Users\chris\AppData\Local\Programs\Python\Python314\Lib\asyncio\base_events.py", line 677, in run_forever
    self._run_once()
  File "c:\Users\chris\AppData\Local\Programs\Python\Python314\Lib\asyncio\base_events.py", line 2046, in _run_once
    handle._run()
  File "c:\Users\chris\AppData\Local\Programs\Python\Python314\Lib\asyncio\events.py", line 94, in _run
    self._context.run(self._callback, *self._args)
  File "C:\Users\chris\AppData\Roaming\Python\Python314\site-packages\ipykernel\kernelbase.py", line 621, in shell_main
    await self.dispatch_shell(msg, subshell_id=subshell_id)
  File "C:\Users\chris\AppData\Roaming\Python\Python314\site-packages\ipykernel\kernelbase.py", line 478, in dispatch_shell
    await result
  File "C:\Users\chris\AppData\Roaming\Python\Python314\site-packages\ipykernel\ipkernel.py", line 372, in execute_request
    await super().execute_request(stream, ident, parent)
  File "C:\Users\chris\AppData\Roaming\Python\Python314\site-packages\ipykernel\kernelbase.py", line 834, in execute_request
    reply_content = await reply_content
  File "C:\Users\chris\AppData\Roaming\Python\Python314\site-packages\ipykernel\ipkernel.py", line 464, in do_execute
    res = shell.run_cell(
  File "C:\Users\chris\AppData\Roaming\Python\Python314\site-packages\ipykernel\zmqshell.py", line 663, in run_cell
    return super().run_cell(*args, **kwargs)
  File "C:\Users\chris\AppData\Roaming\Python\Python314\site-packages\IPython\core\interactiveshell.py", line 3170, in run_cell
    result = self._run_cell(
  File "C:\Users\chris\AppData\Roaming\Python\Python314\site-packages\IPython\core\interactiveshell.py", line 3225, in _run_cell
    result = runner(coro)
  File "C:\Users\chris\AppData\Roaming\Python\Python314\site-packages\IPython\core\async_helpers.py", line 128, in _pseudo_sync_runner
    coro.send(None)
  File "C:\Users\chris\AppData\Roaming\Python\Python314\site-packages\IPython\core\interactiveshell.py", line 3447, in run_cell_async
    has_raised = await self.run_ast_nodes(code_ast.body, cell_name,
  File "C:\Users\chris\AppData\Roaming\Python\Python314\site-packages\IPython\core\interactiveshell.py", line 3688, in run_ast_nodes
    if await self.run_code(code, result, async_=asy):
  File "C:\Users\chris\AppData\Roaming\Python\Python314\site-packages\IPython\core\interactiveshell.py", line 3748, in run_code
    exec(code_obj, self.user_global_ns, self.user_ns)
  File "C:\Users\chris\AppData\Local\Temp\ipykernel_5480\3007420965.py", line 73, in <module>
    runpy.run_path(str(script_path), run_name="__main__")
  File "<frozen runpy>", line 287, in run_path
  File "<frozen runpy>", line 98, in _run_module_code
  File "<frozen runpy>", line 88, in _run_code
  File "C:\Users\chris\Desktop\Code\TracesPresenter\Traces_presenter\Jupyter\Chaine\scripts_Mirabelle\eq_FE_Mirabelle.py", line 73, in <module>
    main(_read, _write)
  File "C:\Users\chris\Desktop\Code\TracesPresenter\Traces_presenter\Jupyter\Chaine\scripts_Mirabelle\eq_FE_Mirabelle.py", line 64, in main
    out.info("  %s : EQ = %.3f  (%d Run.Test)", actor, eq, len(attempts))
Message: '  %s : EQ = %.3f  (%d Run.Test)'
Arguments: ('extension.ligue', 0.23076923076923078, 97)
--- Logging error ---
Traceback (most recent call last):
  File "c:\Users\chris\AppData\Local\Programs\Python\Python314\Lib\logging\__init__.py", line 1154, in emit
    stream.write(msg + self.terminator)
    ~~~~~~~~~~~~^^^^^^^^^^^^^^^^^^^^^^^
ValueError: I/O operation on closed file.
Call stack:
  File "<frozen runpy>", line 198, in _run_module_as_main
  File "<frozen runpy>", line 88, in _run_code
  File "C:\Users\chris\AppData\Roaming\Python\Python314\site-packages\ipykernel_launcher.py", line 18, in <module>
    app.launch_new_instance()
  File "C:\Users\chris\AppData\Roaming\Python\Python314\site-packages\traitlets\config\application.py", line 1082, in launch_instance
    app.start()
  File "C:\Users\chris\AppData\Roaming\Python\Python314\site-packages\ipykernel\kernelapp.py", line 758, in start
    self.io_loop.start()
  File "C:\Users\chris\AppData\Roaming\Python\Python314\site-packages\tornado\platform\asyncio.py", line 211, in start
    self.asyncio_loop.run_forever()
  File "c:\Users\chris\AppData\Local\Programs\Python\Python314\Lib\asyncio\base_events.py", line 677, in run_forever
    self._run_once()
  File "c:\Users\chris\AppData\Local\Programs\Python\Python314\Lib\asyncio\base_events.py", line 2046, in _run_once
    handle._run()
  File "c:\Users\chris\AppData\Local\Programs\Python\Python314\Lib\asyncio\events.py", line 94, in _run
    self._context.run(self._callback, *self._args)
  File "C:\Users\chris\AppData\Roaming\Python\Python314\site-packages\ipykernel\kernelbase.py", line 621, in shell_main
    await self.dispatch_shell(msg, subshell_id=subshell_id)
  File "C:\Users\chris\AppData\Roaming\Python\Python314\site-packages\ipykernel\kernelbase.py", line 478, in dispatch_shell
    await result
  File "C:\Users\chris\AppData\Roaming\Python\Python314\site-packages\ipykernel\ipkernel.py", line 372, in execute_request
    await super().execute_request(stream, ident, parent)
  File "C:\Users\chris\AppData\Roaming\Python\Python314\site-packages\ipykernel\kernelbase.py", line 834, in execute_request
    reply_content = await reply_content
  File "C:\Users\chris\AppData\Roaming\Python\Python314\site-packages\ipykernel\ipkernel.py", line 464, in do_execute
    res = shell.run_cell(
  File "C:\Users\chris\AppData\Roaming\Python\Python314\site-packages\ipykernel\zmqshell.py", line 663, in run_cell
    return super().run_cell(*args, **kwargs)
  File "C:\Users\chris\AppData\Roaming\Python\Python314\site-packages\IPython\core\interactiveshell.py", line 3170, in run_cell
    result = self._run_cell(
  File "C:\Users\chris\AppData\Roaming\Python\Python314\site-packages\IPython\core\interactiveshell.py", line 3225, in _run_cell
    result = runner(coro)
  File "C:\Users\chris\AppData\Roaming\Python\Python314\site-packages\IPython\core\async_helpers.py", line 128, in _pseudo_sync_runner
    coro.send(None)
  File "C:\Users\chris\AppData\Roaming\Python\Python314\site-packages\IPython\core\interactiveshell.py", line 3447, in run_cell_async
    has_raised = await self.run_ast_nodes(code_ast.body, cell_name,
  File "C:\Users\chris\AppData\Roaming\Python\Python314\site-packages\IPython\core\interactiveshell.py", line 3688, in run_ast_nodes
    if await self.run_code(code, result, async_=asy):
  File "C:\Users\chris\AppData\Roaming\Python\Python314\site-packages\IPython\core\interactiveshell.py", line 3748, in run_code
    exec(code_obj, self.user_global_ns, self.user_ns)
  File "C:\Users\chris\AppData\Local\Temp\ipykernel_5480\3007420965.py", line 73, in <module>
    runpy.run_path(str(script_path), run_name="__main__")
  File "<frozen runpy>", line 287, in run_path
  File "<frozen runpy>", line 98, in _run_module_code
  File "<frozen runpy>", line 88, in _run_code
  File "C:\Users\chris\Desktop\Code\TracesPresenter\Traces_presenter\Jupyter\Chaine\scripts_Mirabelle\eq_FE_Mirabelle.py", line 73, in <module>
    main(_read, _write)
  File "C:\Users\chris\Desktop\Code\TracesPresenter\Traces_presenter\Jupyter\Chaine\scripts_Mirabelle\eq_FE_Mirabelle.py", line 64, in main
    out.info("  %s : EQ = %.3f  (%d Run.Test)", actor, eq, len(attempts))
Message: '  %s : EQ = %.3f  (%d Run.Test)'
Arguments: ('fachent.fauchage', 0.5261890427453342, 185)
--- Logging error ---
Traceback (most recent call last):
  File "c:\Users\chris\AppData\Local\Programs\Python\Python314\Lib\logging\__init__.py", line 1154, in emit
    stream.write(msg + self.terminator)
    ~~~~~~~~~~~~^^^^^^^^^^^^^^^^^^^^^^^
ValueError: I/O operation on closed file.
Call stack:
  File "<frozen runpy>", line 198, in _run_module_as_main
  File "<frozen runpy>", line 88, in _run_code
  File "C:\Users\chris\AppData\Roaming\Python\Python314\site-packages\ipykernel_launcher.py", line 18, in <module>
    app.launch_new_instance()
  File "C:\Users\chris\AppData\Roaming\Python\Python314\site-packages\traitlets\config\application.py", line 1082, in launch_instance
    app.start()
  File "C:\Users\chris\AppData\Roaming\Python\Python314\site-packages\ipykernel\kernelapp.py", line 758, in start
    self.io_loop.start()
  File "C:\Users\chris\AppData\Roaming\Python\Python314\site-packages\tornado\platform\asyncio.py", line 211, in start
    self.asyncio_loop.run_forever()
  File "c:\Users\chris\AppData\Local\Programs\Python\Python314\Lib\asyncio\base_events.py", line 677, in run_forever
    self._run_once()
  File "c:\Users\chris\AppData\Local\Programs\Python\Python314\Lib\asyncio\base_events.py", line 2046, in _run_once
    handle._run()
  File "c:\Users\chris\AppData\Local\Programs\Python\Python314\Lib\asyncio\events.py", line 94, in _run
    self._context.run(self._callback, *self._args)
  File "C:\Users\chris\AppData\Roaming\Python\Python314\site-packages\ipykernel\kernelbase.py", line 621, in shell_main
    await self.dispatch_shell(msg, subshell_id=subshell_id)
  File "C:\Users\chris\AppData\Roaming\Python\Python314\site-packages\ipykernel\kernelbase.py", line 478, in dispatch_shell
    await result
  File "C:\Users\chris\AppData\Roaming\Python\Python314\site-packages\ipykernel\ipkernel.py", line 372, in execute_request
    await super().execute_request(stream, ident, parent)
  File "C:\Users\chris\AppData\Roaming\Python\Python314\site-packages\ipykernel\kernelbase.py", line 834, in execute_request
    reply_content = await reply_content
  File "C:\Users\chris\AppData\Roaming\Python\Python314\site-packages\ipykernel\ipkernel.py", line 464, in do_execute
    res = shell.run_cell(
  File "C:\Users\chris\AppData\Roaming\Python\Python314\site-packages\ipykernel\zmqshell.py", line 663, in run_cell
    return super().run_cell(*args, **kwargs)
  File "C:\Users\chris\AppData\Roaming\Python\Python314\site-packages\IPython\core\interactiveshell.py", line 3170, in run_cell
    result = self._run_cell(
  File "C:\Users\chris\AppData\Roaming\Python\Python314\site-packages\IPython\core\interactiveshell.py", line 3225, in _run_cell
    result = runner(coro)
  File "C:\Users\chris\AppData\Roaming\Python\Python314\site-packages\IPython\core\async_helpers.py", line 128, in _pseudo_sync_runner
    coro.send(None)
  File "C:\Users\chris\AppData\Roaming\Python\Python314\site-packages\IPython\core\interactiveshell.py", line 3447, in run_cell_async
    has_raised = await self.run_ast_nodes(code_ast.body, cell_name,
  File "C:\Users\chris\AppData\Roaming\Python\Python314\site-packages\IPython\core\interactiveshell.py", line 3688, in run_ast_nodes
    if await self.run_code(code, result, async_=asy):
  File "C:\Users\chris\AppData\Roaming\Python\Python314\site-packages\IPython\core\interactiveshell.py", line 3748, in run_code
    exec(code_obj, self.user_global_ns, self.user_ns)
  File "C:\Users\chris\AppData\Local\Temp\ipykernel_5480\3007420965.py", line 73, in <module>
    runpy.run_path(str(script_path), run_name="__main__")
  File "<frozen runpy>", line 287, in run_path
  File "<frozen runpy>", line 98, in _run_module_code
  File "<frozen runpy>", line 88, in _run_code
  File "C:\Users\chris\Desktop\Code\TracesPresenter\Traces_presenter\Jupyter\Chaine\scripts_Mirabelle\eq_FE_Mirabelle.py", line 73, in <module>
    main(_read, _write)
  File "C:\Users\chris\Desktop\Code\TracesPresenter\Traces_presenter\Jupyter\Chaine\scripts_Mirabelle\eq_FE_Mirabelle.py", line 64, in main
    out.info("  %s : EQ = %.3f  (%d Run.Test)", actor, eq, len(attempts))
Message: '  %s : EQ = %.3f  (%d Run.Test)'
Arguments: ('fanees.disserter', 0.3973063973063973, 86)
--- Logging error ---
Traceback (most recent call last):
  File "c:\Users\chris\AppData\Local\Programs\Python\Python314\Lib\logging\__init__.py", line 1154, in emit
    stream.write(msg + self.terminator)
    ~~~~~~~~~~~~^^^^^^^^^^^^^^^^^^^^^^^
ValueError: I/O operation on closed file.
Call stack:
  File "<frozen runpy>", line 198, in _run_module_as_main
  File "<frozen runpy>", line 88, in _run_code
  File "C:\Users\chris\AppData\Roaming\Python\Python314\site-packages\ipykernel_launcher.py", line 18, in <module>
    app.launch_new_instance()
  File "C:\Users\chris\AppData\Roaming\Python\Python314\site-packages\traitlets\config\application.py", line 1082, in launch_instance
    app.start()
  File "C:\Users\chris\AppData\Roaming\Python\Python314\site-packages\ipykernel\kernelapp.py", line 758, in start
    self.io_loop.start()
  File "C:\Users\chris\AppData\Roaming\Python\Python314\site-packages\tornado\platform\asyncio.py", line 211, in start
    self.asyncio_loop.run_forever()
  File "c:\Users\chris\AppData\Local\Programs\Python\Python314\Lib\asyncio\base_events.py", line 677, in run_forever
    self._run_once()
  File "c:\Users\chris\AppData\Local\Programs\Python\Python314\Lib\asyncio\base_events.py", line 2046, in _run_once
    handle._run()
  File "c:\Users\chris\AppData\Local\Programs\Python\Python314\Lib\asyncio\events.py", line 94, in _run
    self._context.run(self._callback, *self._args)
  File "C:\Users\chris\AppData\Roaming\Python\Python314\site-packages\ipykernel\kernelbase.py", line 621, in shell_main
    await self.dispatch_shell(msg, subshell_id=subshell_id)
  File "C:\Users\chris\AppData\Roaming\Python\Python314\site-packages\ipykernel\kernelbase.py", line 478, in dispatch_shell
    await result
  File "C:\Users\chris\AppData\Roaming\Python\Python314\site-packages\ipykernel\ipkernel.py", line 372, in execute_request
    await super().execute_request(stream, ident, parent)
  File "C:\Users\chris\AppData\Roaming\Python\Python314\site-packages\ipykernel\kernelbase.py", line 834, in execute_request
    reply_content = await reply_content
  File "C:\Users\chris\AppData\Roaming\Python\Python314\site-packages\ipykernel\ipkernel.py", line 464, in do_execute
    res = shell.run_cell(
  File "C:\Users\chris\AppData\Roaming\Python\Python314\site-packages\ipykernel\zmqshell.py", line 663, in run_cell
    return super().run_cell(*args, **kwargs)
  File "C:\Users\chris\AppData\Roaming\Python\Python314\site-packages\IPython\core\interactiveshell.py", line 3170, in run_cell
    result = self._run_cell(
  File "C:\Users\chris\AppData\Roaming\Python\Python314\site-packages\IPython\core\interactiveshell.py", line 3225, in _run_cell
    result = runner(coro)
  File "C:\Users\chris\AppData\Roaming\Python\Python314\site-packages\IPython\core\async_helpers.py", line 128, in _pseudo_sync_runner
    coro.send(None)
  File "C:\Users\chris\AppData\Roaming\Python\Python314\site-packages\IPython\core\interactiveshell.py", line 3447, in run_cell_async
    has_raised = await self.run_ast_nodes(code_ast.body, cell_name,
  File "C:\Users\chris\AppData\Roaming\Python\Python314\site-packages\IPython\core\interactiveshell.py", line 3688, in run_ast_nodes
    if await self.run_code(code, result, async_=asy):
  File "C:\Users\chris\AppData\Roaming\Python\Python314\site-packages\IPython\core\interactiveshell.py", line 3748, in run_code
    exec(code_obj, self.user_global_ns, self.user_ns)
  File "C:\Users\chris\AppData\Local\Temp\ipykernel_5480\3007420965.py", line 73, in <module>
    runpy.run_path(str(script_path), run_name="__main__")
  File "<frozen runpy>", line 287, in run_path
  File "<frozen runpy>", line 98, in _run_module_code
  File "<frozen runpy>", line 88, in _run_code
  File "C:\Users\chris\Desktop\Code\TracesPresenter\Traces_presenter\Jupyter\Chaine\scripts_Mirabelle\eq_FE_Mirabelle.py", line 73, in <module>
    main(_read, _write)
  File "C:\Users\chris\Desktop\Code\TracesPresenter\Traces_presenter\Jupyter\Chaine\scripts_Mirabelle\eq_FE_Mirabelle.py", line 64, in main
    out.info("  %s : EQ = %.3f  (%d Run.Test)", actor, eq, len(attempts))
Message: '  %s : EQ = %.3f  (%d Run.Test)'
Arguments: ('feminise.traiteurs', 0.345959595959596, 316)
--- Logging error ---
Traceback (most recent call last):
  File "c:\Users\chris\AppData\Local\Programs\Python\Python314\Lib\logging\__init__.py", line 1154, in emit
    stream.write(msg + self.terminator)
    ~~~~~~~~~~~~^^^^^^^^^^^^^^^^^^^^^^^
ValueError: I/O operation on closed file.
Call stack:
  File "<frozen runpy>", line 198, in _run_module_as_main
  File "<frozen runpy>", line 88, in _run_code
  File "C:\Users\chris\AppData\Roaming\Python\Python314\site-packages\ipykernel_launcher.py", line 18, in <module>
    app.launch_new_instance()
  File "C:\Users\chris\AppData\Roaming\Python\Python314\site-packages\traitlets\config\application.py", line 1082, in launch_instance
    app.start()
  File "C:\Users\chris\AppData\Roaming\Python\Python314\site-packages\ipykernel\kernelapp.py", line 758, in start
    self.io_loop.start()
  File "C:\Users\chris\AppData\Roaming\Python\Python314\site-packages\tornado\platform\asyncio.py", line 211, in start
    self.asyncio_loop.run_forever()
  File "c:\Users\chris\AppData\Local\Programs\Python\Python314\Lib\asyncio\base_events.py", line 677, in run_forever
    self._run_once()
  File "c:\Users\chris\AppData\Local\Programs\Python\Python314\Lib\asyncio\base_events.py", line 2046, in _run_once
    handle._run()
  File "c:\Users\chris\AppData\Local\Programs\Python\Python314\Lib\asyncio\events.py", line 94, in _run
    self._context.run(self._callback, *self._args)
  File "C:\Users\chris\AppData\Roaming\Python\Python314\site-packages\ipykernel\kernelbase.py", line 621, in shell_main
    await self.dispatch_shell(msg, subshell_id=subshell_id)
  File "C:\Users\chris\AppData\Roaming\Python\Python314\site-packages\ipykernel\kernelbase.py", line 478, in dispatch_shell
    await result
  File "C:\Users\chris\AppData\Roaming\Python\Python314\site-packages\ipykernel\ipkernel.py", line 372, in execute_request
    await super().execute_request(stream, ident, parent)
  File "C:\Users\chris\AppData\Roaming\Python\Python314\site-packages\ipykernel\kernelbase.py", line 834, in execute_request
    reply_content = await reply_content
  File "C:\Users\chris\AppData\Roaming\Python\Python314\site-packages\ipykernel\ipkernel.py", line 464, in do_execute
    res = shell.run_cell(
  File "C:\Users\chris\AppData\Roaming\Python\Python314\site-packages\ipykernel\zmqshell.py", line 663, in run_cell
    return super().run_cell(*args, **kwargs)
  File "C:\Users\chris\AppData\Roaming\Python\Python314\site-packages\IPython\core\interactiveshell.py", line 3170, in run_cell
    result = self._run_cell(
  File "C:\Users\chris\AppData\Roaming\Python\Python314\site-packages\IPython\core\interactiveshell.py", line 3225, in _run_cell
    result = runner(coro)
  File "C:\Users\chris\AppData\Roaming\Python\Python314\site-packages\IPython\core\async_helpers.py", line 128, in _pseudo_sync_runner
    coro.send(None)
  File "C:\Users\chris\AppData\Roaming\Python\Python314\site-packages\IPython\core\interactiveshell.py", line 3447, in run_cell_async
    has_raised = await self.run_ast_nodes(code_ast.body, cell_name,
  File "C:\Users\chris\AppData\Roaming\Python\Python314\site-packages\IPython\core\interactiveshell.py", line 3688, in run_ast_nodes
    if await self.run_code(code, result, async_=asy):
  File "C:\Users\chris\AppData\Roaming\Python\Python314\site-packages\IPython\core\interactiveshell.py", line 3748, in run_code
    exec(code_obj, self.user_global_ns, self.user_ns)
  File "C:\Users\chris\AppData\Local\Temp\ipykernel_5480\3007420965.py", line 73, in <module>
    runpy.run_path(str(script_path), run_name="__main__")
  File "<frozen runpy>", line 287, in run_path
  File "<frozen runpy>", line 98, in _run_module_code
  File "<frozen runpy>", line 88, in _run_code
  File "C:\Users\chris\Desktop\Code\TracesPresenter\Traces_presenter\Jupyter\Chaine\scripts_Mirabelle\eq_FE_Mirabelle.py", line 73, in <module>
    main(_read, _write)
  File "C:\Users\chris\Desktop\Code\TracesPresenter\Traces_presenter\Jupyter\Chaine\scripts_Mirabelle\eq_FE_Mirabelle.py", line 64, in main
    out.info("  %s : EQ = %.3f  (%d Run.Test)", actor, eq, len(attempts))
Message: '  %s : EQ = %.3f  (%d Run.Test)'
Arguments: ('fissurer.brandiras', 0.2, 11)
--- Logging error ---
Traceback (most recent call last):
  File "c:\Users\chris\AppData\Local\Programs\Python\Python314\Lib\logging\__init__.py", line 1154, in emit
    stream.write(msg + self.terminator)
    ~~~~~~~~~~~~^^^^^^^^^^^^^^^^^^^^^^^
ValueError: I/O operation on closed file.
Call stack:
  File "<frozen runpy>", line 198, in _run_module_as_main
  File "<frozen runpy>", line 88, in _run_code
  File "C:\Users\chris\AppData\Roaming\Python\Python314\site-packages\ipykernel_launcher.py", line 18, in <module>
    app.launch_new_instance()
  File "C:\Users\chris\AppData\Roaming\Python\Python314\site-packages\traitlets\config\application.py", line 1082, in launch_instance
    app.start()
  File "C:\Users\chris\AppData\Roaming\Python\Python314\site-packages\ipykernel\kernelapp.py", line 758, in start
    self.io_loop.start()
  File "C:\Users\chris\AppData\Roaming\Python\Python314\site-packages\tornado\platform\asyncio.py", line 211, in start
    self.asyncio_loop.run_forever()
  File "c:\Users\chris\AppData\Local\Programs\Python\Python314\Lib\asyncio\base_events.py", line 677, in run_forever
    self._run_once()
  File "c:\Users\chris\AppData\Local\Programs\Python\Python314\Lib\asyncio\base_events.py", line 2046, in _run_once
    handle._run()
  File "c:\Users\chris\AppData\Local\Programs\Python\Python314\Lib\asyncio\events.py", line 94, in _run
    self._context.run(self._callback, *self._args)
  File "C:\Users\chris\AppData\Roaming\Python\Python314\site-packages\ipykernel\kernelbase.py", line 621, in shell_main
    await self.dispatch_shell(msg, subshell_id=subshell_id)
  File "C:\Users\chris\AppData\Roaming\Python\Python314\site-packages\ipykernel\kernelbase.py", line 478, in dispatch_shell
    await result
  File "C:\Users\chris\AppData\Roaming\Python\Python314\site-packages\ipykernel\ipkernel.py", line 372, in execute_request
    await super().execute_request(stream, ident, parent)
  File "C:\Users\chris\AppData\Roaming\Python\Python314\site-packages\ipykernel\kernelbase.py", line 834, in execute_request
    reply_content = await reply_content
  File "C:\Users\chris\AppData\Roaming\Python\Python314\site-packages\ipykernel\ipkernel.py", line 464, in do_execute
    res = shell.run_cell(
  File "C:\Users\chris\AppData\Roaming\Python\Python314\site-packages\ipykernel\zmqshell.py", line 663, in run_cell
    return super().run_cell(*args, **kwargs)
  File "C:\Users\chris\AppData\Roaming\Python\Python314\site-packages\IPython\core\interactiveshell.py", line 3170, in run_cell
    result = self._run_cell(
  File "C:\Users\chris\AppData\Roaming\Python\Python314\site-packages\IPython\core\interactiveshell.py", line 3225, in _run_cell
    result = runner(coro)
  File "C:\Users\chris\AppData\Roaming\Python\Python314\site-packages\IPython\core\async_helpers.py", line 128, in _pseudo_sync_runner
    coro.send(None)
  File "C:\Users\chris\AppData\Roaming\Python\Python314\site-packages\IPython\core\interactiveshell.py", line 3447, in run_cell_async
    has_raised = await self.run_ast_nodes(code_ast.body, cell_name,
  File "C:\Users\chris\AppData\Roaming\Python\Python314\site-packages\IPython\core\interactiveshell.py", line 3688, in run_ast_nodes
    if await self.run_code(code, result, async_=asy):
  File "C:\Users\chris\AppData\Roaming\Python\Python314\site-packages\IPython\core\interactiveshell.py", line 3748, in run_code
    exec(code_obj, self.user_global_ns, self.user_ns)
  File "C:\Users\chris\AppData\Local\Temp\ipykernel_5480\3007420965.py", line 73, in <module>
    runpy.run_path(str(script_path), run_name="__main__")
  File "<frozen runpy>", line 287, in run_path
  File "<frozen runpy>", line 98, in _run_module_code
  File "<frozen runpy>", line 88, in _run_code
  File "C:\Users\chris\Desktop\Code\TracesPresenter\Traces_presenter\Jupyter\Chaine\scripts_Mirabelle\eq_FE_Mirabelle.py", line 73, in <module>
    main(_read, _write)
  File "C:\Users\chris\Desktop\Code\TracesPresenter\Traces_presenter\Jupyter\Chaine\scripts_Mirabelle\eq_FE_Mirabelle.py", line 64, in main
    out.info("  %s : EQ = %.3f  (%d Run.Test)", actor, eq, len(attempts))
Message: '  %s : EQ = %.3f  (%d Run.Test)'
Arguments: ('flaneras.irriguer', 0.1525252525252525, 108)
--- Logging error ---
Traceback (most recent call last):
  File "c:\Users\chris\AppData\Local\Programs\Python\Python314\Lib\logging\__init__.py", line 1154, in emit
    stream.write(msg + self.terminator)
    ~~~~~~~~~~~~^^^^^^^^^^^^^^^^^^^^^^^
ValueError: I/O operation on closed file.
Call stack:
  File "<frozen runpy>", line 198, in _run_module_as_main
  File "<frozen runpy>", line 88, in _run_code
  File "C:\Users\chris\AppData\Roaming\Python\Python314\site-packages\ipykernel_launcher.py", line 18, in <module>
    app.launch_new_instance()
  File "C:\Users\chris\AppData\Roaming\Python\Python314\site-packages\traitlets\config\application.py", line 1082, in launch_instance
    app.start()
  File "C:\Users\chris\AppData\Roaming\Python\Python314\site-packages\ipykernel\kernelapp.py", line 758, in start
    self.io_loop.start()
  File "C:\Users\chris\AppData\Roaming\Python\Python314\site-packages\tornado\platform\asyncio.py", line 211, in start
    self.asyncio_loop.run_forever()
  File "c:\Users\chris\AppData\Local\Programs\Python\Python314\Lib\asyncio\base_events.py", line 677, in run_forever
    self._run_once()
  File "c:\Users\chris\AppData\Local\Programs\Python\Python314\Lib\asyncio\base_events.py", line 2046, in _run_once
    handle._run()
  File "c:\Users\chris\AppData\Local\Programs\Python\Python314\Lib\asyncio\events.py", line 94, in _run
    self._context.run(self._callback, *self._args)
  File "C:\Users\chris\AppData\Roaming\Python\Python314\site-packages\ipykernel\kernelbase.py", line 621, in shell_main
    await self.dispatch_shell(msg, subshell_id=subshell_id)
  File "C:\Users\chris\AppData\Roaming\Python\Python314\site-packages\ipykernel\kernelbase.py", line 478, in dispatch_shell
    await result
  File "C:\Users\chris\AppData\Roaming\Python\Python314\site-packages\ipykernel\ipkernel.py", line 372, in execute_request
    await super().execute_request(stream, ident, parent)
  File "C:\Users\chris\AppData\Roaming\Python\Python314\site-packages\ipykernel\kernelbase.py", line 834, in execute_request
    reply_content = await reply_content
  File "C:\Users\chris\AppData\Roaming\Python\Python314\site-packages\ipykernel\ipkernel.py", line 464, in do_execute
    res = shell.run_cell(
  File "C:\Users\chris\AppData\Roaming\Python\Python314\site-packages\ipykernel\zmqshell.py", line 663, in run_cell
    return super().run_cell(*args, **kwargs)
  File "C:\Users\chris\AppData\Roaming\Python\Python314\site-packages\IPython\core\interactiveshell.py", line 3170, in run_cell
    result = self._run_cell(
  File "C:\Users\chris\AppData\Roaming\Python\Python314\site-packages\IPython\core\interactiveshell.py", line 3225, in _run_cell
    result = runner(coro)
  File "C:\Users\chris\AppData\Roaming\Python\Python314\site-packages\IPython\core\async_helpers.py", line 128, in _pseudo_sync_runner
    coro.send(None)
  File "C:\Users\chris\AppData\Roaming\Python\Python314\site-packages\IPython\core\interactiveshell.py", line 3447, in run_cell_async
    has_raised = await self.run_ast_nodes(code_ast.body, cell_name,
  File "C:\Users\chris\AppData\Roaming\Python\Python314\site-packages\IPython\core\interactiveshell.py", line 3688, in run_ast_nodes
    if await self.run_code(code, result, async_=asy):
  File "C:\Users\chris\AppData\Roaming\Python\Python314\site-packages\IPython\core\interactiveshell.py", line 3748, in run_code
    exec(code_obj, self.user_global_ns, self.user_ns)
  File "C:\Users\chris\AppData\Local\Temp\ipykernel_5480\3007420965.py", line 73, in <module>
    runpy.run_path(str(script_path), run_name="__main__")
  File "<frozen runpy>", line 287, in run_path
  File "<frozen runpy>", line 98, in _run_module_code
  File "<frozen runpy>", line 88, in _run_code
  File "C:\Users\chris\Desktop\Code\TracesPresenter\Traces_presenter\Jupyter\Chaine\scripts_Mirabelle\eq_FE_Mirabelle.py", line 73, in <module>
    main(_read, _write)
  File "C:\Users\chris\Desktop\Code\TracesPresenter\Traces_presenter\Jupyter\Chaine\scripts_Mirabelle\eq_FE_Mirabelle.py", line 60, in main
    out.warning("  %s : pas de paire de tentatives exploitable — ignoré", actor)
Message: '  %s : pas de paire de tentatives exploitable — ignoré'
Arguments: ('foliaces.alertiez',)
--- Logging error ---
Traceback (most recent call last):
  File "c:\Users\chris\AppData\Local\Programs\Python\Python314\Lib\logging\__init__.py", line 1154, in emit
    stream.write(msg + self.terminator)
    ~~~~~~~~~~~~^^^^^^^^^^^^^^^^^^^^^^^
ValueError: I/O operation on closed file.
Call stack:
  File "<frozen runpy>", line 198, in _run_module_as_main
  File "<frozen runpy>", line 88, in _run_code
  File "C:\Users\chris\AppData\Roaming\Python\Python314\site-packages\ipykernel_launcher.py", line 18, in <module>
    app.launch_new_instance()
  File "C:\Users\chris\AppData\Roaming\Python\Python314\site-packages\traitlets\config\application.py", line 1082, in launch_instance
    app.start()
  File "C:\Users\chris\AppData\Roaming\Python\Python314\site-packages\ipykernel\kernelapp.py", line 758, in start
    self.io_loop.start()
  File "C:\Users\chris\AppData\Roaming\Python\Python314\site-packages\tornado\platform\asyncio.py", line 211, in start
    self.asyncio_loop.run_forever()
  File "c:\Users\chris\AppData\Local\Programs\Python\Python314\Lib\asyncio\base_events.py", line 677, in run_forever
    self._run_once()
  File "c:\Users\chris\AppData\Local\Programs\Python\Python314\Lib\asyncio\base_events.py", line 2046, in _run_once
    handle._run()
  File "c:\Users\chris\AppData\Local\Programs\Python\Python314\Lib\asyncio\events.py", line 94, in _run
    self._context.run(self._callback, *self._args)
  File "C:\Users\chris\AppData\Roaming\Python\Python314\site-packages\ipykernel\kernelbase.py", line 621, in shell_main
    await self.dispatch_shell(msg, subshell_id=subshell_id)
  File "C:\Users\chris\AppData\Roaming\Python\Python314\site-packages\ipykernel\kernelbase.py", line 478, in dispatch_shell
    await result
  File "C:\Users\chris\AppData\Roaming\Python\Python314\site-packages\ipykernel\ipkernel.py", line 372, in execute_request
    await super().execute_request(stream, ident, parent)
  File "C:\Users\chris\AppData\Roaming\Python\Python314\site-packages\ipykernel\kernelbase.py", line 834, in execute_request
    reply_content = await reply_content
  File "C:\Users\chris\AppData\Roaming\Python\Python314\site-packages\ipykernel\ipkernel.py", line 464, in do_execute
    res = shell.run_cell(
  File "C:\Users\chris\AppData\Roaming\Python\Python314\site-packages\ipykernel\zmqshell.py", line 663, in run_cell
    return super().run_cell(*args, **kwargs)
  File "C:\Users\chris\AppData\Roaming\Python\Python314\site-packages\IPython\core\interactiveshell.py", line 3170, in run_cell
    result = self._run_cell(
  File "C:\Users\chris\AppData\Roaming\Python\Python314\site-packages\IPython\core\interactiveshell.py", line 3225, in _run_cell
    result = runner(coro)
  File "C:\Users\chris\AppData\Roaming\Python\Python314\site-packages\IPython\core\async_helpers.py", line 128, in _pseudo_sync_runner
    coro.send(None)
  File "C:\Users\chris\AppData\Roaming\Python\Python314\site-packages\IPython\core\interactiveshell.py", line 3447, in run_cell_async
    has_raised = await self.run_ast_nodes(code_ast.body, cell_name,
  File "C:\Users\chris\AppData\Roaming\Python\Python314\site-packages\IPython\core\interactiveshell.py", line 3688, in run_ast_nodes
    if await self.run_code(code, result, async_=asy):
  File "C:\Users\chris\AppData\Roaming\Python\Python314\site-packages\IPython\core\interactiveshell.py", line 3748, in run_code
    exec(code_obj, self.user_global_ns, self.user_ns)
  File "C:\Users\chris\AppData\Local\Temp\ipykernel_5480\3007420965.py", line 73, in <module>
    runpy.run_path(str(script_path), run_name="__main__")
  File "<frozen runpy>", line 287, in run_path
  File "<frozen runpy>", line 98, in _run_module_code
  File "<frozen runpy>", line 88, in _run_code
  File "C:\Users\chris\Desktop\Code\TracesPresenter\Traces_presenter\Jupyter\Chaine\scripts_Mirabelle\eq_FE_Mirabelle.py", line 73, in <module>
    main(_read, _write)
  File "C:\Users\chris\Desktop\Code\TracesPresenter\Traces_presenter\Jupyter\Chaine\scripts_Mirabelle\eq_FE_Mirabelle.py", line 64, in main
    out.info("  %s : EQ = %.3f  (%d Run.Test)", actor, eq, len(attempts))
Message: '  %s : EQ = %.3f  (%d Run.Test)'
Arguments: ('forestier.redonnes', 0.2624179943767572, 236)
--- Logging error ---
Traceback (most recent call last):
  File "c:\Users\chris\AppData\Local\Programs\Python\Python314\Lib\logging\__init__.py", line 1154, in emit
    stream.write(msg + self.terminator)
    ~~~~~~~~~~~~^^^^^^^^^^^^^^^^^^^^^^^
ValueError: I/O operation on closed file.
Call stack:
  File "<frozen runpy>", line 198, in _run_module_as_main
  File "<frozen runpy>", line 88, in _run_code
  File "C:\Users\chris\AppData\Roaming\Python\Python314\site-packages\ipykernel_launcher.py", line 18, in <module>
    app.launch_new_instance()
  File "C:\Users\chris\AppData\Roaming\Python\Python314\site-packages\traitlets\config\application.py", line 1082, in launch_instance
    app.start()
  File "C:\Users\chris\AppData\Roaming\Python\Python314\site-packages\ipykernel\kernelapp.py", line 758, in start
    self.io_loop.start()
  File "C:\Users\chris\AppData\Roaming\Python\Python314\site-packages\tornado\platform\asyncio.py", line 211, in start
    self.asyncio_loop.run_forever()
  File "c:\Users\chris\AppData\Local\Programs\Python\Python314\Lib\asyncio\base_events.py", line 677, in run_forever
    self._run_once()
  File "c:\Users\chris\AppData\Local\Programs\Python\Python314\Lib\asyncio\base_events.py", line 2046, in _run_once
    handle._run()
  File "c:\Users\chris\AppData\Local\Programs\Python\Python314\Lib\asyncio\events.py", line 94, in _run
    self._context.run(self._callback, *self._args)
  File "C:\Users\chris\AppData\Roaming\Python\Python314\site-packages\ipykernel\kernelbase.py", line 621, in shell_main
    await self.dispatch_shell(msg, subshell_id=subshell_id)
  File "C:\Users\chris\AppData\Roaming\Python\Python314\site-packages\ipykernel\kernelbase.py", line 478, in dispatch_shell
    await result
  File "C:\Users\chris\AppData\Roaming\Python\Python314\site-packages\ipykernel\ipkernel.py", line 372, in execute_request
    await super().execute_request(stream, ident, parent)
  File "C:\Users\chris\AppData\Roaming\Python\Python314\site-packages\ipykernel\kernelbase.py", line 834, in execute_request
    reply_content = await reply_content
  File "C:\Users\chris\AppData\Roaming\Python\Python314\site-packages\ipykernel\ipkernel.py", line 464, in do_execute
    res = shell.run_cell(
  File "C:\Users\chris\AppData\Roaming\Python\Python314\site-packages\ipykernel\zmqshell.py", line 663, in run_cell
    return super().run_cell(*args, **kwargs)
  File "C:\Users\chris\AppData\Roaming\Python\Python314\site-packages\IPython\core\interactiveshell.py", line 3170, in run_cell
    result = self._run_cell(
  File "C:\Users\chris\AppData\Roaming\Python\Python314\site-packages\IPython\core\interactiveshell.py", line 3225, in _run_cell
    result = runner(coro)
  File "C:\Users\chris\AppData\Roaming\Python\Python314\site-packages\IPython\core\async_helpers.py", line 128, in _pseudo_sync_runner
    coro.send(None)
  File "C:\Users\chris\AppData\Roaming\Python\Python314\site-packages\IPython\core\interactiveshell.py", line 3447, in run_cell_async
    has_raised = await self.run_ast_nodes(code_ast.body, cell_name,
  File "C:\Users\chris\AppData\Roaming\Python\Python314\site-packages\IPython\core\interactiveshell.py", line 3688, in run_ast_nodes
    if await self.run_code(code, result, async_=asy):
  File "C:\Users\chris\AppData\Roaming\Python\Python314\site-packages\IPython\core\interactiveshell.py", line 3748, in run_code
    exec(code_obj, self.user_global_ns, self.user_ns)
  File "C:\Users\chris\AppData\Local\Temp\ipykernel_5480\3007420965.py", line 73, in <module>
    runpy.run_path(str(script_path), run_name="__main__")
  File "<frozen runpy>", line 287, in run_path
  File "<frozen runpy>", line 98, in _run_module_code
  File "<frozen runpy>", line 88, in _run_code
  File "C:\Users\chris\Desktop\Code\TracesPresenter\Traces_presenter\Jupyter\Chaine\scripts_Mirabelle\eq_FE_Mirabelle.py", line 73, in <module>
    main(_read, _write)
  File "C:\Users\chris\Desktop\Code\TracesPresenter\Traces_presenter\Jupyter\Chaine\scripts_Mirabelle\eq_FE_Mirabelle.py", line 64, in main
    out.info("  %s : EQ = %.3f  (%d Run.Test)", actor, eq, len(attempts))
Message: '  %s : EQ = %.3f  (%d Run.Test)'
Arguments: ('formol.resumiez', 0.35132575757575757, 209)
--- Logging error ---
Traceback (most recent call last):
  File "c:\Users\chris\AppData\Local\Programs\Python\Python314\Lib\logging\__init__.py", line 1154, in emit
    stream.write(msg + self.terminator)
    ~~~~~~~~~~~~^^^^^^^^^^^^^^^^^^^^^^^
ValueError: I/O operation on closed file.
Call stack:
  File "<frozen runpy>", line 198, in _run_module_as_main
  File "<frozen runpy>", line 88, in _run_code
  File "C:\Users\chris\AppData\Roaming\Python\Python314\site-packages\ipykernel_launcher.py", line 18, in <module>
    app.launch_new_instance()
  File "C:\Users\chris\AppData\Roaming\Python\Python314\site-packages\traitlets\config\application.py", line 1082, in launch_instance
    app.start()
  File "C:\Users\chris\AppData\Roaming\Python\Python314\site-packages\ipykernel\kernelapp.py", line 758, in start
    self.io_loop.start()
  File "C:\Users\chris\AppData\Roaming\Python\Python314\site-packages\tornado\platform\asyncio.py", line 211, in start
    self.asyncio_loop.run_forever()
  File "c:\Users\chris\AppData\Local\Programs\Python\Python314\Lib\asyncio\base_events.py", line 677, in run_forever
    self._run_once()
  File "c:\Users\chris\AppData\Local\Programs\Python\Python314\Lib\asyncio\base_events.py", line 2046, in _run_once
    handle._run()
  File "c:\Users\chris\AppData\Local\Programs\Python\Python314\Lib\asyncio\events.py", line 94, in _run
    self._context.run(self._callback, *self._args)
  File "C:\Users\chris\AppData\Roaming\Python\Python314\site-packages\ipykernel\kernelbase.py", line 621, in shell_main
    await self.dispatch_shell(msg, subshell_id=subshell_id)
  File "C:\Users\chris\AppData\Roaming\Python\Python314\site-packages\ipykernel\kernelbase.py", line 478, in dispatch_shell
    await result
  File "C:\Users\chris\AppData\Roaming\Python\Python314\site-packages\ipykernel\ipkernel.py", line 372, in execute_request
    await super().execute_request(stream, ident, parent)
  File "C:\Users\chris\AppData\Roaming\Python\Python314\site-packages\ipykernel\kernelbase.py", line 834, in execute_request
    reply_content = await reply_content
  File "C:\Users\chris\AppData\Roaming\Python\Python314\site-packages\ipykernel\ipkernel.py", line 464, in do_execute
    res = shell.run_cell(
  File "C:\Users\chris\AppData\Roaming\Python\Python314\site-packages\ipykernel\zmqshell.py", line 663, in run_cell
    return super().run_cell(*args, **kwargs)
  File "C:\Users\chris\AppData\Roaming\Python\Python314\site-packages\IPython\core\interactiveshell.py", line 3170, in run_cell
    result = self._run_cell(
  File "C:\Users\chris\AppData\Roaming\Python\Python314\site-packages\IPython\core\interactiveshell.py", line 3225, in _run_cell
    result = runner(coro)
  File "C:\Users\chris\AppData\Roaming\Python\Python314\site-packages\IPython\core\async_helpers.py", line 128, in _pseudo_sync_runner
    coro.send(None)
  File "C:\Users\chris\AppData\Roaming\Python\Python314\site-packages\IPython\core\interactiveshell.py", line 3447, in run_cell_async
    has_raised = await self.run_ast_nodes(code_ast.body, cell_name,
  File "C:\Users\chris\AppData\Roaming\Python\Python314\site-packages\IPython\core\interactiveshell.py", line 3688, in run_ast_nodes
    if await self.run_code(code, result, async_=asy):
  File "C:\Users\chris\AppData\Roaming\Python\Python314\site-packages\IPython\core\interactiveshell.py", line 3748, in run_code
    exec(code_obj, self.user_global_ns, self.user_ns)
  File "C:\Users\chris\AppData\Local\Temp\ipykernel_5480\3007420965.py", line 73, in <module>
    runpy.run_path(str(script_path), run_name="__main__")
  File "<frozen runpy>", line 287, in run_path
  File "<frozen runpy>", line 98, in _run_module_code
  File "<frozen runpy>", line 88, in _run_code
  File "C:\Users\chris\Desktop\Code\TracesPresenter\Traces_presenter\Jupyter\Chaine\scripts_Mirabelle\eq_FE_Mirabelle.py", line 73, in <module>
    main(_read, _write)
  File "C:\Users\chris\Desktop\Code\TracesPresenter\Traces_presenter\Jupyter\Chaine\scripts_Mirabelle\eq_FE_Mirabelle.py", line 64, in main
    out.info("  %s : EQ = %.3f  (%d Run.Test)", actor, eq, len(attempts))
Message: '  %s : EQ = %.3f  (%d Run.Test)'
Arguments: ('fortins.date', 0.353927625772286, 133)
--- Logging error ---
Traceback (most recent call last):
  File "c:\Users\chris\AppData\Local\Programs\Python\Python314\Lib\logging\__init__.py", line 1154, in emit
    stream.write(msg + self.terminator)
    ~~~~~~~~~~~~^^^^^^^^^^^^^^^^^^^^^^^
ValueError: I/O operation on closed file.
Call stack:
  File "<frozen runpy>", line 198, in _run_module_as_main
  File "<frozen runpy>", line 88, in _run_code
  File "C:\Users\chris\AppData\Roaming\Python\Python314\site-packages\ipykernel_launcher.py", line 18, in <module>
    app.launch_new_instance()
  File "C:\Users\chris\AppData\Roaming\Python\Python314\site-packages\traitlets\config\application.py", line 1082, in launch_instance
    app.start()
  File "C:\Users\chris\AppData\Roaming\Python\Python314\site-packages\ipykernel\kernelapp.py", line 758, in start
    self.io_loop.start()
  File "C:\Users\chris\AppData\Roaming\Python\Python314\site-packages\tornado\platform\asyncio.py", line 211, in start
    self.asyncio_loop.run_forever()
  File "c:\Users\chris\AppData\Local\Programs\Python\Python314\Lib\asyncio\base_events.py", line 677, in run_forever
    self._run_once()
  File "c:\Users\chris\AppData\Local\Programs\Python\Python314\Lib\asyncio\base_events.py", line 2046, in _run_once
    handle._run()
  File "c:\Users\chris\AppData\Local\Programs\Python\Python314\Lib\asyncio\events.py", line 94, in _run
    self._context.run(self._callback, *self._args)
  File "C:\Users\chris\AppData\Roaming\Python\Python314\site-packages\ipykernel\kernelbase.py", line 621, in shell_main
    await self.dispatch_shell(msg, subshell_id=subshell_id)
  File "C:\Users\chris\AppData\Roaming\Python\Python314\site-packages\ipykernel\kernelbase.py", line 478, in dispatch_shell
    await result
  File "C:\Users\chris\AppData\Roaming\Python\Python314\site-packages\ipykernel\ipkernel.py", line 372, in execute_request
    await super().execute_request(stream, ident, parent)
  File "C:\Users\chris\AppData\Roaming\Python\Python314\site-packages\ipykernel\kernelbase.py", line 834, in execute_request
    reply_content = await reply_content
  File "C:\Users\chris\AppData\Roaming\Python\Python314\site-packages\ipykernel\ipkernel.py", line 464, in do_execute
    res = shell.run_cell(
  File "C:\Users\chris\AppData\Roaming\Python\Python314\site-packages\ipykernel\zmqshell.py", line 663, in run_cell
    return super().run_cell(*args, **kwargs)
  File "C:\Users\chris\AppData\Roaming\Python\Python314\site-packages\IPython\core\interactiveshell.py", line 3170, in run_cell
    result = self._run_cell(
  File "C:\Users\chris\AppData\Roaming\Python\Python314\site-packages\IPython\core\interactiveshell.py", line 3225, in _run_cell
    result = runner(coro)
  File "C:\Users\chris\AppData\Roaming\Python\Python314\site-packages\IPython\core\async_helpers.py", line 128, in _pseudo_sync_runner
    coro.send(None)
  File "C:\Users\chris\AppData\Roaming\Python\Python314\site-packages\IPython\core\interactiveshell.py", line 3447, in run_cell_async
    has_raised = await self.run_ast_nodes(code_ast.body, cell_name,
  File "C:\Users\chris\AppData\Roaming\Python\Python314\site-packages\IPython\core\interactiveshell.py", line 3688, in run_ast_nodes
    if await self.run_code(code, result, async_=asy):
  File "C:\Users\chris\AppData\Roaming\Python\Python314\site-packages\IPython\core\interactiveshell.py", line 3748, in run_code
    exec(code_obj, self.user_global_ns, self.user_ns)
  File "C:\Users\chris\AppData\Local\Temp\ipykernel_5480\3007420965.py", line 73, in <module>
    runpy.run_path(str(script_path), run_name="__main__")
  File "<frozen runpy>", line 287, in run_path
  File "<frozen runpy>", line 98, in _run_module_code
  File "<frozen runpy>", line 88, in _run_code
  File "C:\Users\chris\Desktop\Code\TracesPresenter\Traces_presenter\Jupyter\Chaine\scripts_Mirabelle\eq_FE_Mirabelle.py", line 73, in <module>
    main(_read, _write)
  File "C:\Users\chris\Desktop\Code\TracesPresenter\Traces_presenter\Jupyter\Chaine\scripts_Mirabelle\eq_FE_Mirabelle.py", line 64, in main
    out.info("  %s : EQ = %.3f  (%d Run.Test)", actor, eq, len(attempts))
Message: '  %s : EQ = %.3f  (%d Run.Test)'
Arguments: ('fouinez.superflu', 0.1644672531769306, 431)
--- Logging error ---
Traceback (most recent call last):
  File "c:\Users\chris\AppData\Local\Programs\Python\Python314\Lib\logging\__init__.py", line 1154, in emit
    stream.write(msg + self.terminator)
    ~~~~~~~~~~~~^^^^^^^^^^^^^^^^^^^^^^^
ValueError: I/O operation on closed file.
Call stack:
  File "<frozen runpy>", line 198, in _run_module_as_main
  File "<frozen runpy>", line 88, in _run_code
  File "C:\Users\chris\AppData\Roaming\Python\Python314\site-packages\ipykernel_launcher.py", line 18, in <module>
    app.launch_new_instance()
  File "C:\Users\chris\AppData\Roaming\Python\Python314\site-packages\traitlets\config\application.py", line 1082, in launch_instance
    app.start()
  File "C:\Users\chris\AppData\Roaming\Python\Python314\site-packages\ipykernel\kernelapp.py", line 758, in start
    self.io_loop.start()
  File "C:\Users\chris\AppData\Roaming\Python\Python314\site-packages\tornado\platform\asyncio.py", line 211, in start
    self.asyncio_loop.run_forever()
  File "c:\Users\chris\AppData\Local\Programs\Python\Python314\Lib\asyncio\base_events.py", line 677, in run_forever
    self._run_once()
  File "c:\Users\chris\AppData\Local\Programs\Python\Python314\Lib\asyncio\base_events.py", line 2046, in _run_once
    handle._run()
  File "c:\Users\chris\AppData\Local\Programs\Python\Python314\Lib\asyncio\events.py", line 94, in _run
    self._context.run(self._callback, *self._args)
  File "C:\Users\chris\AppData\Roaming\Python\Python314\site-packages\ipykernel\kernelbase.py", line 621, in shell_main
    await self.dispatch_shell(msg, subshell_id=subshell_id)
  File "C:\Users\chris\AppData\Roaming\Python\Python314\site-packages\ipykernel\kernelbase.py", line 478, in dispatch_shell
    await result
  File "C:\Users\chris\AppData\Roaming\Python\Python314\site-packages\ipykernel\ipkernel.py", line 372, in execute_request
    await super().execute_request(stream, ident, parent)
  File "C:\Users\chris\AppData\Roaming\Python\Python314\site-packages\ipykernel\kernelbase.py", line 834, in execute_request
    reply_content = await reply_content
  File "C:\Users\chris\AppData\Roaming\Python\Python314\site-packages\ipykernel\ipkernel.py", line 464, in do_execute
    res = shell.run_cell(
  File "C:\Users\chris\AppData\Roaming\Python\Python314\site-packages\ipykernel\zmqshell.py", line 663, in run_cell
    return super().run_cell(*args, **kwargs)
  File "C:\Users\chris\AppData\Roaming\Python\Python314\site-packages\IPython\core\interactiveshell.py", line 3170, in run_cell
    result = self._run_cell(
  File "C:\Users\chris\AppData\Roaming\Python\Python314\site-packages\IPython\core\interactiveshell.py", line 3225, in _run_cell
    result = runner(coro)
  File "C:\Users\chris\AppData\Roaming\Python\Python314\site-packages\IPython\core\async_helpers.py", line 128, in _pseudo_sync_runner
    coro.send(None)
  File "C:\Users\chris\AppData\Roaming\Python\Python314\site-packages\IPython\core\interactiveshell.py", line 3447, in run_cell_async
    has_raised = await self.run_ast_nodes(code_ast.body, cell_name,
  File "C:\Users\chris\AppData\Roaming\Python\Python314\site-packages\IPython\core\interactiveshell.py", line 3688, in run_ast_nodes
    if await self.run_code(code, result, async_=asy):
  File "C:\Users\chris\AppData\Roaming\Python\Python314\site-packages\IPython\core\interactiveshell.py", line 3748, in run_code
    exec(code_obj, self.user_global_ns, self.user_ns)
  File "C:\Users\chris\AppData\Local\Temp\ipykernel_5480\3007420965.py", line 73, in <module>
    runpy.run_path(str(script_path), run_name="__main__")
  File "<frozen runpy>", line 287, in run_path
  File "<frozen runpy>", line 98, in _run_module_code
  File "<frozen runpy>", line 88, in _run_code
  File "C:\Users\chris\Desktop\Code\TracesPresenter\Traces_presenter\Jupyter\Chaine\scripts_Mirabelle\eq_FE_Mirabelle.py", line 73, in <module>
    main(_read, _write)
  File "C:\Users\chris\Desktop\Code\TracesPresenter\Traces_presenter\Jupyter\Chaine\scripts_Mirabelle\eq_FE_Mirabelle.py", line 64, in main
    out.info("  %s : EQ = %.3f  (%d Run.Test)", actor, eq, len(attempts))
Message: '  %s : EQ = %.3f  (%d Run.Test)'
Arguments: ('fragilise.fa', 0.21568627450980393, 56)
--- Logging error ---
Traceback (most recent call last):
  File "c:\Users\chris\AppData\Local\Programs\Python\Python314\Lib\logging\__init__.py", line 1154, in emit
    stream.write(msg + self.terminator)
    ~~~~~~~~~~~~^^^^^^^^^^^^^^^^^^^^^^^
ValueError: I/O operation on closed file.
Call stack:
  File "<frozen runpy>", line 198, in _run_module_as_main
  File "<frozen runpy>", line 88, in _run_code
  File "C:\Users\chris\AppData\Roaming\Python\Python314\site-packages\ipykernel_launcher.py", line 18, in <module>
    app.launch_new_instance()
  File "C:\Users\chris\AppData\Roaming\Python\Python314\site-packages\traitlets\config\application.py", line 1082, in launch_instance
    app.start()
  File "C:\Users\chris\AppData\Roaming\Python\Python314\site-packages\ipykernel\kernelapp.py", line 758, in start
    self.io_loop.start()
  File "C:\Users\chris\AppData\Roaming\Python\Python314\site-packages\tornado\platform\asyncio.py", line 211, in start
    self.asyncio_loop.run_forever()
  File "c:\Users\chris\AppData\Local\Programs\Python\Python314\Lib\asyncio\base_events.py", line 677, in run_forever
    self._run_once()
  File "c:\Users\chris\AppData\Local\Programs\Python\Python314\Lib\asyncio\base_events.py", line 2046, in _run_once
    handle._run()
  File "c:\Users\chris\AppData\Local\Programs\Python\Python314\Lib\asyncio\events.py", line 94, in _run
    self._context.run(self._callback, *self._args)
  File "C:\Users\chris\AppData\Roaming\Python\Python314\site-packages\ipykernel\kernelbase.py", line 621, in shell_main
    await self.dispatch_shell(msg, subshell_id=subshell_id)
  File "C:\Users\chris\AppData\Roaming\Python\Python314\site-packages\ipykernel\kernelbase.py", line 478, in dispatch_shell
    await result
  File "C:\Users\chris\AppData\Roaming\Python\Python314\site-packages\ipykernel\ipkernel.py", line 372, in execute_request
    await super().execute_request(stream, ident, parent)
  File "C:\Users\chris\AppData\Roaming\Python\Python314\site-packages\ipykernel\kernelbase.py", line 834, in execute_request
    reply_content = await reply_content
  File "C:\Users\chris\AppData\Roaming\Python\Python314\site-packages\ipykernel\ipkernel.py", line 464, in do_execute
    res = shell.run_cell(
  File "C:\Users\chris\AppData\Roaming\Python\Python314\site-packages\ipykernel\zmqshell.py", line 663, in run_cell
    return super().run_cell(*args, **kwargs)
  File "C:\Users\chris\AppData\Roaming\Python\Python314\site-packages\IPython\core\interactiveshell.py", line 3170, in run_cell
    result = self._run_cell(
  File "C:\Users\chris\AppData\Roaming\Python\Python314\site-packages\IPython\core\interactiveshell.py", line 3225, in _run_cell
    result = runner(coro)
  File "C:\Users\chris\AppData\Roaming\Python\Python314\site-packages\IPython\core\async_helpers.py", line 128, in _pseudo_sync_runner
    coro.send(None)
  File "C:\Users\chris\AppData\Roaming\Python\Python314\site-packages\IPython\core\interactiveshell.py", line 3447, in run_cell_async
    has_raised = await self.run_ast_nodes(code_ast.body, cell_name,
  File "C:\Users\chris\AppData\Roaming\Python\Python314\site-packages\IPython\core\interactiveshell.py", line 3688, in run_ast_nodes
    if await self.run_code(code, result, async_=asy):
  File "C:\Users\chris\AppData\Roaming\Python\Python314\site-packages\IPython\core\interactiveshell.py", line 3748, in run_code
    exec(code_obj, self.user_global_ns, self.user_ns)
  File "C:\Users\chris\AppData\Local\Temp\ipykernel_5480\3007420965.py", line 73, in <module>
    runpy.run_path(str(script_path), run_name="__main__")
  File "<frozen runpy>", line 287, in run_path
  File "<frozen runpy>", line 98, in _run_module_code
  File "<frozen runpy>", line 88, in _run_code
  File "C:\Users\chris\Desktop\Code\TracesPresenter\Traces_presenter\Jupyter\Chaine\scripts_Mirabelle\eq_FE_Mirabelle.py", line 73, in <module>
    main(_read, _write)
  File "C:\Users\chris\Desktop\Code\TracesPresenter\Traces_presenter\Jupyter\Chaine\scripts_Mirabelle\eq_FE_Mirabelle.py", line 64, in main
    out.info("  %s : EQ = %.3f  (%d Run.Test)", actor, eq, len(attempts))
Message: '  %s : EQ = %.3f  (%d Run.Test)'
Arguments: ('fraisures.culinaire', 0.4415584415584415, 484)
--- Logging error ---
Traceback (most recent call last):
  File "c:\Users\chris\AppData\Local\Programs\Python\Python314\Lib\logging\__init__.py", line 1154, in emit
    stream.write(msg + self.terminator)
    ~~~~~~~~~~~~^^^^^^^^^^^^^^^^^^^^^^^
ValueError: I/O operation on closed file.
Call stack:
  File "<frozen runpy>", line 198, in _run_module_as_main
  File "<frozen runpy>", line 88, in _run_code
  File "C:\Users\chris\AppData\Roaming\Python\Python314\site-packages\ipykernel_launcher.py", line 18, in <module>
    app.launch_new_instance()
  File "C:\Users\chris\AppData\Roaming\Python\Python314\site-packages\traitlets\config\application.py", line 1082, in launch_instance
    app.start()
  File "C:\Users\chris\AppData\Roaming\Python\Python314\site-packages\ipykernel\kernelapp.py", line 758, in start
    self.io_loop.start()
  File "C:\Users\chris\AppData\Roaming\Python\Python314\site-packages\tornado\platform\asyncio.py", line 211, in start
    self.asyncio_loop.run_forever()
  File "c:\Users\chris\AppData\Local\Programs\Python\Python314\Lib\asyncio\base_events.py", line 677, in run_forever
    self._run_once()
  File "c:\Users\chris\AppData\Local\Programs\Python\Python314\Lib\asyncio\base_events.py", line 2046, in _run_once
    handle._run()
  File "c:\Users\chris\AppData\Local\Programs\Python\Python314\Lib\asyncio\events.py", line 94, in _run
    self._context.run(self._callback, *self._args)
  File "C:\Users\chris\AppData\Roaming\Python\Python314\site-packages\ipykernel\kernelbase.py", line 621, in shell_main
    await self.dispatch_shell(msg, subshell_id=subshell_id)
  File "C:\Users\chris\AppData\Roaming\Python\Python314\site-packages\ipykernel\kernelbase.py", line 478, in dispatch_shell
    await result
  File "C:\Users\chris\AppData\Roaming\Python\Python314\site-packages\ipykernel\ipkernel.py", line 372, in execute_request
    await super().execute_request(stream, ident, parent)
  File "C:\Users\chris\AppData\Roaming\Python\Python314\site-packages\ipykernel\kernelbase.py", line 834, in execute_request
    reply_content = await reply_content
  File "C:\Users\chris\AppData\Roaming\Python\Python314\site-packages\ipykernel\ipkernel.py", line 464, in do_execute
    res = shell.run_cell(
  File "C:\Users\chris\AppData\Roaming\Python\Python314\site-packages\ipykernel\zmqshell.py", line 663, in run_cell
    return super().run_cell(*args, **kwargs)
  File "C:\Users\chris\AppData\Roaming\Python\Python314\site-packages\IPython\core\interactiveshell.py", line 3170, in run_cell
    result = self._run_cell(
  File "C:\Users\chris\AppData\Roaming\Python\Python314\site-packages\IPython\core\interactiveshell.py", line 3225, in _run_cell
    result = runner(coro)
  File "C:\Users\chris\AppData\Roaming\Python\Python314\site-packages\IPython\core\async_helpers.py", line 128, in _pseudo_sync_runner
    coro.send(None)
  File "C:\Users\chris\AppData\Roaming\Python\Python314\site-packages\IPython\core\interactiveshell.py", line 3447, in run_cell_async
    has_raised = await self.run_ast_nodes(code_ast.body, cell_name,
  File "C:\Users\chris\AppData\Roaming\Python\Python314\site-packages\IPython\core\interactiveshell.py", line 3688, in run_ast_nodes
    if await self.run_code(code, result, async_=asy):
  File "C:\Users\chris\AppData\Roaming\Python\Python314\site-packages\IPython\core\interactiveshell.py", line 3748, in run_code
    exec(code_obj, self.user_global_ns, self.user_ns)
  File "C:\Users\chris\AppData\Local\Temp\ipykernel_5480\3007420965.py", line 73, in <module>
    runpy.run_path(str(script_path), run_name="__main__")
  File "<frozen runpy>", line 287, in run_path
  File "<frozen runpy>", line 98, in _run_module_code
  File "<frozen runpy>", line 88, in _run_code
  File "C:\Users\chris\Desktop\Code\TracesPresenter\Traces_presenter\Jupyter\Chaine\scripts_Mirabelle\eq_FE_Mirabelle.py", line 73, in <module>
    main(_read, _write)
  File "C:\Users\chris\Desktop\Code\TracesPresenter\Traces_presenter\Jupyter\Chaine\scripts_Mirabelle\eq_FE_Mirabelle.py", line 64, in main
    out.info("  %s : EQ = %.3f  (%d Run.Test)", actor, eq, len(attempts))
Message: '  %s : EQ = %.3f  (%d Run.Test)'
Arguments: ('fureterai.etang', 0.4287737184933446, 380)
--- Logging error ---
Traceback (most recent call last):
  File "c:\Users\chris\AppData\Local\Programs\Python\Python314\Lib\logging\__init__.py", line 1154, in emit
    stream.write(msg + self.terminator)
    ~~~~~~~~~~~~^^^^^^^^^^^^^^^^^^^^^^^
ValueError: I/O operation on closed file.
Call stack:
  File "<frozen runpy>", line 198, in _run_module_as_main
  File "<frozen runpy>", line 88, in _run_code
  File "C:\Users\chris\AppData\Roaming\Python\Python314\site-packages\ipykernel_launcher.py", line 18, in <module>
    app.launch_new_instance()
  File "C:\Users\chris\AppData\Roaming\Python\Python314\site-packages\traitlets\config\application.py", line 1082, in launch_instance
    app.start()
  File "C:\Users\chris\AppData\Roaming\Python\Python314\site-packages\ipykernel\kernelapp.py", line 758, in start
    self.io_loop.start()
  File "C:\Users\chris\AppData\Roaming\Python\Python314\site-packages\tornado\platform\asyncio.py", line 211, in start
    self.asyncio_loop.run_forever()
  File "c:\Users\chris\AppData\Local\Programs\Python\Python314\Lib\asyncio\base_events.py", line 677, in run_forever
    self._run_once()
  File "c:\Users\chris\AppData\Local\Programs\Python\Python314\Lib\asyncio\base_events.py", line 2046, in _run_once
    handle._run()
  File "c:\Users\chris\AppData\Local\Programs\Python\Python314\Lib\asyncio\events.py", line 94, in _run
    self._context.run(self._callback, *self._args)
  File "C:\Users\chris\AppData\Roaming\Python\Python314\site-packages\ipykernel\kernelbase.py", line 621, in shell_main
    await self.dispatch_shell(msg, subshell_id=subshell_id)
  File "C:\Users\chris\AppData\Roaming\Python\Python314\site-packages\ipykernel\kernelbase.py", line 478, in dispatch_shell
    await result
  File "C:\Users\chris\AppData\Roaming\Python\Python314\site-packages\ipykernel\ipkernel.py", line 372, in execute_request
    await super().execute_request(stream, ident, parent)
  File "C:\Users\chris\AppData\Roaming\Python\Python314\site-packages\ipykernel\kernelbase.py", line 834, in execute_request
    reply_content = await reply_content
  File "C:\Users\chris\AppData\Roaming\Python\Python314\site-packages\ipykernel\ipkernel.py", line 464, in do_execute
    res = shell.run_cell(
  File "C:\Users\chris\AppData\Roaming\Python\Python314\site-packages\ipykernel\zmqshell.py", line 663, in run_cell
    return super().run_cell(*args, **kwargs)
  File "C:\Users\chris\AppData\Roaming\Python\Python314\site-packages\IPython\core\interactiveshell.py", line 3170, in run_cell
    result = self._run_cell(
  File "C:\Users\chris\AppData\Roaming\Python\Python314\site-packages\IPython\core\interactiveshell.py", line 3225, in _run_cell
    result = runner(coro)
  File "C:\Users\chris\AppData\Roaming\Python\Python314\site-packages\IPython\core\async_helpers.py", line 128, in _pseudo_sync_runner
    coro.send(None)
  File "C:\Users\chris\AppData\Roaming\Python\Python314\site-packages\IPython\core\interactiveshell.py", line 3447, in run_cell_async
    has_raised = await self.run_ast_nodes(code_ast.body, cell_name,
  File "C:\Users\chris\AppData\Roaming\Python\Python314\site-packages\IPython\core\interactiveshell.py", line 3688, in run_ast_nodes
    if await self.run_code(code, result, async_=asy):
  File "C:\Users\chris\AppData\Roaming\Python\Python314\site-packages\IPython\core\interactiveshell.py", line 3748, in run_code
    exec(code_obj, self.user_global_ns, self.user_ns)
  File "C:\Users\chris\AppData\Local\Temp\ipykernel_5480\3007420965.py", line 73, in <module>
    runpy.run_path(str(script_path), run_name="__main__")
  File "<frozen runpy>", line 287, in run_path
  File "<frozen runpy>", line 98, in _run_module_code
  File "<frozen runpy>", line 88, in _run_code
  File "C:\Users\chris\Desktop\Code\TracesPresenter\Traces_presenter\Jupyter\Chaine\scripts_Mirabelle\eq_FE_Mirabelle.py", line 73, in <module>
    main(_read, _write)
  File "C:\Users\chris\Desktop\Code\TracesPresenter\Traces_presenter\Jupyter\Chaine\scripts_Mirabelle\eq_FE_Mirabelle.py", line 64, in main
    out.info("  %s : EQ = %.3f  (%d Run.Test)", actor, eq, len(attempts))
Message: '  %s : EQ = %.3f  (%d Run.Test)'
Arguments: ('gangrene.impulsees', 0.44228804902962204, 186)
--- Logging error ---
Traceback (most recent call last):
  File "c:\Users\chris\AppData\Local\Programs\Python\Python314\Lib\logging\__init__.py", line 1154, in emit
    stream.write(msg + self.terminator)
    ~~~~~~~~~~~~^^^^^^^^^^^^^^^^^^^^^^^
ValueError: I/O operation on closed file.
Call stack:
  File "<frozen runpy>", line 198, in _run_module_as_main
  File "<frozen runpy>", line 88, in _run_code
  File "C:\Users\chris\AppData\Roaming\Python\Python314\site-packages\ipykernel_launcher.py", line 18, in <module>
    app.launch_new_instance()
  File "C:\Users\chris\AppData\Roaming\Python\Python314\site-packages\traitlets\config\application.py", line 1082, in launch_instance
    app.start()
  File "C:\Users\chris\AppData\Roaming\Python\Python314\site-packages\ipykernel\kernelapp.py", line 758, in start
    self.io_loop.start()
  File "C:\Users\chris\AppData\Roaming\Python\Python314\site-packages\tornado\platform\asyncio.py", line 211, in start
    self.asyncio_loop.run_forever()
  File "c:\Users\chris\AppData\Local\Programs\Python\Python314\Lib\asyncio\base_events.py", line 677, in run_forever
    self._run_once()
  File "c:\Users\chris\AppData\Local\Programs\Python\Python314\Lib\asyncio\base_events.py", line 2046, in _run_once
    handle._run()
  File "c:\Users\chris\AppData\Local\Programs\Python\Python314\Lib\asyncio\events.py", line 94, in _run
    self._context.run(self._callback, *self._args)
  File "C:\Users\chris\AppData\Roaming\Python\Python314\site-packages\ipykernel\kernelbase.py", line 621, in shell_main
    await self.dispatch_shell(msg, subshell_id=subshell_id)
  File "C:\Users\chris\AppData\Roaming\Python\Python314\site-packages\ipykernel\kernelbase.py", line 478, in dispatch_shell
    await result
  File "C:\Users\chris\AppData\Roaming\Python\Python314\site-packages\ipykernel\ipkernel.py", line 372, in execute_request
    await super().execute_request(stream, ident, parent)
  File "C:\Users\chris\AppData\Roaming\Python\Python314\site-packages\ipykernel\kernelbase.py", line 834, in execute_request
    reply_content = await reply_content
  File "C:\Users\chris\AppData\Roaming\Python\Python314\site-packages\ipykernel\ipkernel.py", line 464, in do_execute
    res = shell.run_cell(
  File "C:\Users\chris\AppData\Roaming\Python\Python314\site-packages\ipykernel\zmqshell.py", line 663, in run_cell
    return super().run_cell(*args, **kwargs)
  File "C:\Users\chris\AppData\Roaming\Python\Python314\site-packages\IPython\core\interactiveshell.py", line 3170, in run_cell
    result = self._run_cell(
  File "C:\Users\chris\AppData\Roaming\Python\Python314\site-packages\IPython\core\interactiveshell.py", line 3225, in _run_cell
    result = runner(coro)
  File "C:\Users\chris\AppData\Roaming\Python\Python314\site-packages\IPython\core\async_helpers.py", line 128, in _pseudo_sync_runner
    coro.send(None)
  File "C:\Users\chris\AppData\Roaming\Python\Python314\site-packages\IPython\core\interactiveshell.py", line 3447, in run_cell_async
    has_raised = await self.run_ast_nodes(code_ast.body, cell_name,
  File "C:\Users\chris\AppData\Roaming\Python\Python314\site-packages\IPython\core\interactiveshell.py", line 3688, in run_ast_nodes
    if await self.run_code(code, result, async_=asy):
  File "C:\Users\chris\AppData\Roaming\Python\Python314\site-packages\IPython\core\interactiveshell.py", line 3748, in run_code
    exec(code_obj, self.user_global_ns, self.user_ns)
  File "C:\Users\chris\AppData\Local\Temp\ipykernel_5480\3007420965.py", line 73, in <module>
    runpy.run_path(str(script_path), run_name="__main__")
  File "<frozen runpy>", line 287, in run_path
  File "<frozen runpy>", line 98, in _run_module_code
  File "<frozen runpy>", line 88, in _run_code
  File "C:\Users\chris\Desktop\Code\TracesPresenter\Traces_presenter\Jupyter\Chaine\scripts_Mirabelle\eq_FE_Mirabelle.py", line 73, in <module>
    main(_read, _write)
  File "C:\Users\chris\Desktop\Code\TracesPresenter\Traces_presenter\Jupyter\Chaine\scripts_Mirabelle\eq_FE_Mirabelle.py", line 64, in main
    out.info("  %s : EQ = %.3f  (%d Run.Test)", actor, eq, len(attempts))
Message: '  %s : EQ = %.3f  (%d Run.Test)'
Arguments: ('gourmande.insanite', 0.10606060606060606, 67)
--- Logging error ---
Traceback (most recent call last):
  File "c:\Users\chris\AppData\Local\Programs\Python\Python314\Lib\logging\__init__.py", line 1154, in emit
    stream.write(msg + self.terminator)
    ~~~~~~~~~~~~^^^^^^^^^^^^^^^^^^^^^^^
ValueError: I/O operation on closed file.
Call stack:
  File "<frozen runpy>", line 198, in _run_module_as_main
  File "<frozen runpy>", line 88, in _run_code
  File "C:\Users\chris\AppData\Roaming\Python\Python314\site-packages\ipykernel_launcher.py", line 18, in <module>
    app.launch_new_instance()
  File "C:\Users\chris\AppData\Roaming\Python\Python314\site-packages\traitlets\config\application.py", line 1082, in launch_instance
    app.start()
  File "C:\Users\chris\AppData\Roaming\Python\Python314\site-packages\ipykernel\kernelapp.py", line 758, in start
    self.io_loop.start()
  File "C:\Users\chris\AppData\Roaming\Python\Python314\site-packages\tornado\platform\asyncio.py", line 211, in start
    self.asyncio_loop.run_forever()
  File "c:\Users\chris\AppData\Local\Programs\Python\Python314\Lib\asyncio\base_events.py", line 677, in run_forever
    self._run_once()
  File "c:\Users\chris\AppData\Local\Programs\Python\Python314\Lib\asyncio\base_events.py", line 2046, in _run_once
    handle._run()
  File "c:\Users\chris\AppData\Local\Programs\Python\Python314\Lib\asyncio\events.py", line 94, in _run
    self._context.run(self._callback, *self._args)
  File "C:\Users\chris\AppData\Roaming\Python\Python314\site-packages\ipykernel\kernelbase.py", line 621, in shell_main
    await self.dispatch_shell(msg, subshell_id=subshell_id)
  File "C:\Users\chris\AppData\Roaming\Python\Python314\site-packages\ipykernel\kernelbase.py", line 478, in dispatch_shell
    await result
  File "C:\Users\chris\AppData\Roaming\Python\Python314\site-packages\ipykernel\ipkernel.py", line 372, in execute_request
    await super().execute_request(stream, ident, parent)
  File "C:\Users\chris\AppData\Roaming\Python\Python314\site-packages\ipykernel\kernelbase.py", line 834, in execute_request
    reply_content = await reply_content
  File "C:\Users\chris\AppData\Roaming\Python\Python314\site-packages\ipykernel\ipkernel.py", line 464, in do_execute
    res = shell.run_cell(
  File "C:\Users\chris\AppData\Roaming\Python\Python314\site-packages\ipykernel\zmqshell.py", line 663, in run_cell
    return super().run_cell(*args, **kwargs)
  File "C:\Users\chris\AppData\Roaming\Python\Python314\site-packages\IPython\core\interactiveshell.py", line 3170, in run_cell
    result = self._run_cell(
  File "C:\Users\chris\AppData\Roaming\Python\Python314\site-packages\IPython\core\interactiveshell.py", line 3225, in _run_cell
    result = runner(coro)
  File "C:\Users\chris\AppData\Roaming\Python\Python314\site-packages\IPython\core\async_helpers.py", line 128, in _pseudo_sync_runner
    coro.send(None)
  File "C:\Users\chris\AppData\Roaming\Python\Python314\site-packages\IPython\core\interactiveshell.py", line 3447, in run_cell_async
    has_raised = await self.run_ast_nodes(code_ast.body, cell_name,
  File "C:\Users\chris\AppData\Roaming\Python\Python314\site-packages\IPython\core\interactiveshell.py", line 3688, in run_ast_nodes
    if await self.run_code(code, result, async_=asy):
  File "C:\Users\chris\AppData\Roaming\Python\Python314\site-packages\IPython\core\interactiveshell.py", line 3748, in run_code
    exec(code_obj, self.user_global_ns, self.user_ns)
  File "C:\Users\chris\AppData\Local\Temp\ipykernel_5480\3007420965.py", line 73, in <module>
    runpy.run_path(str(script_path), run_name="__main__")
  File "<frozen runpy>", line 287, in run_path
  File "<frozen runpy>", line 98, in _run_module_code
  File "<frozen runpy>", line 88, in _run_code
  File "C:\Users\chris\Desktop\Code\TracesPresenter\Traces_presenter\Jupyter\Chaine\scripts_Mirabelle\eq_FE_Mirabelle.py", line 73, in <module>
    main(_read, _write)
  File "C:\Users\chris\Desktop\Code\TracesPresenter\Traces_presenter\Jupyter\Chaine\scripts_Mirabelle\eq_FE_Mirabelle.py", line 64, in main
    out.info("  %s : EQ = %.3f  (%d Run.Test)", actor, eq, len(attempts))
Message: '  %s : EQ = %.3f  (%d Run.Test)'
Arguments: ('gravitera.greffeur', 0.10573122529644267, 108)
--- Logging error ---
Traceback (most recent call last):
  File "c:\Users\chris\AppData\Local\Programs\Python\Python314\Lib\logging\__init__.py", line 1154, in emit
    stream.write(msg + self.terminator)
    ~~~~~~~~~~~~^^^^^^^^^^^^^^^^^^^^^^^
ValueError: I/O operation on closed file.
Call stack:
  File "<frozen runpy>", line 198, in _run_module_as_main
  File "<frozen runpy>", line 88, in _run_code
  File "C:\Users\chris\AppData\Roaming\Python\Python314\site-packages\ipykernel_launcher.py", line 18, in <module>
    app.launch_new_instance()
  File "C:\Users\chris\AppData\Roaming\Python\Python314\site-packages\traitlets\config\application.py", line 1082, in launch_instance
    app.start()
  File "C:\Users\chris\AppData\Roaming\Python\Python314\site-packages\ipykernel\kernelapp.py", line 758, in start
    self.io_loop.start()
  File "C:\Users\chris\AppData\Roaming\Python\Python314\site-packages\tornado\platform\asyncio.py", line 211, in start
    self.asyncio_loop.run_forever()
  File "c:\Users\chris\AppData\Local\Programs\Python\Python314\Lib\asyncio\base_events.py", line 677, in run_forever
    self._run_once()
  File "c:\Users\chris\AppData\Local\Programs\Python\Python314\Lib\asyncio\base_events.py", line 2046, in _run_once
    handle._run()
  File "c:\Users\chris\AppData\Local\Programs\Python\Python314\Lib\asyncio\events.py", line 94, in _run
    self._context.run(self._callback, *self._args)
  File "C:\Users\chris\AppData\Roaming\Python\Python314\site-packages\ipykernel\kernelbase.py", line 621, in shell_main
    await self.dispatch_shell(msg, subshell_id=subshell_id)
  File "C:\Users\chris\AppData\Roaming\Python\Python314\site-packages\ipykernel\kernelbase.py", line 478, in dispatch_shell
    await result
  File "C:\Users\chris\AppData\Roaming\Python\Python314\site-packages\ipykernel\ipkernel.py", line 372, in execute_request
    await super().execute_request(stream, ident, parent)
  File "C:\Users\chris\AppData\Roaming\Python\Python314\site-packages\ipykernel\kernelbase.py", line 834, in execute_request
    reply_content = await reply_content
  File "C:\Users\chris\AppData\Roaming\Python\Python314\site-packages\ipykernel\ipkernel.py", line 464, in do_execute
    res = shell.run_cell(
  File "C:\Users\chris\AppData\Roaming\Python\Python314\site-packages\ipykernel\zmqshell.py", line 663, in run_cell
    return super().run_cell(*args, **kwargs)
  File "C:\Users\chris\AppData\Roaming\Python\Python314\site-packages\IPython\core\interactiveshell.py", line 3170, in run_cell
    result = self._run_cell(
  File "C:\Users\chris\AppData\Roaming\Python\Python314\site-packages\IPython\core\interactiveshell.py", line 3225, in _run_cell
    result = runner(coro)
  File "C:\Users\chris\AppData\Roaming\Python\Python314\site-packages\IPython\core\async_helpers.py", line 128, in _pseudo_sync_runner
    coro.send(None)
  File "C:\Users\chris\AppData\Roaming\Python\Python314\site-packages\IPython\core\interactiveshell.py", line 3447, in run_cell_async
    has_raised = await self.run_ast_nodes(code_ast.body, cell_name,
  File "C:\Users\chris\AppData\Roaming\Python\Python314\site-packages\IPython\core\interactiveshell.py", line 3688, in run_ast_nodes
    if await self.run_code(code, result, async_=asy):
  File "C:\Users\chris\AppData\Roaming\Python\Python314\site-packages\IPython\core\interactiveshell.py", line 3748, in run_code
    exec(code_obj, self.user_global_ns, self.user_ns)
  File "C:\Users\chris\AppData\Local\Temp\ipykernel_5480\3007420965.py", line 73, in <module>
    runpy.run_path(str(script_path), run_name="__main__")
  File "<frozen runpy>", line 287, in run_path
  File "<frozen runpy>", line 98, in _run_module_code
  File "<frozen runpy>", line 88, in _run_code
  File "C:\Users\chris\Desktop\Code\TracesPresenter\Traces_presenter\Jupyter\Chaine\scripts_Mirabelle\eq_FE_Mirabelle.py", line 73, in <module>
    main(_read, _write)
  File "C:\Users\chris\Desktop\Code\TracesPresenter\Traces_presenter\Jupyter\Chaine\scripts_Mirabelle\eq_FE_Mirabelle.py", line 64, in main
    out.info("  %s : EQ = %.3f  (%d Run.Test)", actor, eq, len(attempts))
Message: '  %s : EQ = %.3f  (%d Run.Test)'
Arguments: ('gueules.bouderons', 0.35052160953800304, 359)
--- Logging error ---
Traceback (most recent call last):
  File "c:\Users\chris\AppData\Local\Programs\Python\Python314\Lib\logging\__init__.py", line 1154, in emit
    stream.write(msg + self.terminator)
    ~~~~~~~~~~~~^^^^^^^^^^^^^^^^^^^^^^^
ValueError: I/O operation on closed file.
Call stack:
  File "<frozen runpy>", line 198, in _run_module_as_main
  File "<frozen runpy>", line 88, in _run_code
  File "C:\Users\chris\AppData\Roaming\Python\Python314\site-packages\ipykernel_launcher.py", line 18, in <module>
    app.launch_new_instance()
  File "C:\Users\chris\AppData\Roaming\Python\Python314\site-packages\traitlets\config\application.py", line 1082, in launch_instance
    app.start()
  File "C:\Users\chris\AppData\Roaming\Python\Python314\site-packages\ipykernel\kernelapp.py", line 758, in start
    self.io_loop.start()
  File "C:\Users\chris\AppData\Roaming\Python\Python314\site-packages\tornado\platform\asyncio.py", line 211, in start
    self.asyncio_loop.run_forever()
  File "c:\Users\chris\AppData\Local\Programs\Python\Python314\Lib\asyncio\base_events.py", line 677, in run_forever
    self._run_once()
  File "c:\Users\chris\AppData\Local\Programs\Python\Python314\Lib\asyncio\base_events.py", line 2046, in _run_once
    handle._run()
  File "c:\Users\chris\AppData\Local\Programs\Python\Python314\Lib\asyncio\events.py", line 94, in _run
    self._context.run(self._callback, *self._args)
  File "C:\Users\chris\AppData\Roaming\Python\Python314\site-packages\ipykernel\kernelbase.py", line 621, in shell_main
    await self.dispatch_shell(msg, subshell_id=subshell_id)
  File "C:\Users\chris\AppData\Roaming\Python\Python314\site-packages\ipykernel\kernelbase.py", line 478, in dispatch_shell
    await result
  File "C:\Users\chris\AppData\Roaming\Python\Python314\site-packages\ipykernel\ipkernel.py", line 372, in execute_request
    await super().execute_request(stream, ident, parent)
  File "C:\Users\chris\AppData\Roaming\Python\Python314\site-packages\ipykernel\kernelbase.py", line 834, in execute_request
    reply_content = await reply_content
  File "C:\Users\chris\AppData\Roaming\Python\Python314\site-packages\ipykernel\ipkernel.py", line 464, in do_execute
    res = shell.run_cell(
  File "C:\Users\chris\AppData\Roaming\Python\Python314\site-packages\ipykernel\zmqshell.py", line 663, in run_cell
    return super().run_cell(*args, **kwargs)
  File "C:\Users\chris\AppData\Roaming\Python\Python314\site-packages\IPython\core\interactiveshell.py", line 3170, in run_cell
    result = self._run_cell(
  File "C:\Users\chris\AppData\Roaming\Python\Python314\site-packages\IPython\core\interactiveshell.py", line 3225, in _run_cell
    result = runner(coro)
  File "C:\Users\chris\AppData\Roaming\Python\Python314\site-packages\IPython\core\async_helpers.py", line 128, in _pseudo_sync_runner
    coro.send(None)
  File "C:\Users\chris\AppData\Roaming\Python\Python314\site-packages\IPython\core\interactiveshell.py", line 3447, in run_cell_async
    has_raised = await self.run_ast_nodes(code_ast.body, cell_name,
  File "C:\Users\chris\AppData\Roaming\Python\Python314\site-packages\IPython\core\interactiveshell.py", line 3688, in run_ast_nodes
    if await self.run_code(code, result, async_=asy):
  File "C:\Users\chris\AppData\Roaming\Python\Python314\site-packages\IPython\core\interactiveshell.py", line 3748, in run_code
    exec(code_obj, self.user_global_ns, self.user_ns)
  File "C:\Users\chris\AppData\Local\Temp\ipykernel_5480\3007420965.py", line 73, in <module>
    runpy.run_path(str(script_path), run_name="__main__")
  File "<frozen runpy>", line 287, in run_path
  File "<frozen runpy>", line 98, in _run_module_code
  File "<frozen runpy>", line 88, in _run_code
  File "C:\Users\chris\Desktop\Code\TracesPresenter\Traces_presenter\Jupyter\Chaine\scripts_Mirabelle\eq_FE_Mirabelle.py", line 73, in <module>
    main(_read, _write)
  File "C:\Users\chris\Desktop\Code\TracesPresenter\Traces_presenter\Jupyter\Chaine\scripts_Mirabelle\eq_FE_Mirabelle.py", line 64, in main
    out.info("  %s : EQ = %.3f  (%d Run.Test)", actor, eq, len(attempts))
Message: '  %s : EQ = %.3f  (%d Run.Test)'
Arguments: ('haschich.ecoeurait', 0.15588315588315588, 372)
--- Logging error ---
Traceback (most recent call last):
  File "c:\Users\chris\AppData\Local\Programs\Python\Python314\Lib\logging\__init__.py", line 1154, in emit
    stream.write(msg + self.terminator)
    ~~~~~~~~~~~~^^^^^^^^^^^^^^^^^^^^^^^
ValueError: I/O operation on closed file.
Call stack:
  File "<frozen runpy>", line 198, in _run_module_as_main
  File "<frozen runpy>", line 88, in _run_code
  File "C:\Users\chris\AppData\Roaming\Python\Python314\site-packages\ipykernel_launcher.py", line 18, in <module>
    app.launch_new_instance()
  File "C:\Users\chris\AppData\Roaming\Python\Python314\site-packages\traitlets\config\application.py", line 1082, in launch_instance
    app.start()
  File "C:\Users\chris\AppData\Roaming\Python\Python314\site-packages\ipykernel\kernelapp.py", line 758, in start
    self.io_loop.start()
  File "C:\Users\chris\AppData\Roaming\Python\Python314\site-packages\tornado\platform\asyncio.py", line 211, in start
    self.asyncio_loop.run_forever()
  File "c:\Users\chris\AppData\Local\Programs\Python\Python314\Lib\asyncio\base_events.py", line 677, in run_forever
    self._run_once()
  File "c:\Users\chris\AppData\Local\Programs\Python\Python314\Lib\asyncio\base_events.py", line 2046, in _run_once
    handle._run()
  File "c:\Users\chris\AppData\Local\Programs\Python\Python314\Lib\asyncio\events.py", line 94, in _run
    self._context.run(self._callback, *self._args)
  File "C:\Users\chris\AppData\Roaming\Python\Python314\site-packages\ipykernel\kernelbase.py", line 621, in shell_main
    await self.dispatch_shell(msg, subshell_id=subshell_id)
  File "C:\Users\chris\AppData\Roaming\Python\Python314\site-packages\ipykernel\kernelbase.py", line 478, in dispatch_shell
    await result
  File "C:\Users\chris\AppData\Roaming\Python\Python314\site-packages\ipykernel\ipkernel.py", line 372, in execute_request
    await super().execute_request(stream, ident, parent)
  File "C:\Users\chris\AppData\Roaming\Python\Python314\site-packages\ipykernel\kernelbase.py", line 834, in execute_request
    reply_content = await reply_content
  File "C:\Users\chris\AppData\Roaming\Python\Python314\site-packages\ipykernel\ipkernel.py", line 464, in do_execute
    res = shell.run_cell(
  File "C:\Users\chris\AppData\Roaming\Python\Python314\site-packages\ipykernel\zmqshell.py", line 663, in run_cell
    return super().run_cell(*args, **kwargs)
  File "C:\Users\chris\AppData\Roaming\Python\Python314\site-packages\IPython\core\interactiveshell.py", line 3170, in run_cell
    result = self._run_cell(
  File "C:\Users\chris\AppData\Roaming\Python\Python314\site-packages\IPython\core\interactiveshell.py", line 3225, in _run_cell
    result = runner(coro)
  File "C:\Users\chris\AppData\Roaming\Python\Python314\site-packages\IPython\core\async_helpers.py", line 128, in _pseudo_sync_runner
    coro.send(None)
  File "C:\Users\chris\AppData\Roaming\Python\Python314\site-packages\IPython\core\interactiveshell.py", line 3447, in run_cell_async
    has_raised = await self.run_ast_nodes(code_ast.body, cell_name,
  File "C:\Users\chris\AppData\Roaming\Python\Python314\site-packages\IPython\core\interactiveshell.py", line 3688, in run_ast_nodes
    if await self.run_code(code, result, async_=asy):
  File "C:\Users\chris\AppData\Roaming\Python\Python314\site-packages\IPython\core\interactiveshell.py", line 3748, in run_code
    exec(code_obj, self.user_global_ns, self.user_ns)
  File "C:\Users\chris\AppData\Local\Temp\ipykernel_5480\3007420965.py", line 73, in <module>
    runpy.run_path(str(script_path), run_name="__main__")
  File "<frozen runpy>", line 287, in run_path
  File "<frozen runpy>", line 98, in _run_module_code
  File "<frozen runpy>", line 88, in _run_code
  File "C:\Users\chris\Desktop\Code\TracesPresenter\Traces_presenter\Jupyter\Chaine\scripts_Mirabelle\eq_FE_Mirabelle.py", line 73, in <module>
    main(_read, _write)
  File "C:\Users\chris\Desktop\Code\TracesPresenter\Traces_presenter\Jupyter\Chaine\scripts_Mirabelle\eq_FE_Mirabelle.py", line 64, in main
    out.info("  %s : EQ = %.3f  (%d Run.Test)", actor, eq, len(attempts))
Message: '  %s : EQ = %.3f  (%d Run.Test)'
Arguments: ('havanes.figurez', 0.06666666666666667, 104)
--- Logging error ---
Traceback (most recent call last):
  File "c:\Users\chris\AppData\Local\Programs\Python\Python314\Lib\logging\__init__.py", line 1154, in emit
    stream.write(msg + self.terminator)
    ~~~~~~~~~~~~^^^^^^^^^^^^^^^^^^^^^^^
ValueError: I/O operation on closed file.
Call stack:
  File "<frozen runpy>", line 198, in _run_module_as_main
  File "<frozen runpy>", line 88, in _run_code
  File "C:\Users\chris\AppData\Roaming\Python\Python314\site-packages\ipykernel_launcher.py", line 18, in <module>
    app.launch_new_instance()
  File "C:\Users\chris\AppData\Roaming\Python\Python314\site-packages\traitlets\config\application.py", line 1082, in launch_instance
    app.start()
  File "C:\Users\chris\AppData\Roaming\Python\Python314\site-packages\ipykernel\kernelapp.py", line 758, in start
    self.io_loop.start()
  File "C:\Users\chris\AppData\Roaming\Python\Python314\site-packages\tornado\platform\asyncio.py", line 211, in start
    self.asyncio_loop.run_forever()
  File "c:\Users\chris\AppData\Local\Programs\Python\Python314\Lib\asyncio\base_events.py", line 677, in run_forever
    self._run_once()
  File "c:\Users\chris\AppData\Local\Programs\Python\Python314\Lib\asyncio\base_events.py", line 2046, in _run_once
    handle._run()
  File "c:\Users\chris\AppData\Local\Programs\Python\Python314\Lib\asyncio\events.py", line 94, in _run
    self._context.run(self._callback, *self._args)
  File "C:\Users\chris\AppData\Roaming\Python\Python314\site-packages\ipykernel\kernelbase.py", line 621, in shell_main
    await self.dispatch_shell(msg, subshell_id=subshell_id)
  File "C:\Users\chris\AppData\Roaming\Python\Python314\site-packages\ipykernel\kernelbase.py", line 478, in dispatch_shell
    await result
  File "C:\Users\chris\AppData\Roaming\Python\Python314\site-packages\ipykernel\ipkernel.py", line 372, in execute_request
    await super().execute_request(stream, ident, parent)
  File "C:\Users\chris\AppData\Roaming\Python\Python314\site-packages\ipykernel\kernelbase.py", line 834, in execute_request
    reply_content = await reply_content
  File "C:\Users\chris\AppData\Roaming\Python\Python314\site-packages\ipykernel\ipkernel.py", line 464, in do_execute
    res = shell.run_cell(
  File "C:\Users\chris\AppData\Roaming\Python\Python314\site-packages\ipykernel\zmqshell.py", line 663, in run_cell
    return super().run_cell(*args, **kwargs)
  File "C:\Users\chris\AppData\Roaming\Python\Python314\site-packages\IPython\core\interactiveshell.py", line 3170, in run_cell
    result = self._run_cell(
  File "C:\Users\chris\AppData\Roaming\Python\Python314\site-packages\IPython\core\interactiveshell.py", line 3225, in _run_cell
    result = runner(coro)
  File "C:\Users\chris\AppData\Roaming\Python\Python314\site-packages\IPython\core\async_helpers.py", line 128, in _pseudo_sync_runner
    coro.send(None)
  File "C:\Users\chris\AppData\Roaming\Python\Python314\site-packages\IPython\core\interactiveshell.py", line 3447, in run_cell_async
    has_raised = await self.run_ast_nodes(code_ast.body, cell_name,
  File "C:\Users\chris\AppData\Roaming\Python\Python314\site-packages\IPython\core\interactiveshell.py", line 3688, in run_ast_nodes
    if await self.run_code(code, result, async_=asy):
  File "C:\Users\chris\AppData\Roaming\Python\Python314\site-packages\IPython\core\interactiveshell.py", line 3748, in run_code
    exec(code_obj, self.user_global_ns, self.user_ns)
  File "C:\Users\chris\AppData\Local\Temp\ipykernel_5480\3007420965.py", line 73, in <module>
    runpy.run_path(str(script_path), run_name="__main__")
  File "<frozen runpy>", line 287, in run_path
  File "<frozen runpy>", line 98, in _run_module_code
  File "<frozen runpy>", line 88, in _run_code
  File "C:\Users\chris\Desktop\Code\TracesPresenter\Traces_presenter\Jupyter\Chaine\scripts_Mirabelle\eq_FE_Mirabelle.py", line 73, in <module>
    main(_read, _write)
  File "C:\Users\chris\Desktop\Code\TracesPresenter\Traces_presenter\Jupyter\Chaine\scripts_Mirabelle\eq_FE_Mirabelle.py", line 60, in main
    out.warning("  %s : pas de paire de tentatives exploitable — ignoré", actor)
Message: '  %s : pas de paire de tentatives exploitable — ignoré'
Arguments: ('hesitent.boyauter',)
--- Logging error ---
Traceback (most recent call last):
  File "c:\Users\chris\AppData\Local\Programs\Python\Python314\Lib\logging\__init__.py", line 1154, in emit
    stream.write(msg + self.terminator)
    ~~~~~~~~~~~~^^^^^^^^^^^^^^^^^^^^^^^
ValueError: I/O operation on closed file.
Call stack:
  File "<frozen runpy>", line 198, in _run_module_as_main
  File "<frozen runpy>", line 88, in _run_code
  File "C:\Users\chris\AppData\Roaming\Python\Python314\site-packages\ipykernel_launcher.py", line 18, in <module>
    app.launch_new_instance()
  File "C:\Users\chris\AppData\Roaming\Python\Python314\site-packages\traitlets\config\application.py", line 1082, in launch_instance
    app.start()
  File "C:\Users\chris\AppData\Roaming\Python\Python314\site-packages\ipykernel\kernelapp.py", line 758, in start
    self.io_loop.start()
  File "C:\Users\chris\AppData\Roaming\Python\Python314\site-packages\tornado\platform\asyncio.py", line 211, in start
    self.asyncio_loop.run_forever()
  File "c:\Users\chris\AppData\Local\Programs\Python\Python314\Lib\asyncio\base_events.py", line 677, in run_forever
    self._run_once()
  File "c:\Users\chris\AppData\Local\Programs\Python\Python314\Lib\asyncio\base_events.py", line 2046, in _run_once
    handle._run()
  File "c:\Users\chris\AppData\Local\Programs\Python\Python314\Lib\asyncio\events.py", line 94, in _run
    self._context.run(self._callback, *self._args)
  File "C:\Users\chris\AppData\Roaming\Python\Python314\site-packages\ipykernel\kernelbase.py", line 621, in shell_main
    await self.dispatch_shell(msg, subshell_id=subshell_id)
  File "C:\Users\chris\AppData\Roaming\Python\Python314\site-packages\ipykernel\kernelbase.py", line 478, in dispatch_shell
    await result
  File "C:\Users\chris\AppData\Roaming\Python\Python314\site-packages\ipykernel\ipkernel.py", line 372, in execute_request
    await super().execute_request(stream, ident, parent)
  File "C:\Users\chris\AppData\Roaming\Python\Python314\site-packages\ipykernel\kernelbase.py", line 834, in execute_request
    reply_content = await reply_content
  File "C:\Users\chris\AppData\Roaming\Python\Python314\site-packages\ipykernel\ipkernel.py", line 464, in do_execute
    res = shell.run_cell(
  File "C:\Users\chris\AppData\Roaming\Python\Python314\site-packages\ipykernel\zmqshell.py", line 663, in run_cell
    return super().run_cell(*args, **kwargs)
  File "C:\Users\chris\AppData\Roaming\Python\Python314\site-packages\IPython\core\interactiveshell.py", line 3170, in run_cell
    result = self._run_cell(
  File "C:\Users\chris\AppData\Roaming\Python\Python314\site-packages\IPython\core\interactiveshell.py", line 3225, in _run_cell
    result = runner(coro)
  File "C:\Users\chris\AppData\Roaming\Python\Python314\site-packages\IPython\core\async_helpers.py", line 128, in _pseudo_sync_runner
    coro.send(None)
  File "C:\Users\chris\AppData\Roaming\Python\Python314\site-packages\IPython\core\interactiveshell.py", line 3447, in run_cell_async
    has_raised = await self.run_ast_nodes(code_ast.body, cell_name,
  File "C:\Users\chris\AppData\Roaming\Python\Python314\site-packages\IPython\core\interactiveshell.py", line 3688, in run_ast_nodes
    if await self.run_code(code, result, async_=asy):
  File "C:\Users\chris\AppData\Roaming\Python\Python314\site-packages\IPython\core\interactiveshell.py", line 3748, in run_code
    exec(code_obj, self.user_global_ns, self.user_ns)
  File "C:\Users\chris\AppData\Local\Temp\ipykernel_5480\3007420965.py", line 73, in <module>
    runpy.run_path(str(script_path), run_name="__main__")
  File "<frozen runpy>", line 287, in run_path
  File "<frozen runpy>", line 98, in _run_module_code
  File "<frozen runpy>", line 88, in _run_code
  File "C:\Users\chris\Desktop\Code\TracesPresenter\Traces_presenter\Jupyter\Chaine\scripts_Mirabelle\eq_FE_Mirabelle.py", line 73, in <module>
    main(_read, _write)
  File "C:\Users\chris\Desktop\Code\TracesPresenter\Traces_presenter\Jupyter\Chaine\scripts_Mirabelle\eq_FE_Mirabelle.py", line 64, in main
    out.info("  %s : EQ = %.3f  (%d Run.Test)", actor, eq, len(attempts))
Message: '  %s : EQ = %.3f  (%d Run.Test)'
Arguments: ('hissaient.rejouez', 0.2357473035439137, 251)
--- Logging error ---
Traceback (most recent call last):
  File "c:\Users\chris\AppData\Local\Programs\Python\Python314\Lib\logging\__init__.py", line 1154, in emit
    stream.write(msg + self.terminator)
    ~~~~~~~~~~~~^^^^^^^^^^^^^^^^^^^^^^^
ValueError: I/O operation on closed file.
Call stack:
  File "<frozen runpy>", line 198, in _run_module_as_main
  File "<frozen runpy>", line 88, in _run_code
  File "C:\Users\chris\AppData\Roaming\Python\Python314\site-packages\ipykernel_launcher.py", line 18, in <module>
    app.launch_new_instance()
  File "C:\Users\chris\AppData\Roaming\Python\Python314\site-packages\traitlets\config\application.py", line 1082, in launch_instance
    app.start()
  File "C:\Users\chris\AppData\Roaming\Python\Python314\site-packages\ipykernel\kernelapp.py", line 758, in start
    self.io_loop.start()
  File "C:\Users\chris\AppData\Roaming\Python\Python314\site-packages\tornado\platform\asyncio.py", line 211, in start
    self.asyncio_loop.run_forever()
  File "c:\Users\chris\AppData\Local\Programs\Python\Python314\Lib\asyncio\base_events.py", line 677, in run_forever
    self._run_once()
  File "c:\Users\chris\AppData\Local\Programs\Python\Python314\Lib\asyncio\base_events.py", line 2046, in _run_once
    handle._run()
  File "c:\Users\chris\AppData\Local\Programs\Python\Python314\Lib\asyncio\events.py", line 94, in _run
    self._context.run(self._callback, *self._args)
  File "C:\Users\chris\AppData\Roaming\Python\Python314\site-packages\ipykernel\kernelbase.py", line 621, in shell_main
    await self.dispatch_shell(msg, subshell_id=subshell_id)
  File "C:\Users\chris\AppData\Roaming\Python\Python314\site-packages\ipykernel\kernelbase.py", line 478, in dispatch_shell
    await result
  File "C:\Users\chris\AppData\Roaming\Python\Python314\site-packages\ipykernel\ipkernel.py", line 372, in execute_request
    await super().execute_request(stream, ident, parent)
  File "C:\Users\chris\AppData\Roaming\Python\Python314\site-packages\ipykernel\kernelbase.py", line 834, in execute_request
    reply_content = await reply_content
  File "C:\Users\chris\AppData\Roaming\Python\Python314\site-packages\ipykernel\ipkernel.py", line 464, in do_execute
    res = shell.run_cell(
  File "C:\Users\chris\AppData\Roaming\Python\Python314\site-packages\ipykernel\zmqshell.py", line 663, in run_cell
    return super().run_cell(*args, **kwargs)
  File "C:\Users\chris\AppData\Roaming\Python\Python314\site-packages\IPython\core\interactiveshell.py", line 3170, in run_cell
    result = self._run_cell(
  File "C:\Users\chris\AppData\Roaming\Python\Python314\site-packages\IPython\core\interactiveshell.py", line 3225, in _run_cell
    result = runner(coro)
  File "C:\Users\chris\AppData\Roaming\Python\Python314\site-packages\IPython\core\async_helpers.py", line 128, in _pseudo_sync_runner
    coro.send(None)
  File "C:\Users\chris\AppData\Roaming\Python\Python314\site-packages\IPython\core\interactiveshell.py", line 3447, in run_cell_async
    has_raised = await self.run_ast_nodes(code_ast.body, cell_name,
  File "C:\Users\chris\AppData\Roaming\Python\Python314\site-packages\IPython\core\interactiveshell.py", line 3688, in run_ast_nodes
    if await self.run_code(code, result, async_=asy):
  File "C:\Users\chris\AppData\Roaming\Python\Python314\site-packages\IPython\core\interactiveshell.py", line 3748, in run_code
    exec(code_obj, self.user_global_ns, self.user_ns)
  File "C:\Users\chris\AppData\Local\Temp\ipykernel_5480\3007420965.py", line 73, in <module>
    runpy.run_path(str(script_path), run_name="__main__")
  File "<frozen runpy>", line 287, in run_path
  File "<frozen runpy>", line 98, in _run_module_code
  File "<frozen runpy>", line 88, in _run_code
  File "C:\Users\chris\Desktop\Code\TracesPresenter\Traces_presenter\Jupyter\Chaine\scripts_Mirabelle\eq_FE_Mirabelle.py", line 73, in <module>
    main(_read, _write)
  File "C:\Users\chris\Desktop\Code\TracesPresenter\Traces_presenter\Jupyter\Chaine\scripts_Mirabelle\eq_FE_Mirabelle.py", line 64, in main
    out.info("  %s : EQ = %.3f  (%d Run.Test)", actor, eq, len(attempts))
Message: '  %s : EQ = %.3f  (%d Run.Test)'
Arguments: ('hivernage.dateras', 0.35454545454545455, 47)
--- Logging error ---
Traceback (most recent call last):
  File "c:\Users\chris\AppData\Local\Programs\Python\Python314\Lib\logging\__init__.py", line 1154, in emit
    stream.write(msg + self.terminator)
    ~~~~~~~~~~~~^^^^^^^^^^^^^^^^^^^^^^^
ValueError: I/O operation on closed file.
Call stack:
  File "<frozen runpy>", line 198, in _run_module_as_main
  File "<frozen runpy>", line 88, in _run_code
  File "C:\Users\chris\AppData\Roaming\Python\Python314\site-packages\ipykernel_launcher.py", line 18, in <module>
    app.launch_new_instance()
  File "C:\Users\chris\AppData\Roaming\Python\Python314\site-packages\traitlets\config\application.py", line 1082, in launch_instance
    app.start()
  File "C:\Users\chris\AppData\Roaming\Python\Python314\site-packages\ipykernel\kernelapp.py", line 758, in start
    self.io_loop.start()
  File "C:\Users\chris\AppData\Roaming\Python\Python314\site-packages\tornado\platform\asyncio.py", line 211, in start
    self.asyncio_loop.run_forever()
  File "c:\Users\chris\AppData\Local\Programs\Python\Python314\Lib\asyncio\base_events.py", line 677, in run_forever
    self._run_once()
  File "c:\Users\chris\AppData\Local\Programs\Python\Python314\Lib\asyncio\base_events.py", line 2046, in _run_once
    handle._run()
  File "c:\Users\chris\AppData\Local\Programs\Python\Python314\Lib\asyncio\events.py", line 94, in _run
    self._context.run(self._callback, *self._args)
  File "C:\Users\chris\AppData\Roaming\Python\Python314\site-packages\ipykernel\kernelbase.py", line 621, in shell_main
    await self.dispatch_shell(msg, subshell_id=subshell_id)
  File "C:\Users\chris\AppData\Roaming\Python\Python314\site-packages\ipykernel\kernelbase.py", line 478, in dispatch_shell
    await result
  File "C:\Users\chris\AppData\Roaming\Python\Python314\site-packages\ipykernel\ipkernel.py", line 372, in execute_request
    await super().execute_request(stream, ident, parent)
  File "C:\Users\chris\AppData\Roaming\Python\Python314\site-packages\ipykernel\kernelbase.py", line 834, in execute_request
    reply_content = await reply_content
  File "C:\Users\chris\AppData\Roaming\Python\Python314\site-packages\ipykernel\ipkernel.py", line 464, in do_execute
    res = shell.run_cell(
  File "C:\Users\chris\AppData\Roaming\Python\Python314\site-packages\ipykernel\zmqshell.py", line 663, in run_cell
    return super().run_cell(*args, **kwargs)
  File "C:\Users\chris\AppData\Roaming\Python\Python314\site-packages\IPython\core\interactiveshell.py", line 3170, in run_cell
    result = self._run_cell(
  File "C:\Users\chris\AppData\Roaming\Python\Python314\site-packages\IPython\core\interactiveshell.py", line 3225, in _run_cell
    result = runner(coro)
  File "C:\Users\chris\AppData\Roaming\Python\Python314\site-packages\IPython\core\async_helpers.py", line 128, in _pseudo_sync_runner
    coro.send(None)
  File "C:\Users\chris\AppData\Roaming\Python\Python314\site-packages\IPython\core\interactiveshell.py", line 3447, in run_cell_async
    has_raised = await self.run_ast_nodes(code_ast.body, cell_name,
  File "C:\Users\chris\AppData\Roaming\Python\Python314\site-packages\IPython\core\interactiveshell.py", line 3688, in run_ast_nodes
    if await self.run_code(code, result, async_=asy):
  File "C:\Users\chris\AppData\Roaming\Python\Python314\site-packages\IPython\core\interactiveshell.py", line 3748, in run_code
    exec(code_obj, self.user_global_ns, self.user_ns)
  File "C:\Users\chris\AppData\Local\Temp\ipykernel_5480\3007420965.py", line 73, in <module>
    runpy.run_path(str(script_path), run_name="__main__")
  File "<frozen runpy>", line 287, in run_path
  File "<frozen runpy>", line 98, in _run_module_code
  File "<frozen runpy>", line 88, in _run_code
  File "C:\Users\chris\Desktop\Code\TracesPresenter\Traces_presenter\Jupyter\Chaine\scripts_Mirabelle\eq_FE_Mirabelle.py", line 73, in <module>
    main(_read, _write)
  File "C:\Users\chris\Desktop\Code\TracesPresenter\Traces_presenter\Jupyter\Chaine\scripts_Mirabelle\eq_FE_Mirabelle.py", line 64, in main
    out.info("  %s : EQ = %.3f  (%d Run.Test)", actor, eq, len(attempts))
Message: '  %s : EQ = %.3f  (%d Run.Test)'
Arguments: ('humiliee.percerez', 0.0, 2)
--- Logging error ---
Traceback (most recent call last):
  File "c:\Users\chris\AppData\Local\Programs\Python\Python314\Lib\logging\__init__.py", line 1154, in emit
    stream.write(msg + self.terminator)
    ~~~~~~~~~~~~^^^^^^^^^^^^^^^^^^^^^^^
ValueError: I/O operation on closed file.
Call stack:
  File "<frozen runpy>", line 198, in _run_module_as_main
  File "<frozen runpy>", line 88, in _run_code
  File "C:\Users\chris\AppData\Roaming\Python\Python314\site-packages\ipykernel_launcher.py", line 18, in <module>
    app.launch_new_instance()
  File "C:\Users\chris\AppData\Roaming\Python\Python314\site-packages\traitlets\config\application.py", line 1082, in launch_instance
    app.start()
  File "C:\Users\chris\AppData\Roaming\Python\Python314\site-packages\ipykernel\kernelapp.py", line 758, in start
    self.io_loop.start()
  File "C:\Users\chris\AppData\Roaming\Python\Python314\site-packages\tornado\platform\asyncio.py", line 211, in start
    self.asyncio_loop.run_forever()
  File "c:\Users\chris\AppData\Local\Programs\Python\Python314\Lib\asyncio\base_events.py", line 677, in run_forever
    self._run_once()
  File "c:\Users\chris\AppData\Local\Programs\Python\Python314\Lib\asyncio\base_events.py", line 2046, in _run_once
    handle._run()
  File "c:\Users\chris\AppData\Local\Programs\Python\Python314\Lib\asyncio\events.py", line 94, in _run
    self._context.run(self._callback, *self._args)
  File "C:\Users\chris\AppData\Roaming\Python\Python314\site-packages\ipykernel\kernelbase.py", line 621, in shell_main
    await self.dispatch_shell(msg, subshell_id=subshell_id)
  File "C:\Users\chris\AppData\Roaming\Python\Python314\site-packages\ipykernel\kernelbase.py", line 478, in dispatch_shell
    await result
  File "C:\Users\chris\AppData\Roaming\Python\Python314\site-packages\ipykernel\ipkernel.py", line 372, in execute_request
    await super().execute_request(stream, ident, parent)
  File "C:\Users\chris\AppData\Roaming\Python\Python314\site-packages\ipykernel\kernelbase.py", line 834, in execute_request
    reply_content = await reply_content
  File "C:\Users\chris\AppData\Roaming\Python\Python314\site-packages\ipykernel\ipkernel.py", line 464, in do_execute
    res = shell.run_cell(
  File "C:\Users\chris\AppData\Roaming\Python\Python314\site-packages\ipykernel\zmqshell.py", line 663, in run_cell
    return super().run_cell(*args, **kwargs)
  File "C:\Users\chris\AppData\Roaming\Python\Python314\site-packages\IPython\core\interactiveshell.py", line 3170, in run_cell
    result = self._run_cell(
  File "C:\Users\chris\AppData\Roaming\Python\Python314\site-packages\IPython\core\interactiveshell.py", line 3225, in _run_cell
    result = runner(coro)
  File "C:\Users\chris\AppData\Roaming\Python\Python314\site-packages\IPython\core\async_helpers.py", line 128, in _pseudo_sync_runner
    coro.send(None)
  File "C:\Users\chris\AppData\Roaming\Python\Python314\site-packages\IPython\core\interactiveshell.py", line 3447, in run_cell_async
    has_raised = await self.run_ast_nodes(code_ast.body, cell_name,
  File "C:\Users\chris\AppData\Roaming\Python\Python314\site-packages\IPython\core\interactiveshell.py", line 3688, in run_ast_nodes
    if await self.run_code(code, result, async_=asy):
  File "C:\Users\chris\AppData\Roaming\Python\Python314\site-packages\IPython\core\interactiveshell.py", line 3748, in run_code
    exec(code_obj, self.user_global_ns, self.user_ns)
  File "C:\Users\chris\AppData\Local\Temp\ipykernel_5480\3007420965.py", line 73, in <module>
    runpy.run_path(str(script_path), run_name="__main__")
  File "<frozen runpy>", line 287, in run_path
  File "<frozen runpy>", line 98, in _run_module_code
  File "<frozen runpy>", line 88, in _run_code
  File "C:\Users\chris\Desktop\Code\TracesPresenter\Traces_presenter\Jupyter\Chaine\scripts_Mirabelle\eq_FE_Mirabelle.py", line 73, in <module>
    main(_read, _write)
  File "C:\Users\chris\Desktop\Code\TracesPresenter\Traces_presenter\Jupyter\Chaine\scripts_Mirabelle\eq_FE_Mirabelle.py", line 64, in main
    out.info("  %s : EQ = %.3f  (%d Run.Test)", actor, eq, len(attempts))
Message: '  %s : EQ = %.3f  (%d Run.Test)'
Arguments: ('identifie.gobent', 0.3978444236176195, 238)
--- Logging error ---
Traceback (most recent call last):
  File "c:\Users\chris\AppData\Local\Programs\Python\Python314\Lib\logging\__init__.py", line 1154, in emit
    stream.write(msg + self.terminator)
    ~~~~~~~~~~~~^^^^^^^^^^^^^^^^^^^^^^^
ValueError: I/O operation on closed file.
Call stack:
  File "<frozen runpy>", line 198, in _run_module_as_main
  File "<frozen runpy>", line 88, in _run_code
  File "C:\Users\chris\AppData\Roaming\Python\Python314\site-packages\ipykernel_launcher.py", line 18, in <module>
    app.launch_new_instance()
  File "C:\Users\chris\AppData\Roaming\Python\Python314\site-packages\traitlets\config\application.py", line 1082, in launch_instance
    app.start()
  File "C:\Users\chris\AppData\Roaming\Python\Python314\site-packages\ipykernel\kernelapp.py", line 758, in start
    self.io_loop.start()
  File "C:\Users\chris\AppData\Roaming\Python\Python314\site-packages\tornado\platform\asyncio.py", line 211, in start
    self.asyncio_loop.run_forever()
  File "c:\Users\chris\AppData\Local\Programs\Python\Python314\Lib\asyncio\base_events.py", line 677, in run_forever
    self._run_once()
  File "c:\Users\chris\AppData\Local\Programs\Python\Python314\Lib\asyncio\base_events.py", line 2046, in _run_once
    handle._run()
  File "c:\Users\chris\AppData\Local\Programs\Python\Python314\Lib\asyncio\events.py", line 94, in _run
    self._context.run(self._callback, *self._args)
  File "C:\Users\chris\AppData\Roaming\Python\Python314\site-packages\ipykernel\kernelbase.py", line 621, in shell_main
    await self.dispatch_shell(msg, subshell_id=subshell_id)
  File "C:\Users\chris\AppData\Roaming\Python\Python314\site-packages\ipykernel\kernelbase.py", line 478, in dispatch_shell
    await result
  File "C:\Users\chris\AppData\Roaming\Python\Python314\site-packages\ipykernel\ipkernel.py", line 372, in execute_request
    await super().execute_request(stream, ident, parent)
  File "C:\Users\chris\AppData\Roaming\Python\Python314\site-packages\ipykernel\kernelbase.py", line 834, in execute_request
    reply_content = await reply_content
  File "C:\Users\chris\AppData\Roaming\Python\Python314\site-packages\ipykernel\ipkernel.py", line 464, in do_execute
    res = shell.run_cell(
  File "C:\Users\chris\AppData\Roaming\Python\Python314\site-packages\ipykernel\zmqshell.py", line 663, in run_cell
    return super().run_cell(*args, **kwargs)
  File "C:\Users\chris\AppData\Roaming\Python\Python314\site-packages\IPython\core\interactiveshell.py", line 3170, in run_cell
    result = self._run_cell(
  File "C:\Users\chris\AppData\Roaming\Python\Python314\site-packages\IPython\core\interactiveshell.py", line 3225, in _run_cell
    result = runner(coro)
  File "C:\Users\chris\AppData\Roaming\Python\Python314\site-packages\IPython\core\async_helpers.py", line 128, in _pseudo_sync_runner
    coro.send(None)
  File "C:\Users\chris\AppData\Roaming\Python\Python314\site-packages\IPython\core\interactiveshell.py", line 3447, in run_cell_async
    has_raised = await self.run_ast_nodes(code_ast.body, cell_name,
  File "C:\Users\chris\AppData\Roaming\Python\Python314\site-packages\IPython\core\interactiveshell.py", line 3688, in run_ast_nodes
    if await self.run_code(code, result, async_=asy):
  File "C:\Users\chris\AppData\Roaming\Python\Python314\site-packages\IPython\core\interactiveshell.py", line 3748, in run_code
    exec(code_obj, self.user_global_ns, self.user_ns)
  File "C:\Users\chris\AppData\Local\Temp\ipykernel_5480\3007420965.py", line 73, in <module>
    runpy.run_path(str(script_path), run_name="__main__")
  File "<frozen runpy>", line 287, in run_path
  File "<frozen runpy>", line 98, in _run_module_code
  File "<frozen runpy>", line 88, in _run_code
  File "C:\Users\chris\Desktop\Code\TracesPresenter\Traces_presenter\Jupyter\Chaine\scripts_Mirabelle\eq_FE_Mirabelle.py", line 73, in <module>
    main(_read, _write)
  File "C:\Users\chris\Desktop\Code\TracesPresenter\Traces_presenter\Jupyter\Chaine\scripts_Mirabelle\eq_FE_Mirabelle.py", line 64, in main
    out.info("  %s : EQ = %.3f  (%d Run.Test)", actor, eq, len(attempts))
Message: '  %s : EQ = %.3f  (%d Run.Test)'
Arguments: ('importons.boulaie', 0.16844919786096257, 51)
--- Logging error ---
Traceback (most recent call last):
  File "c:\Users\chris\AppData\Local\Programs\Python\Python314\Lib\logging\__init__.py", line 1154, in emit
    stream.write(msg + self.terminator)
    ~~~~~~~~~~~~^^^^^^^^^^^^^^^^^^^^^^^
ValueError: I/O operation on closed file.
Call stack:
  File "<frozen runpy>", line 198, in _run_module_as_main
  File "<frozen runpy>", line 88, in _run_code
  File "C:\Users\chris\AppData\Roaming\Python\Python314\site-packages\ipykernel_launcher.py", line 18, in <module>
    app.launch_new_instance()
  File "C:\Users\chris\AppData\Roaming\Python\Python314\site-packages\traitlets\config\application.py", line 1082, in launch_instance
    app.start()
  File "C:\Users\chris\AppData\Roaming\Python\Python314\site-packages\ipykernel\kernelapp.py", line 758, in start
    self.io_loop.start()
  File "C:\Users\chris\AppData\Roaming\Python\Python314\site-packages\tornado\platform\asyncio.py", line 211, in start
    self.asyncio_loop.run_forever()
  File "c:\Users\chris\AppData\Local\Programs\Python\Python314\Lib\asyncio\base_events.py", line 677, in run_forever
    self._run_once()
  File "c:\Users\chris\AppData\Local\Programs\Python\Python314\Lib\asyncio\base_events.py", line 2046, in _run_once
    handle._run()
  File "c:\Users\chris\AppData\Local\Programs\Python\Python314\Lib\asyncio\events.py", line 94, in _run
    self._context.run(self._callback, *self._args)
  File "C:\Users\chris\AppData\Roaming\Python\Python314\site-packages\ipykernel\kernelbase.py", line 621, in shell_main
    await self.dispatch_shell(msg, subshell_id=subshell_id)
  File "C:\Users\chris\AppData\Roaming\Python\Python314\site-packages\ipykernel\kernelbase.py", line 478, in dispatch_shell
    await result
  File "C:\Users\chris\AppData\Roaming\Python\Python314\site-packages\ipykernel\ipkernel.py", line 372, in execute_request
    await super().execute_request(stream, ident, parent)
  File "C:\Users\chris\AppData\Roaming\Python\Python314\site-packages\ipykernel\kernelbase.py", line 834, in execute_request
    reply_content = await reply_content
  File "C:\Users\chris\AppData\Roaming\Python\Python314\site-packages\ipykernel\ipkernel.py", line 464, in do_execute
    res = shell.run_cell(
  File "C:\Users\chris\AppData\Roaming\Python\Python314\site-packages\ipykernel\zmqshell.py", line 663, in run_cell
    return super().run_cell(*args, **kwargs)
  File "C:\Users\chris\AppData\Roaming\Python\Python314\site-packages\IPython\core\interactiveshell.py", line 3170, in run_cell
    result = self._run_cell(
  File "C:\Users\chris\AppData\Roaming\Python\Python314\site-packages\IPython\core\interactiveshell.py", line 3225, in _run_cell
    result = runner(coro)
  File "C:\Users\chris\AppData\Roaming\Python\Python314\site-packages\IPython\core\async_helpers.py", line 128, in _pseudo_sync_runner
    coro.send(None)
  File "C:\Users\chris\AppData\Roaming\Python\Python314\site-packages\IPython\core\interactiveshell.py", line 3447, in run_cell_async
    has_raised = await self.run_ast_nodes(code_ast.body, cell_name,
  File "C:\Users\chris\AppData\Roaming\Python\Python314\site-packages\IPython\core\interactiveshell.py", line 3688, in run_ast_nodes
    if await self.run_code(code, result, async_=asy):
  File "C:\Users\chris\AppData\Roaming\Python\Python314\site-packages\IPython\core\interactiveshell.py", line 3748, in run_code
    exec(code_obj, self.user_global_ns, self.user_ns)
  File "C:\Users\chris\AppData\Local\Temp\ipykernel_5480\3007420965.py", line 73, in <module>
    runpy.run_path(str(script_path), run_name="__main__")
  File "<frozen runpy>", line 287, in run_path
  File "<frozen runpy>", line 98, in _run_module_code
  File "<frozen runpy>", line 88, in _run_code
  File "C:\Users\chris\Desktop\Code\TracesPresenter\Traces_presenter\Jupyter\Chaine\scripts_Mirabelle\eq_FE_Mirabelle.py", line 73, in <module>
    main(_read, _write)
  File "C:\Users\chris\Desktop\Code\TracesPresenter\Traces_presenter\Jupyter\Chaine\scripts_Mirabelle\eq_FE_Mirabelle.py", line 60, in main
    out.warning("  %s : pas de paire de tentatives exploitable — ignoré", actor)
Message: '  %s : pas de paire de tentatives exploitable — ignoré'
Arguments: ('incluras.remige',)
--- Logging error ---
Traceback (most recent call last):
  File "c:\Users\chris\AppData\Local\Programs\Python\Python314\Lib\logging\__init__.py", line 1154, in emit
    stream.write(msg + self.terminator)
    ~~~~~~~~~~~~^^^^^^^^^^^^^^^^^^^^^^^
ValueError: I/O operation on closed file.
Call stack:
  File "<frozen runpy>", line 198, in _run_module_as_main
  File "<frozen runpy>", line 88, in _run_code
  File "C:\Users\chris\AppData\Roaming\Python\Python314\site-packages\ipykernel_launcher.py", line 18, in <module>
    app.launch_new_instance()
  File "C:\Users\chris\AppData\Roaming\Python\Python314\site-packages\traitlets\config\application.py", line 1082, in launch_instance
    app.start()
  File "C:\Users\chris\AppData\Roaming\Python\Python314\site-packages\ipykernel\kernelapp.py", line 758, in start
    self.io_loop.start()
  File "C:\Users\chris\AppData\Roaming\Python\Python314\site-packages\tornado\platform\asyncio.py", line 211, in start
    self.asyncio_loop.run_forever()
  File "c:\Users\chris\AppData\Local\Programs\Python\Python314\Lib\asyncio\base_events.py", line 677, in run_forever
    self._run_once()
  File "c:\Users\chris\AppData\Local\Programs\Python\Python314\Lib\asyncio\base_events.py", line 2046, in _run_once
    handle._run()
  File "c:\Users\chris\AppData\Local\Programs\Python\Python314\Lib\asyncio\events.py", line 94, in _run
    self._context.run(self._callback, *self._args)
  File "C:\Users\chris\AppData\Roaming\Python\Python314\site-packages\ipykernel\kernelbase.py", line 621, in shell_main
    await self.dispatch_shell(msg, subshell_id=subshell_id)
  File "C:\Users\chris\AppData\Roaming\Python\Python314\site-packages\ipykernel\kernelbase.py", line 478, in dispatch_shell
    await result
  File "C:\Users\chris\AppData\Roaming\Python\Python314\site-packages\ipykernel\ipkernel.py", line 372, in execute_request
    await super().execute_request(stream, ident, parent)
  File "C:\Users\chris\AppData\Roaming\Python\Python314\site-packages\ipykernel\kernelbase.py", line 834, in execute_request
    reply_content = await reply_content
  File "C:\Users\chris\AppData\Roaming\Python\Python314\site-packages\ipykernel\ipkernel.py", line 464, in do_execute
    res = shell.run_cell(
  File "C:\Users\chris\AppData\Roaming\Python\Python314\site-packages\ipykernel\zmqshell.py", line 663, in run_cell
    return super().run_cell(*args, **kwargs)
  File "C:\Users\chris\AppData\Roaming\Python\Python314\site-packages\IPython\core\interactiveshell.py", line 3170, in run_cell
    result = self._run_cell(
  File "C:\Users\chris\AppData\Roaming\Python\Python314\site-packages\IPython\core\interactiveshell.py", line 3225, in _run_cell
    result = runner(coro)
  File "C:\Users\chris\AppData\Roaming\Python\Python314\site-packages\IPython\core\async_helpers.py", line 128, in _pseudo_sync_runner
    coro.send(None)
  File "C:\Users\chris\AppData\Roaming\Python\Python314\site-packages\IPython\core\interactiveshell.py", line 3447, in run_cell_async
    has_raised = await self.run_ast_nodes(code_ast.body, cell_name,
  File "C:\Users\chris\AppData\Roaming\Python\Python314\site-packages\IPython\core\interactiveshell.py", line 3688, in run_ast_nodes
    if await self.run_code(code, result, async_=asy):
  File "C:\Users\chris\AppData\Roaming\Python\Python314\site-packages\IPython\core\interactiveshell.py", line 3748, in run_code
    exec(code_obj, self.user_global_ns, self.user_ns)
  File "C:\Users\chris\AppData\Local\Temp\ipykernel_5480\3007420965.py", line 73, in <module>
    runpy.run_path(str(script_path), run_name="__main__")
  File "<frozen runpy>", line 287, in run_path
  File "<frozen runpy>", line 98, in _run_module_code
  File "<frozen runpy>", line 88, in _run_code
  File "C:\Users\chris\Desktop\Code\TracesPresenter\Traces_presenter\Jupyter\Chaine\scripts_Mirabelle\eq_FE_Mirabelle.py", line 73, in <module>
    main(_read, _write)
  File "C:\Users\chris\Desktop\Code\TracesPresenter\Traces_presenter\Jupyter\Chaine\scripts_Mirabelle\eq_FE_Mirabelle.py", line 64, in main
    out.info("  %s : EQ = %.3f  (%d Run.Test)", actor, eq, len(attempts))
Message: '  %s : EQ = %.3f  (%d Run.Test)'
Arguments: ('inclusif.filtrez', 0.21100917431192662, 125)
--- Logging error ---
Traceback (most recent call last):
  File "c:\Users\chris\AppData\Local\Programs\Python\Python314\Lib\logging\__init__.py", line 1154, in emit
    stream.write(msg + self.terminator)
    ~~~~~~~~~~~~^^^^^^^^^^^^^^^^^^^^^^^
ValueError: I/O operation on closed file.
Call stack:
  File "<frozen runpy>", line 198, in _run_module_as_main
  File "<frozen runpy>", line 88, in _run_code
  File "C:\Users\chris\AppData\Roaming\Python\Python314\site-packages\ipykernel_launcher.py", line 18, in <module>
    app.launch_new_instance()
  File "C:\Users\chris\AppData\Roaming\Python\Python314\site-packages\traitlets\config\application.py", line 1082, in launch_instance
    app.start()
  File "C:\Users\chris\AppData\Roaming\Python\Python314\site-packages\ipykernel\kernelapp.py", line 758, in start
    self.io_loop.start()
  File "C:\Users\chris\AppData\Roaming\Python\Python314\site-packages\tornado\platform\asyncio.py", line 211, in start
    self.asyncio_loop.run_forever()
  File "c:\Users\chris\AppData\Local\Programs\Python\Python314\Lib\asyncio\base_events.py", line 677, in run_forever
    self._run_once()
  File "c:\Users\chris\AppData\Local\Programs\Python\Python314\Lib\asyncio\base_events.py", line 2046, in _run_once
    handle._run()
  File "c:\Users\chris\AppData\Local\Programs\Python\Python314\Lib\asyncio\events.py", line 94, in _run
    self._context.run(self._callback, *self._args)
  File "C:\Users\chris\AppData\Roaming\Python\Python314\site-packages\ipykernel\kernelbase.py", line 621, in shell_main
    await self.dispatch_shell(msg, subshell_id=subshell_id)
  File "C:\Users\chris\AppData\Roaming\Python\Python314\site-packages\ipykernel\kernelbase.py", line 478, in dispatch_shell
    await result
  File "C:\Users\chris\AppData\Roaming\Python\Python314\site-packages\ipykernel\ipkernel.py", line 372, in execute_request
    await super().execute_request(stream, ident, parent)
  File "C:\Users\chris\AppData\Roaming\Python\Python314\site-packages\ipykernel\kernelbase.py", line 834, in execute_request
    reply_content = await reply_content
  File "C:\Users\chris\AppData\Roaming\Python\Python314\site-packages\ipykernel\ipkernel.py", line 464, in do_execute
    res = shell.run_cell(
  File "C:\Users\chris\AppData\Roaming\Python\Python314\site-packages\ipykernel\zmqshell.py", line 663, in run_cell
    return super().run_cell(*args, **kwargs)
  File "C:\Users\chris\AppData\Roaming\Python\Python314\site-packages\IPython\core\interactiveshell.py", line 3170, in run_cell
    result = self._run_cell(
  File "C:\Users\chris\AppData\Roaming\Python\Python314\site-packages\IPython\core\interactiveshell.py", line 3225, in _run_cell
    result = runner(coro)
  File "C:\Users\chris\AppData\Roaming\Python\Python314\site-packages\IPython\core\async_helpers.py", line 128, in _pseudo_sync_runner
    coro.send(None)
  File "C:\Users\chris\AppData\Roaming\Python\Python314\site-packages\IPython\core\interactiveshell.py", line 3447, in run_cell_async
    has_raised = await self.run_ast_nodes(code_ast.body, cell_name,
  File "C:\Users\chris\AppData\Roaming\Python\Python314\site-packages\IPython\core\interactiveshell.py", line 3688, in run_ast_nodes
    if await self.run_code(code, result, async_=asy):
  File "C:\Users\chris\AppData\Roaming\Python\Python314\site-packages\IPython\core\interactiveshell.py", line 3748, in run_code
    exec(code_obj, self.user_global_ns, self.user_ns)
  File "C:\Users\chris\AppData\Local\Temp\ipykernel_5480\3007420965.py", line 73, in <module>
    runpy.run_path(str(script_path), run_name="__main__")
  File "<frozen runpy>", line 287, in run_path
  File "<frozen runpy>", line 98, in _run_module_code
  File "<frozen runpy>", line 88, in _run_code
  File "C:\Users\chris\Desktop\Code\TracesPresenter\Traces_presenter\Jupyter\Chaine\scripts_Mirabelle\eq_FE_Mirabelle.py", line 73, in <module>
    main(_read, _write)
  File "C:\Users\chris\Desktop\Code\TracesPresenter\Traces_presenter\Jupyter\Chaine\scripts_Mirabelle\eq_FE_Mirabelle.py", line 60, in main
    out.warning("  %s : pas de paire de tentatives exploitable — ignoré", actor)
Message: '  %s : pas de paire de tentatives exploitable — ignoré'
Arguments: ('invites.mollusque',)
--- Logging error ---
Traceback (most recent call last):
  File "c:\Users\chris\AppData\Local\Programs\Python\Python314\Lib\logging\__init__.py", line 1154, in emit
    stream.write(msg + self.terminator)
    ~~~~~~~~~~~~^^^^^^^^^^^^^^^^^^^^^^^
ValueError: I/O operation on closed file.
Call stack:
  File "<frozen runpy>", line 198, in _run_module_as_main
  File "<frozen runpy>", line 88, in _run_code
  File "C:\Users\chris\AppData\Roaming\Python\Python314\site-packages\ipykernel_launcher.py", line 18, in <module>
    app.launch_new_instance()
  File "C:\Users\chris\AppData\Roaming\Python\Python314\site-packages\traitlets\config\application.py", line 1082, in launch_instance
    app.start()
  File "C:\Users\chris\AppData\Roaming\Python\Python314\site-packages\ipykernel\kernelapp.py", line 758, in start
    self.io_loop.start()
  File "C:\Users\chris\AppData\Roaming\Python\Python314\site-packages\tornado\platform\asyncio.py", line 211, in start
    self.asyncio_loop.run_forever()
  File "c:\Users\chris\AppData\Local\Programs\Python\Python314\Lib\asyncio\base_events.py", line 677, in run_forever
    self._run_once()
  File "c:\Users\chris\AppData\Local\Programs\Python\Python314\Lib\asyncio\base_events.py", line 2046, in _run_once
    handle._run()
  File "c:\Users\chris\AppData\Local\Programs\Python\Python314\Lib\asyncio\events.py", line 94, in _run
    self._context.run(self._callback, *self._args)
  File "C:\Users\chris\AppData\Roaming\Python\Python314\site-packages\ipykernel\kernelbase.py", line 621, in shell_main
    await self.dispatch_shell(msg, subshell_id=subshell_id)
  File "C:\Users\chris\AppData\Roaming\Python\Python314\site-packages\ipykernel\kernelbase.py", line 478, in dispatch_shell
    await result
  File "C:\Users\chris\AppData\Roaming\Python\Python314\site-packages\ipykernel\ipkernel.py", line 372, in execute_request
    await super().execute_request(stream, ident, parent)
  File "C:\Users\chris\AppData\Roaming\Python\Python314\site-packages\ipykernel\kernelbase.py", line 834, in execute_request
    reply_content = await reply_content
  File "C:\Users\chris\AppData\Roaming\Python\Python314\site-packages\ipykernel\ipkernel.py", line 464, in do_execute
    res = shell.run_cell(
  File "C:\Users\chris\AppData\Roaming\Python\Python314\site-packages\ipykernel\zmqshell.py", line 663, in run_cell
    return super().run_cell(*args, **kwargs)
  File "C:\Users\chris\AppData\Roaming\Python\Python314\site-packages\IPython\core\interactiveshell.py", line 3170, in run_cell
    result = self._run_cell(
  File "C:\Users\chris\AppData\Roaming\Python\Python314\site-packages\IPython\core\interactiveshell.py", line 3225, in _run_cell
    result = runner(coro)
  File "C:\Users\chris\AppData\Roaming\Python\Python314\site-packages\IPython\core\async_helpers.py", line 128, in _pseudo_sync_runner
    coro.send(None)
  File "C:\Users\chris\AppData\Roaming\Python\Python314\site-packages\IPython\core\interactiveshell.py", line 3447, in run_cell_async
    has_raised = await self.run_ast_nodes(code_ast.body, cell_name,
  File "C:\Users\chris\AppData\Roaming\Python\Python314\site-packages\IPython\core\interactiveshell.py", line 3688, in run_ast_nodes
    if await self.run_code(code, result, async_=asy):
  File "C:\Users\chris\AppData\Roaming\Python\Python314\site-packages\IPython\core\interactiveshell.py", line 3748, in run_code
    exec(code_obj, self.user_global_ns, self.user_ns)
  File "C:\Users\chris\AppData\Local\Temp\ipykernel_5480\3007420965.py", line 73, in <module>
    runpy.run_path(str(script_path), run_name="__main__")
  File "<frozen runpy>", line 287, in run_path
  File "<frozen runpy>", line 98, in _run_module_code
  File "<frozen runpy>", line 88, in _run_code
  File "C:\Users\chris\Desktop\Code\TracesPresenter\Traces_presenter\Jupyter\Chaine\scripts_Mirabelle\eq_FE_Mirabelle.py", line 73, in <module>
    main(_read, _write)
  File "C:\Users\chris\Desktop\Code\TracesPresenter\Traces_presenter\Jupyter\Chaine\scripts_Mirabelle\eq_FE_Mirabelle.py", line 64, in main
    out.info("  %s : EQ = %.3f  (%d Run.Test)", actor, eq, len(attempts))
Message: '  %s : EQ = %.3f  (%d Run.Test)'
Arguments: ('irreelles.niveles', 0.5053763440860215, 217)
--- Logging error ---
Traceback (most recent call last):
  File "c:\Users\chris\AppData\Local\Programs\Python\Python314\Lib\logging\__init__.py", line 1154, in emit
    stream.write(msg + self.terminator)
    ~~~~~~~~~~~~^^^^^^^^^^^^^^^^^^^^^^^
ValueError: I/O operation on closed file.
Call stack:
  File "<frozen runpy>", line 198, in _run_module_as_main
  File "<frozen runpy>", line 88, in _run_code
  File "C:\Users\chris\AppData\Roaming\Python\Python314\site-packages\ipykernel_launcher.py", line 18, in <module>
    app.launch_new_instance()
  File "C:\Users\chris\AppData\Roaming\Python\Python314\site-packages\traitlets\config\application.py", line 1082, in launch_instance
    app.start()
  File "C:\Users\chris\AppData\Roaming\Python\Python314\site-packages\ipykernel\kernelapp.py", line 758, in start
    self.io_loop.start()
  File "C:\Users\chris\AppData\Roaming\Python\Python314\site-packages\tornado\platform\asyncio.py", line 211, in start
    self.asyncio_loop.run_forever()
  File "c:\Users\chris\AppData\Local\Programs\Python\Python314\Lib\asyncio\base_events.py", line 677, in run_forever
    self._run_once()
  File "c:\Users\chris\AppData\Local\Programs\Python\Python314\Lib\asyncio\base_events.py", line 2046, in _run_once
    handle._run()
  File "c:\Users\chris\AppData\Local\Programs\Python\Python314\Lib\asyncio\events.py", line 94, in _run
    self._context.run(self._callback, *self._args)
  File "C:\Users\chris\AppData\Roaming\Python\Python314\site-packages\ipykernel\kernelbase.py", line 621, in shell_main
    await self.dispatch_shell(msg, subshell_id=subshell_id)
  File "C:\Users\chris\AppData\Roaming\Python\Python314\site-packages\ipykernel\kernelbase.py", line 478, in dispatch_shell
    await result
  File "C:\Users\chris\AppData\Roaming\Python\Python314\site-packages\ipykernel\ipkernel.py", line 372, in execute_request
    await super().execute_request(stream, ident, parent)
  File "C:\Users\chris\AppData\Roaming\Python\Python314\site-packages\ipykernel\kernelbase.py", line 834, in execute_request
    reply_content = await reply_content
  File "C:\Users\chris\AppData\Roaming\Python\Python314\site-packages\ipykernel\ipkernel.py", line 464, in do_execute
    res = shell.run_cell(
  File "C:\Users\chris\AppData\Roaming\Python\Python314\site-packages\ipykernel\zmqshell.py", line 663, in run_cell
    return super().run_cell(*args, **kwargs)
  File "C:\Users\chris\AppData\Roaming\Python\Python314\site-packages\IPython\core\interactiveshell.py", line 3170, in run_cell
    result = self._run_cell(
  File "C:\Users\chris\AppData\Roaming\Python\Python314\site-packages\IPython\core\interactiveshell.py", line 3225, in _run_cell
    result = runner(coro)
  File "C:\Users\chris\AppData\Roaming\Python\Python314\site-packages\IPython\core\async_helpers.py", line 128, in _pseudo_sync_runner
    coro.send(None)
  File "C:\Users\chris\AppData\Roaming\Python\Python314\site-packages\IPython\core\interactiveshell.py", line 3447, in run_cell_async
    has_raised = await self.run_ast_nodes(code_ast.body, cell_name,
  File "C:\Users\chris\AppData\Roaming\Python\Python314\site-packages\IPython\core\interactiveshell.py", line 3688, in run_ast_nodes
    if await self.run_code(code, result, async_=asy):
  File "C:\Users\chris\AppData\Roaming\Python\Python314\site-packages\IPython\core\interactiveshell.py", line 3748, in run_code
    exec(code_obj, self.user_global_ns, self.user_ns)
  File "C:\Users\chris\AppData\Local\Temp\ipykernel_5480\3007420965.py", line 73, in <module>
    runpy.run_path(str(script_path), run_name="__main__")
  File "<frozen runpy>", line 287, in run_path
  File "<frozen runpy>", line 98, in _run_module_code
  File "<frozen runpy>", line 88, in _run_code
  File "C:\Users\chris\Desktop\Code\TracesPresenter\Traces_presenter\Jupyter\Chaine\scripts_Mirabelle\eq_FE_Mirabelle.py", line 73, in <module>
    main(_read, _write)
  File "C:\Users\chris\Desktop\Code\TracesPresenter\Traces_presenter\Jupyter\Chaine\scripts_Mirabelle\eq_FE_Mirabelle.py", line 64, in main
    out.info("  %s : EQ = %.3f  (%d Run.Test)", actor, eq, len(attempts))
Message: '  %s : EQ = %.3f  (%d Run.Test)'
Arguments: ('irriteras.taquinant', 0.27359583092067175, 352)
--- Logging error ---
Traceback (most recent call last):
  File "c:\Users\chris\AppData\Local\Programs\Python\Python314\Lib\logging\__init__.py", line 1154, in emit
    stream.write(msg + self.terminator)
    ~~~~~~~~~~~~^^^^^^^^^^^^^^^^^^^^^^^
ValueError: I/O operation on closed file.
Call stack:
  File "<frozen runpy>", line 198, in _run_module_as_main
  File "<frozen runpy>", line 88, in _run_code
  File "C:\Users\chris\AppData\Roaming\Python\Python314\site-packages\ipykernel_launcher.py", line 18, in <module>
    app.launch_new_instance()
  File "C:\Users\chris\AppData\Roaming\Python\Python314\site-packages\traitlets\config\application.py", line 1082, in launch_instance
    app.start()
  File "C:\Users\chris\AppData\Roaming\Python\Python314\site-packages\ipykernel\kernelapp.py", line 758, in start
    self.io_loop.start()
  File "C:\Users\chris\AppData\Roaming\Python\Python314\site-packages\tornado\platform\asyncio.py", line 211, in start
    self.asyncio_loop.run_forever()
  File "c:\Users\chris\AppData\Local\Programs\Python\Python314\Lib\asyncio\base_events.py", line 677, in run_forever
    self._run_once()
  File "c:\Users\chris\AppData\Local\Programs\Python\Python314\Lib\asyncio\base_events.py", line 2046, in _run_once
    handle._run()
  File "c:\Users\chris\AppData\Local\Programs\Python\Python314\Lib\asyncio\events.py", line 94, in _run
    self._context.run(self._callback, *self._args)
  File "C:\Users\chris\AppData\Roaming\Python\Python314\site-packages\ipykernel\kernelbase.py", line 621, in shell_main
    await self.dispatch_shell(msg, subshell_id=subshell_id)
  File "C:\Users\chris\AppData\Roaming\Python\Python314\site-packages\ipykernel\kernelbase.py", line 478, in dispatch_shell
    await result
  File "C:\Users\chris\AppData\Roaming\Python\Python314\site-packages\ipykernel\ipkernel.py", line 372, in execute_request
    await super().execute_request(stream, ident, parent)
  File "C:\Users\chris\AppData\Roaming\Python\Python314\site-packages\ipykernel\kernelbase.py", line 834, in execute_request
    reply_content = await reply_content
  File "C:\Users\chris\AppData\Roaming\Python\Python314\site-packages\ipykernel\ipkernel.py", line 464, in do_execute
    res = shell.run_cell(
  File "C:\Users\chris\AppData\Roaming\Python\Python314\site-packages\ipykernel\zmqshell.py", line 663, in run_cell
    return super().run_cell(*args, **kwargs)
  File "C:\Users\chris\AppData\Roaming\Python\Python314\site-packages\IPython\core\interactiveshell.py", line 3170, in run_cell
    result = self._run_cell(
  File "C:\Users\chris\AppData\Roaming\Python\Python314\site-packages\IPython\core\interactiveshell.py", line 3225, in _run_cell
    result = runner(coro)
  File "C:\Users\chris\AppData\Roaming\Python\Python314\site-packages\IPython\core\async_helpers.py", line 128, in _pseudo_sync_runner
    coro.send(None)
  File "C:\Users\chris\AppData\Roaming\Python\Python314\site-packages\IPython\core\interactiveshell.py", line 3447, in run_cell_async
    has_raised = await self.run_ast_nodes(code_ast.body, cell_name,
  File "C:\Users\chris\AppData\Roaming\Python\Python314\site-packages\IPython\core\interactiveshell.py", line 3688, in run_ast_nodes
    if await self.run_code(code, result, async_=asy):
  File "C:\Users\chris\AppData\Roaming\Python\Python314\site-packages\IPython\core\interactiveshell.py", line 3748, in run_code
    exec(code_obj, self.user_global_ns, self.user_ns)
  File "C:\Users\chris\AppData\Local\Temp\ipykernel_5480\3007420965.py", line 73, in <module>
    runpy.run_path(str(script_path), run_name="__main__")
  File "<frozen runpy>", line 287, in run_path
  File "<frozen runpy>", line 98, in _run_module_code
  File "<frozen runpy>", line 88, in _run_code
  File "C:\Users\chris\Desktop\Code\TracesPresenter\Traces_presenter\Jupyter\Chaine\scripts_Mirabelle\eq_FE_Mirabelle.py", line 73, in <module>
    main(_read, _write)
  File "C:\Users\chris\Desktop\Code\TracesPresenter\Traces_presenter\Jupyter\Chaine\scripts_Mirabelle\eq_FE_Mirabelle.py", line 64, in main
    out.info("  %s : EQ = %.3f  (%d Run.Test)", actor, eq, len(attempts))
Message: '  %s : EQ = %.3f  (%d Run.Test)'
Arguments: ('journees.affairees', 0.15170633782621162, 357)
--- Logging error ---
Traceback (most recent call last):
  File "c:\Users\chris\AppData\Local\Programs\Python\Python314\Lib\logging\__init__.py", line 1154, in emit
    stream.write(msg + self.terminator)
    ~~~~~~~~~~~~^^^^^^^^^^^^^^^^^^^^^^^
ValueError: I/O operation on closed file.
Call stack:
  File "<frozen runpy>", line 198, in _run_module_as_main
  File "<frozen runpy>", line 88, in _run_code
  File "C:\Users\chris\AppData\Roaming\Python\Python314\site-packages\ipykernel_launcher.py", line 18, in <module>
    app.launch_new_instance()
  File "C:\Users\chris\AppData\Roaming\Python\Python314\site-packages\traitlets\config\application.py", line 1082, in launch_instance
    app.start()
  File "C:\Users\chris\AppData\Roaming\Python\Python314\site-packages\ipykernel\kernelapp.py", line 758, in start
    self.io_loop.start()
  File "C:\Users\chris\AppData\Roaming\Python\Python314\site-packages\tornado\platform\asyncio.py", line 211, in start
    self.asyncio_loop.run_forever()
  File "c:\Users\chris\AppData\Local\Programs\Python\Python314\Lib\asyncio\base_events.py", line 677, in run_forever
    self._run_once()
  File "c:\Users\chris\AppData\Local\Programs\Python\Python314\Lib\asyncio\base_events.py", line 2046, in _run_once
    handle._run()
  File "c:\Users\chris\AppData\Local\Programs\Python\Python314\Lib\asyncio\events.py", line 94, in _run
    self._context.run(self._callback, *self._args)
  File "C:\Users\chris\AppData\Roaming\Python\Python314\site-packages\ipykernel\kernelbase.py", line 621, in shell_main
    await self.dispatch_shell(msg, subshell_id=subshell_id)
  File "C:\Users\chris\AppData\Roaming\Python\Python314\site-packages\ipykernel\kernelbase.py", line 478, in dispatch_shell
    await result
  File "C:\Users\chris\AppData\Roaming\Python\Python314\site-packages\ipykernel\ipkernel.py", line 372, in execute_request
    await super().execute_request(stream, ident, parent)
  File "C:\Users\chris\AppData\Roaming\Python\Python314\site-packages\ipykernel\kernelbase.py", line 834, in execute_request
    reply_content = await reply_content
  File "C:\Users\chris\AppData\Roaming\Python\Python314\site-packages\ipykernel\ipkernel.py", line 464, in do_execute
    res = shell.run_cell(
  File "C:\Users\chris\AppData\Roaming\Python\Python314\site-packages\ipykernel\zmqshell.py", line 663, in run_cell
    return super().run_cell(*args, **kwargs)
  File "C:\Users\chris\AppData\Roaming\Python\Python314\site-packages\IPython\core\interactiveshell.py", line 3170, in run_cell
    result = self._run_cell(
  File "C:\Users\chris\AppData\Roaming\Python\Python314\site-packages\IPython\core\interactiveshell.py", line 3225, in _run_cell
    result = runner(coro)
  File "C:\Users\chris\AppData\Roaming\Python\Python314\site-packages\IPython\core\async_helpers.py", line 128, in _pseudo_sync_runner
    coro.send(None)
  File "C:\Users\chris\AppData\Roaming\Python\Python314\site-packages\IPython\core\interactiveshell.py", line 3447, in run_cell_async
    has_raised = await self.run_ast_nodes(code_ast.body, cell_name,
  File "C:\Users\chris\AppData\Roaming\Python\Python314\site-packages\IPython\core\interactiveshell.py", line 3688, in run_ast_nodes
    if await self.run_code(code, result, async_=asy):
  File "C:\Users\chris\AppData\Roaming\Python\Python314\site-packages\IPython\core\interactiveshell.py", line 3748, in run_code
    exec(code_obj, self.user_global_ns, self.user_ns)
  File "C:\Users\chris\AppData\Local\Temp\ipykernel_5480\3007420965.py", line 73, in <module>
    runpy.run_path(str(script_path), run_name="__main__")
  File "<frozen runpy>", line 287, in run_path
  File "<frozen runpy>", line 98, in _run_module_code
  File "<frozen runpy>", line 88, in _run_code
  File "C:\Users\chris\Desktop\Code\TracesPresenter\Traces_presenter\Jupyter\Chaine\scripts_Mirabelle\eq_FE_Mirabelle.py", line 73, in <module>
    main(_read, _write)
  File "C:\Users\chris\Desktop\Code\TracesPresenter\Traces_presenter\Jupyter\Chaine\scripts_Mirabelle\eq_FE_Mirabelle.py", line 64, in main
    out.info("  %s : EQ = %.3f  (%d Run.Test)", actor, eq, len(attempts))
Message: '  %s : EQ = %.3f  (%d Run.Test)'
Arguments: ('lacherai.pret', 0.48399487836107546, 87)
--- Logging error ---
Traceback (most recent call last):
  File "c:\Users\chris\AppData\Local\Programs\Python\Python314\Lib\logging\__init__.py", line 1154, in emit
    stream.write(msg + self.terminator)
    ~~~~~~~~~~~~^^^^^^^^^^^^^^^^^^^^^^^
ValueError: I/O operation on closed file.
Call stack:
  File "<frozen runpy>", line 198, in _run_module_as_main
  File "<frozen runpy>", line 88, in _run_code
  File "C:\Users\chris\AppData\Roaming\Python\Python314\site-packages\ipykernel_launcher.py", line 18, in <module>
    app.launch_new_instance()
  File "C:\Users\chris\AppData\Roaming\Python\Python314\site-packages\traitlets\config\application.py", line 1082, in launch_instance
    app.start()
  File "C:\Users\chris\AppData\Roaming\Python\Python314\site-packages\ipykernel\kernelapp.py", line 758, in start
    self.io_loop.start()
  File "C:\Users\chris\AppData\Roaming\Python\Python314\site-packages\tornado\platform\asyncio.py", line 211, in start
    self.asyncio_loop.run_forever()
  File "c:\Users\chris\AppData\Local\Programs\Python\Python314\Lib\asyncio\base_events.py", line 677, in run_forever
    self._run_once()
  File "c:\Users\chris\AppData\Local\Programs\Python\Python314\Lib\asyncio\base_events.py", line 2046, in _run_once
    handle._run()
  File "c:\Users\chris\AppData\Local\Programs\Python\Python314\Lib\asyncio\events.py", line 94, in _run
    self._context.run(self._callback, *self._args)
  File "C:\Users\chris\AppData\Roaming\Python\Python314\site-packages\ipykernel\kernelbase.py", line 621, in shell_main
    await self.dispatch_shell(msg, subshell_id=subshell_id)
  File "C:\Users\chris\AppData\Roaming\Python\Python314\site-packages\ipykernel\kernelbase.py", line 478, in dispatch_shell
    await result
  File "C:\Users\chris\AppData\Roaming\Python\Python314\site-packages\ipykernel\ipkernel.py", line 372, in execute_request
    await super().execute_request(stream, ident, parent)
  File "C:\Users\chris\AppData\Roaming\Python\Python314\site-packages\ipykernel\kernelbase.py", line 834, in execute_request
    reply_content = await reply_content
  File "C:\Users\chris\AppData\Roaming\Python\Python314\site-packages\ipykernel\ipkernel.py", line 464, in do_execute
    res = shell.run_cell(
  File "C:\Users\chris\AppData\Roaming\Python\Python314\site-packages\ipykernel\zmqshell.py", line 663, in run_cell
    return super().run_cell(*args, **kwargs)
  File "C:\Users\chris\AppData\Roaming\Python\Python314\site-packages\IPython\core\interactiveshell.py", line 3170, in run_cell
    result = self._run_cell(
  File "C:\Users\chris\AppData\Roaming\Python\Python314\site-packages\IPython\core\interactiveshell.py", line 3225, in _run_cell
    result = runner(coro)
  File "C:\Users\chris\AppData\Roaming\Python\Python314\site-packages\IPython\core\async_helpers.py", line 128, in _pseudo_sync_runner
    coro.send(None)
  File "C:\Users\chris\AppData\Roaming\Python\Python314\site-packages\IPython\core\interactiveshell.py", line 3447, in run_cell_async
    has_raised = await self.run_ast_nodes(code_ast.body, cell_name,
  File "C:\Users\chris\AppData\Roaming\Python\Python314\site-packages\IPython\core\interactiveshell.py", line 3688, in run_ast_nodes
    if await self.run_code(code, result, async_=asy):
  File "C:\Users\chris\AppData\Roaming\Python\Python314\site-packages\IPython\core\interactiveshell.py", line 3748, in run_code
    exec(code_obj, self.user_global_ns, self.user_ns)
  File "C:\Users\chris\AppData\Local\Temp\ipykernel_5480\3007420965.py", line 73, in <module>
    runpy.run_path(str(script_path), run_name="__main__")
  File "<frozen runpy>", line 287, in run_path
  File "<frozen runpy>", line 98, in _run_module_code
  File "<frozen runpy>", line 88, in _run_code
  File "C:\Users\chris\Desktop\Code\TracesPresenter\Traces_presenter\Jupyter\Chaine\scripts_Mirabelle\eq_FE_Mirabelle.py", line 73, in <module>
    main(_read, _write)
  File "C:\Users\chris\Desktop\Code\TracesPresenter\Traces_presenter\Jupyter\Chaine\scripts_Mirabelle\eq_FE_Mirabelle.py", line 64, in main
    out.info("  %s : EQ = %.3f  (%d Run.Test)", actor, eq, len(attempts))
Message: '  %s : EQ = %.3f  (%d Run.Test)'
Arguments: ('lamineurs.etatisees', 0.2245989304812834, 245)
--- Logging error ---
Traceback (most recent call last):
  File "c:\Users\chris\AppData\Local\Programs\Python\Python314\Lib\logging\__init__.py", line 1154, in emit
    stream.write(msg + self.terminator)
    ~~~~~~~~~~~~^^^^^^^^^^^^^^^^^^^^^^^
ValueError: I/O operation on closed file.
Call stack:
  File "<frozen runpy>", line 198, in _run_module_as_main
  File "<frozen runpy>", line 88, in _run_code
  File "C:\Users\chris\AppData\Roaming\Python\Python314\site-packages\ipykernel_launcher.py", line 18, in <module>
    app.launch_new_instance()
  File "C:\Users\chris\AppData\Roaming\Python\Python314\site-packages\traitlets\config\application.py", line 1082, in launch_instance
    app.start()
  File "C:\Users\chris\AppData\Roaming\Python\Python314\site-packages\ipykernel\kernelapp.py", line 758, in start
    self.io_loop.start()
  File "C:\Users\chris\AppData\Roaming\Python\Python314\site-packages\tornado\platform\asyncio.py", line 211, in start
    self.asyncio_loop.run_forever()
  File "c:\Users\chris\AppData\Local\Programs\Python\Python314\Lib\asyncio\base_events.py", line 677, in run_forever
    self._run_once()
  File "c:\Users\chris\AppData\Local\Programs\Python\Python314\Lib\asyncio\base_events.py", line 2046, in _run_once
    handle._run()
  File "c:\Users\chris\AppData\Local\Programs\Python\Python314\Lib\asyncio\events.py", line 94, in _run
    self._context.run(self._callback, *self._args)
  File "C:\Users\chris\AppData\Roaming\Python\Python314\site-packages\ipykernel\kernelbase.py", line 621, in shell_main
    await self.dispatch_shell(msg, subshell_id=subshell_id)
  File "C:\Users\chris\AppData\Roaming\Python\Python314\site-packages\ipykernel\kernelbase.py", line 478, in dispatch_shell
    await result
  File "C:\Users\chris\AppData\Roaming\Python\Python314\site-packages\ipykernel\ipkernel.py", line 372, in execute_request
    await super().execute_request(stream, ident, parent)
  File "C:\Users\chris\AppData\Roaming\Python\Python314\site-packages\ipykernel\kernelbase.py", line 834, in execute_request
    reply_content = await reply_content
  File "C:\Users\chris\AppData\Roaming\Python\Python314\site-packages\ipykernel\ipkernel.py", line 464, in do_execute
    res = shell.run_cell(
  File "C:\Users\chris\AppData\Roaming\Python\Python314\site-packages\ipykernel\zmqshell.py", line 663, in run_cell
    return super().run_cell(*args, **kwargs)
  File "C:\Users\chris\AppData\Roaming\Python\Python314\site-packages\IPython\core\interactiveshell.py", line 3170, in run_cell
    result = self._run_cell(
  File "C:\Users\chris\AppData\Roaming\Python\Python314\site-packages\IPython\core\interactiveshell.py", line 3225, in _run_cell
    result = runner(coro)
  File "C:\Users\chris\AppData\Roaming\Python\Python314\site-packages\IPython\core\async_helpers.py", line 128, in _pseudo_sync_runner
    coro.send(None)
  File "C:\Users\chris\AppData\Roaming\Python\Python314\site-packages\IPython\core\interactiveshell.py", line 3447, in run_cell_async
    has_raised = await self.run_ast_nodes(code_ast.body, cell_name,
  File "C:\Users\chris\AppData\Roaming\Python\Python314\site-packages\IPython\core\interactiveshell.py", line 3688, in run_ast_nodes
    if await self.run_code(code, result, async_=asy):
  File "C:\Users\chris\AppData\Roaming\Python\Python314\site-packages\IPython\core\interactiveshell.py", line 3748, in run_code
    exec(code_obj, self.user_global_ns, self.user_ns)
  File "C:\Users\chris\AppData\Local\Temp\ipykernel_5480\3007420965.py", line 73, in <module>
    runpy.run_path(str(script_path), run_name="__main__")
  File "<frozen runpy>", line 287, in run_path
  File "<frozen runpy>", line 98, in _run_module_code
  File "<frozen runpy>", line 88, in _run_code
  File "C:\Users\chris\Desktop\Code\TracesPresenter\Traces_presenter\Jupyter\Chaine\scripts_Mirabelle\eq_FE_Mirabelle.py", line 73, in <module>
    main(_read, _write)
  File "C:\Users\chris\Desktop\Code\TracesPresenter\Traces_presenter\Jupyter\Chaine\scripts_Mirabelle\eq_FE_Mirabelle.py", line 64, in main
    out.info("  %s : EQ = %.3f  (%d Run.Test)", actor, eq, len(attempts))
Message: '  %s : EQ = %.3f  (%d Run.Test)'
Arguments: ('leverent.lestant', 0.1941638608305275, 94)
--- Logging error ---
Traceback (most recent call last):
  File "c:\Users\chris\AppData\Local\Programs\Python\Python314\Lib\logging\__init__.py", line 1154, in emit
    stream.write(msg + self.terminator)
    ~~~~~~~~~~~~^^^^^^^^^^^^^^^^^^^^^^^
ValueError: I/O operation on closed file.
Call stack:
  File "<frozen runpy>", line 198, in _run_module_as_main
  File "<frozen runpy>", line 88, in _run_code
  File "C:\Users\chris\AppData\Roaming\Python\Python314\site-packages\ipykernel_launcher.py", line 18, in <module>
    app.launch_new_instance()
  File "C:\Users\chris\AppData\Roaming\Python\Python314\site-packages\traitlets\config\application.py", line 1082, in launch_instance
    app.start()
  File "C:\Users\chris\AppData\Roaming\Python\Python314\site-packages\ipykernel\kernelapp.py", line 758, in start
    self.io_loop.start()
  File "C:\Users\chris\AppData\Roaming\Python\Python314\site-packages\tornado\platform\asyncio.py", line 211, in start
    self.asyncio_loop.run_forever()
  File "c:\Users\chris\AppData\Local\Programs\Python\Python314\Lib\asyncio\base_events.py", line 677, in run_forever
    self._run_once()
  File "c:\Users\chris\AppData\Local\Programs\Python\Python314\Lib\asyncio\base_events.py", line 2046, in _run_once
    handle._run()
  File "c:\Users\chris\AppData\Local\Programs\Python\Python314\Lib\asyncio\events.py", line 94, in _run
    self._context.run(self._callback, *self._args)
  File "C:\Users\chris\AppData\Roaming\Python\Python314\site-packages\ipykernel\kernelbase.py", line 621, in shell_main
    await self.dispatch_shell(msg, subshell_id=subshell_id)
  File "C:\Users\chris\AppData\Roaming\Python\Python314\site-packages\ipykernel\kernelbase.py", line 478, in dispatch_shell
    await result
  File "C:\Users\chris\AppData\Roaming\Python\Python314\site-packages\ipykernel\ipkernel.py", line 372, in execute_request
    await super().execute_request(stream, ident, parent)
  File "C:\Users\chris\AppData\Roaming\Python\Python314\site-packages\ipykernel\kernelbase.py", line 834, in execute_request
    reply_content = await reply_content
  File "C:\Users\chris\AppData\Roaming\Python\Python314\site-packages\ipykernel\ipkernel.py", line 464, in do_execute
    res = shell.run_cell(
  File "C:\Users\chris\AppData\Roaming\Python\Python314\site-packages\ipykernel\zmqshell.py", line 663, in run_cell
    return super().run_cell(*args, **kwargs)
  File "C:\Users\chris\AppData\Roaming\Python\Python314\site-packages\IPython\core\interactiveshell.py", line 3170, in run_cell
    result = self._run_cell(
  File "C:\Users\chris\AppData\Roaming\Python\Python314\site-packages\IPython\core\interactiveshell.py", line 3225, in _run_cell
    result = runner(coro)
  File "C:\Users\chris\AppData\Roaming\Python\Python314\site-packages\IPython\core\async_helpers.py", line 128, in _pseudo_sync_runner
    coro.send(None)
  File "C:\Users\chris\AppData\Roaming\Python\Python314\site-packages\IPython\core\interactiveshell.py", line 3447, in run_cell_async
    has_raised = await self.run_ast_nodes(code_ast.body, cell_name,
  File "C:\Users\chris\AppData\Roaming\Python\Python314\site-packages\IPython\core\interactiveshell.py", line 3688, in run_ast_nodes
    if await self.run_code(code, result, async_=asy):
  File "C:\Users\chris\AppData\Roaming\Python\Python314\site-packages\IPython\core\interactiveshell.py", line 3748, in run_code
    exec(code_obj, self.user_global_ns, self.user_ns)
  File "C:\Users\chris\AppData\Local\Temp\ipykernel_5480\3007420965.py", line 73, in <module>
    runpy.run_path(str(script_path), run_name="__main__")
  File "<frozen runpy>", line 287, in run_path
  File "<frozen runpy>", line 98, in _run_module_code
  File "<frozen runpy>", line 88, in _run_code
  File "C:\Users\chris\Desktop\Code\TracesPresenter\Traces_presenter\Jupyter\Chaine\scripts_Mirabelle\eq_FE_Mirabelle.py", line 73, in <module>
    main(_read, _write)
  File "C:\Users\chris\Desktop\Code\TracesPresenter\Traces_presenter\Jupyter\Chaine\scripts_Mirabelle\eq_FE_Mirabelle.py", line 64, in main
    out.info("  %s : EQ = %.3f  (%d Run.Test)", actor, eq, len(attempts))
Message: '  %s : EQ = %.3f  (%d Run.Test)'
Arguments: ('lignite.surmonter', 0.08448442017346611, 336)
--- Logging error ---
Traceback (most recent call last):
  File "c:\Users\chris\AppData\Local\Programs\Python\Python314\Lib\logging\__init__.py", line 1154, in emit
    stream.write(msg + self.terminator)
    ~~~~~~~~~~~~^^^^^^^^^^^^^^^^^^^^^^^
ValueError: I/O operation on closed file.
Call stack:
  File "<frozen runpy>", line 198, in _run_module_as_main
  File "<frozen runpy>", line 88, in _run_code
  File "C:\Users\chris\AppData\Roaming\Python\Python314\site-packages\ipykernel_launcher.py", line 18, in <module>
    app.launch_new_instance()
  File "C:\Users\chris\AppData\Roaming\Python\Python314\site-packages\traitlets\config\application.py", line 1082, in launch_instance
    app.start()
  File "C:\Users\chris\AppData\Roaming\Python\Python314\site-packages\ipykernel\kernelapp.py", line 758, in start
    self.io_loop.start()
  File "C:\Users\chris\AppData\Roaming\Python\Python314\site-packages\tornado\platform\asyncio.py", line 211, in start
    self.asyncio_loop.run_forever()
  File "c:\Users\chris\AppData\Local\Programs\Python\Python314\Lib\asyncio\base_events.py", line 677, in run_forever
    self._run_once()
  File "c:\Users\chris\AppData\Local\Programs\Python\Python314\Lib\asyncio\base_events.py", line 2046, in _run_once
    handle._run()
  File "c:\Users\chris\AppData\Local\Programs\Python\Python314\Lib\asyncio\events.py", line 94, in _run
    self._context.run(self._callback, *self._args)
  File "C:\Users\chris\AppData\Roaming\Python\Python314\site-packages\ipykernel\kernelbase.py", line 621, in shell_main
    await self.dispatch_shell(msg, subshell_id=subshell_id)
  File "C:\Users\chris\AppData\Roaming\Python\Python314\site-packages\ipykernel\kernelbase.py", line 478, in dispatch_shell
    await result
  File "C:\Users\chris\AppData\Roaming\Python\Python314\site-packages\ipykernel\ipkernel.py", line 372, in execute_request
    await super().execute_request(stream, ident, parent)
  File "C:\Users\chris\AppData\Roaming\Python\Python314\site-packages\ipykernel\kernelbase.py", line 834, in execute_request
    reply_content = await reply_content
  File "C:\Users\chris\AppData\Roaming\Python\Python314\site-packages\ipykernel\ipkernel.py", line 464, in do_execute
    res = shell.run_cell(
  File "C:\Users\chris\AppData\Roaming\Python\Python314\site-packages\ipykernel\zmqshell.py", line 663, in run_cell
    return super().run_cell(*args, **kwargs)
  File "C:\Users\chris\AppData\Roaming\Python\Python314\site-packages\IPython\core\interactiveshell.py", line 3170, in run_cell
    result = self._run_cell(
  File "C:\Users\chris\AppData\Roaming\Python\Python314\site-packages\IPython\core\interactiveshell.py", line 3225, in _run_cell
    result = runner(coro)
  File "C:\Users\chris\AppData\Roaming\Python\Python314\site-packages\IPython\core\async_helpers.py", line 128, in _pseudo_sync_runner
    coro.send(None)
  File "C:\Users\chris\AppData\Roaming\Python\Python314\site-packages\IPython\core\interactiveshell.py", line 3447, in run_cell_async
    has_raised = await self.run_ast_nodes(code_ast.body, cell_name,
  File "C:\Users\chris\AppData\Roaming\Python\Python314\site-packages\IPython\core\interactiveshell.py", line 3688, in run_ast_nodes
    if await self.run_code(code, result, async_=asy):
  File "C:\Users\chris\AppData\Roaming\Python\Python314\site-packages\IPython\core\interactiveshell.py", line 3748, in run_code
    exec(code_obj, self.user_global_ns, self.user_ns)
  File "C:\Users\chris\AppData\Local\Temp\ipykernel_5480\3007420965.py", line 73, in <module>
    runpy.run_path(str(script_path), run_name="__main__")
  File "<frozen runpy>", line 287, in run_path
  File "<frozen runpy>", line 98, in _run_module_code
  File "<frozen runpy>", line 88, in _run_code
  File "C:\Users\chris\Desktop\Code\TracesPresenter\Traces_presenter\Jupyter\Chaine\scripts_Mirabelle\eq_FE_Mirabelle.py", line 73, in <module>
    main(_read, _write)
  File "C:\Users\chris\Desktop\Code\TracesPresenter\Traces_presenter\Jupyter\Chaine\scripts_Mirabelle\eq_FE_Mirabelle.py", line 64, in main
    out.info("  %s : EQ = %.3f  (%d Run.Test)", actor, eq, len(attempts))
Message: '  %s : EQ = %.3f  (%d Run.Test)'
Arguments: ('loriot.puzzle', 0.35129068462401797, 178)
--- Logging error ---
Traceback (most recent call last):
  File "c:\Users\chris\AppData\Local\Programs\Python\Python314\Lib\logging\__init__.py", line 1154, in emit
    stream.write(msg + self.terminator)
    ~~~~~~~~~~~~^^^^^^^^^^^^^^^^^^^^^^^
ValueError: I/O operation on closed file.
Call stack:
  File "<frozen runpy>", line 198, in _run_module_as_main
  File "<frozen runpy>", line 88, in _run_code
  File "C:\Users\chris\AppData\Roaming\Python\Python314\site-packages\ipykernel_launcher.py", line 18, in <module>
    app.launch_new_instance()
  File "C:\Users\chris\AppData\Roaming\Python\Python314\site-packages\traitlets\config\application.py", line 1082, in launch_instance
    app.start()
  File "C:\Users\chris\AppData\Roaming\Python\Python314\site-packages\ipykernel\kernelapp.py", line 758, in start
    self.io_loop.start()
  File "C:\Users\chris\AppData\Roaming\Python\Python314\site-packages\tornado\platform\asyncio.py", line 211, in start
    self.asyncio_loop.run_forever()
  File "c:\Users\chris\AppData\Local\Programs\Python\Python314\Lib\asyncio\base_events.py", line 677, in run_forever
    self._run_once()
  File "c:\Users\chris\AppData\Local\Programs\Python\Python314\Lib\asyncio\base_events.py", line 2046, in _run_once
    handle._run()
  File "c:\Users\chris\AppData\Local\Programs\Python\Python314\Lib\asyncio\events.py", line 94, in _run
    self._context.run(self._callback, *self._args)
  File "C:\Users\chris\AppData\Roaming\Python\Python314\site-packages\ipykernel\kernelbase.py", line 621, in shell_main
    await self.dispatch_shell(msg, subshell_id=subshell_id)
  File "C:\Users\chris\AppData\Roaming\Python\Python314\site-packages\ipykernel\kernelbase.py", line 478, in dispatch_shell
    await result
  File "C:\Users\chris\AppData\Roaming\Python\Python314\site-packages\ipykernel\ipkernel.py", line 372, in execute_request
    await super().execute_request(stream, ident, parent)
  File "C:\Users\chris\AppData\Roaming\Python\Python314\site-packages\ipykernel\kernelbase.py", line 834, in execute_request
    reply_content = await reply_content
  File "C:\Users\chris\AppData\Roaming\Python\Python314\site-packages\ipykernel\ipkernel.py", line 464, in do_execute
    res = shell.run_cell(
  File "C:\Users\chris\AppData\Roaming\Python\Python314\site-packages\ipykernel\zmqshell.py", line 663, in run_cell
    return super().run_cell(*args, **kwargs)
  File "C:\Users\chris\AppData\Roaming\Python\Python314\site-packages\IPython\core\interactiveshell.py", line 3170, in run_cell
    result = self._run_cell(
  File "C:\Users\chris\AppData\Roaming\Python\Python314\site-packages\IPython\core\interactiveshell.py", line 3225, in _run_cell
    result = runner(coro)
  File "C:\Users\chris\AppData\Roaming\Python\Python314\site-packages\IPython\core\async_helpers.py", line 128, in _pseudo_sync_runner
    coro.send(None)
  File "C:\Users\chris\AppData\Roaming\Python\Python314\site-packages\IPython\core\interactiveshell.py", line 3447, in run_cell_async
    has_raised = await self.run_ast_nodes(code_ast.body, cell_name,
  File "C:\Users\chris\AppData\Roaming\Python\Python314\site-packages\IPython\core\interactiveshell.py", line 3688, in run_ast_nodes
    if await self.run_code(code, result, async_=asy):
  File "C:\Users\chris\AppData\Roaming\Python\Python314\site-packages\IPython\core\interactiveshell.py", line 3748, in run_code
    exec(code_obj, self.user_global_ns, self.user_ns)
  File "C:\Users\chris\AppData\Local\Temp\ipykernel_5480\3007420965.py", line 73, in <module>
    runpy.run_path(str(script_path), run_name="__main__")
  File "<frozen runpy>", line 287, in run_path
  File "<frozen runpy>", line 98, in _run_module_code
  File "<frozen runpy>", line 88, in _run_code
  File "C:\Users\chris\Desktop\Code\TracesPresenter\Traces_presenter\Jupyter\Chaine\scripts_Mirabelle\eq_FE_Mirabelle.py", line 73, in <module>
    main(_read, _write)
  File "C:\Users\chris\Desktop\Code\TracesPresenter\Traces_presenter\Jupyter\Chaine\scripts_Mirabelle\eq_FE_Mirabelle.py", line 64, in main
    out.info("  %s : EQ = %.3f  (%d Run.Test)", actor, eq, len(attempts))
Message: '  %s : EQ = %.3f  (%d Run.Test)'
Arguments: ('louchait.vendanges', 0.23587223587223585, 47)
--- Logging error ---
Traceback (most recent call last):
  File "c:\Users\chris\AppData\Local\Programs\Python\Python314\Lib\logging\__init__.py", line 1154, in emit
    stream.write(msg + self.terminator)
    ~~~~~~~~~~~~^^^^^^^^^^^^^^^^^^^^^^^
ValueError: I/O operation on closed file.
Call stack:
  File "<frozen runpy>", line 198, in _run_module_as_main
  File "<frozen runpy>", line 88, in _run_code
  File "C:\Users\chris\AppData\Roaming\Python\Python314\site-packages\ipykernel_launcher.py", line 18, in <module>
    app.launch_new_instance()
  File "C:\Users\chris\AppData\Roaming\Python\Python314\site-packages\traitlets\config\application.py", line 1082, in launch_instance
    app.start()
  File "C:\Users\chris\AppData\Roaming\Python\Python314\site-packages\ipykernel\kernelapp.py", line 758, in start
    self.io_loop.start()
  File "C:\Users\chris\AppData\Roaming\Python\Python314\site-packages\tornado\platform\asyncio.py", line 211, in start
    self.asyncio_loop.run_forever()
  File "c:\Users\chris\AppData\Local\Programs\Python\Python314\Lib\asyncio\base_events.py", line 677, in run_forever
    self._run_once()
  File "c:\Users\chris\AppData\Local\Programs\Python\Python314\Lib\asyncio\base_events.py", line 2046, in _run_once
    handle._run()
  File "c:\Users\chris\AppData\Local\Programs\Python\Python314\Lib\asyncio\events.py", line 94, in _run
    self._context.run(self._callback, *self._args)
  File "C:\Users\chris\AppData\Roaming\Python\Python314\site-packages\ipykernel\kernelbase.py", line 621, in shell_main
    await self.dispatch_shell(msg, subshell_id=subshell_id)
  File "C:\Users\chris\AppData\Roaming\Python\Python314\site-packages\ipykernel\kernelbase.py", line 478, in dispatch_shell
    await result
  File "C:\Users\chris\AppData\Roaming\Python\Python314\site-packages\ipykernel\ipkernel.py", line 372, in execute_request
    await super().execute_request(stream, ident, parent)
  File "C:\Users\chris\AppData\Roaming\Python\Python314\site-packages\ipykernel\kernelbase.py", line 834, in execute_request
    reply_content = await reply_content
  File "C:\Users\chris\AppData\Roaming\Python\Python314\site-packages\ipykernel\ipkernel.py", line 464, in do_execute
    res = shell.run_cell(
  File "C:\Users\chris\AppData\Roaming\Python\Python314\site-packages\ipykernel\zmqshell.py", line 663, in run_cell
    return super().run_cell(*args, **kwargs)
  File "C:\Users\chris\AppData\Roaming\Python\Python314\site-packages\IPython\core\interactiveshell.py", line 3170, in run_cell
    result = self._run_cell(
  File "C:\Users\chris\AppData\Roaming\Python\Python314\site-packages\IPython\core\interactiveshell.py", line 3225, in _run_cell
    result = runner(coro)
  File "C:\Users\chris\AppData\Roaming\Python\Python314\site-packages\IPython\core\async_helpers.py", line 128, in _pseudo_sync_runner
    coro.send(None)
  File "C:\Users\chris\AppData\Roaming\Python\Python314\site-packages\IPython\core\interactiveshell.py", line 3447, in run_cell_async
    has_raised = await self.run_ast_nodes(code_ast.body, cell_name,
  File "C:\Users\chris\AppData\Roaming\Python\Python314\site-packages\IPython\core\interactiveshell.py", line 3688, in run_ast_nodes
    if await self.run_code(code, result, async_=asy):
  File "C:\Users\chris\AppData\Roaming\Python\Python314\site-packages\IPython\core\interactiveshell.py", line 3748, in run_code
    exec(code_obj, self.user_global_ns, self.user_ns)
  File "C:\Users\chris\AppData\Local\Temp\ipykernel_5480\3007420965.py", line 73, in <module>
    runpy.run_path(str(script_path), run_name="__main__")
  File "<frozen runpy>", line 287, in run_path
  File "<frozen runpy>", line 98, in _run_module_code
  File "<frozen runpy>", line 88, in _run_code
  File "C:\Users\chris\Desktop\Code\TracesPresenter\Traces_presenter\Jupyter\Chaine\scripts_Mirabelle\eq_FE_Mirabelle.py", line 73, in <module>
    main(_read, _write)
  File "C:\Users\chris\Desktop\Code\TracesPresenter\Traces_presenter\Jupyter\Chaine\scripts_Mirabelle\eq_FE_Mirabelle.py", line 64, in main
    out.info("  %s : EQ = %.3f  (%d Run.Test)", actor, eq, len(attempts))
Message: '  %s : EQ = %.3f  (%d Run.Test)'
Arguments: ('mamans.militeras', 0.0, 2)
--- Logging error ---
Traceback (most recent call last):
  File "c:\Users\chris\AppData\Local\Programs\Python\Python314\Lib\logging\__init__.py", line 1154, in emit
    stream.write(msg + self.terminator)
    ~~~~~~~~~~~~^^^^^^^^^^^^^^^^^^^^^^^
ValueError: I/O operation on closed file.
Call stack:
  File "<frozen runpy>", line 198, in _run_module_as_main
  File "<frozen runpy>", line 88, in _run_code
  File "C:\Users\chris\AppData\Roaming\Python\Python314\site-packages\ipykernel_launcher.py", line 18, in <module>
    app.launch_new_instance()
  File "C:\Users\chris\AppData\Roaming\Python\Python314\site-packages\traitlets\config\application.py", line 1082, in launch_instance
    app.start()
  File "C:\Users\chris\AppData\Roaming\Python\Python314\site-packages\ipykernel\kernelapp.py", line 758, in start
    self.io_loop.start()
  File "C:\Users\chris\AppData\Roaming\Python\Python314\site-packages\tornado\platform\asyncio.py", line 211, in start
    self.asyncio_loop.run_forever()
  File "c:\Users\chris\AppData\Local\Programs\Python\Python314\Lib\asyncio\base_events.py", line 677, in run_forever
    self._run_once()
  File "c:\Users\chris\AppData\Local\Programs\Python\Python314\Lib\asyncio\base_events.py", line 2046, in _run_once
    handle._run()
  File "c:\Users\chris\AppData\Local\Programs\Python\Python314\Lib\asyncio\events.py", line 94, in _run
    self._context.run(self._callback, *self._args)
  File "C:\Users\chris\AppData\Roaming\Python\Python314\site-packages\ipykernel\kernelbase.py", line 621, in shell_main
    await self.dispatch_shell(msg, subshell_id=subshell_id)
  File "C:\Users\chris\AppData\Roaming\Python\Python314\site-packages\ipykernel\kernelbase.py", line 478, in dispatch_shell
    await result
  File "C:\Users\chris\AppData\Roaming\Python\Python314\site-packages\ipykernel\ipkernel.py", line 372, in execute_request
    await super().execute_request(stream, ident, parent)
  File "C:\Users\chris\AppData\Roaming\Python\Python314\site-packages\ipykernel\kernelbase.py", line 834, in execute_request
    reply_content = await reply_content
  File "C:\Users\chris\AppData\Roaming\Python\Python314\site-packages\ipykernel\ipkernel.py", line 464, in do_execute
    res = shell.run_cell(
  File "C:\Users\chris\AppData\Roaming\Python\Python314\site-packages\ipykernel\zmqshell.py", line 663, in run_cell
    return super().run_cell(*args, **kwargs)
  File "C:\Users\chris\AppData\Roaming\Python\Python314\site-packages\IPython\core\interactiveshell.py", line 3170, in run_cell
    result = self._run_cell(
  File "C:\Users\chris\AppData\Roaming\Python\Python314\site-packages\IPython\core\interactiveshell.py", line 3225, in _run_cell
    result = runner(coro)
  File "C:\Users\chris\AppData\Roaming\Python\Python314\site-packages\IPython\core\async_helpers.py", line 128, in _pseudo_sync_runner
    coro.send(None)
  File "C:\Users\chris\AppData\Roaming\Python\Python314\site-packages\IPython\core\interactiveshell.py", line 3447, in run_cell_async
    has_raised = await self.run_ast_nodes(code_ast.body, cell_name,
  File "C:\Users\chris\AppData\Roaming\Python\Python314\site-packages\IPython\core\interactiveshell.py", line 3688, in run_ast_nodes
    if await self.run_code(code, result, async_=asy):
  File "C:\Users\chris\AppData\Roaming\Python\Python314\site-packages\IPython\core\interactiveshell.py", line 3748, in run_code
    exec(code_obj, self.user_global_ns, self.user_ns)
  File "C:\Users\chris\AppData\Local\Temp\ipykernel_5480\3007420965.py", line 73, in <module>
    runpy.run_path(str(script_path), run_name="__main__")
  File "<frozen runpy>", line 287, in run_path
  File "<frozen runpy>", line 98, in _run_module_code
  File "<frozen runpy>", line 88, in _run_code
  File "C:\Users\chris\Desktop\Code\TracesPresenter\Traces_presenter\Jupyter\Chaine\scripts_Mirabelle\eq_FE_Mirabelle.py", line 73, in <module>
    main(_read, _write)
  File "C:\Users\chris\Desktop\Code\TracesPresenter\Traces_presenter\Jupyter\Chaine\scripts_Mirabelle\eq_FE_Mirabelle.py", line 64, in main
    out.info("  %s : EQ = %.3f  (%d Run.Test)", actor, eq, len(attempts))
Message: '  %s : EQ = %.3f  (%d Run.Test)'
Arguments: ('matraque.ramier', 0.17184750733137827, 187)
--- Logging error ---
Traceback (most recent call last):
  File "c:\Users\chris\AppData\Local\Programs\Python\Python314\Lib\logging\__init__.py", line 1154, in emit
    stream.write(msg + self.terminator)
    ~~~~~~~~~~~~^^^^^^^^^^^^^^^^^^^^^^^
ValueError: I/O operation on closed file.
Call stack:
  File "<frozen runpy>", line 198, in _run_module_as_main
  File "<frozen runpy>", line 88, in _run_code
  File "C:\Users\chris\AppData\Roaming\Python\Python314\site-packages\ipykernel_launcher.py", line 18, in <module>
    app.launch_new_instance()
  File "C:\Users\chris\AppData\Roaming\Python\Python314\site-packages\traitlets\config\application.py", line 1082, in launch_instance
    app.start()
  File "C:\Users\chris\AppData\Roaming\Python\Python314\site-packages\ipykernel\kernelapp.py", line 758, in start
    self.io_loop.start()
  File "C:\Users\chris\AppData\Roaming\Python\Python314\site-packages\tornado\platform\asyncio.py", line 211, in start
    self.asyncio_loop.run_forever()
  File "c:\Users\chris\AppData\Local\Programs\Python\Python314\Lib\asyncio\base_events.py", line 677, in run_forever
    self._run_once()
  File "c:\Users\chris\AppData\Local\Programs\Python\Python314\Lib\asyncio\base_events.py", line 2046, in _run_once
    handle._run()
  File "c:\Users\chris\AppData\Local\Programs\Python\Python314\Lib\asyncio\events.py", line 94, in _run
    self._context.run(self._callback, *self._args)
  File "C:\Users\chris\AppData\Roaming\Python\Python314\site-packages\ipykernel\kernelbase.py", line 621, in shell_main
    await self.dispatch_shell(msg, subshell_id=subshell_id)
  File "C:\Users\chris\AppData\Roaming\Python\Python314\site-packages\ipykernel\kernelbase.py", line 478, in dispatch_shell
    await result
  File "C:\Users\chris\AppData\Roaming\Python\Python314\site-packages\ipykernel\ipkernel.py", line 372, in execute_request
    await super().execute_request(stream, ident, parent)
  File "C:\Users\chris\AppData\Roaming\Python\Python314\site-packages\ipykernel\kernelbase.py", line 834, in execute_request
    reply_content = await reply_content
  File "C:\Users\chris\AppData\Roaming\Python\Python314\site-packages\ipykernel\ipkernel.py", line 464, in do_execute
    res = shell.run_cell(
  File "C:\Users\chris\AppData\Roaming\Python\Python314\site-packages\ipykernel\zmqshell.py", line 663, in run_cell
    return super().run_cell(*args, **kwargs)
  File "C:\Users\chris\AppData\Roaming\Python\Python314\site-packages\IPython\core\interactiveshell.py", line 3170, in run_cell
    result = self._run_cell(
  File "C:\Users\chris\AppData\Roaming\Python\Python314\site-packages\IPython\core\interactiveshell.py", line 3225, in _run_cell
    result = runner(coro)
  File "C:\Users\chris\AppData\Roaming\Python\Python314\site-packages\IPython\core\async_helpers.py", line 128, in _pseudo_sync_runner
    coro.send(None)
  File "C:\Users\chris\AppData\Roaming\Python\Python314\site-packages\IPython\core\interactiveshell.py", line 3447, in run_cell_async
    has_raised = await self.run_ast_nodes(code_ast.body, cell_name,
  File "C:\Users\chris\AppData\Roaming\Python\Python314\site-packages\IPython\core\interactiveshell.py", line 3688, in run_ast_nodes
    if await self.run_code(code, result, async_=asy):
  File "C:\Users\chris\AppData\Roaming\Python\Python314\site-packages\IPython\core\interactiveshell.py", line 3748, in run_code
    exec(code_obj, self.user_global_ns, self.user_ns)
  File "C:\Users\chris\AppData\Local\Temp\ipykernel_5480\3007420965.py", line 73, in <module>
    runpy.run_path(str(script_path), run_name="__main__")
  File "<frozen runpy>", line 287, in run_path
  File "<frozen runpy>", line 98, in _run_module_code
  File "<frozen runpy>", line 88, in _run_code
  File "C:\Users\chris\Desktop\Code\TracesPresenter\Traces_presenter\Jupyter\Chaine\scripts_Mirabelle\eq_FE_Mirabelle.py", line 73, in <module>
    main(_read, _write)
  File "C:\Users\chris\Desktop\Code\TracesPresenter\Traces_presenter\Jupyter\Chaine\scripts_Mirabelle\eq_FE_Mirabelle.py", line 64, in main
    out.info("  %s : EQ = %.3f  (%d Run.Test)", actor, eq, len(attempts))
Message: '  %s : EQ = %.3f  (%d Run.Test)'
Arguments: ('mediateur.lezardera', 0.3830439223697651, 233)
--- Logging error ---
Traceback (most recent call last):
  File "c:\Users\chris\AppData\Local\Programs\Python\Python314\Lib\logging\__init__.py", line 1154, in emit
    stream.write(msg + self.terminator)
    ~~~~~~~~~~~~^^^^^^^^^^^^^^^^^^^^^^^
ValueError: I/O operation on closed file.
Call stack:
  File "<frozen runpy>", line 198, in _run_module_as_main
  File "<frozen runpy>", line 88, in _run_code
  File "C:\Users\chris\AppData\Roaming\Python\Python314\site-packages\ipykernel_launcher.py", line 18, in <module>
    app.launch_new_instance()
  File "C:\Users\chris\AppData\Roaming\Python\Python314\site-packages\traitlets\config\application.py", line 1082, in launch_instance
    app.start()
  File "C:\Users\chris\AppData\Roaming\Python\Python314\site-packages\ipykernel\kernelapp.py", line 758, in start
    self.io_loop.start()
  File "C:\Users\chris\AppData\Roaming\Python\Python314\site-packages\tornado\platform\asyncio.py", line 211, in start
    self.asyncio_loop.run_forever()
  File "c:\Users\chris\AppData\Local\Programs\Python\Python314\Lib\asyncio\base_events.py", line 677, in run_forever
    self._run_once()
  File "c:\Users\chris\AppData\Local\Programs\Python\Python314\Lib\asyncio\base_events.py", line 2046, in _run_once
    handle._run()
  File "c:\Users\chris\AppData\Local\Programs\Python\Python314\Lib\asyncio\events.py", line 94, in _run
    self._context.run(self._callback, *self._args)
  File "C:\Users\chris\AppData\Roaming\Python\Python314\site-packages\ipykernel\kernelbase.py", line 621, in shell_main
    await self.dispatch_shell(msg, subshell_id=subshell_id)
  File "C:\Users\chris\AppData\Roaming\Python\Python314\site-packages\ipykernel\kernelbase.py", line 478, in dispatch_shell
    await result
  File "C:\Users\chris\AppData\Roaming\Python\Python314\site-packages\ipykernel\ipkernel.py", line 372, in execute_request
    await super().execute_request(stream, ident, parent)
  File "C:\Users\chris\AppData\Roaming\Python\Python314\site-packages\ipykernel\kernelbase.py", line 834, in execute_request
    reply_content = await reply_content
  File "C:\Users\chris\AppData\Roaming\Python\Python314\site-packages\ipykernel\ipkernel.py", line 464, in do_execute
    res = shell.run_cell(
  File "C:\Users\chris\AppData\Roaming\Python\Python314\site-packages\ipykernel\zmqshell.py", line 663, in run_cell
    return super().run_cell(*args, **kwargs)
  File "C:\Users\chris\AppData\Roaming\Python\Python314\site-packages\IPython\core\interactiveshell.py", line 3170, in run_cell
    result = self._run_cell(
  File "C:\Users\chris\AppData\Roaming\Python\Python314\site-packages\IPython\core\interactiveshell.py", line 3225, in _run_cell
    result = runner(coro)
  File "C:\Users\chris\AppData\Roaming\Python\Python314\site-packages\IPython\core\async_helpers.py", line 128, in _pseudo_sync_runner
    coro.send(None)
  File "C:\Users\chris\AppData\Roaming\Python\Python314\site-packages\IPython\core\interactiveshell.py", line 3447, in run_cell_async
    has_raised = await self.run_ast_nodes(code_ast.body, cell_name,
  File "C:\Users\chris\AppData\Roaming\Python\Python314\site-packages\IPython\core\interactiveshell.py", line 3688, in run_ast_nodes
    if await self.run_code(code, result, async_=asy):
  File "C:\Users\chris\AppData\Roaming\Python\Python314\site-packages\IPython\core\interactiveshell.py", line 3748, in run_code
    exec(code_obj, self.user_global_ns, self.user_ns)
  File "C:\Users\chris\AppData\Local\Temp\ipykernel_5480\3007420965.py", line 73, in <module>
    runpy.run_path(str(script_path), run_name="__main__")
  File "<frozen runpy>", line 287, in run_path
  File "<frozen runpy>", line 98, in _run_module_code
  File "<frozen runpy>", line 88, in _run_code
  File "C:\Users\chris\Desktop\Code\TracesPresenter\Traces_presenter\Jupyter\Chaine\scripts_Mirabelle\eq_FE_Mirabelle.py", line 73, in <module>
    main(_read, _write)
  File "C:\Users\chris\Desktop\Code\TracesPresenter\Traces_presenter\Jupyter\Chaine\scripts_Mirabelle\eq_FE_Mirabelle.py", line 60, in main
    out.warning("  %s : pas de paire de tentatives exploitable — ignoré", actor)
Message: '  %s : pas de paire de tentatives exploitable — ignoré'
Arguments: ('metairies.diatribes',)
--- Logging error ---
Traceback (most recent call last):
  File "c:\Users\chris\AppData\Local\Programs\Python\Python314\Lib\logging\__init__.py", line 1154, in emit
    stream.write(msg + self.terminator)
    ~~~~~~~~~~~~^^^^^^^^^^^^^^^^^^^^^^^
ValueError: I/O operation on closed file.
Call stack:
  File "<frozen runpy>", line 198, in _run_module_as_main
  File "<frozen runpy>", line 88, in _run_code
  File "C:\Users\chris\AppData\Roaming\Python\Python314\site-packages\ipykernel_launcher.py", line 18, in <module>
    app.launch_new_instance()
  File "C:\Users\chris\AppData\Roaming\Python\Python314\site-packages\traitlets\config\application.py", line 1082, in launch_instance
    app.start()
  File "C:\Users\chris\AppData\Roaming\Python\Python314\site-packages\ipykernel\kernelapp.py", line 758, in start
    self.io_loop.start()
  File "C:\Users\chris\AppData\Roaming\Python\Python314\site-packages\tornado\platform\asyncio.py", line 211, in start
    self.asyncio_loop.run_forever()
  File "c:\Users\chris\AppData\Local\Programs\Python\Python314\Lib\asyncio\base_events.py", line 677, in run_forever
    self._run_once()
  File "c:\Users\chris\AppData\Local\Programs\Python\Python314\Lib\asyncio\base_events.py", line 2046, in _run_once
    handle._run()
  File "c:\Users\chris\AppData\Local\Programs\Python\Python314\Lib\asyncio\events.py", line 94, in _run
    self._context.run(self._callback, *self._args)
  File "C:\Users\chris\AppData\Roaming\Python\Python314\site-packages\ipykernel\kernelbase.py", line 621, in shell_main
    await self.dispatch_shell(msg, subshell_id=subshell_id)
  File "C:\Users\chris\AppData\Roaming\Python\Python314\site-packages\ipykernel\kernelbase.py", line 478, in dispatch_shell
    await result
  File "C:\Users\chris\AppData\Roaming\Python\Python314\site-packages\ipykernel\ipkernel.py", line 372, in execute_request
    await super().execute_request(stream, ident, parent)
  File "C:\Users\chris\AppData\Roaming\Python\Python314\site-packages\ipykernel\kernelbase.py", line 834, in execute_request
    reply_content = await reply_content
  File "C:\Users\chris\AppData\Roaming\Python\Python314\site-packages\ipykernel\ipkernel.py", line 464, in do_execute
    res = shell.run_cell(
  File "C:\Users\chris\AppData\Roaming\Python\Python314\site-packages\ipykernel\zmqshell.py", line 663, in run_cell
    return super().run_cell(*args, **kwargs)
  File "C:\Users\chris\AppData\Roaming\Python\Python314\site-packages\IPython\core\interactiveshell.py", line 3170, in run_cell
    result = self._run_cell(
  File "C:\Users\chris\AppData\Roaming\Python\Python314\site-packages\IPython\core\interactiveshell.py", line 3225, in _run_cell
    result = runner(coro)
  File "C:\Users\chris\AppData\Roaming\Python\Python314\site-packages\IPython\core\async_helpers.py", line 128, in _pseudo_sync_runner
    coro.send(None)
  File "C:\Users\chris\AppData\Roaming\Python\Python314\site-packages\IPython\core\interactiveshell.py", line 3447, in run_cell_async
    has_raised = await self.run_ast_nodes(code_ast.body, cell_name,
  File "C:\Users\chris\AppData\Roaming\Python\Python314\site-packages\IPython\core\interactiveshell.py", line 3688, in run_ast_nodes
    if await self.run_code(code, result, async_=asy):
  File "C:\Users\chris\AppData\Roaming\Python\Python314\site-packages\IPython\core\interactiveshell.py", line 3748, in run_code
    exec(code_obj, self.user_global_ns, self.user_ns)
  File "C:\Users\chris\AppData\Local\Temp\ipykernel_5480\3007420965.py", line 73, in <module>
    runpy.run_path(str(script_path), run_name="__main__")
  File "<frozen runpy>", line 287, in run_path
  File "<frozen runpy>", line 98, in _run_module_code
  File "<frozen runpy>", line 88, in _run_code
  File "C:\Users\chris\Desktop\Code\TracesPresenter\Traces_presenter\Jupyter\Chaine\scripts_Mirabelle\eq_FE_Mirabelle.py", line 73, in <module>
    main(_read, _write)
  File "C:\Users\chris\Desktop\Code\TracesPresenter\Traces_presenter\Jupyter\Chaine\scripts_Mirabelle\eq_FE_Mirabelle.py", line 64, in main
    out.info("  %s : EQ = %.3f  (%d Run.Test)", actor, eq, len(attempts))
Message: '  %s : EQ = %.3f  (%d Run.Test)'
Arguments: ('minorees.agacerez', 0.4, 12)
--- Logging error ---
Traceback (most recent call last):
  File "c:\Users\chris\AppData\Local\Programs\Python\Python314\Lib\logging\__init__.py", line 1154, in emit
    stream.write(msg + self.terminator)
    ~~~~~~~~~~~~^^^^^^^^^^^^^^^^^^^^^^^
ValueError: I/O operation on closed file.
Call stack:
  File "<frozen runpy>", line 198, in _run_module_as_main
  File "<frozen runpy>", line 88, in _run_code
  File "C:\Users\chris\AppData\Roaming\Python\Python314\site-packages\ipykernel_launcher.py", line 18, in <module>
    app.launch_new_instance()
  File "C:\Users\chris\AppData\Roaming\Python\Python314\site-packages\traitlets\config\application.py", line 1082, in launch_instance
    app.start()
  File "C:\Users\chris\AppData\Roaming\Python\Python314\site-packages\ipykernel\kernelapp.py", line 758, in start
    self.io_loop.start()
  File "C:\Users\chris\AppData\Roaming\Python\Python314\site-packages\tornado\platform\asyncio.py", line 211, in start
    self.asyncio_loop.run_forever()
  File "c:\Users\chris\AppData\Local\Programs\Python\Python314\Lib\asyncio\base_events.py", line 677, in run_forever
    self._run_once()
  File "c:\Users\chris\AppData\Local\Programs\Python\Python314\Lib\asyncio\base_events.py", line 2046, in _run_once
    handle._run()
  File "c:\Users\chris\AppData\Local\Programs\Python\Python314\Lib\asyncio\events.py", line 94, in _run
    self._context.run(self._callback, *self._args)
  File "C:\Users\chris\AppData\Roaming\Python\Python314\site-packages\ipykernel\kernelbase.py", line 621, in shell_main
    await self.dispatch_shell(msg, subshell_id=subshell_id)
  File "C:\Users\chris\AppData\Roaming\Python\Python314\site-packages\ipykernel\kernelbase.py", line 478, in dispatch_shell
    await result
  File "C:\Users\chris\AppData\Roaming\Python\Python314\site-packages\ipykernel\ipkernel.py", line 372, in execute_request
    await super().execute_request(stream, ident, parent)
  File "C:\Users\chris\AppData\Roaming\Python\Python314\site-packages\ipykernel\kernelbase.py", line 834, in execute_request
    reply_content = await reply_content
  File "C:\Users\chris\AppData\Roaming\Python\Python314\site-packages\ipykernel\ipkernel.py", line 464, in do_execute
    res = shell.run_cell(
  File "C:\Users\chris\AppData\Roaming\Python\Python314\site-packages\ipykernel\zmqshell.py", line 663, in run_cell
    return super().run_cell(*args, **kwargs)
  File "C:\Users\chris\AppData\Roaming\Python\Python314\site-packages\IPython\core\interactiveshell.py", line 3170, in run_cell
    result = self._run_cell(
  File "C:\Users\chris\AppData\Roaming\Python\Python314\site-packages\IPython\core\interactiveshell.py", line 3225, in _run_cell
    result = runner(coro)
  File "C:\Users\chris\AppData\Roaming\Python\Python314\site-packages\IPython\core\async_helpers.py", line 128, in _pseudo_sync_runner
    coro.send(None)
  File "C:\Users\chris\AppData\Roaming\Python\Python314\site-packages\IPython\core\interactiveshell.py", line 3447, in run_cell_async
    has_raised = await self.run_ast_nodes(code_ast.body, cell_name,
  File "C:\Users\chris\AppData\Roaming\Python\Python314\site-packages\IPython\core\interactiveshell.py", line 3688, in run_ast_nodes
    if await self.run_code(code, result, async_=asy):
  File "C:\Users\chris\AppData\Roaming\Python\Python314\site-packages\IPython\core\interactiveshell.py", line 3748, in run_code
    exec(code_obj, self.user_global_ns, self.user_ns)
  File "C:\Users\chris\AppData\Local\Temp\ipykernel_5480\3007420965.py", line 73, in <module>
    runpy.run_path(str(script_path), run_name="__main__")
  File "<frozen runpy>", line 287, in run_path
  File "<frozen runpy>", line 98, in _run_module_code
  File "<frozen runpy>", line 88, in _run_code
  File "C:\Users\chris\Desktop\Code\TracesPresenter\Traces_presenter\Jupyter\Chaine\scripts_Mirabelle\eq_FE_Mirabelle.py", line 73, in <module>
    main(_read, _write)
  File "C:\Users\chris\Desktop\Code\TracesPresenter\Traces_presenter\Jupyter\Chaine\scripts_Mirabelle\eq_FE_Mirabelle.py", line 64, in main
    out.info("  %s : EQ = %.3f  (%d Run.Test)", actor, eq, len(attempts))
Message: '  %s : EQ = %.3f  (%d Run.Test)'
Arguments: ('miroitera.lamenter', 0.42489061740398637, 231)
--- Logging error ---
Traceback (most recent call last):
  File "c:\Users\chris\AppData\Local\Programs\Python\Python314\Lib\logging\__init__.py", line 1154, in emit
    stream.write(msg + self.terminator)
    ~~~~~~~~~~~~^^^^^^^^^^^^^^^^^^^^^^^
ValueError: I/O operation on closed file.
Call stack:
  File "<frozen runpy>", line 198, in _run_module_as_main
  File "<frozen runpy>", line 88, in _run_code
  File "C:\Users\chris\AppData\Roaming\Python\Python314\site-packages\ipykernel_launcher.py", line 18, in <module>
    app.launch_new_instance()
  File "C:\Users\chris\AppData\Roaming\Python\Python314\site-packages\traitlets\config\application.py", line 1082, in launch_instance
    app.start()
  File "C:\Users\chris\AppData\Roaming\Python\Python314\site-packages\ipykernel\kernelapp.py", line 758, in start
    self.io_loop.start()
  File "C:\Users\chris\AppData\Roaming\Python\Python314\site-packages\tornado\platform\asyncio.py", line 211, in start
    self.asyncio_loop.run_forever()
  File "c:\Users\chris\AppData\Local\Programs\Python\Python314\Lib\asyncio\base_events.py", line 677, in run_forever
    self._run_once()
  File "c:\Users\chris\AppData\Local\Programs\Python\Python314\Lib\asyncio\base_events.py", line 2046, in _run_once
    handle._run()
  File "c:\Users\chris\AppData\Local\Programs\Python\Python314\Lib\asyncio\events.py", line 94, in _run
    self._context.run(self._callback, *self._args)
  File "C:\Users\chris\AppData\Roaming\Python\Python314\site-packages\ipykernel\kernelbase.py", line 621, in shell_main
    await self.dispatch_shell(msg, subshell_id=subshell_id)
  File "C:\Users\chris\AppData\Roaming\Python\Python314\site-packages\ipykernel\kernelbase.py", line 478, in dispatch_shell
    await result
  File "C:\Users\chris\AppData\Roaming\Python\Python314\site-packages\ipykernel\ipkernel.py", line 372, in execute_request
    await super().execute_request(stream, ident, parent)
  File "C:\Users\chris\AppData\Roaming\Python\Python314\site-packages\ipykernel\kernelbase.py", line 834, in execute_request
    reply_content = await reply_content
  File "C:\Users\chris\AppData\Roaming\Python\Python314\site-packages\ipykernel\ipkernel.py", line 464, in do_execute
    res = shell.run_cell(
  File "C:\Users\chris\AppData\Roaming\Python\Python314\site-packages\ipykernel\zmqshell.py", line 663, in run_cell
    return super().run_cell(*args, **kwargs)
  File "C:\Users\chris\AppData\Roaming\Python\Python314\site-packages\IPython\core\interactiveshell.py", line 3170, in run_cell
    result = self._run_cell(
  File "C:\Users\chris\AppData\Roaming\Python\Python314\site-packages\IPython\core\interactiveshell.py", line 3225, in _run_cell
    result = runner(coro)
  File "C:\Users\chris\AppData\Roaming\Python\Python314\site-packages\IPython\core\async_helpers.py", line 128, in _pseudo_sync_runner
    coro.send(None)
  File "C:\Users\chris\AppData\Roaming\Python\Python314\site-packages\IPython\core\interactiveshell.py", line 3447, in run_cell_async
    has_raised = await self.run_ast_nodes(code_ast.body, cell_name,
  File "C:\Users\chris\AppData\Roaming\Python\Python314\site-packages\IPython\core\interactiveshell.py", line 3688, in run_ast_nodes
    if await self.run_code(code, result, async_=asy):
  File "C:\Users\chris\AppData\Roaming\Python\Python314\site-packages\IPython\core\interactiveshell.py", line 3748, in run_code
    exec(code_obj, self.user_global_ns, self.user_ns)
  File "C:\Users\chris\AppData\Local\Temp\ipykernel_5480\3007420965.py", line 73, in <module>
    runpy.run_path(str(script_path), run_name="__main__")
  File "<frozen runpy>", line 287, in run_path
  File "<frozen runpy>", line 98, in _run_module_code
  File "<frozen runpy>", line 88, in _run_code
  File "C:\Users\chris\Desktop\Code\TracesPresenter\Traces_presenter\Jupyter\Chaine\scripts_Mirabelle\eq_FE_Mirabelle.py", line 73, in <module>
    main(_read, _write)
  File "C:\Users\chris\Desktop\Code\TracesPresenter\Traces_presenter\Jupyter\Chaine\scripts_Mirabelle\eq_FE_Mirabelle.py", line 64, in main
    out.info("  %s : EQ = %.3f  (%d Run.Test)", actor, eq, len(attempts))
Message: '  %s : EQ = %.3f  (%d Run.Test)'
Arguments: ('monnaies.pressure', 0.07142857142857142, 21)
--- Logging error ---
Traceback (most recent call last):
  File "c:\Users\chris\AppData\Local\Programs\Python\Python314\Lib\logging\__init__.py", line 1154, in emit
    stream.write(msg + self.terminator)
    ~~~~~~~~~~~~^^^^^^^^^^^^^^^^^^^^^^^
ValueError: I/O operation on closed file.
Call stack:
  File "<frozen runpy>", line 198, in _run_module_as_main
  File "<frozen runpy>", line 88, in _run_code
  File "C:\Users\chris\AppData\Roaming\Python\Python314\site-packages\ipykernel_launcher.py", line 18, in <module>
    app.launch_new_instance()
  File "C:\Users\chris\AppData\Roaming\Python\Python314\site-packages\traitlets\config\application.py", line 1082, in launch_instance
    app.start()
  File "C:\Users\chris\AppData\Roaming\Python\Python314\site-packages\ipykernel\kernelapp.py", line 758, in start
    self.io_loop.start()
  File "C:\Users\chris\AppData\Roaming\Python\Python314\site-packages\tornado\platform\asyncio.py", line 211, in start
    self.asyncio_loop.run_forever()
  File "c:\Users\chris\AppData\Local\Programs\Python\Python314\Lib\asyncio\base_events.py", line 677, in run_forever
    self._run_once()
  File "c:\Users\chris\AppData\Local\Programs\Python\Python314\Lib\asyncio\base_events.py", line 2046, in _run_once
    handle._run()
  File "c:\Users\chris\AppData\Local\Programs\Python\Python314\Lib\asyncio\events.py", line 94, in _run
    self._context.run(self._callback, *self._args)
  File "C:\Users\chris\AppData\Roaming\Python\Python314\site-packages\ipykernel\kernelbase.py", line 621, in shell_main
    await self.dispatch_shell(msg, subshell_id=subshell_id)
  File "C:\Users\chris\AppData\Roaming\Python\Python314\site-packages\ipykernel\kernelbase.py", line 478, in dispatch_shell
    await result
  File "C:\Users\chris\AppData\Roaming\Python\Python314\site-packages\ipykernel\ipkernel.py", line 372, in execute_request
    await super().execute_request(stream, ident, parent)
  File "C:\Users\chris\AppData\Roaming\Python\Python314\site-packages\ipykernel\kernelbase.py", line 834, in execute_request
    reply_content = await reply_content
  File "C:\Users\chris\AppData\Roaming\Python\Python314\site-packages\ipykernel\ipkernel.py", line 464, in do_execute
    res = shell.run_cell(
  File "C:\Users\chris\AppData\Roaming\Python\Python314\site-packages\ipykernel\zmqshell.py", line 663, in run_cell
    return super().run_cell(*args, **kwargs)
  File "C:\Users\chris\AppData\Roaming\Python\Python314\site-packages\IPython\core\interactiveshell.py", line 3170, in run_cell
    result = self._run_cell(
  File "C:\Users\chris\AppData\Roaming\Python\Python314\site-packages\IPython\core\interactiveshell.py", line 3225, in _run_cell
    result = runner(coro)
  File "C:\Users\chris\AppData\Roaming\Python\Python314\site-packages\IPython\core\async_helpers.py", line 128, in _pseudo_sync_runner
    coro.send(None)
  File "C:\Users\chris\AppData\Roaming\Python\Python314\site-packages\IPython\core\interactiveshell.py", line 3447, in run_cell_async
    has_raised = await self.run_ast_nodes(code_ast.body, cell_name,
  File "C:\Users\chris\AppData\Roaming\Python\Python314\site-packages\IPython\core\interactiveshell.py", line 3688, in run_ast_nodes
    if await self.run_code(code, result, async_=asy):
  File "C:\Users\chris\AppData\Roaming\Python\Python314\site-packages\IPython\core\interactiveshell.py", line 3748, in run_code
    exec(code_obj, self.user_global_ns, self.user_ns)
  File "C:\Users\chris\AppData\Local\Temp\ipykernel_5480\3007420965.py", line 73, in <module>
    runpy.run_path(str(script_path), run_name="__main__")
  File "<frozen runpy>", line 287, in run_path
  File "<frozen runpy>", line 98, in _run_module_code
  File "<frozen runpy>", line 88, in _run_code
  File "C:\Users\chris\Desktop\Code\TracesPresenter\Traces_presenter\Jupyter\Chaine\scripts_Mirabelle\eq_FE_Mirabelle.py", line 73, in <module>
    main(_read, _write)
  File "C:\Users\chris\Desktop\Code\TracesPresenter\Traces_presenter\Jupyter\Chaine\scripts_Mirabelle\eq_FE_Mirabelle.py", line 64, in main
    out.info("  %s : EQ = %.3f  (%d Run.Test)", actor, eq, len(attempts))
Message: '  %s : EQ = %.3f  (%d Run.Test)'
Arguments: ('montais.essayeur', 0.0787878787878788, 79)
--- Logging error ---
Traceback (most recent call last):
  File "c:\Users\chris\AppData\Local\Programs\Python\Python314\Lib\logging\__init__.py", line 1154, in emit
    stream.write(msg + self.terminator)
    ~~~~~~~~~~~~^^^^^^^^^^^^^^^^^^^^^^^
ValueError: I/O operation on closed file.
Call stack:
  File "<frozen runpy>", line 198, in _run_module_as_main
  File "<frozen runpy>", line 88, in _run_code
  File "C:\Users\chris\AppData\Roaming\Python\Python314\site-packages\ipykernel_launcher.py", line 18, in <module>
    app.launch_new_instance()
  File "C:\Users\chris\AppData\Roaming\Python\Python314\site-packages\traitlets\config\application.py", line 1082, in launch_instance
    app.start()
  File "C:\Users\chris\AppData\Roaming\Python\Python314\site-packages\ipykernel\kernelapp.py", line 758, in start
    self.io_loop.start()
  File "C:\Users\chris\AppData\Roaming\Python\Python314\site-packages\tornado\platform\asyncio.py", line 211, in start
    self.asyncio_loop.run_forever()
  File "c:\Users\chris\AppData\Local\Programs\Python\Python314\Lib\asyncio\base_events.py", line 677, in run_forever
    self._run_once()
  File "c:\Users\chris\AppData\Local\Programs\Python\Python314\Lib\asyncio\base_events.py", line 2046, in _run_once
    handle._run()
  File "c:\Users\chris\AppData\Local\Programs\Python\Python314\Lib\asyncio\events.py", line 94, in _run
    self._context.run(self._callback, *self._args)
  File "C:\Users\chris\AppData\Roaming\Python\Python314\site-packages\ipykernel\kernelbase.py", line 621, in shell_main
    await self.dispatch_shell(msg, subshell_id=subshell_id)
  File "C:\Users\chris\AppData\Roaming\Python\Python314\site-packages\ipykernel\kernelbase.py", line 478, in dispatch_shell
    await result
  File "C:\Users\chris\AppData\Roaming\Python\Python314\site-packages\ipykernel\ipkernel.py", line 372, in execute_request
    await super().execute_request(stream, ident, parent)
  File "C:\Users\chris\AppData\Roaming\Python\Python314\site-packages\ipykernel\kernelbase.py", line 834, in execute_request
    reply_content = await reply_content
  File "C:\Users\chris\AppData\Roaming\Python\Python314\site-packages\ipykernel\ipkernel.py", line 464, in do_execute
    res = shell.run_cell(
  File "C:\Users\chris\AppData\Roaming\Python\Python314\site-packages\ipykernel\zmqshell.py", line 663, in run_cell
    return super().run_cell(*args, **kwargs)
  File "C:\Users\chris\AppData\Roaming\Python\Python314\site-packages\IPython\core\interactiveshell.py", line 3170, in run_cell
    result = self._run_cell(
  File "C:\Users\chris\AppData\Roaming\Python\Python314\site-packages\IPython\core\interactiveshell.py", line 3225, in _run_cell
    result = runner(coro)
  File "C:\Users\chris\AppData\Roaming\Python\Python314\site-packages\IPython\core\async_helpers.py", line 128, in _pseudo_sync_runner
    coro.send(None)
  File "C:\Users\chris\AppData\Roaming\Python\Python314\site-packages\IPython\core\interactiveshell.py", line 3447, in run_cell_async
    has_raised = await self.run_ast_nodes(code_ast.body, cell_name,
  File "C:\Users\chris\AppData\Roaming\Python\Python314\site-packages\IPython\core\interactiveshell.py", line 3688, in run_ast_nodes
    if await self.run_code(code, result, async_=asy):
  File "C:\Users\chris\AppData\Roaming\Python\Python314\site-packages\IPython\core\interactiveshell.py", line 3748, in run_code
    exec(code_obj, self.user_global_ns, self.user_ns)
  File "C:\Users\chris\AppData\Local\Temp\ipykernel_5480\3007420965.py", line 73, in <module>
    runpy.run_path(str(script_path), run_name="__main__")
  File "<frozen runpy>", line 287, in run_path
  File "<frozen runpy>", line 98, in _run_module_code
  File "<frozen runpy>", line 88, in _run_code
  File "C:\Users\chris\Desktop\Code\TracesPresenter\Traces_presenter\Jupyter\Chaine\scripts_Mirabelle\eq_FE_Mirabelle.py", line 73, in <module>
    main(_read, _write)
  File "C:\Users\chris\Desktop\Code\TracesPresenter\Traces_presenter\Jupyter\Chaine\scripts_Mirabelle\eq_FE_Mirabelle.py", line 60, in main
    out.warning("  %s : pas de paire de tentatives exploitable — ignoré", actor)
Message: '  %s : pas de paire de tentatives exploitable — ignoré'
Arguments: ('montres.sciee',)
--- Logging error ---
Traceback (most recent call last):
  File "c:\Users\chris\AppData\Local\Programs\Python\Python314\Lib\logging\__init__.py", line 1154, in emit
    stream.write(msg + self.terminator)
    ~~~~~~~~~~~~^^^^^^^^^^^^^^^^^^^^^^^
ValueError: I/O operation on closed file.
Call stack:
  File "<frozen runpy>", line 198, in _run_module_as_main
  File "<frozen runpy>", line 88, in _run_code
  File "C:\Users\chris\AppData\Roaming\Python\Python314\site-packages\ipykernel_launcher.py", line 18, in <module>
    app.launch_new_instance()
  File "C:\Users\chris\AppData\Roaming\Python\Python314\site-packages\traitlets\config\application.py", line 1082, in launch_instance
    app.start()
  File "C:\Users\chris\AppData\Roaming\Python\Python314\site-packages\ipykernel\kernelapp.py", line 758, in start
    self.io_loop.start()
  File "C:\Users\chris\AppData\Roaming\Python\Python314\site-packages\tornado\platform\asyncio.py", line 211, in start
    self.asyncio_loop.run_forever()
  File "c:\Users\chris\AppData\Local\Programs\Python\Python314\Lib\asyncio\base_events.py", line 677, in run_forever
    self._run_once()
  File "c:\Users\chris\AppData\Local\Programs\Python\Python314\Lib\asyncio\base_events.py", line 2046, in _run_once
    handle._run()
  File "c:\Users\chris\AppData\Local\Programs\Python\Python314\Lib\asyncio\events.py", line 94, in _run
    self._context.run(self._callback, *self._args)
  File "C:\Users\chris\AppData\Roaming\Python\Python314\site-packages\ipykernel\kernelbase.py", line 621, in shell_main
    await self.dispatch_shell(msg, subshell_id=subshell_id)
  File "C:\Users\chris\AppData\Roaming\Python\Python314\site-packages\ipykernel\kernelbase.py", line 478, in dispatch_shell
    await result
  File "C:\Users\chris\AppData\Roaming\Python\Python314\site-packages\ipykernel\ipkernel.py", line 372, in execute_request
    await super().execute_request(stream, ident, parent)
  File "C:\Users\chris\AppData\Roaming\Python\Python314\site-packages\ipykernel\kernelbase.py", line 834, in execute_request
    reply_content = await reply_content
  File "C:\Users\chris\AppData\Roaming\Python\Python314\site-packages\ipykernel\ipkernel.py", line 464, in do_execute
    res = shell.run_cell(
  File "C:\Users\chris\AppData\Roaming\Python\Python314\site-packages\ipykernel\zmqshell.py", line 663, in run_cell
    return super().run_cell(*args, **kwargs)
  File "C:\Users\chris\AppData\Roaming\Python\Python314\site-packages\IPython\core\interactiveshell.py", line 3170, in run_cell
    result = self._run_cell(
  File "C:\Users\chris\AppData\Roaming\Python\Python314\site-packages\IPython\core\interactiveshell.py", line 3225, in _run_cell
    result = runner(coro)
  File "C:\Users\chris\AppData\Roaming\Python\Python314\site-packages\IPython\core\async_helpers.py", line 128, in _pseudo_sync_runner
    coro.send(None)
  File "C:\Users\chris\AppData\Roaming\Python\Python314\site-packages\IPython\core\interactiveshell.py", line 3447, in run_cell_async
    has_raised = await self.run_ast_nodes(code_ast.body, cell_name,
  File "C:\Users\chris\AppData\Roaming\Python\Python314\site-packages\IPython\core\interactiveshell.py", line 3688, in run_ast_nodes
    if await self.run_code(code, result, async_=asy):
  File "C:\Users\chris\AppData\Roaming\Python\Python314\site-packages\IPython\core\interactiveshell.py", line 3748, in run_code
    exec(code_obj, self.user_global_ns, self.user_ns)
  File "C:\Users\chris\AppData\Local\Temp\ipykernel_5480\3007420965.py", line 73, in <module>
    runpy.run_path(str(script_path), run_name="__main__")
  File "<frozen runpy>", line 287, in run_path
  File "<frozen runpy>", line 98, in _run_module_code
  File "<frozen runpy>", line 88, in _run_code
  File "C:\Users\chris\Desktop\Code\TracesPresenter\Traces_presenter\Jupyter\Chaine\scripts_Mirabelle\eq_FE_Mirabelle.py", line 73, in <module>
    main(_read, _write)
  File "C:\Users\chris\Desktop\Code\TracesPresenter\Traces_presenter\Jupyter\Chaine\scripts_Mirabelle\eq_FE_Mirabelle.py", line 64, in main
    out.info("  %s : EQ = %.3f  (%d Run.Test)", actor, eq, len(attempts))
Message: '  %s : EQ = %.3f  (%d Run.Test)'
Arguments: ('naissait.aerosols', 0.26721763085399447, 154)
--- Logging error ---
Traceback (most recent call last):
  File "c:\Users\chris\AppData\Local\Programs\Python\Python314\Lib\logging\__init__.py", line 1154, in emit
    stream.write(msg + self.terminator)
    ~~~~~~~~~~~~^^^^^^^^^^^^^^^^^^^^^^^
ValueError: I/O operation on closed file.
Call stack:
  File "<frozen runpy>", line 198, in _run_module_as_main
  File "<frozen runpy>", line 88, in _run_code
  File "C:\Users\chris\AppData\Roaming\Python\Python314\site-packages\ipykernel_launcher.py", line 18, in <module>
    app.launch_new_instance()
  File "C:\Users\chris\AppData\Roaming\Python\Python314\site-packages\traitlets\config\application.py", line 1082, in launch_instance
    app.start()
  File "C:\Users\chris\AppData\Roaming\Python\Python314\site-packages\ipykernel\kernelapp.py", line 758, in start
    self.io_loop.start()
  File "C:\Users\chris\AppData\Roaming\Python\Python314\site-packages\tornado\platform\asyncio.py", line 211, in start
    self.asyncio_loop.run_forever()
  File "c:\Users\chris\AppData\Local\Programs\Python\Python314\Lib\asyncio\base_events.py", line 677, in run_forever
    self._run_once()
  File "c:\Users\chris\AppData\Local\Programs\Python\Python314\Lib\asyncio\base_events.py", line 2046, in _run_once
    handle._run()
  File "c:\Users\chris\AppData\Local\Programs\Python\Python314\Lib\asyncio\events.py", line 94, in _run
    self._context.run(self._callback, *self._args)
  File "C:\Users\chris\AppData\Roaming\Python\Python314\site-packages\ipykernel\kernelbase.py", line 621, in shell_main
    await self.dispatch_shell(msg, subshell_id=subshell_id)
  File "C:\Users\chris\AppData\Roaming\Python\Python314\site-packages\ipykernel\kernelbase.py", line 478, in dispatch_shell
    await result
  File "C:\Users\chris\AppData\Roaming\Python\Python314\site-packages\ipykernel\ipkernel.py", line 372, in execute_request
    await super().execute_request(stream, ident, parent)
  File "C:\Users\chris\AppData\Roaming\Python\Python314\site-packages\ipykernel\kernelbase.py", line 834, in execute_request
    reply_content = await reply_content
  File "C:\Users\chris\AppData\Roaming\Python\Python314\site-packages\ipykernel\ipkernel.py", line 464, in do_execute
    res = shell.run_cell(
  File "C:\Users\chris\AppData\Roaming\Python\Python314\site-packages\ipykernel\zmqshell.py", line 663, in run_cell
    return super().run_cell(*args, **kwargs)
  File "C:\Users\chris\AppData\Roaming\Python\Python314\site-packages\IPython\core\interactiveshell.py", line 3170, in run_cell
    result = self._run_cell(
  File "C:\Users\chris\AppData\Roaming\Python\Python314\site-packages\IPython\core\interactiveshell.py", line 3225, in _run_cell
    result = runner(coro)
  File "C:\Users\chris\AppData\Roaming\Python\Python314\site-packages\IPython\core\async_helpers.py", line 128, in _pseudo_sync_runner
    coro.send(None)
  File "C:\Users\chris\AppData\Roaming\Python\Python314\site-packages\IPython\core\interactiveshell.py", line 3447, in run_cell_async
    has_raised = await self.run_ast_nodes(code_ast.body, cell_name,
  File "C:\Users\chris\AppData\Roaming\Python\Python314\site-packages\IPython\core\interactiveshell.py", line 3688, in run_ast_nodes
    if await self.run_code(code, result, async_=asy):
  File "C:\Users\chris\AppData\Roaming\Python\Python314\site-packages\IPython\core\interactiveshell.py", line 3748, in run_code
    exec(code_obj, self.user_global_ns, self.user_ns)
  File "C:\Users\chris\AppData\Local\Temp\ipykernel_5480\3007420965.py", line 73, in <module>
    runpy.run_path(str(script_path), run_name="__main__")
  File "<frozen runpy>", line 287, in run_path
  File "<frozen runpy>", line 98, in _run_module_code
  File "<frozen runpy>", line 88, in _run_code
  File "C:\Users\chris\Desktop\Code\TracesPresenter\Traces_presenter\Jupyter\Chaine\scripts_Mirabelle\eq_FE_Mirabelle.py", line 73, in <module>
    main(_read, _write)
  File "C:\Users\chris\Desktop\Code\TracesPresenter\Traces_presenter\Jupyter\Chaine\scripts_Mirabelle\eq_FE_Mirabelle.py", line 60, in main
    out.warning("  %s : pas de paire de tentatives exploitable — ignoré", actor)
Message: '  %s : pas de paire de tentatives exploitable — ignoré'
Arguments: ('napalms.bonheurs',)
--- Logging error ---
Traceback (most recent call last):
  File "c:\Users\chris\AppData\Local\Programs\Python\Python314\Lib\logging\__init__.py", line 1154, in emit
    stream.write(msg + self.terminator)
    ~~~~~~~~~~~~^^^^^^^^^^^^^^^^^^^^^^^
ValueError: I/O operation on closed file.
Call stack:
  File "<frozen runpy>", line 198, in _run_module_as_main
  File "<frozen runpy>", line 88, in _run_code
  File "C:\Users\chris\AppData\Roaming\Python\Python314\site-packages\ipykernel_launcher.py", line 18, in <module>
    app.launch_new_instance()
  File "C:\Users\chris\AppData\Roaming\Python\Python314\site-packages\traitlets\config\application.py", line 1082, in launch_instance
    app.start()
  File "C:\Users\chris\AppData\Roaming\Python\Python314\site-packages\ipykernel\kernelapp.py", line 758, in start
    self.io_loop.start()
  File "C:\Users\chris\AppData\Roaming\Python\Python314\site-packages\tornado\platform\asyncio.py", line 211, in start
    self.asyncio_loop.run_forever()
  File "c:\Users\chris\AppData\Local\Programs\Python\Python314\Lib\asyncio\base_events.py", line 677, in run_forever
    self._run_once()
  File "c:\Users\chris\AppData\Local\Programs\Python\Python314\Lib\asyncio\base_events.py", line 2046, in _run_once
    handle._run()
  File "c:\Users\chris\AppData\Local\Programs\Python\Python314\Lib\asyncio\events.py", line 94, in _run
    self._context.run(self._callback, *self._args)
  File "C:\Users\chris\AppData\Roaming\Python\Python314\site-packages\ipykernel\kernelbase.py", line 621, in shell_main
    await self.dispatch_shell(msg, subshell_id=subshell_id)
  File "C:\Users\chris\AppData\Roaming\Python\Python314\site-packages\ipykernel\kernelbase.py", line 478, in dispatch_shell
    await result
  File "C:\Users\chris\AppData\Roaming\Python\Python314\site-packages\ipykernel\ipkernel.py", line 372, in execute_request
    await super().execute_request(stream, ident, parent)
  File "C:\Users\chris\AppData\Roaming\Python\Python314\site-packages\ipykernel\kernelbase.py", line 834, in execute_request
    reply_content = await reply_content
  File "C:\Users\chris\AppData\Roaming\Python\Python314\site-packages\ipykernel\ipkernel.py", line 464, in do_execute
    res = shell.run_cell(
  File "C:\Users\chris\AppData\Roaming\Python\Python314\site-packages\ipykernel\zmqshell.py", line 663, in run_cell
    return super().run_cell(*args, **kwargs)
  File "C:\Users\chris\AppData\Roaming\Python\Python314\site-packages\IPython\core\interactiveshell.py", line 3170, in run_cell
    result = self._run_cell(
  File "C:\Users\chris\AppData\Roaming\Python\Python314\site-packages\IPython\core\interactiveshell.py", line 3225, in _run_cell
    result = runner(coro)
  File "C:\Users\chris\AppData\Roaming\Python\Python314\site-packages\IPython\core\async_helpers.py", line 128, in _pseudo_sync_runner
    coro.send(None)
  File "C:\Users\chris\AppData\Roaming\Python\Python314\site-packages\IPython\core\interactiveshell.py", line 3447, in run_cell_async
    has_raised = await self.run_ast_nodes(code_ast.body, cell_name,
  File "C:\Users\chris\AppData\Roaming\Python\Python314\site-packages\IPython\core\interactiveshell.py", line 3688, in run_ast_nodes
    if await self.run_code(code, result, async_=asy):
  File "C:\Users\chris\AppData\Roaming\Python\Python314\site-packages\IPython\core\interactiveshell.py", line 3748, in run_code
    exec(code_obj, self.user_global_ns, self.user_ns)
  File "C:\Users\chris\AppData\Local\Temp\ipykernel_5480\3007420965.py", line 73, in <module>
    runpy.run_path(str(script_path), run_name="__main__")
  File "<frozen runpy>", line 287, in run_path
  File "<frozen runpy>", line 98, in _run_module_code
  File "<frozen runpy>", line 88, in _run_code
  File "C:\Users\chris\Desktop\Code\TracesPresenter\Traces_presenter\Jupyter\Chaine\scripts_Mirabelle\eq_FE_Mirabelle.py", line 73, in <module>
    main(_read, _write)
  File "C:\Users\chris\Desktop\Code\TracesPresenter\Traces_presenter\Jupyter\Chaine\scripts_Mirabelle\eq_FE_Mirabelle.py", line 64, in main
    out.info("  %s : EQ = %.3f  (%d Run.Test)", actor, eq, len(attempts))
Message: '  %s : EQ = %.3f  (%d Run.Test)'
Arguments: ('native.colosses', 0.3710879284649776, 239)
--- Logging error ---
Traceback (most recent call last):
  File "c:\Users\chris\AppData\Local\Programs\Python\Python314\Lib\logging\__init__.py", line 1154, in emit
    stream.write(msg + self.terminator)
    ~~~~~~~~~~~~^^^^^^^^^^^^^^^^^^^^^^^
ValueError: I/O operation on closed file.
Call stack:
  File "<frozen runpy>", line 198, in _run_module_as_main
  File "<frozen runpy>", line 88, in _run_code
  File "C:\Users\chris\AppData\Roaming\Python\Python314\site-packages\ipykernel_launcher.py", line 18, in <module>
    app.launch_new_instance()
  File "C:\Users\chris\AppData\Roaming\Python\Python314\site-packages\traitlets\config\application.py", line 1082, in launch_instance
    app.start()
  File "C:\Users\chris\AppData\Roaming\Python\Python314\site-packages\ipykernel\kernelapp.py", line 758, in start
    self.io_loop.start()
  File "C:\Users\chris\AppData\Roaming\Python\Python314\site-packages\tornado\platform\asyncio.py", line 211, in start
    self.asyncio_loop.run_forever()
  File "c:\Users\chris\AppData\Local\Programs\Python\Python314\Lib\asyncio\base_events.py", line 677, in run_forever
    self._run_once()
  File "c:\Users\chris\AppData\Local\Programs\Python\Python314\Lib\asyncio\base_events.py", line 2046, in _run_once
    handle._run()
  File "c:\Users\chris\AppData\Local\Programs\Python\Python314\Lib\asyncio\events.py", line 94, in _run
    self._context.run(self._callback, *self._args)
  File "C:\Users\chris\AppData\Roaming\Python\Python314\site-packages\ipykernel\kernelbase.py", line 621, in shell_main
    await self.dispatch_shell(msg, subshell_id=subshell_id)
  File "C:\Users\chris\AppData\Roaming\Python\Python314\site-packages\ipykernel\kernelbase.py", line 478, in dispatch_shell
    await result
  File "C:\Users\chris\AppData\Roaming\Python\Python314\site-packages\ipykernel\ipkernel.py", line 372, in execute_request
    await super().execute_request(stream, ident, parent)
  File "C:\Users\chris\AppData\Roaming\Python\Python314\site-packages\ipykernel\kernelbase.py", line 834, in execute_request
    reply_content = await reply_content
  File "C:\Users\chris\AppData\Roaming\Python\Python314\site-packages\ipykernel\ipkernel.py", line 464, in do_execute
    res = shell.run_cell(
  File "C:\Users\chris\AppData\Roaming\Python\Python314\site-packages\ipykernel\zmqshell.py", line 663, in run_cell
    return super().run_cell(*args, **kwargs)
  File "C:\Users\chris\AppData\Roaming\Python\Python314\site-packages\IPython\core\interactiveshell.py", line 3170, in run_cell
    result = self._run_cell(
  File "C:\Users\chris\AppData\Roaming\Python\Python314\site-packages\IPython\core\interactiveshell.py", line 3225, in _run_cell
    result = runner(coro)
  File "C:\Users\chris\AppData\Roaming\Python\Python314\site-packages\IPython\core\async_helpers.py", line 128, in _pseudo_sync_runner
    coro.send(None)
  File "C:\Users\chris\AppData\Roaming\Python\Python314\site-packages\IPython\core\interactiveshell.py", line 3447, in run_cell_async
    has_raised = await self.run_ast_nodes(code_ast.body, cell_name,
  File "C:\Users\chris\AppData\Roaming\Python\Python314\site-packages\IPython\core\interactiveshell.py", line 3688, in run_ast_nodes
    if await self.run_code(code, result, async_=asy):
  File "C:\Users\chris\AppData\Roaming\Python\Python314\site-packages\IPython\core\interactiveshell.py", line 3748, in run_code
    exec(code_obj, self.user_global_ns, self.user_ns)
  File "C:\Users\chris\AppData\Local\Temp\ipykernel_5480\3007420965.py", line 73, in <module>
    runpy.run_path(str(script_path), run_name="__main__")
  File "<frozen runpy>", line 287, in run_path
  File "<frozen runpy>", line 98, in _run_module_code
  File "<frozen runpy>", line 88, in _run_code
  File "C:\Users\chris\Desktop\Code\TracesPresenter\Traces_presenter\Jupyter\Chaine\scripts_Mirabelle\eq_FE_Mirabelle.py", line 73, in <module>
    main(_read, _write)
  File "C:\Users\chris\Desktop\Code\TracesPresenter\Traces_presenter\Jupyter\Chaine\scripts_Mirabelle\eq_FE_Mirabelle.py", line 64, in main
    out.info("  %s : EQ = %.3f  (%d Run.Test)", actor, eq, len(attempts))
Message: '  %s : EQ = %.3f  (%d Run.Test)'
Arguments: ('neuviemes.doperiez', 0.19608745684695061, 422)
--- Logging error ---
Traceback (most recent call last):
  File "c:\Users\chris\AppData\Local\Programs\Python\Python314\Lib\logging\__init__.py", line 1154, in emit
    stream.write(msg + self.terminator)
    ~~~~~~~~~~~~^^^^^^^^^^^^^^^^^^^^^^^
ValueError: I/O operation on closed file.
Call stack:
  File "<frozen runpy>", line 198, in _run_module_as_main
  File "<frozen runpy>", line 88, in _run_code
  File "C:\Users\chris\AppData\Roaming\Python\Python314\site-packages\ipykernel_launcher.py", line 18, in <module>
    app.launch_new_instance()
  File "C:\Users\chris\AppData\Roaming\Python\Python314\site-packages\traitlets\config\application.py", line 1082, in launch_instance
    app.start()
  File "C:\Users\chris\AppData\Roaming\Python\Python314\site-packages\ipykernel\kernelapp.py", line 758, in start
    self.io_loop.start()
  File "C:\Users\chris\AppData\Roaming\Python\Python314\site-packages\tornado\platform\asyncio.py", line 211, in start
    self.asyncio_loop.run_forever()
  File "c:\Users\chris\AppData\Local\Programs\Python\Python314\Lib\asyncio\base_events.py", line 677, in run_forever
    self._run_once()
  File "c:\Users\chris\AppData\Local\Programs\Python\Python314\Lib\asyncio\base_events.py", line 2046, in _run_once
    handle._run()
  File "c:\Users\chris\AppData\Local\Programs\Python\Python314\Lib\asyncio\events.py", line 94, in _run
    self._context.run(self._callback, *self._args)
  File "C:\Users\chris\AppData\Roaming\Python\Python314\site-packages\ipykernel\kernelbase.py", line 621, in shell_main
    await self.dispatch_shell(msg, subshell_id=subshell_id)
  File "C:\Users\chris\AppData\Roaming\Python\Python314\site-packages\ipykernel\kernelbase.py", line 478, in dispatch_shell
    await result
  File "C:\Users\chris\AppData\Roaming\Python\Python314\site-packages\ipykernel\ipkernel.py", line 372, in execute_request
    await super().execute_request(stream, ident, parent)
  File "C:\Users\chris\AppData\Roaming\Python\Python314\site-packages\ipykernel\kernelbase.py", line 834, in execute_request
    reply_content = await reply_content
  File "C:\Users\chris\AppData\Roaming\Python\Python314\site-packages\ipykernel\ipkernel.py", line 464, in do_execute
    res = shell.run_cell(
  File "C:\Users\chris\AppData\Roaming\Python\Python314\site-packages\ipykernel\zmqshell.py", line 663, in run_cell
    return super().run_cell(*args, **kwargs)
  File "C:\Users\chris\AppData\Roaming\Python\Python314\site-packages\IPython\core\interactiveshell.py", line 3170, in run_cell
    result = self._run_cell(
  File "C:\Users\chris\AppData\Roaming\Python\Python314\site-packages\IPython\core\interactiveshell.py", line 3225, in _run_cell
    result = runner(coro)
  File "C:\Users\chris\AppData\Roaming\Python\Python314\site-packages\IPython\core\async_helpers.py", line 128, in _pseudo_sync_runner
    coro.send(None)
  File "C:\Users\chris\AppData\Roaming\Python\Python314\site-packages\IPython\core\interactiveshell.py", line 3447, in run_cell_async
    has_raised = await self.run_ast_nodes(code_ast.body, cell_name,
  File "C:\Users\chris\AppData\Roaming\Python\Python314\site-packages\IPython\core\interactiveshell.py", line 3688, in run_ast_nodes
    if await self.run_code(code, result, async_=asy):
  File "C:\Users\chris\AppData\Roaming\Python\Python314\site-packages\IPython\core\interactiveshell.py", line 3748, in run_code
    exec(code_obj, self.user_global_ns, self.user_ns)
  File "C:\Users\chris\AppData\Local\Temp\ipykernel_5480\3007420965.py", line 73, in <module>
    runpy.run_path(str(script_path), run_name="__main__")
  File "<frozen runpy>", line 287, in run_path
  File "<frozen runpy>", line 98, in _run_module_code
  File "<frozen runpy>", line 88, in _run_code
  File "C:\Users\chris\Desktop\Code\TracesPresenter\Traces_presenter\Jupyter\Chaine\scripts_Mirabelle\eq_FE_Mirabelle.py", line 73, in <module>
    main(_read, _write)
  File "C:\Users\chris\Desktop\Code\TracesPresenter\Traces_presenter\Jupyter\Chaine\scripts_Mirabelle\eq_FE_Mirabelle.py", line 64, in main
    out.info("  %s : EQ = %.3f  (%d Run.Test)", actor, eq, len(attempts))
Message: '  %s : EQ = %.3f  (%d Run.Test)'
Arguments: ('offrirait.rendors', 0.32659932659932656, 411)
--- Logging error ---
Traceback (most recent call last):
  File "c:\Users\chris\AppData\Local\Programs\Python\Python314\Lib\logging\__init__.py", line 1154, in emit
    stream.write(msg + self.terminator)
    ~~~~~~~~~~~~^^^^^^^^^^^^^^^^^^^^^^^
ValueError: I/O operation on closed file.
Call stack:
  File "<frozen runpy>", line 198, in _run_module_as_main
  File "<frozen runpy>", line 88, in _run_code
  File "C:\Users\chris\AppData\Roaming\Python\Python314\site-packages\ipykernel_launcher.py", line 18, in <module>
    app.launch_new_instance()
  File "C:\Users\chris\AppData\Roaming\Python\Python314\site-packages\traitlets\config\application.py", line 1082, in launch_instance
    app.start()
  File "C:\Users\chris\AppData\Roaming\Python\Python314\site-packages\ipykernel\kernelapp.py", line 758, in start
    self.io_loop.start()
  File "C:\Users\chris\AppData\Roaming\Python\Python314\site-packages\tornado\platform\asyncio.py", line 211, in start
    self.asyncio_loop.run_forever()
  File "c:\Users\chris\AppData\Local\Programs\Python\Python314\Lib\asyncio\base_events.py", line 677, in run_forever
    self._run_once()
  File "c:\Users\chris\AppData\Local\Programs\Python\Python314\Lib\asyncio\base_events.py", line 2046, in _run_once
    handle._run()
  File "c:\Users\chris\AppData\Local\Programs\Python\Python314\Lib\asyncio\events.py", line 94, in _run
    self._context.run(self._callback, *self._args)
  File "C:\Users\chris\AppData\Roaming\Python\Python314\site-packages\ipykernel\kernelbase.py", line 621, in shell_main
    await self.dispatch_shell(msg, subshell_id=subshell_id)
  File "C:\Users\chris\AppData\Roaming\Python\Python314\site-packages\ipykernel\kernelbase.py", line 478, in dispatch_shell
    await result
  File "C:\Users\chris\AppData\Roaming\Python\Python314\site-packages\ipykernel\ipkernel.py", line 372, in execute_request
    await super().execute_request(stream, ident, parent)
  File "C:\Users\chris\AppData\Roaming\Python\Python314\site-packages\ipykernel\kernelbase.py", line 834, in execute_request
    reply_content = await reply_content
  File "C:\Users\chris\AppData\Roaming\Python\Python314\site-packages\ipykernel\ipkernel.py", line 464, in do_execute
    res = shell.run_cell(
  File "C:\Users\chris\AppData\Roaming\Python\Python314\site-packages\ipykernel\zmqshell.py", line 663, in run_cell
    return super().run_cell(*args, **kwargs)
  File "C:\Users\chris\AppData\Roaming\Python\Python314\site-packages\IPython\core\interactiveshell.py", line 3170, in run_cell
    result = self._run_cell(
  File "C:\Users\chris\AppData\Roaming\Python\Python314\site-packages\IPython\core\interactiveshell.py", line 3225, in _run_cell
    result = runner(coro)
  File "C:\Users\chris\AppData\Roaming\Python\Python314\site-packages\IPython\core\async_helpers.py", line 128, in _pseudo_sync_runner
    coro.send(None)
  File "C:\Users\chris\AppData\Roaming\Python\Python314\site-packages\IPython\core\interactiveshell.py", line 3447, in run_cell_async
    has_raised = await self.run_ast_nodes(code_ast.body, cell_name,
  File "C:\Users\chris\AppData\Roaming\Python\Python314\site-packages\IPython\core\interactiveshell.py", line 3688, in run_ast_nodes
    if await self.run_code(code, result, async_=asy):
  File "C:\Users\chris\AppData\Roaming\Python\Python314\site-packages\IPython\core\interactiveshell.py", line 3748, in run_code
    exec(code_obj, self.user_global_ns, self.user_ns)
  File "C:\Users\chris\AppData\Local\Temp\ipykernel_5480\3007420965.py", line 73, in <module>
    runpy.run_path(str(script_path), run_name="__main__")
  File "<frozen runpy>", line 287, in run_path
  File "<frozen runpy>", line 98, in _run_module_code
  File "<frozen runpy>", line 88, in _run_code
  File "C:\Users\chris\Desktop\Code\TracesPresenter\Traces_presenter\Jupyter\Chaine\scripts_Mirabelle\eq_FE_Mirabelle.py", line 73, in <module>
    main(_read, _write)
  File "C:\Users\chris\Desktop\Code\TracesPresenter\Traces_presenter\Jupyter\Chaine\scripts_Mirabelle\eq_FE_Mirabelle.py", line 60, in main
    out.warning("  %s : pas de paire de tentatives exploitable — ignoré", actor)
Message: '  %s : pas de paire de tentatives exploitable — ignoré'
Arguments: ('orneriez.deporter',)
--- Logging error ---
Traceback (most recent call last):
  File "c:\Users\chris\AppData\Local\Programs\Python\Python314\Lib\logging\__init__.py", line 1154, in emit
    stream.write(msg + self.terminator)
    ~~~~~~~~~~~~^^^^^^^^^^^^^^^^^^^^^^^
ValueError: I/O operation on closed file.
Call stack:
  File "<frozen runpy>", line 198, in _run_module_as_main
  File "<frozen runpy>", line 88, in _run_code
  File "C:\Users\chris\AppData\Roaming\Python\Python314\site-packages\ipykernel_launcher.py", line 18, in <module>
    app.launch_new_instance()
  File "C:\Users\chris\AppData\Roaming\Python\Python314\site-packages\traitlets\config\application.py", line 1082, in launch_instance
    app.start()
  File "C:\Users\chris\AppData\Roaming\Python\Python314\site-packages\ipykernel\kernelapp.py", line 758, in start
    self.io_loop.start()
  File "C:\Users\chris\AppData\Roaming\Python\Python314\site-packages\tornado\platform\asyncio.py", line 211, in start
    self.asyncio_loop.run_forever()
  File "c:\Users\chris\AppData\Local\Programs\Python\Python314\Lib\asyncio\base_events.py", line 677, in run_forever
    self._run_once()
  File "c:\Users\chris\AppData\Local\Programs\Python\Python314\Lib\asyncio\base_events.py", line 2046, in _run_once
    handle._run()
  File "c:\Users\chris\AppData\Local\Programs\Python\Python314\Lib\asyncio\events.py", line 94, in _run
    self._context.run(self._callback, *self._args)
  File "C:\Users\chris\AppData\Roaming\Python\Python314\site-packages\ipykernel\kernelbase.py", line 621, in shell_main
    await self.dispatch_shell(msg, subshell_id=subshell_id)
  File "C:\Users\chris\AppData\Roaming\Python\Python314\site-packages\ipykernel\kernelbase.py", line 478, in dispatch_shell
    await result
  File "C:\Users\chris\AppData\Roaming\Python\Python314\site-packages\ipykernel\ipkernel.py", line 372, in execute_request
    await super().execute_request(stream, ident, parent)
  File "C:\Users\chris\AppData\Roaming\Python\Python314\site-packages\ipykernel\kernelbase.py", line 834, in execute_request
    reply_content = await reply_content
  File "C:\Users\chris\AppData\Roaming\Python\Python314\site-packages\ipykernel\ipkernel.py", line 464, in do_execute
    res = shell.run_cell(
  File "C:\Users\chris\AppData\Roaming\Python\Python314\site-packages\ipykernel\zmqshell.py", line 663, in run_cell
    return super().run_cell(*args, **kwargs)
  File "C:\Users\chris\AppData\Roaming\Python\Python314\site-packages\IPython\core\interactiveshell.py", line 3170, in run_cell
    result = self._run_cell(
  File "C:\Users\chris\AppData\Roaming\Python\Python314\site-packages\IPython\core\interactiveshell.py", line 3225, in _run_cell
    result = runner(coro)
  File "C:\Users\chris\AppData\Roaming\Python\Python314\site-packages\IPython\core\async_helpers.py", line 128, in _pseudo_sync_runner
    coro.send(None)
  File "C:\Users\chris\AppData\Roaming\Python\Python314\site-packages\IPython\core\interactiveshell.py", line 3447, in run_cell_async
    has_raised = await self.run_ast_nodes(code_ast.body, cell_name,
  File "C:\Users\chris\AppData\Roaming\Python\Python314\site-packages\IPython\core\interactiveshell.py", line 3688, in run_ast_nodes
    if await self.run_code(code, result, async_=asy):
  File "C:\Users\chris\AppData\Roaming\Python\Python314\site-packages\IPython\core\interactiveshell.py", line 3748, in run_code
    exec(code_obj, self.user_global_ns, self.user_ns)
  File "C:\Users\chris\AppData\Local\Temp\ipykernel_5480\3007420965.py", line 73, in <module>
    runpy.run_path(str(script_path), run_name="__main__")
  File "<frozen runpy>", line 287, in run_path
  File "<frozen runpy>", line 98, in _run_module_code
  File "<frozen runpy>", line 88, in _run_code
  File "C:\Users\chris\Desktop\Code\TracesPresenter\Traces_presenter\Jupyter\Chaine\scripts_Mirabelle\eq_FE_Mirabelle.py", line 73, in <module>
    main(_read, _write)
  File "C:\Users\chris\Desktop\Code\TracesPresenter\Traces_presenter\Jupyter\Chaine\scripts_Mirabelle\eq_FE_Mirabelle.py", line 64, in main
    out.info("  %s : EQ = %.3f  (%d Run.Test)", actor, eq, len(attempts))
Message: '  %s : EQ = %.3f  (%d Run.Test)'
Arguments: ('oxygene.infirmes', 0.2601010101010101, 311)
--- Logging error ---
Traceback (most recent call last):
  File "c:\Users\chris\AppData\Local\Programs\Python\Python314\Lib\logging\__init__.py", line 1154, in emit
    stream.write(msg + self.terminator)
    ~~~~~~~~~~~~^^^^^^^^^^^^^^^^^^^^^^^
ValueError: I/O operation on closed file.
Call stack:
  File "<frozen runpy>", line 198, in _run_module_as_main
  File "<frozen runpy>", line 88, in _run_code
  File "C:\Users\chris\AppData\Roaming\Python\Python314\site-packages\ipykernel_launcher.py", line 18, in <module>
    app.launch_new_instance()
  File "C:\Users\chris\AppData\Roaming\Python\Python314\site-packages\traitlets\config\application.py", line 1082, in launch_instance
    app.start()
  File "C:\Users\chris\AppData\Roaming\Python\Python314\site-packages\ipykernel\kernelapp.py", line 758, in start
    self.io_loop.start()
  File "C:\Users\chris\AppData\Roaming\Python\Python314\site-packages\tornado\platform\asyncio.py", line 211, in start
    self.asyncio_loop.run_forever()
  File "c:\Users\chris\AppData\Local\Programs\Python\Python314\Lib\asyncio\base_events.py", line 677, in run_forever
    self._run_once()
  File "c:\Users\chris\AppData\Local\Programs\Python\Python314\Lib\asyncio\base_events.py", line 2046, in _run_once
    handle._run()
  File "c:\Users\chris\AppData\Local\Programs\Python\Python314\Lib\asyncio\events.py", line 94, in _run
    self._context.run(self._callback, *self._args)
  File "C:\Users\chris\AppData\Roaming\Python\Python314\site-packages\ipykernel\kernelbase.py", line 621, in shell_main
    await self.dispatch_shell(msg, subshell_id=subshell_id)
  File "C:\Users\chris\AppData\Roaming\Python\Python314\site-packages\ipykernel\kernelbase.py", line 478, in dispatch_shell
    await result
  File "C:\Users\chris\AppData\Roaming\Python\Python314\site-packages\ipykernel\ipkernel.py", line 372, in execute_request
    await super().execute_request(stream, ident, parent)
  File "C:\Users\chris\AppData\Roaming\Python\Python314\site-packages\ipykernel\kernelbase.py", line 834, in execute_request
    reply_content = await reply_content
  File "C:\Users\chris\AppData\Roaming\Python\Python314\site-packages\ipykernel\ipkernel.py", line 464, in do_execute
    res = shell.run_cell(
  File "C:\Users\chris\AppData\Roaming\Python\Python314\site-packages\ipykernel\zmqshell.py", line 663, in run_cell
    return super().run_cell(*args, **kwargs)
  File "C:\Users\chris\AppData\Roaming\Python\Python314\site-packages\IPython\core\interactiveshell.py", line 3170, in run_cell
    result = self._run_cell(
  File "C:\Users\chris\AppData\Roaming\Python\Python314\site-packages\IPython\core\interactiveshell.py", line 3225, in _run_cell
    result = runner(coro)
  File "C:\Users\chris\AppData\Roaming\Python\Python314\site-packages\IPython\core\async_helpers.py", line 128, in _pseudo_sync_runner
    coro.send(None)
  File "C:\Users\chris\AppData\Roaming\Python\Python314\site-packages\IPython\core\interactiveshell.py", line 3447, in run_cell_async
    has_raised = await self.run_ast_nodes(code_ast.body, cell_name,
  File "C:\Users\chris\AppData\Roaming\Python\Python314\site-packages\IPython\core\interactiveshell.py", line 3688, in run_ast_nodes
    if await self.run_code(code, result, async_=asy):
  File "C:\Users\chris\AppData\Roaming\Python\Python314\site-packages\IPython\core\interactiveshell.py", line 3748, in run_code
    exec(code_obj, self.user_global_ns, self.user_ns)
  File "C:\Users\chris\AppData\Local\Temp\ipykernel_5480\3007420965.py", line 73, in <module>
    runpy.run_path(str(script_path), run_name="__main__")
  File "<frozen runpy>", line 287, in run_path
  File "<frozen runpy>", line 98, in _run_module_code
  File "<frozen runpy>", line 88, in _run_code
  File "C:\Users\chris\Desktop\Code\TracesPresenter\Traces_presenter\Jupyter\Chaine\scripts_Mirabelle\eq_FE_Mirabelle.py", line 73, in <module>
    main(_read, _write)
  File "C:\Users\chris\Desktop\Code\TracesPresenter\Traces_presenter\Jupyter\Chaine\scripts_Mirabelle\eq_FE_Mirabelle.py", line 64, in main
    out.info("  %s : EQ = %.3f  (%d Run.Test)", actor, eq, len(attempts))
Message: '  %s : EQ = %.3f  (%d Run.Test)'
Arguments: ('pamerais.civilites', 0.0, 4)
--- Logging error ---
Traceback (most recent call last):
  File "c:\Users\chris\AppData\Local\Programs\Python\Python314\Lib\logging\__init__.py", line 1154, in emit
    stream.write(msg + self.terminator)
    ~~~~~~~~~~~~^^^^^^^^^^^^^^^^^^^^^^^
ValueError: I/O operation on closed file.
Call stack:
  File "<frozen runpy>", line 198, in _run_module_as_main
  File "<frozen runpy>", line 88, in _run_code
  File "C:\Users\chris\AppData\Roaming\Python\Python314\site-packages\ipykernel_launcher.py", line 18, in <module>
    app.launch_new_instance()
  File "C:\Users\chris\AppData\Roaming\Python\Python314\site-packages\traitlets\config\application.py", line 1082, in launch_instance
    app.start()
  File "C:\Users\chris\AppData\Roaming\Python\Python314\site-packages\ipykernel\kernelapp.py", line 758, in start
    self.io_loop.start()
  File "C:\Users\chris\AppData\Roaming\Python\Python314\site-packages\tornado\platform\asyncio.py", line 211, in start
    self.asyncio_loop.run_forever()
  File "c:\Users\chris\AppData\Local\Programs\Python\Python314\Lib\asyncio\base_events.py", line 677, in run_forever
    self._run_once()
  File "c:\Users\chris\AppData\Local\Programs\Python\Python314\Lib\asyncio\base_events.py", line 2046, in _run_once
    handle._run()
  File "c:\Users\chris\AppData\Local\Programs\Python\Python314\Lib\asyncio\events.py", line 94, in _run
    self._context.run(self._callback, *self._args)
  File "C:\Users\chris\AppData\Roaming\Python\Python314\site-packages\ipykernel\kernelbase.py", line 621, in shell_main
    await self.dispatch_shell(msg, subshell_id=subshell_id)
  File "C:\Users\chris\AppData\Roaming\Python\Python314\site-packages\ipykernel\kernelbase.py", line 478, in dispatch_shell
    await result
  File "C:\Users\chris\AppData\Roaming\Python\Python314\site-packages\ipykernel\ipkernel.py", line 372, in execute_request
    await super().execute_request(stream, ident, parent)
  File "C:\Users\chris\AppData\Roaming\Python\Python314\site-packages\ipykernel\kernelbase.py", line 834, in execute_request
    reply_content = await reply_content
  File "C:\Users\chris\AppData\Roaming\Python\Python314\site-packages\ipykernel\ipkernel.py", line 464, in do_execute
    res = shell.run_cell(
  File "C:\Users\chris\AppData\Roaming\Python\Python314\site-packages\ipykernel\zmqshell.py", line 663, in run_cell
    return super().run_cell(*args, **kwargs)
  File "C:\Users\chris\AppData\Roaming\Python\Python314\site-packages\IPython\core\interactiveshell.py", line 3170, in run_cell
    result = self._run_cell(
  File "C:\Users\chris\AppData\Roaming\Python\Python314\site-packages\IPython\core\interactiveshell.py", line 3225, in _run_cell
    result = runner(coro)
  File "C:\Users\chris\AppData\Roaming\Python\Python314\site-packages\IPython\core\async_helpers.py", line 128, in _pseudo_sync_runner
    coro.send(None)
  File "C:\Users\chris\AppData\Roaming\Python\Python314\site-packages\IPython\core\interactiveshell.py", line 3447, in run_cell_async
    has_raised = await self.run_ast_nodes(code_ast.body, cell_name,
  File "C:\Users\chris\AppData\Roaming\Python\Python314\site-packages\IPython\core\interactiveshell.py", line 3688, in run_ast_nodes
    if await self.run_code(code, result, async_=asy):
  File "C:\Users\chris\AppData\Roaming\Python\Python314\site-packages\IPython\core\interactiveshell.py", line 3748, in run_code
    exec(code_obj, self.user_global_ns, self.user_ns)
  File "C:\Users\chris\AppData\Local\Temp\ipykernel_5480\3007420965.py", line 73, in <module>
    runpy.run_path(str(script_path), run_name="__main__")
  File "<frozen runpy>", line 287, in run_path
  File "<frozen runpy>", line 98, in _run_module_code
  File "<frozen runpy>", line 88, in _run_code
  File "C:\Users\chris\Desktop\Code\TracesPresenter\Traces_presenter\Jupyter\Chaine\scripts_Mirabelle\eq_FE_Mirabelle.py", line 73, in <module>
    main(_read, _write)
  File "C:\Users\chris\Desktop\Code\TracesPresenter\Traces_presenter\Jupyter\Chaine\scripts_Mirabelle\eq_FE_Mirabelle.py", line 64, in main
    out.info("  %s : EQ = %.3f  (%d Run.Test)", actor, eq, len(attempts))
Message: '  %s : EQ = %.3f  (%d Run.Test)'
Arguments: ('paniquees.emmenes', 0.22632575757575757, 103)
--- Logging error ---
Traceback (most recent call last):
  File "c:\Users\chris\AppData\Local\Programs\Python\Python314\Lib\logging\__init__.py", line 1154, in emit
    stream.write(msg + self.terminator)
    ~~~~~~~~~~~~^^^^^^^^^^^^^^^^^^^^^^^
ValueError: I/O operation on closed file.
Call stack:
  File "<frozen runpy>", line 198, in _run_module_as_main
  File "<frozen runpy>", line 88, in _run_code
  File "C:\Users\chris\AppData\Roaming\Python\Python314\site-packages\ipykernel_launcher.py", line 18, in <module>
    app.launch_new_instance()
  File "C:\Users\chris\AppData\Roaming\Python\Python314\site-packages\traitlets\config\application.py", line 1082, in launch_instance
    app.start()
  File "C:\Users\chris\AppData\Roaming\Python\Python314\site-packages\ipykernel\kernelapp.py", line 758, in start
    self.io_loop.start()
  File "C:\Users\chris\AppData\Roaming\Python\Python314\site-packages\tornado\platform\asyncio.py", line 211, in start
    self.asyncio_loop.run_forever()
  File "c:\Users\chris\AppData\Local\Programs\Python\Python314\Lib\asyncio\base_events.py", line 677, in run_forever
    self._run_once()
  File "c:\Users\chris\AppData\Local\Programs\Python\Python314\Lib\asyncio\base_events.py", line 2046, in _run_once
    handle._run()
  File "c:\Users\chris\AppData\Local\Programs\Python\Python314\Lib\asyncio\events.py", line 94, in _run
    self._context.run(self._callback, *self._args)
  File "C:\Users\chris\AppData\Roaming\Python\Python314\site-packages\ipykernel\kernelbase.py", line 621, in shell_main
    await self.dispatch_shell(msg, subshell_id=subshell_id)
  File "C:\Users\chris\AppData\Roaming\Python\Python314\site-packages\ipykernel\kernelbase.py", line 478, in dispatch_shell
    await result
  File "C:\Users\chris\AppData\Roaming\Python\Python314\site-packages\ipykernel\ipkernel.py", line 372, in execute_request
    await super().execute_request(stream, ident, parent)
  File "C:\Users\chris\AppData\Roaming\Python\Python314\site-packages\ipykernel\kernelbase.py", line 834, in execute_request
    reply_content = await reply_content
  File "C:\Users\chris\AppData\Roaming\Python\Python314\site-packages\ipykernel\ipkernel.py", line 464, in do_execute
    res = shell.run_cell(
  File "C:\Users\chris\AppData\Roaming\Python\Python314\site-packages\ipykernel\zmqshell.py", line 663, in run_cell
    return super().run_cell(*args, **kwargs)
  File "C:\Users\chris\AppData\Roaming\Python\Python314\site-packages\IPython\core\interactiveshell.py", line 3170, in run_cell
    result = self._run_cell(
  File "C:\Users\chris\AppData\Roaming\Python\Python314\site-packages\IPython\core\interactiveshell.py", line 3225, in _run_cell
    result = runner(coro)
  File "C:\Users\chris\AppData\Roaming\Python\Python314\site-packages\IPython\core\async_helpers.py", line 128, in _pseudo_sync_runner
    coro.send(None)
  File "C:\Users\chris\AppData\Roaming\Python\Python314\site-packages\IPython\core\interactiveshell.py", line 3447, in run_cell_async
    has_raised = await self.run_ast_nodes(code_ast.body, cell_name,
  File "C:\Users\chris\AppData\Roaming\Python\Python314\site-packages\IPython\core\interactiveshell.py", line 3688, in run_ast_nodes
    if await self.run_code(code, result, async_=asy):
  File "C:\Users\chris\AppData\Roaming\Python\Python314\site-packages\IPython\core\interactiveshell.py", line 3748, in run_code
    exec(code_obj, self.user_global_ns, self.user_ns)
  File "C:\Users\chris\AppData\Local\Temp\ipykernel_5480\3007420965.py", line 73, in <module>
    runpy.run_path(str(script_path), run_name="__main__")
  File "<frozen runpy>", line 287, in run_path
  File "<frozen runpy>", line 98, in _run_module_code
  File "<frozen runpy>", line 88, in _run_code
  File "C:\Users\chris\Desktop\Code\TracesPresenter\Traces_presenter\Jupyter\Chaine\scripts_Mirabelle\eq_FE_Mirabelle.py", line 73, in <module>
    main(_read, _write)
  File "C:\Users\chris\Desktop\Code\TracesPresenter\Traces_presenter\Jupyter\Chaine\scripts_Mirabelle\eq_FE_Mirabelle.py", line 64, in main
    out.info("  %s : EQ = %.3f  (%d Run.Test)", actor, eq, len(attempts))
Message: '  %s : EQ = %.3f  (%d Run.Test)'
Arguments: ('parcourue.linceuls', 0.452431289640592, 348)
--- Logging error ---
Traceback (most recent call last):
  File "c:\Users\chris\AppData\Local\Programs\Python\Python314\Lib\logging\__init__.py", line 1154, in emit
    stream.write(msg + self.terminator)
    ~~~~~~~~~~~~^^^^^^^^^^^^^^^^^^^^^^^
ValueError: I/O operation on closed file.
Call stack:
  File "<frozen runpy>", line 198, in _run_module_as_main
  File "<frozen runpy>", line 88, in _run_code
  File "C:\Users\chris\AppData\Roaming\Python\Python314\site-packages\ipykernel_launcher.py", line 18, in <module>
    app.launch_new_instance()
  File "C:\Users\chris\AppData\Roaming\Python\Python314\site-packages\traitlets\config\application.py", line 1082, in launch_instance
    app.start()
  File "C:\Users\chris\AppData\Roaming\Python\Python314\site-packages\ipykernel\kernelapp.py", line 758, in start
    self.io_loop.start()
  File "C:\Users\chris\AppData\Roaming\Python\Python314\site-packages\tornado\platform\asyncio.py", line 211, in start
    self.asyncio_loop.run_forever()
  File "c:\Users\chris\AppData\Local\Programs\Python\Python314\Lib\asyncio\base_events.py", line 677, in run_forever
    self._run_once()
  File "c:\Users\chris\AppData\Local\Programs\Python\Python314\Lib\asyncio\base_events.py", line 2046, in _run_once
    handle._run()
  File "c:\Users\chris\AppData\Local\Programs\Python\Python314\Lib\asyncio\events.py", line 94, in _run
    self._context.run(self._callback, *self._args)
  File "C:\Users\chris\AppData\Roaming\Python\Python314\site-packages\ipykernel\kernelbase.py", line 621, in shell_main
    await self.dispatch_shell(msg, subshell_id=subshell_id)
  File "C:\Users\chris\AppData\Roaming\Python\Python314\site-packages\ipykernel\kernelbase.py", line 478, in dispatch_shell
    await result
  File "C:\Users\chris\AppData\Roaming\Python\Python314\site-packages\ipykernel\ipkernel.py", line 372, in execute_request
    await super().execute_request(stream, ident, parent)
  File "C:\Users\chris\AppData\Roaming\Python\Python314\site-packages\ipykernel\kernelbase.py", line 834, in execute_request
    reply_content = await reply_content
  File "C:\Users\chris\AppData\Roaming\Python\Python314\site-packages\ipykernel\ipkernel.py", line 464, in do_execute
    res = shell.run_cell(
  File "C:\Users\chris\AppData\Roaming\Python\Python314\site-packages\ipykernel\zmqshell.py", line 663, in run_cell
    return super().run_cell(*args, **kwargs)
  File "C:\Users\chris\AppData\Roaming\Python\Python314\site-packages\IPython\core\interactiveshell.py", line 3170, in run_cell
    result = self._run_cell(
  File "C:\Users\chris\AppData\Roaming\Python\Python314\site-packages\IPython\core\interactiveshell.py", line 3225, in _run_cell
    result = runner(coro)
  File "C:\Users\chris\AppData\Roaming\Python\Python314\site-packages\IPython\core\async_helpers.py", line 128, in _pseudo_sync_runner
    coro.send(None)
  File "C:\Users\chris\AppData\Roaming\Python\Python314\site-packages\IPython\core\interactiveshell.py", line 3447, in run_cell_async
    has_raised = await self.run_ast_nodes(code_ast.body, cell_name,
  File "C:\Users\chris\AppData\Roaming\Python\Python314\site-packages\IPython\core\interactiveshell.py", line 3688, in run_ast_nodes
    if await self.run_code(code, result, async_=asy):
  File "C:\Users\chris\AppData\Roaming\Python\Python314\site-packages\IPython\core\interactiveshell.py", line 3748, in run_code
    exec(code_obj, self.user_global_ns, self.user_ns)
  File "C:\Users\chris\AppData\Local\Temp\ipykernel_5480\3007420965.py", line 73, in <module>
    runpy.run_path(str(script_path), run_name="__main__")
  File "<frozen runpy>", line 287, in run_path
  File "<frozen runpy>", line 98, in _run_module_code
  File "<frozen runpy>", line 88, in _run_code
  File "C:\Users\chris\Desktop\Code\TracesPresenter\Traces_presenter\Jupyter\Chaine\scripts_Mirabelle\eq_FE_Mirabelle.py", line 73, in <module>
    main(_read, _write)
  File "C:\Users\chris\Desktop\Code\TracesPresenter\Traces_presenter\Jupyter\Chaine\scripts_Mirabelle\eq_FE_Mirabelle.py", line 64, in main
    out.info("  %s : EQ = %.3f  (%d Run.Test)", actor, eq, len(attempts))
Message: '  %s : EQ = %.3f  (%d Run.Test)'
Arguments: ('partagera.bombes', 0.15961945031712474, 282)
--- Logging error ---
Traceback (most recent call last):
  File "c:\Users\chris\AppData\Local\Programs\Python\Python314\Lib\logging\__init__.py", line 1154, in emit
    stream.write(msg + self.terminator)
    ~~~~~~~~~~~~^^^^^^^^^^^^^^^^^^^^^^^
ValueError: I/O operation on closed file.
Call stack:
  File "<frozen runpy>", line 198, in _run_module_as_main
  File "<frozen runpy>", line 88, in _run_code
  File "C:\Users\chris\AppData\Roaming\Python\Python314\site-packages\ipykernel_launcher.py", line 18, in <module>
    app.launch_new_instance()
  File "C:\Users\chris\AppData\Roaming\Python\Python314\site-packages\traitlets\config\application.py", line 1082, in launch_instance
    app.start()
  File "C:\Users\chris\AppData\Roaming\Python\Python314\site-packages\ipykernel\kernelapp.py", line 758, in start
    self.io_loop.start()
  File "C:\Users\chris\AppData\Roaming\Python\Python314\site-packages\tornado\platform\asyncio.py", line 211, in start
    self.asyncio_loop.run_forever()
  File "c:\Users\chris\AppData\Local\Programs\Python\Python314\Lib\asyncio\base_events.py", line 677, in run_forever
    self._run_once()
  File "c:\Users\chris\AppData\Local\Programs\Python\Python314\Lib\asyncio\base_events.py", line 2046, in _run_once
    handle._run()
  File "c:\Users\chris\AppData\Local\Programs\Python\Python314\Lib\asyncio\events.py", line 94, in _run
    self._context.run(self._callback, *self._args)
  File "C:\Users\chris\AppData\Roaming\Python\Python314\site-packages\ipykernel\kernelbase.py", line 621, in shell_main
    await self.dispatch_shell(msg, subshell_id=subshell_id)
  File "C:\Users\chris\AppData\Roaming\Python\Python314\site-packages\ipykernel\kernelbase.py", line 478, in dispatch_shell
    await result
  File "C:\Users\chris\AppData\Roaming\Python\Python314\site-packages\ipykernel\ipkernel.py", line 372, in execute_request
    await super().execute_request(stream, ident, parent)
  File "C:\Users\chris\AppData\Roaming\Python\Python314\site-packages\ipykernel\kernelbase.py", line 834, in execute_request
    reply_content = await reply_content
  File "C:\Users\chris\AppData\Roaming\Python\Python314\site-packages\ipykernel\ipkernel.py", line 464, in do_execute
    res = shell.run_cell(
  File "C:\Users\chris\AppData\Roaming\Python\Python314\site-packages\ipykernel\zmqshell.py", line 663, in run_cell
    return super().run_cell(*args, **kwargs)
  File "C:\Users\chris\AppData\Roaming\Python\Python314\site-packages\IPython\core\interactiveshell.py", line 3170, in run_cell
    result = self._run_cell(
  File "C:\Users\chris\AppData\Roaming\Python\Python314\site-packages\IPython\core\interactiveshell.py", line 3225, in _run_cell
    result = runner(coro)
  File "C:\Users\chris\AppData\Roaming\Python\Python314\site-packages\IPython\core\async_helpers.py", line 128, in _pseudo_sync_runner
    coro.send(None)
  File "C:\Users\chris\AppData\Roaming\Python\Python314\site-packages\IPython\core\interactiveshell.py", line 3447, in run_cell_async
    has_raised = await self.run_ast_nodes(code_ast.body, cell_name,
  File "C:\Users\chris\AppData\Roaming\Python\Python314\site-packages\IPython\core\interactiveshell.py", line 3688, in run_ast_nodes
    if await self.run_code(code, result, async_=asy):
  File "C:\Users\chris\AppData\Roaming\Python\Python314\site-packages\IPython\core\interactiveshell.py", line 3748, in run_code
    exec(code_obj, self.user_global_ns, self.user_ns)
  File "C:\Users\chris\AppData\Local\Temp\ipykernel_5480\3007420965.py", line 73, in <module>
    runpy.run_path(str(script_path), run_name="__main__")
  File "<frozen runpy>", line 287, in run_path
  File "<frozen runpy>", line 98, in _run_module_code
  File "<frozen runpy>", line 88, in _run_code
  File "C:\Users\chris\Desktop\Code\TracesPresenter\Traces_presenter\Jupyter\Chaine\scripts_Mirabelle\eq_FE_Mirabelle.py", line 73, in <module>
    main(_read, _write)
  File "C:\Users\chris\Desktop\Code\TracesPresenter\Traces_presenter\Jupyter\Chaine\scripts_Mirabelle\eq_FE_Mirabelle.py", line 64, in main
    out.info("  %s : EQ = %.3f  (%d Run.Test)", actor, eq, len(attempts))
Message: '  %s : EQ = %.3f  (%d Run.Test)'
Arguments: ('peignons.ficelee', 0.26483141271873667, 477)
--- Logging error ---
Traceback (most recent call last):
  File "c:\Users\chris\AppData\Local\Programs\Python\Python314\Lib\logging\__init__.py", line 1154, in emit
    stream.write(msg + self.terminator)
    ~~~~~~~~~~~~^^^^^^^^^^^^^^^^^^^^^^^
ValueError: I/O operation on closed file.
Call stack:
  File "<frozen runpy>", line 198, in _run_module_as_main
  File "<frozen runpy>", line 88, in _run_code
  File "C:\Users\chris\AppData\Roaming\Python\Python314\site-packages\ipykernel_launcher.py", line 18, in <module>
    app.launch_new_instance()
  File "C:\Users\chris\AppData\Roaming\Python\Python314\site-packages\traitlets\config\application.py", line 1082, in launch_instance
    app.start()
  File "C:\Users\chris\AppData\Roaming\Python\Python314\site-packages\ipykernel\kernelapp.py", line 758, in start
    self.io_loop.start()
  File "C:\Users\chris\AppData\Roaming\Python\Python314\site-packages\tornado\platform\asyncio.py", line 211, in start
    self.asyncio_loop.run_forever()
  File "c:\Users\chris\AppData\Local\Programs\Python\Python314\Lib\asyncio\base_events.py", line 677, in run_forever
    self._run_once()
  File "c:\Users\chris\AppData\Local\Programs\Python\Python314\Lib\asyncio\base_events.py", line 2046, in _run_once
    handle._run()
  File "c:\Users\chris\AppData\Local\Programs\Python\Python314\Lib\asyncio\events.py", line 94, in _run
    self._context.run(self._callback, *self._args)
  File "C:\Users\chris\AppData\Roaming\Python\Python314\site-packages\ipykernel\kernelbase.py", line 621, in shell_main
    await self.dispatch_shell(msg, subshell_id=subshell_id)
  File "C:\Users\chris\AppData\Roaming\Python\Python314\site-packages\ipykernel\kernelbase.py", line 478, in dispatch_shell
    await result
  File "C:\Users\chris\AppData\Roaming\Python\Python314\site-packages\ipykernel\ipkernel.py", line 372, in execute_request
    await super().execute_request(stream, ident, parent)
  File "C:\Users\chris\AppData\Roaming\Python\Python314\site-packages\ipykernel\kernelbase.py", line 834, in execute_request
    reply_content = await reply_content
  File "C:\Users\chris\AppData\Roaming\Python\Python314\site-packages\ipykernel\ipkernel.py", line 464, in do_execute
    res = shell.run_cell(
  File "C:\Users\chris\AppData\Roaming\Python\Python314\site-packages\ipykernel\zmqshell.py", line 663, in run_cell
    return super().run_cell(*args, **kwargs)
  File "C:\Users\chris\AppData\Roaming\Python\Python314\site-packages\IPython\core\interactiveshell.py", line 3170, in run_cell
    result = self._run_cell(
  File "C:\Users\chris\AppData\Roaming\Python\Python314\site-packages\IPython\core\interactiveshell.py", line 3225, in _run_cell
    result = runner(coro)
  File "C:\Users\chris\AppData\Roaming\Python\Python314\site-packages\IPython\core\async_helpers.py", line 128, in _pseudo_sync_runner
    coro.send(None)
  File "C:\Users\chris\AppData\Roaming\Python\Python314\site-packages\IPython\core\interactiveshell.py", line 3447, in run_cell_async
    has_raised = await self.run_ast_nodes(code_ast.body, cell_name,
  File "C:\Users\chris\AppData\Roaming\Python\Python314\site-packages\IPython\core\interactiveshell.py", line 3688, in run_ast_nodes
    if await self.run_code(code, result, async_=asy):
  File "C:\Users\chris\AppData\Roaming\Python\Python314\site-packages\IPython\core\interactiveshell.py", line 3748, in run_code
    exec(code_obj, self.user_global_ns, self.user_ns)
  File "C:\Users\chris\AppData\Local\Temp\ipykernel_5480\3007420965.py", line 73, in <module>
    runpy.run_path(str(script_path), run_name="__main__")
  File "<frozen runpy>", line 287, in run_path
  File "<frozen runpy>", line 98, in _run_module_code
  File "<frozen runpy>", line 88, in _run_code
  File "C:\Users\chris\Desktop\Code\TracesPresenter\Traces_presenter\Jupyter\Chaine\scripts_Mirabelle\eq_FE_Mirabelle.py", line 73, in <module>
    main(_read, _write)
  File "C:\Users\chris\Desktop\Code\TracesPresenter\Traces_presenter\Jupyter\Chaine\scripts_Mirabelle\eq_FE_Mirabelle.py", line 64, in main
    out.info("  %s : EQ = %.3f  (%d Run.Test)", actor, eq, len(attempts))
Message: '  %s : EQ = %.3f  (%d Run.Test)'
Arguments: ('pendage.declencha', 0.3015151515151515, 134)
--- Logging error ---
Traceback (most recent call last):
  File "c:\Users\chris\AppData\Local\Programs\Python\Python314\Lib\logging\__init__.py", line 1154, in emit
    stream.write(msg + self.terminator)
    ~~~~~~~~~~~~^^^^^^^^^^^^^^^^^^^^^^^
ValueError: I/O operation on closed file.
Call stack:
  File "<frozen runpy>", line 198, in _run_module_as_main
  File "<frozen runpy>", line 88, in _run_code
  File "C:\Users\chris\AppData\Roaming\Python\Python314\site-packages\ipykernel_launcher.py", line 18, in <module>
    app.launch_new_instance()
  File "C:\Users\chris\AppData\Roaming\Python\Python314\site-packages\traitlets\config\application.py", line 1082, in launch_instance
    app.start()
  File "C:\Users\chris\AppData\Roaming\Python\Python314\site-packages\ipykernel\kernelapp.py", line 758, in start
    self.io_loop.start()
  File "C:\Users\chris\AppData\Roaming\Python\Python314\site-packages\tornado\platform\asyncio.py", line 211, in start
    self.asyncio_loop.run_forever()
  File "c:\Users\chris\AppData\Local\Programs\Python\Python314\Lib\asyncio\base_events.py", line 677, in run_forever
    self._run_once()
  File "c:\Users\chris\AppData\Local\Programs\Python\Python314\Lib\asyncio\base_events.py", line 2046, in _run_once
    handle._run()
  File "c:\Users\chris\AppData\Local\Programs\Python\Python314\Lib\asyncio\events.py", line 94, in _run
    self._context.run(self._callback, *self._args)
  File "C:\Users\chris\AppData\Roaming\Python\Python314\site-packages\ipykernel\kernelbase.py", line 621, in shell_main
    await self.dispatch_shell(msg, subshell_id=subshell_id)
  File "C:\Users\chris\AppData\Roaming\Python\Python314\site-packages\ipykernel\kernelbase.py", line 478, in dispatch_shell
    await result
  File "C:\Users\chris\AppData\Roaming\Python\Python314\site-packages\ipykernel\ipkernel.py", line 372, in execute_request
    await super().execute_request(stream, ident, parent)
  File "C:\Users\chris\AppData\Roaming\Python\Python314\site-packages\ipykernel\kernelbase.py", line 834, in execute_request
    reply_content = await reply_content
  File "C:\Users\chris\AppData\Roaming\Python\Python314\site-packages\ipykernel\ipkernel.py", line 464, in do_execute
    res = shell.run_cell(
  File "C:\Users\chris\AppData\Roaming\Python\Python314\site-packages\ipykernel\zmqshell.py", line 663, in run_cell
    return super().run_cell(*args, **kwargs)
  File "C:\Users\chris\AppData\Roaming\Python\Python314\site-packages\IPython\core\interactiveshell.py", line 3170, in run_cell
    result = self._run_cell(
  File "C:\Users\chris\AppData\Roaming\Python\Python314\site-packages\IPython\core\interactiveshell.py", line 3225, in _run_cell
    result = runner(coro)
  File "C:\Users\chris\AppData\Roaming\Python\Python314\site-packages\IPython\core\async_helpers.py", line 128, in _pseudo_sync_runner
    coro.send(None)
  File "C:\Users\chris\AppData\Roaming\Python\Python314\site-packages\IPython\core\interactiveshell.py", line 3447, in run_cell_async
    has_raised = await self.run_ast_nodes(code_ast.body, cell_name,
  File "C:\Users\chris\AppData\Roaming\Python\Python314\site-packages\IPython\core\interactiveshell.py", line 3688, in run_ast_nodes
    if await self.run_code(code, result, async_=asy):
  File "C:\Users\chris\AppData\Roaming\Python\Python314\site-packages\IPython\core\interactiveshell.py", line 3748, in run_code
    exec(code_obj, self.user_global_ns, self.user_ns)
  File "C:\Users\chris\AppData\Local\Temp\ipykernel_5480\3007420965.py", line 73, in <module>
    runpy.run_path(str(script_path), run_name="__main__")
  File "<frozen runpy>", line 287, in run_path
  File "<frozen runpy>", line 98, in _run_module_code
  File "<frozen runpy>", line 88, in _run_code
  File "C:\Users\chris\Desktop\Code\TracesPresenter\Traces_presenter\Jupyter\Chaine\scripts_Mirabelle\eq_FE_Mirabelle.py", line 73, in <module>
    main(_read, _write)
  File "C:\Users\chris\Desktop\Code\TracesPresenter\Traces_presenter\Jupyter\Chaine\scripts_Mirabelle\eq_FE_Mirabelle.py", line 64, in main
    out.info("  %s : EQ = %.3f  (%d Run.Test)", actor, eq, len(attempts))
Message: '  %s : EQ = %.3f  (%d Run.Test)'
Arguments: ('penombres.intermede', 0.46650717703349287, 144)
--- Logging error ---
Traceback (most recent call last):
  File "c:\Users\chris\AppData\Local\Programs\Python\Python314\Lib\logging\__init__.py", line 1154, in emit
    stream.write(msg + self.terminator)
    ~~~~~~~~~~~~^^^^^^^^^^^^^^^^^^^^^^^
ValueError: I/O operation on closed file.
Call stack:
  File "<frozen runpy>", line 198, in _run_module_as_main
  File "<frozen runpy>", line 88, in _run_code
  File "C:\Users\chris\AppData\Roaming\Python\Python314\site-packages\ipykernel_launcher.py", line 18, in <module>
    app.launch_new_instance()
  File "C:\Users\chris\AppData\Roaming\Python\Python314\site-packages\traitlets\config\application.py", line 1082, in launch_instance
    app.start()
  File "C:\Users\chris\AppData\Roaming\Python\Python314\site-packages\ipykernel\kernelapp.py", line 758, in start
    self.io_loop.start()
  File "C:\Users\chris\AppData\Roaming\Python\Python314\site-packages\tornado\platform\asyncio.py", line 211, in start
    self.asyncio_loop.run_forever()
  File "c:\Users\chris\AppData\Local\Programs\Python\Python314\Lib\asyncio\base_events.py", line 677, in run_forever
    self._run_once()
  File "c:\Users\chris\AppData\Local\Programs\Python\Python314\Lib\asyncio\base_events.py", line 2046, in _run_once
    handle._run()
  File "c:\Users\chris\AppData\Local\Programs\Python\Python314\Lib\asyncio\events.py", line 94, in _run
    self._context.run(self._callback, *self._args)
  File "C:\Users\chris\AppData\Roaming\Python\Python314\site-packages\ipykernel\kernelbase.py", line 621, in shell_main
    await self.dispatch_shell(msg, subshell_id=subshell_id)
  File "C:\Users\chris\AppData\Roaming\Python\Python314\site-packages\ipykernel\kernelbase.py", line 478, in dispatch_shell
    await result
  File "C:\Users\chris\AppData\Roaming\Python\Python314\site-packages\ipykernel\ipkernel.py", line 372, in execute_request
    await super().execute_request(stream, ident, parent)
  File "C:\Users\chris\AppData\Roaming\Python\Python314\site-packages\ipykernel\kernelbase.py", line 834, in execute_request
    reply_content = await reply_content
  File "C:\Users\chris\AppData\Roaming\Python\Python314\site-packages\ipykernel\ipkernel.py", line 464, in do_execute
    res = shell.run_cell(
  File "C:\Users\chris\AppData\Roaming\Python\Python314\site-packages\ipykernel\zmqshell.py", line 663, in run_cell
    return super().run_cell(*args, **kwargs)
  File "C:\Users\chris\AppData\Roaming\Python\Python314\site-packages\IPython\core\interactiveshell.py", line 3170, in run_cell
    result = self._run_cell(
  File "C:\Users\chris\AppData\Roaming\Python\Python314\site-packages\IPython\core\interactiveshell.py", line 3225, in _run_cell
    result = runner(coro)
  File "C:\Users\chris\AppData\Roaming\Python\Python314\site-packages\IPython\core\async_helpers.py", line 128, in _pseudo_sync_runner
    coro.send(None)
  File "C:\Users\chris\AppData\Roaming\Python\Python314\site-packages\IPython\core\interactiveshell.py", line 3447, in run_cell_async
    has_raised = await self.run_ast_nodes(code_ast.body, cell_name,
  File "C:\Users\chris\AppData\Roaming\Python\Python314\site-packages\IPython\core\interactiveshell.py", line 3688, in run_ast_nodes
    if await self.run_code(code, result, async_=asy):
  File "C:\Users\chris\AppData\Roaming\Python\Python314\site-packages\IPython\core\interactiveshell.py", line 3748, in run_code
    exec(code_obj, self.user_global_ns, self.user_ns)
  File "C:\Users\chris\AppData\Local\Temp\ipykernel_5480\3007420965.py", line 73, in <module>
    runpy.run_path(str(script_path), run_name="__main__")
  File "<frozen runpy>", line 287, in run_path
  File "<frozen runpy>", line 98, in _run_module_code
  File "<frozen runpy>", line 88, in _run_code
  File "C:\Users\chris\Desktop\Code\TracesPresenter\Traces_presenter\Jupyter\Chaine\scripts_Mirabelle\eq_FE_Mirabelle.py", line 73, in <module>
    main(_read, _write)
  File "C:\Users\chris\Desktop\Code\TracesPresenter\Traces_presenter\Jupyter\Chaine\scripts_Mirabelle\eq_FE_Mirabelle.py", line 64, in main
    out.info("  %s : EQ = %.3f  (%d Run.Test)", actor, eq, len(attempts))
Message: '  %s : EQ = %.3f  (%d Run.Test)'
Arguments: ('penserais.lainage', 1.0, 9)
--- Logging error ---
Traceback (most recent call last):
  File "c:\Users\chris\AppData\Local\Programs\Python\Python314\Lib\logging\__init__.py", line 1154, in emit
    stream.write(msg + self.terminator)
    ~~~~~~~~~~~~^^^^^^^^^^^^^^^^^^^^^^^
ValueError: I/O operation on closed file.
Call stack:
  File "<frozen runpy>", line 198, in _run_module_as_main
  File "<frozen runpy>", line 88, in _run_code
  File "C:\Users\chris\AppData\Roaming\Python\Python314\site-packages\ipykernel_launcher.py", line 18, in <module>
    app.launch_new_instance()
  File "C:\Users\chris\AppData\Roaming\Python\Python314\site-packages\traitlets\config\application.py", line 1082, in launch_instance
    app.start()
  File "C:\Users\chris\AppData\Roaming\Python\Python314\site-packages\ipykernel\kernelapp.py", line 758, in start
    self.io_loop.start()
  File "C:\Users\chris\AppData\Roaming\Python\Python314\site-packages\tornado\platform\asyncio.py", line 211, in start
    self.asyncio_loop.run_forever()
  File "c:\Users\chris\AppData\Local\Programs\Python\Python314\Lib\asyncio\base_events.py", line 677, in run_forever
    self._run_once()
  File "c:\Users\chris\AppData\Local\Programs\Python\Python314\Lib\asyncio\base_events.py", line 2046, in _run_once
    handle._run()
  File "c:\Users\chris\AppData\Local\Programs\Python\Python314\Lib\asyncio\events.py", line 94, in _run
    self._context.run(self._callback, *self._args)
  File "C:\Users\chris\AppData\Roaming\Python\Python314\site-packages\ipykernel\kernelbase.py", line 621, in shell_main
    await self.dispatch_shell(msg, subshell_id=subshell_id)
  File "C:\Users\chris\AppData\Roaming\Python\Python314\site-packages\ipykernel\kernelbase.py", line 478, in dispatch_shell
    await result
  File "C:\Users\chris\AppData\Roaming\Python\Python314\site-packages\ipykernel\ipkernel.py", line 372, in execute_request
    await super().execute_request(stream, ident, parent)
  File "C:\Users\chris\AppData\Roaming\Python\Python314\site-packages\ipykernel\kernelbase.py", line 834, in execute_request
    reply_content = await reply_content
  File "C:\Users\chris\AppData\Roaming\Python\Python314\site-packages\ipykernel\ipkernel.py", line 464, in do_execute
    res = shell.run_cell(
  File "C:\Users\chris\AppData\Roaming\Python\Python314\site-packages\ipykernel\zmqshell.py", line 663, in run_cell
    return super().run_cell(*args, **kwargs)
  File "C:\Users\chris\AppData\Roaming\Python\Python314\site-packages\IPython\core\interactiveshell.py", line 3170, in run_cell
    result = self._run_cell(
  File "C:\Users\chris\AppData\Roaming\Python\Python314\site-packages\IPython\core\interactiveshell.py", line 3225, in _run_cell
    result = runner(coro)
  File "C:\Users\chris\AppData\Roaming\Python\Python314\site-packages\IPython\core\async_helpers.py", line 128, in _pseudo_sync_runner
    coro.send(None)
  File "C:\Users\chris\AppData\Roaming\Python\Python314\site-packages\IPython\core\interactiveshell.py", line 3447, in run_cell_async
    has_raised = await self.run_ast_nodes(code_ast.body, cell_name,
  File "C:\Users\chris\AppData\Roaming\Python\Python314\site-packages\IPython\core\interactiveshell.py", line 3688, in run_ast_nodes
    if await self.run_code(code, result, async_=asy):
  File "C:\Users\chris\AppData\Roaming\Python\Python314\site-packages\IPython\core\interactiveshell.py", line 3748, in run_code
    exec(code_obj, self.user_global_ns, self.user_ns)
  File "C:\Users\chris\AppData\Local\Temp\ipykernel_5480\3007420965.py", line 73, in <module>
    runpy.run_path(str(script_path), run_name="__main__")
  File "<frozen runpy>", line 287, in run_path
  File "<frozen runpy>", line 98, in _run_module_code
  File "<frozen runpy>", line 88, in _run_code
  File "C:\Users\chris\Desktop\Code\TracesPresenter\Traces_presenter\Jupyter\Chaine\scripts_Mirabelle\eq_FE_Mirabelle.py", line 73, in <module>
    main(_read, _write)
  File "C:\Users\chris\Desktop\Code\TracesPresenter\Traces_presenter\Jupyter\Chaine\scripts_Mirabelle\eq_FE_Mirabelle.py", line 60, in main
    out.warning("  %s : pas de paire de tentatives exploitable — ignoré", actor)
Message: '  %s : pas de paire de tentatives exploitable — ignoré'
Arguments: ('perceront.neiges',)
--- Logging error ---
Traceback (most recent call last):
  File "c:\Users\chris\AppData\Local\Programs\Python\Python314\Lib\logging\__init__.py", line 1154, in emit
    stream.write(msg + self.terminator)
    ~~~~~~~~~~~~^^^^^^^^^^^^^^^^^^^^^^^
ValueError: I/O operation on closed file.
Call stack:
  File "<frozen runpy>", line 198, in _run_module_as_main
  File "<frozen runpy>", line 88, in _run_code
  File "C:\Users\chris\AppData\Roaming\Python\Python314\site-packages\ipykernel_launcher.py", line 18, in <module>
    app.launch_new_instance()
  File "C:\Users\chris\AppData\Roaming\Python\Python314\site-packages\traitlets\config\application.py", line 1082, in launch_instance
    app.start()
  File "C:\Users\chris\AppData\Roaming\Python\Python314\site-packages\ipykernel\kernelapp.py", line 758, in start
    self.io_loop.start()
  File "C:\Users\chris\AppData\Roaming\Python\Python314\site-packages\tornado\platform\asyncio.py", line 211, in start
    self.asyncio_loop.run_forever()
  File "c:\Users\chris\AppData\Local\Programs\Python\Python314\Lib\asyncio\base_events.py", line 677, in run_forever
    self._run_once()
  File "c:\Users\chris\AppData\Local\Programs\Python\Python314\Lib\asyncio\base_events.py", line 2046, in _run_once
    handle._run()
  File "c:\Users\chris\AppData\Local\Programs\Python\Python314\Lib\asyncio\events.py", line 94, in _run
    self._context.run(self._callback, *self._args)
  File "C:\Users\chris\AppData\Roaming\Python\Python314\site-packages\ipykernel\kernelbase.py", line 621, in shell_main
    await self.dispatch_shell(msg, subshell_id=subshell_id)
  File "C:\Users\chris\AppData\Roaming\Python\Python314\site-packages\ipykernel\kernelbase.py", line 478, in dispatch_shell
    await result
  File "C:\Users\chris\AppData\Roaming\Python\Python314\site-packages\ipykernel\ipkernel.py", line 372, in execute_request
    await super().execute_request(stream, ident, parent)
  File "C:\Users\chris\AppData\Roaming\Python\Python314\site-packages\ipykernel\kernelbase.py", line 834, in execute_request
    reply_content = await reply_content
  File "C:\Users\chris\AppData\Roaming\Python\Python314\site-packages\ipykernel\ipkernel.py", line 464, in do_execute
    res = shell.run_cell(
  File "C:\Users\chris\AppData\Roaming\Python\Python314\site-packages\ipykernel\zmqshell.py", line 663, in run_cell
    return super().run_cell(*args, **kwargs)
  File "C:\Users\chris\AppData\Roaming\Python\Python314\site-packages\IPython\core\interactiveshell.py", line 3170, in run_cell
    result = self._run_cell(
  File "C:\Users\chris\AppData\Roaming\Python\Python314\site-packages\IPython\core\interactiveshell.py", line 3225, in _run_cell
    result = runner(coro)
  File "C:\Users\chris\AppData\Roaming\Python\Python314\site-packages\IPython\core\async_helpers.py", line 128, in _pseudo_sync_runner
    coro.send(None)
  File "C:\Users\chris\AppData\Roaming\Python\Python314\site-packages\IPython\core\interactiveshell.py", line 3447, in run_cell_async
    has_raised = await self.run_ast_nodes(code_ast.body, cell_name,
  File "C:\Users\chris\AppData\Roaming\Python\Python314\site-packages\IPython\core\interactiveshell.py", line 3688, in run_ast_nodes
    if await self.run_code(code, result, async_=asy):
  File "C:\Users\chris\AppData\Roaming\Python\Python314\site-packages\IPython\core\interactiveshell.py", line 3748, in run_code
    exec(code_obj, self.user_global_ns, self.user_ns)
  File "C:\Users\chris\AppData\Local\Temp\ipykernel_5480\3007420965.py", line 73, in <module>
    runpy.run_path(str(script_path), run_name="__main__")
  File "<frozen runpy>", line 287, in run_path
  File "<frozen runpy>", line 98, in _run_module_code
  File "<frozen runpy>", line 88, in _run_code
  File "C:\Users\chris\Desktop\Code\TracesPresenter\Traces_presenter\Jupyter\Chaine\scripts_Mirabelle\eq_FE_Mirabelle.py", line 73, in <module>
    main(_read, _write)
  File "C:\Users\chris\Desktop\Code\TracesPresenter\Traces_presenter\Jupyter\Chaine\scripts_Mirabelle\eq_FE_Mirabelle.py", line 64, in main
    out.info("  %s : EQ = %.3f  (%d Run.Test)", actor, eq, len(attempts))
Message: '  %s : EQ = %.3f  (%d Run.Test)'
Arguments: ('pervenche.saturera', 0.3338997451146984, 139)
--- Logging error ---
Traceback (most recent call last):
  File "c:\Users\chris\AppData\Local\Programs\Python\Python314\Lib\logging\__init__.py", line 1154, in emit
    stream.write(msg + self.terminator)
    ~~~~~~~~~~~~^^^^^^^^^^^^^^^^^^^^^^^
ValueError: I/O operation on closed file.
Call stack:
  File "<frozen runpy>", line 198, in _run_module_as_main
  File "<frozen runpy>", line 88, in _run_code
  File "C:\Users\chris\AppData\Roaming\Python\Python314\site-packages\ipykernel_launcher.py", line 18, in <module>
    app.launch_new_instance()
  File "C:\Users\chris\AppData\Roaming\Python\Python314\site-packages\traitlets\config\application.py", line 1082, in launch_instance
    app.start()
  File "C:\Users\chris\AppData\Roaming\Python\Python314\site-packages\ipykernel\kernelapp.py", line 758, in start
    self.io_loop.start()
  File "C:\Users\chris\AppData\Roaming\Python\Python314\site-packages\tornado\platform\asyncio.py", line 211, in start
    self.asyncio_loop.run_forever()
  File "c:\Users\chris\AppData\Local\Programs\Python\Python314\Lib\asyncio\base_events.py", line 677, in run_forever
    self._run_once()
  File "c:\Users\chris\AppData\Local\Programs\Python\Python314\Lib\asyncio\base_events.py", line 2046, in _run_once
    handle._run()
  File "c:\Users\chris\AppData\Local\Programs\Python\Python314\Lib\asyncio\events.py", line 94, in _run
    self._context.run(self._callback, *self._args)
  File "C:\Users\chris\AppData\Roaming\Python\Python314\site-packages\ipykernel\kernelbase.py", line 621, in shell_main
    await self.dispatch_shell(msg, subshell_id=subshell_id)
  File "C:\Users\chris\AppData\Roaming\Python\Python314\site-packages\ipykernel\kernelbase.py", line 478, in dispatch_shell
    await result
  File "C:\Users\chris\AppData\Roaming\Python\Python314\site-packages\ipykernel\ipkernel.py", line 372, in execute_request
    await super().execute_request(stream, ident, parent)
  File "C:\Users\chris\AppData\Roaming\Python\Python314\site-packages\ipykernel\kernelbase.py", line 834, in execute_request
    reply_content = await reply_content
  File "C:\Users\chris\AppData\Roaming\Python\Python314\site-packages\ipykernel\ipkernel.py", line 464, in do_execute
    res = shell.run_cell(
  File "C:\Users\chris\AppData\Roaming\Python\Python314\site-packages\ipykernel\zmqshell.py", line 663, in run_cell
    return super().run_cell(*args, **kwargs)
  File "C:\Users\chris\AppData\Roaming\Python\Python314\site-packages\IPython\core\interactiveshell.py", line 3170, in run_cell
    result = self._run_cell(
  File "C:\Users\chris\AppData\Roaming\Python\Python314\site-packages\IPython\core\interactiveshell.py", line 3225, in _run_cell
    result = runner(coro)
  File "C:\Users\chris\AppData\Roaming\Python\Python314\site-packages\IPython\core\async_helpers.py", line 128, in _pseudo_sync_runner
    coro.send(None)
  File "C:\Users\chris\AppData\Roaming\Python\Python314\site-packages\IPython\core\interactiveshell.py", line 3447, in run_cell_async
    has_raised = await self.run_ast_nodes(code_ast.body, cell_name,
  File "C:\Users\chris\AppData\Roaming\Python\Python314\site-packages\IPython\core\interactiveshell.py", line 3688, in run_ast_nodes
    if await self.run_code(code, result, async_=asy):
  File "C:\Users\chris\AppData\Roaming\Python\Python314\site-packages\IPython\core\interactiveshell.py", line 3748, in run_code
    exec(code_obj, self.user_global_ns, self.user_ns)
  File "C:\Users\chris\AppData\Local\Temp\ipykernel_5480\3007420965.py", line 73, in <module>
    runpy.run_path(str(script_path), run_name="__main__")
  File "<frozen runpy>", line 287, in run_path
  File "<frozen runpy>", line 98, in _run_module_code
  File "<frozen runpy>", line 88, in _run_code
  File "C:\Users\chris\Desktop\Code\TracesPresenter\Traces_presenter\Jupyter\Chaine\scripts_Mirabelle\eq_FE_Mirabelle.py", line 73, in <module>
    main(_read, _write)
  File "C:\Users\chris\Desktop\Code\TracesPresenter\Traces_presenter\Jupyter\Chaine\scripts_Mirabelle\eq_FE_Mirabelle.py", line 64, in main
    out.info("  %s : EQ = %.3f  (%d Run.Test)", actor, eq, len(attempts))
Message: '  %s : EQ = %.3f  (%d Run.Test)'
Arguments: ('pillerez.infliges', 0.38461538461538464, 157)
--- Logging error ---
Traceback (most recent call last):
  File "c:\Users\chris\AppData\Local\Programs\Python\Python314\Lib\logging\__init__.py", line 1154, in emit
    stream.write(msg + self.terminator)
    ~~~~~~~~~~~~^^^^^^^^^^^^^^^^^^^^^^^
ValueError: I/O operation on closed file.
Call stack:
  File "<frozen runpy>", line 198, in _run_module_as_main
  File "<frozen runpy>", line 88, in _run_code
  File "C:\Users\chris\AppData\Roaming\Python\Python314\site-packages\ipykernel_launcher.py", line 18, in <module>
    app.launch_new_instance()
  File "C:\Users\chris\AppData\Roaming\Python\Python314\site-packages\traitlets\config\application.py", line 1082, in launch_instance
    app.start()
  File "C:\Users\chris\AppData\Roaming\Python\Python314\site-packages\ipykernel\kernelapp.py", line 758, in start
    self.io_loop.start()
  File "C:\Users\chris\AppData\Roaming\Python\Python314\site-packages\tornado\platform\asyncio.py", line 211, in start
    self.asyncio_loop.run_forever()
  File "c:\Users\chris\AppData\Local\Programs\Python\Python314\Lib\asyncio\base_events.py", line 677, in run_forever
    self._run_once()
  File "c:\Users\chris\AppData\Local\Programs\Python\Python314\Lib\asyncio\base_events.py", line 2046, in _run_once
    handle._run()
  File "c:\Users\chris\AppData\Local\Programs\Python\Python314\Lib\asyncio\events.py", line 94, in _run
    self._context.run(self._callback, *self._args)
  File "C:\Users\chris\AppData\Roaming\Python\Python314\site-packages\ipykernel\kernelbase.py", line 621, in shell_main
    await self.dispatch_shell(msg, subshell_id=subshell_id)
  File "C:\Users\chris\AppData\Roaming\Python\Python314\site-packages\ipykernel\kernelbase.py", line 478, in dispatch_shell
    await result
  File "C:\Users\chris\AppData\Roaming\Python\Python314\site-packages\ipykernel\ipkernel.py", line 372, in execute_request
    await super().execute_request(stream, ident, parent)
  File "C:\Users\chris\AppData\Roaming\Python\Python314\site-packages\ipykernel\kernelbase.py", line 834, in execute_request
    reply_content = await reply_content
  File "C:\Users\chris\AppData\Roaming\Python\Python314\site-packages\ipykernel\ipkernel.py", line 464, in do_execute
    res = shell.run_cell(
  File "C:\Users\chris\AppData\Roaming\Python\Python314\site-packages\ipykernel\zmqshell.py", line 663, in run_cell
    return super().run_cell(*args, **kwargs)
  File "C:\Users\chris\AppData\Roaming\Python\Python314\site-packages\IPython\core\interactiveshell.py", line 3170, in run_cell
    result = self._run_cell(
  File "C:\Users\chris\AppData\Roaming\Python\Python314\site-packages\IPython\core\interactiveshell.py", line 3225, in _run_cell
    result = runner(coro)
  File "C:\Users\chris\AppData\Roaming\Python\Python314\site-packages\IPython\core\async_helpers.py", line 128, in _pseudo_sync_runner
    coro.send(None)
  File "C:\Users\chris\AppData\Roaming\Python\Python314\site-packages\IPython\core\interactiveshell.py", line 3447, in run_cell_async
    has_raised = await self.run_ast_nodes(code_ast.body, cell_name,
  File "C:\Users\chris\AppData\Roaming\Python\Python314\site-packages\IPython\core\interactiveshell.py", line 3688, in run_ast_nodes
    if await self.run_code(code, result, async_=asy):
  File "C:\Users\chris\AppData\Roaming\Python\Python314\site-packages\IPython\core\interactiveshell.py", line 3748, in run_code
    exec(code_obj, self.user_global_ns, self.user_ns)
  File "C:\Users\chris\AppData\Local\Temp\ipykernel_5480\3007420965.py", line 73, in <module>
    runpy.run_path(str(script_path), run_name="__main__")
  File "<frozen runpy>", line 287, in run_path
  File "<frozen runpy>", line 98, in _run_module_code
  File "<frozen runpy>", line 88, in _run_code
  File "C:\Users\chris\Desktop\Code\TracesPresenter\Traces_presenter\Jupyter\Chaine\scripts_Mirabelle\eq_FE_Mirabelle.py", line 73, in <module>
    main(_read, _write)
  File "C:\Users\chris\Desktop\Code\TracesPresenter\Traces_presenter\Jupyter\Chaine\scripts_Mirabelle\eq_FE_Mirabelle.py", line 64, in main
    out.info("  %s : EQ = %.3f  (%d Run.Test)", actor, eq, len(attempts))
Message: '  %s : EQ = %.3f  (%d Run.Test)'
Arguments: ('pincons.marmites', 0.4407425035697287, 228)
--- Logging error ---
Traceback (most recent call last):
  File "c:\Users\chris\AppData\Local\Programs\Python\Python314\Lib\logging\__init__.py", line 1154, in emit
    stream.write(msg + self.terminator)
    ~~~~~~~~~~~~^^^^^^^^^^^^^^^^^^^^^^^
ValueError: I/O operation on closed file.
Call stack:
  File "<frozen runpy>", line 198, in _run_module_as_main
  File "<frozen runpy>", line 88, in _run_code
  File "C:\Users\chris\AppData\Roaming\Python\Python314\site-packages\ipykernel_launcher.py", line 18, in <module>
    app.launch_new_instance()
  File "C:\Users\chris\AppData\Roaming\Python\Python314\site-packages\traitlets\config\application.py", line 1082, in launch_instance
    app.start()
  File "C:\Users\chris\AppData\Roaming\Python\Python314\site-packages\ipykernel\kernelapp.py", line 758, in start
    self.io_loop.start()
  File "C:\Users\chris\AppData\Roaming\Python\Python314\site-packages\tornado\platform\asyncio.py", line 211, in start
    self.asyncio_loop.run_forever()
  File "c:\Users\chris\AppData\Local\Programs\Python\Python314\Lib\asyncio\base_events.py", line 677, in run_forever
    self._run_once()
  File "c:\Users\chris\AppData\Local\Programs\Python\Python314\Lib\asyncio\base_events.py", line 2046, in _run_once
    handle._run()
  File "c:\Users\chris\AppData\Local\Programs\Python\Python314\Lib\asyncio\events.py", line 94, in _run
    self._context.run(self._callback, *self._args)
  File "C:\Users\chris\AppData\Roaming\Python\Python314\site-packages\ipykernel\kernelbase.py", line 621, in shell_main
    await self.dispatch_shell(msg, subshell_id=subshell_id)
  File "C:\Users\chris\AppData\Roaming\Python\Python314\site-packages\ipykernel\kernelbase.py", line 478, in dispatch_shell
    await result
  File "C:\Users\chris\AppData\Roaming\Python\Python314\site-packages\ipykernel\ipkernel.py", line 372, in execute_request
    await super().execute_request(stream, ident, parent)
  File "C:\Users\chris\AppData\Roaming\Python\Python314\site-packages\ipykernel\kernelbase.py", line 834, in execute_request
    reply_content = await reply_content
  File "C:\Users\chris\AppData\Roaming\Python\Python314\site-packages\ipykernel\ipkernel.py", line 464, in do_execute
    res = shell.run_cell(
  File "C:\Users\chris\AppData\Roaming\Python\Python314\site-packages\ipykernel\zmqshell.py", line 663, in run_cell
    return super().run_cell(*args, **kwargs)
  File "C:\Users\chris\AppData\Roaming\Python\Python314\site-packages\IPython\core\interactiveshell.py", line 3170, in run_cell
    result = self._run_cell(
  File "C:\Users\chris\AppData\Roaming\Python\Python314\site-packages\IPython\core\interactiveshell.py", line 3225, in _run_cell
    result = runner(coro)
  File "C:\Users\chris\AppData\Roaming\Python\Python314\site-packages\IPython\core\async_helpers.py", line 128, in _pseudo_sync_runner
    coro.send(None)
  File "C:\Users\chris\AppData\Roaming\Python\Python314\site-packages\IPython\core\interactiveshell.py", line 3447, in run_cell_async
    has_raised = await self.run_ast_nodes(code_ast.body, cell_name,
  File "C:\Users\chris\AppData\Roaming\Python\Python314\site-packages\IPython\core\interactiveshell.py", line 3688, in run_ast_nodes
    if await self.run_code(code, result, async_=asy):
  File "C:\Users\chris\AppData\Roaming\Python\Python314\site-packages\IPython\core\interactiveshell.py", line 3748, in run_code
    exec(code_obj, self.user_global_ns, self.user_ns)
  File "C:\Users\chris\AppData\Local\Temp\ipykernel_5480\3007420965.py", line 73, in <module>
    runpy.run_path(str(script_path), run_name="__main__")
  File "<frozen runpy>", line 287, in run_path
  File "<frozen runpy>", line 98, in _run_module_code
  File "<frozen runpy>", line 88, in _run_code
  File "C:\Users\chris\Desktop\Code\TracesPresenter\Traces_presenter\Jupyter\Chaine\scripts_Mirabelle\eq_FE_Mirabelle.py", line 73, in <module>
    main(_read, _write)
  File "C:\Users\chris\Desktop\Code\TracesPresenter\Traces_presenter\Jupyter\Chaine\scripts_Mirabelle\eq_FE_Mirabelle.py", line 64, in main
    out.info("  %s : EQ = %.3f  (%d Run.Test)", actor, eq, len(attempts))
Message: '  %s : EQ = %.3f  (%d Run.Test)'
Arguments: ('plaisent.legues', 0.043478260869565216, 33)
--- Logging error ---
Traceback (most recent call last):
  File "c:\Users\chris\AppData\Local\Programs\Python\Python314\Lib\logging\__init__.py", line 1154, in emit
    stream.write(msg + self.terminator)
    ~~~~~~~~~~~~^^^^^^^^^^^^^^^^^^^^^^^
ValueError: I/O operation on closed file.
Call stack:
  File "<frozen runpy>", line 198, in _run_module_as_main
  File "<frozen runpy>", line 88, in _run_code
  File "C:\Users\chris\AppData\Roaming\Python\Python314\site-packages\ipykernel_launcher.py", line 18, in <module>
    app.launch_new_instance()
  File "C:\Users\chris\AppData\Roaming\Python\Python314\site-packages\traitlets\config\application.py", line 1082, in launch_instance
    app.start()
  File "C:\Users\chris\AppData\Roaming\Python\Python314\site-packages\ipykernel\kernelapp.py", line 758, in start
    self.io_loop.start()
  File "C:\Users\chris\AppData\Roaming\Python\Python314\site-packages\tornado\platform\asyncio.py", line 211, in start
    self.asyncio_loop.run_forever()
  File "c:\Users\chris\AppData\Local\Programs\Python\Python314\Lib\asyncio\base_events.py", line 677, in run_forever
    self._run_once()
  File "c:\Users\chris\AppData\Local\Programs\Python\Python314\Lib\asyncio\base_events.py", line 2046, in _run_once
    handle._run()
  File "c:\Users\chris\AppData\Local\Programs\Python\Python314\Lib\asyncio\events.py", line 94, in _run
    self._context.run(self._callback, *self._args)
  File "C:\Users\chris\AppData\Roaming\Python\Python314\site-packages\ipykernel\kernelbase.py", line 621, in shell_main
    await self.dispatch_shell(msg, subshell_id=subshell_id)
  File "C:\Users\chris\AppData\Roaming\Python\Python314\site-packages\ipykernel\kernelbase.py", line 478, in dispatch_shell
    await result
  File "C:\Users\chris\AppData\Roaming\Python\Python314\site-packages\ipykernel\ipkernel.py", line 372, in execute_request
    await super().execute_request(stream, ident, parent)
  File "C:\Users\chris\AppData\Roaming\Python\Python314\site-packages\ipykernel\kernelbase.py", line 834, in execute_request
    reply_content = await reply_content
  File "C:\Users\chris\AppData\Roaming\Python\Python314\site-packages\ipykernel\ipkernel.py", line 464, in do_execute
    res = shell.run_cell(
  File "C:\Users\chris\AppData\Roaming\Python\Python314\site-packages\ipykernel\zmqshell.py", line 663, in run_cell
    return super().run_cell(*args, **kwargs)
  File "C:\Users\chris\AppData\Roaming\Python\Python314\site-packages\IPython\core\interactiveshell.py", line 3170, in run_cell
    result = self._run_cell(
  File "C:\Users\chris\AppData\Roaming\Python\Python314\site-packages\IPython\core\interactiveshell.py", line 3225, in _run_cell
    result = runner(coro)
  File "C:\Users\chris\AppData\Roaming\Python\Python314\site-packages\IPython\core\async_helpers.py", line 128, in _pseudo_sync_runner
    coro.send(None)
  File "C:\Users\chris\AppData\Roaming\Python\Python314\site-packages\IPython\core\interactiveshell.py", line 3447, in run_cell_async
    has_raised = await self.run_ast_nodes(code_ast.body, cell_name,
  File "C:\Users\chris\AppData\Roaming\Python\Python314\site-packages\IPython\core\interactiveshell.py", line 3688, in run_ast_nodes
    if await self.run_code(code, result, async_=asy):
  File "C:\Users\chris\AppData\Roaming\Python\Python314\site-packages\IPython\core\interactiveshell.py", line 3748, in run_code
    exec(code_obj, self.user_global_ns, self.user_ns)
  File "C:\Users\chris\AppData\Local\Temp\ipykernel_5480\3007420965.py", line 73, in <module>
    runpy.run_path(str(script_path), run_name="__main__")
  File "<frozen runpy>", line 287, in run_path
  File "<frozen runpy>", line 98, in _run_module_code
  File "<frozen runpy>", line 88, in _run_code
  File "C:\Users\chris\Desktop\Code\TracesPresenter\Traces_presenter\Jupyter\Chaine\scripts_Mirabelle\eq_FE_Mirabelle.py", line 73, in <module>
    main(_read, _write)
  File "C:\Users\chris\Desktop\Code\TracesPresenter\Traces_presenter\Jupyter\Chaine\scripts_Mirabelle\eq_FE_Mirabelle.py", line 64, in main
    out.info("  %s : EQ = %.3f  (%d Run.Test)", actor, eq, len(attempts))
Message: '  %s : EQ = %.3f  (%d Run.Test)'
Arguments: ('plastique.ratatines', 0.29382219989954805, 422)
--- Logging error ---
Traceback (most recent call last):
  File "c:\Users\chris\AppData\Local\Programs\Python\Python314\Lib\logging\__init__.py", line 1154, in emit
    stream.write(msg + self.terminator)
    ~~~~~~~~~~~~^^^^^^^^^^^^^^^^^^^^^^^
ValueError: I/O operation on closed file.
Call stack:
  File "<frozen runpy>", line 198, in _run_module_as_main
  File "<frozen runpy>", line 88, in _run_code
  File "C:\Users\chris\AppData\Roaming\Python\Python314\site-packages\ipykernel_launcher.py", line 18, in <module>
    app.launch_new_instance()
  File "C:\Users\chris\AppData\Roaming\Python\Python314\site-packages\traitlets\config\application.py", line 1082, in launch_instance
    app.start()
  File "C:\Users\chris\AppData\Roaming\Python\Python314\site-packages\ipykernel\kernelapp.py", line 758, in start
    self.io_loop.start()
  File "C:\Users\chris\AppData\Roaming\Python\Python314\site-packages\tornado\platform\asyncio.py", line 211, in start
    self.asyncio_loop.run_forever()
  File "c:\Users\chris\AppData\Local\Programs\Python\Python314\Lib\asyncio\base_events.py", line 677, in run_forever
    self._run_once()
  File "c:\Users\chris\AppData\Local\Programs\Python\Python314\Lib\asyncio\base_events.py", line 2046, in _run_once
    handle._run()
  File "c:\Users\chris\AppData\Local\Programs\Python\Python314\Lib\asyncio\events.py", line 94, in _run
    self._context.run(self._callback, *self._args)
  File "C:\Users\chris\AppData\Roaming\Python\Python314\site-packages\ipykernel\kernelbase.py", line 621, in shell_main
    await self.dispatch_shell(msg, subshell_id=subshell_id)
  File "C:\Users\chris\AppData\Roaming\Python\Python314\site-packages\ipykernel\kernelbase.py", line 478, in dispatch_shell
    await result
  File "C:\Users\chris\AppData\Roaming\Python\Python314\site-packages\ipykernel\ipkernel.py", line 372, in execute_request
    await super().execute_request(stream, ident, parent)
  File "C:\Users\chris\AppData\Roaming\Python\Python314\site-packages\ipykernel\kernelbase.py", line 834, in execute_request
    reply_content = await reply_content
  File "C:\Users\chris\AppData\Roaming\Python\Python314\site-packages\ipykernel\ipkernel.py", line 464, in do_execute
    res = shell.run_cell(
  File "C:\Users\chris\AppData\Roaming\Python\Python314\site-packages\ipykernel\zmqshell.py", line 663, in run_cell
    return super().run_cell(*args, **kwargs)
  File "C:\Users\chris\AppData\Roaming\Python\Python314\site-packages\IPython\core\interactiveshell.py", line 3170, in run_cell
    result = self._run_cell(
  File "C:\Users\chris\AppData\Roaming\Python\Python314\site-packages\IPython\core\interactiveshell.py", line 3225, in _run_cell
    result = runner(coro)
  File "C:\Users\chris\AppData\Roaming\Python\Python314\site-packages\IPython\core\async_helpers.py", line 128, in _pseudo_sync_runner
    coro.send(None)
  File "C:\Users\chris\AppData\Roaming\Python\Python314\site-packages\IPython\core\interactiveshell.py", line 3447, in run_cell_async
    has_raised = await self.run_ast_nodes(code_ast.body, cell_name,
  File "C:\Users\chris\AppData\Roaming\Python\Python314\site-packages\IPython\core\interactiveshell.py", line 3688, in run_ast_nodes
    if await self.run_code(code, result, async_=asy):
  File "C:\Users\chris\AppData\Roaming\Python\Python314\site-packages\IPython\core\interactiveshell.py", line 3748, in run_code
    exec(code_obj, self.user_global_ns, self.user_ns)
  File "C:\Users\chris\AppData\Local\Temp\ipykernel_5480\3007420965.py", line 73, in <module>
    runpy.run_path(str(script_path), run_name="__main__")
  File "<frozen runpy>", line 287, in run_path
  File "<frozen runpy>", line 98, in _run_module_code
  File "<frozen runpy>", line 88, in _run_code
  File "C:\Users\chris\Desktop\Code\TracesPresenter\Traces_presenter\Jupyter\Chaine\scripts_Mirabelle\eq_FE_Mirabelle.py", line 73, in <module>
    main(_read, _write)
  File "C:\Users\chris\Desktop\Code\TracesPresenter\Traces_presenter\Jupyter\Chaine\scripts_Mirabelle\eq_FE_Mirabelle.py", line 64, in main
    out.info("  %s : EQ = %.3f  (%d Run.Test)", actor, eq, len(attempts))
Message: '  %s : EQ = %.3f  (%d Run.Test)'
Arguments: ('poetique.captiez', 0.23651145602365115, 316)
--- Logging error ---
Traceback (most recent call last):
  File "c:\Users\chris\AppData\Local\Programs\Python\Python314\Lib\logging\__init__.py", line 1154, in emit
    stream.write(msg + self.terminator)
    ~~~~~~~~~~~~^^^^^^^^^^^^^^^^^^^^^^^
ValueError: I/O operation on closed file.
Call stack:
  File "<frozen runpy>", line 198, in _run_module_as_main
  File "<frozen runpy>", line 88, in _run_code
  File "C:\Users\chris\AppData\Roaming\Python\Python314\site-packages\ipykernel_launcher.py", line 18, in <module>
    app.launch_new_instance()
  File "C:\Users\chris\AppData\Roaming\Python\Python314\site-packages\traitlets\config\application.py", line 1082, in launch_instance
    app.start()
  File "C:\Users\chris\AppData\Roaming\Python\Python314\site-packages\ipykernel\kernelapp.py", line 758, in start
    self.io_loop.start()
  File "C:\Users\chris\AppData\Roaming\Python\Python314\site-packages\tornado\platform\asyncio.py", line 211, in start
    self.asyncio_loop.run_forever()
  File "c:\Users\chris\AppData\Local\Programs\Python\Python314\Lib\asyncio\base_events.py", line 677, in run_forever
    self._run_once()
  File "c:\Users\chris\AppData\Local\Programs\Python\Python314\Lib\asyncio\base_events.py", line 2046, in _run_once
    handle._run()
  File "c:\Users\chris\AppData\Local\Programs\Python\Python314\Lib\asyncio\events.py", line 94, in _run
    self._context.run(self._callback, *self._args)
  File "C:\Users\chris\AppData\Roaming\Python\Python314\site-packages\ipykernel\kernelbase.py", line 621, in shell_main
    await self.dispatch_shell(msg, subshell_id=subshell_id)
  File "C:\Users\chris\AppData\Roaming\Python\Python314\site-packages\ipykernel\kernelbase.py", line 478, in dispatch_shell
    await result
  File "C:\Users\chris\AppData\Roaming\Python\Python314\site-packages\ipykernel\ipkernel.py", line 372, in execute_request
    await super().execute_request(stream, ident, parent)
  File "C:\Users\chris\AppData\Roaming\Python\Python314\site-packages\ipykernel\kernelbase.py", line 834, in execute_request
    reply_content = await reply_content
  File "C:\Users\chris\AppData\Roaming\Python\Python314\site-packages\ipykernel\ipkernel.py", line 464, in do_execute
    res = shell.run_cell(
  File "C:\Users\chris\AppData\Roaming\Python\Python314\site-packages\ipykernel\zmqshell.py", line 663, in run_cell
    return super().run_cell(*args, **kwargs)
  File "C:\Users\chris\AppData\Roaming\Python\Python314\site-packages\IPython\core\interactiveshell.py", line 3170, in run_cell
    result = self._run_cell(
  File "C:\Users\chris\AppData\Roaming\Python\Python314\site-packages\IPython\core\interactiveshell.py", line 3225, in _run_cell
    result = runner(coro)
  File "C:\Users\chris\AppData\Roaming\Python\Python314\site-packages\IPython\core\async_helpers.py", line 128, in _pseudo_sync_runner
    coro.send(None)
  File "C:\Users\chris\AppData\Roaming\Python\Python314\site-packages\IPython\core\interactiveshell.py", line 3447, in run_cell_async
    has_raised = await self.run_ast_nodes(code_ast.body, cell_name,
  File "C:\Users\chris\AppData\Roaming\Python\Python314\site-packages\IPython\core\interactiveshell.py", line 3688, in run_ast_nodes
    if await self.run_code(code, result, async_=asy):
  File "C:\Users\chris\AppData\Roaming\Python\Python314\site-packages\IPython\core\interactiveshell.py", line 3748, in run_code
    exec(code_obj, self.user_global_ns, self.user_ns)
  File "C:\Users\chris\AppData\Local\Temp\ipykernel_5480\3007420965.py", line 73, in <module>
    runpy.run_path(str(script_path), run_name="__main__")
  File "<frozen runpy>", line 287, in run_path
  File "<frozen runpy>", line 98, in _run_module_code
  File "<frozen runpy>", line 88, in _run_code
  File "C:\Users\chris\Desktop\Code\TracesPresenter\Traces_presenter\Jupyter\Chaine\scripts_Mirabelle\eq_FE_Mirabelle.py", line 73, in <module>
    main(_read, _write)
  File "C:\Users\chris\Desktop\Code\TracesPresenter\Traces_presenter\Jupyter\Chaine\scripts_Mirabelle\eq_FE_Mirabelle.py", line 64, in main
    out.info("  %s : EQ = %.3f  (%d Run.Test)", actor, eq, len(attempts))
Message: '  %s : EQ = %.3f  (%d Run.Test)'
Arguments: ('polisses.garnirais', 0.24621212121212122, 110)
--- Logging error ---
Traceback (most recent call last):
  File "c:\Users\chris\AppData\Local\Programs\Python\Python314\Lib\logging\__init__.py", line 1154, in emit
    stream.write(msg + self.terminator)
    ~~~~~~~~~~~~^^^^^^^^^^^^^^^^^^^^^^^
ValueError: I/O operation on closed file.
Call stack:
  File "<frozen runpy>", line 198, in _run_module_as_main
  File "<frozen runpy>", line 88, in _run_code
  File "C:\Users\chris\AppData\Roaming\Python\Python314\site-packages\ipykernel_launcher.py", line 18, in <module>
    app.launch_new_instance()
  File "C:\Users\chris\AppData\Roaming\Python\Python314\site-packages\traitlets\config\application.py", line 1082, in launch_instance
    app.start()
  File "C:\Users\chris\AppData\Roaming\Python\Python314\site-packages\ipykernel\kernelapp.py", line 758, in start
    self.io_loop.start()
  File "C:\Users\chris\AppData\Roaming\Python\Python314\site-packages\tornado\platform\asyncio.py", line 211, in start
    self.asyncio_loop.run_forever()
  File "c:\Users\chris\AppData\Local\Programs\Python\Python314\Lib\asyncio\base_events.py", line 677, in run_forever
    self._run_once()
  File "c:\Users\chris\AppData\Local\Programs\Python\Python314\Lib\asyncio\base_events.py", line 2046, in _run_once
    handle._run()
  File "c:\Users\chris\AppData\Local\Programs\Python\Python314\Lib\asyncio\events.py", line 94, in _run
    self._context.run(self._callback, *self._args)
  File "C:\Users\chris\AppData\Roaming\Python\Python314\site-packages\ipykernel\kernelbase.py", line 621, in shell_main
    await self.dispatch_shell(msg, subshell_id=subshell_id)
  File "C:\Users\chris\AppData\Roaming\Python\Python314\site-packages\ipykernel\kernelbase.py", line 478, in dispatch_shell
    await result
  File "C:\Users\chris\AppData\Roaming\Python\Python314\site-packages\ipykernel\ipkernel.py", line 372, in execute_request
    await super().execute_request(stream, ident, parent)
  File "C:\Users\chris\AppData\Roaming\Python\Python314\site-packages\ipykernel\kernelbase.py", line 834, in execute_request
    reply_content = await reply_content
  File "C:\Users\chris\AppData\Roaming\Python\Python314\site-packages\ipykernel\ipkernel.py", line 464, in do_execute
    res = shell.run_cell(
  File "C:\Users\chris\AppData\Roaming\Python\Python314\site-packages\ipykernel\zmqshell.py", line 663, in run_cell
    return super().run_cell(*args, **kwargs)
  File "C:\Users\chris\AppData\Roaming\Python\Python314\site-packages\IPython\core\interactiveshell.py", line 3170, in run_cell
    result = self._run_cell(
  File "C:\Users\chris\AppData\Roaming\Python\Python314\site-packages\IPython\core\interactiveshell.py", line 3225, in _run_cell
    result = runner(coro)
  File "C:\Users\chris\AppData\Roaming\Python\Python314\site-packages\IPython\core\async_helpers.py", line 128, in _pseudo_sync_runner
    coro.send(None)
  File "C:\Users\chris\AppData\Roaming\Python\Python314\site-packages\IPython\core\interactiveshell.py", line 3447, in run_cell_async
    has_raised = await self.run_ast_nodes(code_ast.body, cell_name,
  File "C:\Users\chris\AppData\Roaming\Python\Python314\site-packages\IPython\core\interactiveshell.py", line 3688, in run_ast_nodes
    if await self.run_code(code, result, async_=asy):
  File "C:\Users\chris\AppData\Roaming\Python\Python314\site-packages\IPython\core\interactiveshell.py", line 3748, in run_code
    exec(code_obj, self.user_global_ns, self.user_ns)
  File "C:\Users\chris\AppData\Local\Temp\ipykernel_5480\3007420965.py", line 73, in <module>
    runpy.run_path(str(script_path), run_name="__main__")
  File "<frozen runpy>", line 287, in run_path
  File "<frozen runpy>", line 98, in _run_module_code
  File "<frozen runpy>", line 88, in _run_code
  File "C:\Users\chris\Desktop\Code\TracesPresenter\Traces_presenter\Jupyter\Chaine\scripts_Mirabelle\eq_FE_Mirabelle.py", line 73, in <module>
    main(_read, _write)
  File "C:\Users\chris\Desktop\Code\TracesPresenter\Traces_presenter\Jupyter\Chaine\scripts_Mirabelle\eq_FE_Mirabelle.py", line 64, in main
    out.info("  %s : EQ = %.3f  (%d Run.Test)", actor, eq, len(attempts))
Message: '  %s : EQ = %.3f  (%d Run.Test)'
Arguments: ('postuler.petrifie', 0.35294117647058826, 274)
--- Logging error ---
Traceback (most recent call last):
  File "c:\Users\chris\AppData\Local\Programs\Python\Python314\Lib\logging\__init__.py", line 1154, in emit
    stream.write(msg + self.terminator)
    ~~~~~~~~~~~~^^^^^^^^^^^^^^^^^^^^^^^
ValueError: I/O operation on closed file.
Call stack:
  File "<frozen runpy>", line 198, in _run_module_as_main
  File "<frozen runpy>", line 88, in _run_code
  File "C:\Users\chris\AppData\Roaming\Python\Python314\site-packages\ipykernel_launcher.py", line 18, in <module>
    app.launch_new_instance()
  File "C:\Users\chris\AppData\Roaming\Python\Python314\site-packages\traitlets\config\application.py", line 1082, in launch_instance
    app.start()
  File "C:\Users\chris\AppData\Roaming\Python\Python314\site-packages\ipykernel\kernelapp.py", line 758, in start
    self.io_loop.start()
  File "C:\Users\chris\AppData\Roaming\Python\Python314\site-packages\tornado\platform\asyncio.py", line 211, in start
    self.asyncio_loop.run_forever()
  File "c:\Users\chris\AppData\Local\Programs\Python\Python314\Lib\asyncio\base_events.py", line 677, in run_forever
    self._run_once()
  File "c:\Users\chris\AppData\Local\Programs\Python\Python314\Lib\asyncio\base_events.py", line 2046, in _run_once
    handle._run()
  File "c:\Users\chris\AppData\Local\Programs\Python\Python314\Lib\asyncio\events.py", line 94, in _run
    self._context.run(self._callback, *self._args)
  File "C:\Users\chris\AppData\Roaming\Python\Python314\site-packages\ipykernel\kernelbase.py", line 621, in shell_main
    await self.dispatch_shell(msg, subshell_id=subshell_id)
  File "C:\Users\chris\AppData\Roaming\Python\Python314\site-packages\ipykernel\kernelbase.py", line 478, in dispatch_shell
    await result
  File "C:\Users\chris\AppData\Roaming\Python\Python314\site-packages\ipykernel\ipkernel.py", line 372, in execute_request
    await super().execute_request(stream, ident, parent)
  File "C:\Users\chris\AppData\Roaming\Python\Python314\site-packages\ipykernel\kernelbase.py", line 834, in execute_request
    reply_content = await reply_content
  File "C:\Users\chris\AppData\Roaming\Python\Python314\site-packages\ipykernel\ipkernel.py", line 464, in do_execute
    res = shell.run_cell(
  File "C:\Users\chris\AppData\Roaming\Python\Python314\site-packages\ipykernel\zmqshell.py", line 663, in run_cell
    return super().run_cell(*args, **kwargs)
  File "C:\Users\chris\AppData\Roaming\Python\Python314\site-packages\IPython\core\interactiveshell.py", line 3170, in run_cell
    result = self._run_cell(
  File "C:\Users\chris\AppData\Roaming\Python\Python314\site-packages\IPython\core\interactiveshell.py", line 3225, in _run_cell
    result = runner(coro)
  File "C:\Users\chris\AppData\Roaming\Python\Python314\site-packages\IPython\core\async_helpers.py", line 128, in _pseudo_sync_runner
    coro.send(None)
  File "C:\Users\chris\AppData\Roaming\Python\Python314\site-packages\IPython\core\interactiveshell.py", line 3447, in run_cell_async
    has_raised = await self.run_ast_nodes(code_ast.body, cell_name,
  File "C:\Users\chris\AppData\Roaming\Python\Python314\site-packages\IPython\core\interactiveshell.py", line 3688, in run_ast_nodes
    if await self.run_code(code, result, async_=asy):
  File "C:\Users\chris\AppData\Roaming\Python\Python314\site-packages\IPython\core\interactiveshell.py", line 3748, in run_code
    exec(code_obj, self.user_global_ns, self.user_ns)
  File "C:\Users\chris\AppData\Local\Temp\ipykernel_5480\3007420965.py", line 73, in <module>
    runpy.run_path(str(script_path), run_name="__main__")
  File "<frozen runpy>", line 287, in run_path
  File "<frozen runpy>", line 98, in _run_module_code
  File "<frozen runpy>", line 88, in _run_code
  File "C:\Users\chris\Desktop\Code\TracesPresenter\Traces_presenter\Jupyter\Chaine\scripts_Mirabelle\eq_FE_Mirabelle.py", line 73, in <module>
    main(_read, _write)
  File "C:\Users\chris\Desktop\Code\TracesPresenter\Traces_presenter\Jupyter\Chaine\scripts_Mirabelle\eq_FE_Mirabelle.py", line 64, in main
    out.info("  %s : EQ = %.3f  (%d Run.Test)", actor, eq, len(attempts))
Message: '  %s : EQ = %.3f  (%d Run.Test)'
Arguments: ('poules.etrennait', 0.46264626462646263, 123)
--- Logging error ---
Traceback (most recent call last):
  File "c:\Users\chris\AppData\Local\Programs\Python\Python314\Lib\logging\__init__.py", line 1154, in emit
    stream.write(msg + self.terminator)
    ~~~~~~~~~~~~^^^^^^^^^^^^^^^^^^^^^^^
ValueError: I/O operation on closed file.
Call stack:
  File "<frozen runpy>", line 198, in _run_module_as_main
  File "<frozen runpy>", line 88, in _run_code
  File "C:\Users\chris\AppData\Roaming\Python\Python314\site-packages\ipykernel_launcher.py", line 18, in <module>
    app.launch_new_instance()
  File "C:\Users\chris\AppData\Roaming\Python\Python314\site-packages\traitlets\config\application.py", line 1082, in launch_instance
    app.start()
  File "C:\Users\chris\AppData\Roaming\Python\Python314\site-packages\ipykernel\kernelapp.py", line 758, in start
    self.io_loop.start()
  File "C:\Users\chris\AppData\Roaming\Python\Python314\site-packages\tornado\platform\asyncio.py", line 211, in start
    self.asyncio_loop.run_forever()
  File "c:\Users\chris\AppData\Local\Programs\Python\Python314\Lib\asyncio\base_events.py", line 677, in run_forever
    self._run_once()
  File "c:\Users\chris\AppData\Local\Programs\Python\Python314\Lib\asyncio\base_events.py", line 2046, in _run_once
    handle._run()
  File "c:\Users\chris\AppData\Local\Programs\Python\Python314\Lib\asyncio\events.py", line 94, in _run
    self._context.run(self._callback, *self._args)
  File "C:\Users\chris\AppData\Roaming\Python\Python314\site-packages\ipykernel\kernelbase.py", line 621, in shell_main
    await self.dispatch_shell(msg, subshell_id=subshell_id)
  File "C:\Users\chris\AppData\Roaming\Python\Python314\site-packages\ipykernel\kernelbase.py", line 478, in dispatch_shell
    await result
  File "C:\Users\chris\AppData\Roaming\Python\Python314\site-packages\ipykernel\ipkernel.py", line 372, in execute_request
    await super().execute_request(stream, ident, parent)
  File "C:\Users\chris\AppData\Roaming\Python\Python314\site-packages\ipykernel\kernelbase.py", line 834, in execute_request
    reply_content = await reply_content
  File "C:\Users\chris\AppData\Roaming\Python\Python314\site-packages\ipykernel\ipkernel.py", line 464, in do_execute
    res = shell.run_cell(
  File "C:\Users\chris\AppData\Roaming\Python\Python314\site-packages\ipykernel\zmqshell.py", line 663, in run_cell
    return super().run_cell(*args, **kwargs)
  File "C:\Users\chris\AppData\Roaming\Python\Python314\site-packages\IPython\core\interactiveshell.py", line 3170, in run_cell
    result = self._run_cell(
  File "C:\Users\chris\AppData\Roaming\Python\Python314\site-packages\IPython\core\interactiveshell.py", line 3225, in _run_cell
    result = runner(coro)
  File "C:\Users\chris\AppData\Roaming\Python\Python314\site-packages\IPython\core\async_helpers.py", line 128, in _pseudo_sync_runner
    coro.send(None)
  File "C:\Users\chris\AppData\Roaming\Python\Python314\site-packages\IPython\core\interactiveshell.py", line 3447, in run_cell_async
    has_raised = await self.run_ast_nodes(code_ast.body, cell_name,
  File "C:\Users\chris\AppData\Roaming\Python\Python314\site-packages\IPython\core\interactiveshell.py", line 3688, in run_ast_nodes
    if await self.run_code(code, result, async_=asy):
  File "C:\Users\chris\AppData\Roaming\Python\Python314\site-packages\IPython\core\interactiveshell.py", line 3748, in run_code
    exec(code_obj, self.user_global_ns, self.user_ns)
  File "C:\Users\chris\AppData\Local\Temp\ipykernel_5480\3007420965.py", line 73, in <module>
    runpy.run_path(str(script_path), run_name="__main__")
  File "<frozen runpy>", line 287, in run_path
  File "<frozen runpy>", line 98, in _run_module_code
  File "<frozen runpy>", line 88, in _run_code
  File "C:\Users\chris\Desktop\Code\TracesPresenter\Traces_presenter\Jupyter\Chaine\scripts_Mirabelle\eq_FE_Mirabelle.py", line 73, in <module>
    main(_read, _write)
  File "C:\Users\chris\Desktop\Code\TracesPresenter\Traces_presenter\Jupyter\Chaine\scripts_Mirabelle\eq_FE_Mirabelle.py", line 64, in main
    out.info("  %s : EQ = %.3f  (%d Run.Test)", actor, eq, len(attempts))
Message: '  %s : EQ = %.3f  (%d Run.Test)'
Arguments: ('provenons.preoccupa', 0.07142857142857142, 23)
--- Logging error ---
Traceback (most recent call last):
  File "c:\Users\chris\AppData\Local\Programs\Python\Python314\Lib\logging\__init__.py", line 1154, in emit
    stream.write(msg + self.terminator)
    ~~~~~~~~~~~~^^^^^^^^^^^^^^^^^^^^^^^
ValueError: I/O operation on closed file.
Call stack:
  File "<frozen runpy>", line 198, in _run_module_as_main
  File "<frozen runpy>", line 88, in _run_code
  File "C:\Users\chris\AppData\Roaming\Python\Python314\site-packages\ipykernel_launcher.py", line 18, in <module>
    app.launch_new_instance()
  File "C:\Users\chris\AppData\Roaming\Python\Python314\site-packages\traitlets\config\application.py", line 1082, in launch_instance
    app.start()
  File "C:\Users\chris\AppData\Roaming\Python\Python314\site-packages\ipykernel\kernelapp.py", line 758, in start
    self.io_loop.start()
  File "C:\Users\chris\AppData\Roaming\Python\Python314\site-packages\tornado\platform\asyncio.py", line 211, in start
    self.asyncio_loop.run_forever()
  File "c:\Users\chris\AppData\Local\Programs\Python\Python314\Lib\asyncio\base_events.py", line 677, in run_forever
    self._run_once()
  File "c:\Users\chris\AppData\Local\Programs\Python\Python314\Lib\asyncio\base_events.py", line 2046, in _run_once
    handle._run()
  File "c:\Users\chris\AppData\Local\Programs\Python\Python314\Lib\asyncio\events.py", line 94, in _run
    self._context.run(self._callback, *self._args)
  File "C:\Users\chris\AppData\Roaming\Python\Python314\site-packages\ipykernel\kernelbase.py", line 621, in shell_main
    await self.dispatch_shell(msg, subshell_id=subshell_id)
  File "C:\Users\chris\AppData\Roaming\Python\Python314\site-packages\ipykernel\kernelbase.py", line 478, in dispatch_shell
    await result
  File "C:\Users\chris\AppData\Roaming\Python\Python314\site-packages\ipykernel\ipkernel.py", line 372, in execute_request
    await super().execute_request(stream, ident, parent)
  File "C:\Users\chris\AppData\Roaming\Python\Python314\site-packages\ipykernel\kernelbase.py", line 834, in execute_request
    reply_content = await reply_content
  File "C:\Users\chris\AppData\Roaming\Python\Python314\site-packages\ipykernel\ipkernel.py", line 464, in do_execute
    res = shell.run_cell(
  File "C:\Users\chris\AppData\Roaming\Python\Python314\site-packages\ipykernel\zmqshell.py", line 663, in run_cell
    return super().run_cell(*args, **kwargs)
  File "C:\Users\chris\AppData\Roaming\Python\Python314\site-packages\IPython\core\interactiveshell.py", line 3170, in run_cell
    result = self._run_cell(
  File "C:\Users\chris\AppData\Roaming\Python\Python314\site-packages\IPython\core\interactiveshell.py", line 3225, in _run_cell
    result = runner(coro)
  File "C:\Users\chris\AppData\Roaming\Python\Python314\site-packages\IPython\core\async_helpers.py", line 128, in _pseudo_sync_runner
    coro.send(None)
  File "C:\Users\chris\AppData\Roaming\Python\Python314\site-packages\IPython\core\interactiveshell.py", line 3447, in run_cell_async
    has_raised = await self.run_ast_nodes(code_ast.body, cell_name,
  File "C:\Users\chris\AppData\Roaming\Python\Python314\site-packages\IPython\core\interactiveshell.py", line 3688, in run_ast_nodes
    if await self.run_code(code, result, async_=asy):
  File "C:\Users\chris\AppData\Roaming\Python\Python314\site-packages\IPython\core\interactiveshell.py", line 3748, in run_code
    exec(code_obj, self.user_global_ns, self.user_ns)
  File "C:\Users\chris\AppData\Local\Temp\ipykernel_5480\3007420965.py", line 73, in <module>
    runpy.run_path(str(script_path), run_name="__main__")
  File "<frozen runpy>", line 287, in run_path
  File "<frozen runpy>", line 98, in _run_module_code
  File "<frozen runpy>", line 88, in _run_code
  File "C:\Users\chris\Desktop\Code\TracesPresenter\Traces_presenter\Jupyter\Chaine\scripts_Mirabelle\eq_FE_Mirabelle.py", line 73, in <module>
    main(_read, _write)
  File "C:\Users\chris\Desktop\Code\TracesPresenter\Traces_presenter\Jupyter\Chaine\scripts_Mirabelle\eq_FE_Mirabelle.py", line 64, in main
    out.info("  %s : EQ = %.3f  (%d Run.Test)", actor, eq, len(attempts))
Message: '  %s : EQ = %.3f  (%d Run.Test)'
Arguments: ('punirons.vivables', 0.0, 12)
--- Logging error ---
Traceback (most recent call last):
  File "c:\Users\chris\AppData\Local\Programs\Python\Python314\Lib\logging\__init__.py", line 1154, in emit
    stream.write(msg + self.terminator)
    ~~~~~~~~~~~~^^^^^^^^^^^^^^^^^^^^^^^
ValueError: I/O operation on closed file.
Call stack:
  File "<frozen runpy>", line 198, in _run_module_as_main
  File "<frozen runpy>", line 88, in _run_code
  File "C:\Users\chris\AppData\Roaming\Python\Python314\site-packages\ipykernel_launcher.py", line 18, in <module>
    app.launch_new_instance()
  File "C:\Users\chris\AppData\Roaming\Python\Python314\site-packages\traitlets\config\application.py", line 1082, in launch_instance
    app.start()
  File "C:\Users\chris\AppData\Roaming\Python\Python314\site-packages\ipykernel\kernelapp.py", line 758, in start
    self.io_loop.start()
  File "C:\Users\chris\AppData\Roaming\Python\Python314\site-packages\tornado\platform\asyncio.py", line 211, in start
    self.asyncio_loop.run_forever()
  File "c:\Users\chris\AppData\Local\Programs\Python\Python314\Lib\asyncio\base_events.py", line 677, in run_forever
    self._run_once()
  File "c:\Users\chris\AppData\Local\Programs\Python\Python314\Lib\asyncio\base_events.py", line 2046, in _run_once
    handle._run()
  File "c:\Users\chris\AppData\Local\Programs\Python\Python314\Lib\asyncio\events.py", line 94, in _run
    self._context.run(self._callback, *self._args)
  File "C:\Users\chris\AppData\Roaming\Python\Python314\site-packages\ipykernel\kernelbase.py", line 621, in shell_main
    await self.dispatch_shell(msg, subshell_id=subshell_id)
  File "C:\Users\chris\AppData\Roaming\Python\Python314\site-packages\ipykernel\kernelbase.py", line 478, in dispatch_shell
    await result
  File "C:\Users\chris\AppData\Roaming\Python\Python314\site-packages\ipykernel\ipkernel.py", line 372, in execute_request
    await super().execute_request(stream, ident, parent)
  File "C:\Users\chris\AppData\Roaming\Python\Python314\site-packages\ipykernel\kernelbase.py", line 834, in execute_request
    reply_content = await reply_content
  File "C:\Users\chris\AppData\Roaming\Python\Python314\site-packages\ipykernel\ipkernel.py", line 464, in do_execute
    res = shell.run_cell(
  File "C:\Users\chris\AppData\Roaming\Python\Python314\site-packages\ipykernel\zmqshell.py", line 663, in run_cell
    return super().run_cell(*args, **kwargs)
  File "C:\Users\chris\AppData\Roaming\Python\Python314\site-packages\IPython\core\interactiveshell.py", line 3170, in run_cell
    result = self._run_cell(
  File "C:\Users\chris\AppData\Roaming\Python\Python314\site-packages\IPython\core\interactiveshell.py", line 3225, in _run_cell
    result = runner(coro)
  File "C:\Users\chris\AppData\Roaming\Python\Python314\site-packages\IPython\core\async_helpers.py", line 128, in _pseudo_sync_runner
    coro.send(None)
  File "C:\Users\chris\AppData\Roaming\Python\Python314\site-packages\IPython\core\interactiveshell.py", line 3447, in run_cell_async
    has_raised = await self.run_ast_nodes(code_ast.body, cell_name,
  File "C:\Users\chris\AppData\Roaming\Python\Python314\site-packages\IPython\core\interactiveshell.py", line 3688, in run_ast_nodes
    if await self.run_code(code, result, async_=asy):
  File "C:\Users\chris\AppData\Roaming\Python\Python314\site-packages\IPython\core\interactiveshell.py", line 3748, in run_code
    exec(code_obj, self.user_global_ns, self.user_ns)
  File "C:\Users\chris\AppData\Local\Temp\ipykernel_5480\3007420965.py", line 73, in <module>
    runpy.run_path(str(script_path), run_name="__main__")
  File "<frozen runpy>", line 287, in run_path
  File "<frozen runpy>", line 98, in _run_module_code
  File "<frozen runpy>", line 88, in _run_code
  File "C:\Users\chris\Desktop\Code\TracesPresenter\Traces_presenter\Jupyter\Chaine\scripts_Mirabelle\eq_FE_Mirabelle.py", line 73, in <module>
    main(_read, _write)
  File "C:\Users\chris\Desktop\Code\TracesPresenter\Traces_presenter\Jupyter\Chaine\scripts_Mirabelle\eq_FE_Mirabelle.py", line 64, in main
    out.info("  %s : EQ = %.3f  (%d Run.Test)", actor, eq, len(attempts))
Message: '  %s : EQ = %.3f  (%d Run.Test)'
Arguments: ('purifiera.tenonner', 0.06557377049180328, 73)
--- Logging error ---
Traceback (most recent call last):
  File "c:\Users\chris\AppData\Local\Programs\Python\Python314\Lib\logging\__init__.py", line 1154, in emit
    stream.write(msg + self.terminator)
    ~~~~~~~~~~~~^^^^^^^^^^^^^^^^^^^^^^^
ValueError: I/O operation on closed file.
Call stack:
  File "<frozen runpy>", line 198, in _run_module_as_main
  File "<frozen runpy>", line 88, in _run_code
  File "C:\Users\chris\AppData\Roaming\Python\Python314\site-packages\ipykernel_launcher.py", line 18, in <module>
    app.launch_new_instance()
  File "C:\Users\chris\AppData\Roaming\Python\Python314\site-packages\traitlets\config\application.py", line 1082, in launch_instance
    app.start()
  File "C:\Users\chris\AppData\Roaming\Python\Python314\site-packages\ipykernel\kernelapp.py", line 758, in start
    self.io_loop.start()
  File "C:\Users\chris\AppData\Roaming\Python\Python314\site-packages\tornado\platform\asyncio.py", line 211, in start
    self.asyncio_loop.run_forever()
  File "c:\Users\chris\AppData\Local\Programs\Python\Python314\Lib\asyncio\base_events.py", line 677, in run_forever
    self._run_once()
  File "c:\Users\chris\AppData\Local\Programs\Python\Python314\Lib\asyncio\base_events.py", line 2046, in _run_once
    handle._run()
  File "c:\Users\chris\AppData\Local\Programs\Python\Python314\Lib\asyncio\events.py", line 94, in _run
    self._context.run(self._callback, *self._args)
  File "C:\Users\chris\AppData\Roaming\Python\Python314\site-packages\ipykernel\kernelbase.py", line 621, in shell_main
    await self.dispatch_shell(msg, subshell_id=subshell_id)
  File "C:\Users\chris\AppData\Roaming\Python\Python314\site-packages\ipykernel\kernelbase.py", line 478, in dispatch_shell
    await result
  File "C:\Users\chris\AppData\Roaming\Python\Python314\site-packages\ipykernel\ipkernel.py", line 372, in execute_request
    await super().execute_request(stream, ident, parent)
  File "C:\Users\chris\AppData\Roaming\Python\Python314\site-packages\ipykernel\kernelbase.py", line 834, in execute_request
    reply_content = await reply_content
  File "C:\Users\chris\AppData\Roaming\Python\Python314\site-packages\ipykernel\ipkernel.py", line 464, in do_execute
    res = shell.run_cell(
  File "C:\Users\chris\AppData\Roaming\Python\Python314\site-packages\ipykernel\zmqshell.py", line 663, in run_cell
    return super().run_cell(*args, **kwargs)
  File "C:\Users\chris\AppData\Roaming\Python\Python314\site-packages\IPython\core\interactiveshell.py", line 3170, in run_cell
    result = self._run_cell(
  File "C:\Users\chris\AppData\Roaming\Python\Python314\site-packages\IPython\core\interactiveshell.py", line 3225, in _run_cell
    result = runner(coro)
  File "C:\Users\chris\AppData\Roaming\Python\Python314\site-packages\IPython\core\async_helpers.py", line 128, in _pseudo_sync_runner
    coro.send(None)
  File "C:\Users\chris\AppData\Roaming\Python\Python314\site-packages\IPython\core\interactiveshell.py", line 3447, in run_cell_async
    has_raised = await self.run_ast_nodes(code_ast.body, cell_name,
  File "C:\Users\chris\AppData\Roaming\Python\Python314\site-packages\IPython\core\interactiveshell.py", line 3688, in run_ast_nodes
    if await self.run_code(code, result, async_=asy):
  File "C:\Users\chris\AppData\Roaming\Python\Python314\site-packages\IPython\core\interactiveshell.py", line 3748, in run_code
    exec(code_obj, self.user_global_ns, self.user_ns)
  File "C:\Users\chris\AppData\Local\Temp\ipykernel_5480\3007420965.py", line 73, in <module>
    runpy.run_path(str(script_path), run_name="__main__")
  File "<frozen runpy>", line 287, in run_path
  File "<frozen runpy>", line 98, in _run_module_code
  File "<frozen runpy>", line 88, in _run_code
  File "C:\Users\chris\Desktop\Code\TracesPresenter\Traces_presenter\Jupyter\Chaine\scripts_Mirabelle\eq_FE_Mirabelle.py", line 73, in <module>
    main(_read, _write)
  File "C:\Users\chris\Desktop\Code\TracesPresenter\Traces_presenter\Jupyter\Chaine\scripts_Mirabelle\eq_FE_Mirabelle.py", line 64, in main
    out.info("  %s : EQ = %.3f  (%d Run.Test)", actor, eq, len(attempts))
Message: '  %s : EQ = %.3f  (%d Run.Test)'
Arguments: ('radotera.depecage', 0.22629169391759318, 155)
--- Logging error ---
Traceback (most recent call last):
  File "c:\Users\chris\AppData\Local\Programs\Python\Python314\Lib\logging\__init__.py", line 1154, in emit
    stream.write(msg + self.terminator)
    ~~~~~~~~~~~~^^^^^^^^^^^^^^^^^^^^^^^
ValueError: I/O operation on closed file.
Call stack:
  File "<frozen runpy>", line 198, in _run_module_as_main
  File "<frozen runpy>", line 88, in _run_code
  File "C:\Users\chris\AppData\Roaming\Python\Python314\site-packages\ipykernel_launcher.py", line 18, in <module>
    app.launch_new_instance()
  File "C:\Users\chris\AppData\Roaming\Python\Python314\site-packages\traitlets\config\application.py", line 1082, in launch_instance
    app.start()
  File "C:\Users\chris\AppData\Roaming\Python\Python314\site-packages\ipykernel\kernelapp.py", line 758, in start
    self.io_loop.start()
  File "C:\Users\chris\AppData\Roaming\Python\Python314\site-packages\tornado\platform\asyncio.py", line 211, in start
    self.asyncio_loop.run_forever()
  File "c:\Users\chris\AppData\Local\Programs\Python\Python314\Lib\asyncio\base_events.py", line 677, in run_forever
    self._run_once()
  File "c:\Users\chris\AppData\Local\Programs\Python\Python314\Lib\asyncio\base_events.py", line 2046, in _run_once
    handle._run()
  File "c:\Users\chris\AppData\Local\Programs\Python\Python314\Lib\asyncio\events.py", line 94, in _run
    self._context.run(self._callback, *self._args)
  File "C:\Users\chris\AppData\Roaming\Python\Python314\site-packages\ipykernel\kernelbase.py", line 621, in shell_main
    await self.dispatch_shell(msg, subshell_id=subshell_id)
  File "C:\Users\chris\AppData\Roaming\Python\Python314\site-packages\ipykernel\kernelbase.py", line 478, in dispatch_shell
    await result
  File "C:\Users\chris\AppData\Roaming\Python\Python314\site-packages\ipykernel\ipkernel.py", line 372, in execute_request
    await super().execute_request(stream, ident, parent)
  File "C:\Users\chris\AppData\Roaming\Python\Python314\site-packages\ipykernel\kernelbase.py", line 834, in execute_request
    reply_content = await reply_content
  File "C:\Users\chris\AppData\Roaming\Python\Python314\site-packages\ipykernel\ipkernel.py", line 464, in do_execute
    res = shell.run_cell(
  File "C:\Users\chris\AppData\Roaming\Python\Python314\site-packages\ipykernel\zmqshell.py", line 663, in run_cell
    return super().run_cell(*args, **kwargs)
  File "C:\Users\chris\AppData\Roaming\Python\Python314\site-packages\IPython\core\interactiveshell.py", line 3170, in run_cell
    result = self._run_cell(
  File "C:\Users\chris\AppData\Roaming\Python\Python314\site-packages\IPython\core\interactiveshell.py", line 3225, in _run_cell
    result = runner(coro)
  File "C:\Users\chris\AppData\Roaming\Python\Python314\site-packages\IPython\core\async_helpers.py", line 128, in _pseudo_sync_runner
    coro.send(None)
  File "C:\Users\chris\AppData\Roaming\Python\Python314\site-packages\IPython\core\interactiveshell.py", line 3447, in run_cell_async
    has_raised = await self.run_ast_nodes(code_ast.body, cell_name,
  File "C:\Users\chris\AppData\Roaming\Python\Python314\site-packages\IPython\core\interactiveshell.py", line 3688, in run_ast_nodes
    if await self.run_code(code, result, async_=asy):
  File "C:\Users\chris\AppData\Roaming\Python\Python314\site-packages\IPython\core\interactiveshell.py", line 3748, in run_code
    exec(code_obj, self.user_global_ns, self.user_ns)
  File "C:\Users\chris\AppData\Local\Temp\ipykernel_5480\3007420965.py", line 73, in <module>
    runpy.run_path(str(script_path), run_name="__main__")
  File "<frozen runpy>", line 287, in run_path
  File "<frozen runpy>", line 98, in _run_module_code
  File "<frozen runpy>", line 88, in _run_code
  File "C:\Users\chris\Desktop\Code\TracesPresenter\Traces_presenter\Jupyter\Chaine\scripts_Mirabelle\eq_FE_Mirabelle.py", line 73, in <module>
    main(_read, _write)
  File "C:\Users\chris\Desktop\Code\TracesPresenter\Traces_presenter\Jupyter\Chaine\scripts_Mirabelle\eq_FE_Mirabelle.py", line 64, in main
    out.info("  %s : EQ = %.3f  (%d Run.Test)", actor, eq, len(attempts))
Message: '  %s : EQ = %.3f  (%d Run.Test)'
Arguments: ('railleuse.debander', 0.41754225673823664, 295)
--- Logging error ---
Traceback (most recent call last):
  File "c:\Users\chris\AppData\Local\Programs\Python\Python314\Lib\logging\__init__.py", line 1154, in emit
    stream.write(msg + self.terminator)
    ~~~~~~~~~~~~^^^^^^^^^^^^^^^^^^^^^^^
ValueError: I/O operation on closed file.
Call stack:
  File "<frozen runpy>", line 198, in _run_module_as_main
  File "<frozen runpy>", line 88, in _run_code
  File "C:\Users\chris\AppData\Roaming\Python\Python314\site-packages\ipykernel_launcher.py", line 18, in <module>
    app.launch_new_instance()
  File "C:\Users\chris\AppData\Roaming\Python\Python314\site-packages\traitlets\config\application.py", line 1082, in launch_instance
    app.start()
  File "C:\Users\chris\AppData\Roaming\Python\Python314\site-packages\ipykernel\kernelapp.py", line 758, in start
    self.io_loop.start()
  File "C:\Users\chris\AppData\Roaming\Python\Python314\site-packages\tornado\platform\asyncio.py", line 211, in start
    self.asyncio_loop.run_forever()
  File "c:\Users\chris\AppData\Local\Programs\Python\Python314\Lib\asyncio\base_events.py", line 677, in run_forever
    self._run_once()
  File "c:\Users\chris\AppData\Local\Programs\Python\Python314\Lib\asyncio\base_events.py", line 2046, in _run_once
    handle._run()
  File "c:\Users\chris\AppData\Local\Programs\Python\Python314\Lib\asyncio\events.py", line 94, in _run
    self._context.run(self._callback, *self._args)
  File "C:\Users\chris\AppData\Roaming\Python\Python314\site-packages\ipykernel\kernelbase.py", line 621, in shell_main
    await self.dispatch_shell(msg, subshell_id=subshell_id)
  File "C:\Users\chris\AppData\Roaming\Python\Python314\site-packages\ipykernel\kernelbase.py", line 478, in dispatch_shell
    await result
  File "C:\Users\chris\AppData\Roaming\Python\Python314\site-packages\ipykernel\ipkernel.py", line 372, in execute_request
    await super().execute_request(stream, ident, parent)
  File "C:\Users\chris\AppData\Roaming\Python\Python314\site-packages\ipykernel\kernelbase.py", line 834, in execute_request
    reply_content = await reply_content
  File "C:\Users\chris\AppData\Roaming\Python\Python314\site-packages\ipykernel\ipkernel.py", line 464, in do_execute
    res = shell.run_cell(
  File "C:\Users\chris\AppData\Roaming\Python\Python314\site-packages\ipykernel\zmqshell.py", line 663, in run_cell
    return super().run_cell(*args, **kwargs)
  File "C:\Users\chris\AppData\Roaming\Python\Python314\site-packages\IPython\core\interactiveshell.py", line 3170, in run_cell
    result = self._run_cell(
  File "C:\Users\chris\AppData\Roaming\Python\Python314\site-packages\IPython\core\interactiveshell.py", line 3225, in _run_cell
    result = runner(coro)
  File "C:\Users\chris\AppData\Roaming\Python\Python314\site-packages\IPython\core\async_helpers.py", line 128, in _pseudo_sync_runner
    coro.send(None)
  File "C:\Users\chris\AppData\Roaming\Python\Python314\site-packages\IPython\core\interactiveshell.py", line 3447, in run_cell_async
    has_raised = await self.run_ast_nodes(code_ast.body, cell_name,
  File "C:\Users\chris\AppData\Roaming\Python\Python314\site-packages\IPython\core\interactiveshell.py", line 3688, in run_ast_nodes
    if await self.run_code(code, result, async_=asy):
  File "C:\Users\chris\AppData\Roaming\Python\Python314\site-packages\IPython\core\interactiveshell.py", line 3748, in run_code
    exec(code_obj, self.user_global_ns, self.user_ns)
  File "C:\Users\chris\AppData\Local\Temp\ipykernel_5480\3007420965.py", line 73, in <module>
    runpy.run_path(str(script_path), run_name="__main__")
  File "<frozen runpy>", line 287, in run_path
  File "<frozen runpy>", line 98, in _run_module_code
  File "<frozen runpy>", line 88, in _run_code
  File "C:\Users\chris\Desktop\Code\TracesPresenter\Traces_presenter\Jupyter\Chaine\scripts_Mirabelle\eq_FE_Mirabelle.py", line 73, in <module>
    main(_read, _write)
  File "C:\Users\chris\Desktop\Code\TracesPresenter\Traces_presenter\Jupyter\Chaine\scripts_Mirabelle\eq_FE_Mirabelle.py", line 60, in main
    out.warning("  %s : pas de paire de tentatives exploitable — ignoré", actor)
Message: '  %s : pas de paire de tentatives exploitable — ignoré'
Arguments: ('rappris.apurerait',)
--- Logging error ---
Traceback (most recent call last):
  File "c:\Users\chris\AppData\Local\Programs\Python\Python314\Lib\logging\__init__.py", line 1154, in emit
    stream.write(msg + self.terminator)
    ~~~~~~~~~~~~^^^^^^^^^^^^^^^^^^^^^^^
ValueError: I/O operation on closed file.
Call stack:
  File "<frozen runpy>", line 198, in _run_module_as_main
  File "<frozen runpy>", line 88, in _run_code
  File "C:\Users\chris\AppData\Roaming\Python\Python314\site-packages\ipykernel_launcher.py", line 18, in <module>
    app.launch_new_instance()
  File "C:\Users\chris\AppData\Roaming\Python\Python314\site-packages\traitlets\config\application.py", line 1082, in launch_instance
    app.start()
  File "C:\Users\chris\AppData\Roaming\Python\Python314\site-packages\ipykernel\kernelapp.py", line 758, in start
    self.io_loop.start()
  File "C:\Users\chris\AppData\Roaming\Python\Python314\site-packages\tornado\platform\asyncio.py", line 211, in start
    self.asyncio_loop.run_forever()
  File "c:\Users\chris\AppData\Local\Programs\Python\Python314\Lib\asyncio\base_events.py", line 677, in run_forever
    self._run_once()
  File "c:\Users\chris\AppData\Local\Programs\Python\Python314\Lib\asyncio\base_events.py", line 2046, in _run_once
    handle._run()
  File "c:\Users\chris\AppData\Local\Programs\Python\Python314\Lib\asyncio\events.py", line 94, in _run
    self._context.run(self._callback, *self._args)
  File "C:\Users\chris\AppData\Roaming\Python\Python314\site-packages\ipykernel\kernelbase.py", line 621, in shell_main
    await self.dispatch_shell(msg, subshell_id=subshell_id)
  File "C:\Users\chris\AppData\Roaming\Python\Python314\site-packages\ipykernel\kernelbase.py", line 478, in dispatch_shell
    await result
  File "C:\Users\chris\AppData\Roaming\Python\Python314\site-packages\ipykernel\ipkernel.py", line 372, in execute_request
    await super().execute_request(stream, ident, parent)
  File "C:\Users\chris\AppData\Roaming\Python\Python314\site-packages\ipykernel\kernelbase.py", line 834, in execute_request
    reply_content = await reply_content
  File "C:\Users\chris\AppData\Roaming\Python\Python314\site-packages\ipykernel\ipkernel.py", line 464, in do_execute
    res = shell.run_cell(
  File "C:\Users\chris\AppData\Roaming\Python\Python314\site-packages\ipykernel\zmqshell.py", line 663, in run_cell
    return super().run_cell(*args, **kwargs)
  File "C:\Users\chris\AppData\Roaming\Python\Python314\site-packages\IPython\core\interactiveshell.py", line 3170, in run_cell
    result = self._run_cell(
  File "C:\Users\chris\AppData\Roaming\Python\Python314\site-packages\IPython\core\interactiveshell.py", line 3225, in _run_cell
    result = runner(coro)
  File "C:\Users\chris\AppData\Roaming\Python\Python314\site-packages\IPython\core\async_helpers.py", line 128, in _pseudo_sync_runner
    coro.send(None)
  File "C:\Users\chris\AppData\Roaming\Python\Python314\site-packages\IPython\core\interactiveshell.py", line 3447, in run_cell_async
    has_raised = await self.run_ast_nodes(code_ast.body, cell_name,
  File "C:\Users\chris\AppData\Roaming\Python\Python314\site-packages\IPython\core\interactiveshell.py", line 3688, in run_ast_nodes
    if await self.run_code(code, result, async_=asy):
  File "C:\Users\chris\AppData\Roaming\Python\Python314\site-packages\IPython\core\interactiveshell.py", line 3748, in run_code
    exec(code_obj, self.user_global_ns, self.user_ns)
  File "C:\Users\chris\AppData\Local\Temp\ipykernel_5480\3007420965.py", line 73, in <module>
    runpy.run_path(str(script_path), run_name="__main__")
  File "<frozen runpy>", line 287, in run_path
  File "<frozen runpy>", line 98, in _run_module_code
  File "<frozen runpy>", line 88, in _run_code
  File "C:\Users\chris\Desktop\Code\TracesPresenter\Traces_presenter\Jupyter\Chaine\scripts_Mirabelle\eq_FE_Mirabelle.py", line 73, in <module>
    main(_read, _write)
  File "C:\Users\chris\Desktop\Code\TracesPresenter\Traces_presenter\Jupyter\Chaine\scripts_Mirabelle\eq_FE_Mirabelle.py", line 64, in main
    out.info("  %s : EQ = %.3f  (%d Run.Test)", actor, eq, len(attempts))
Message: '  %s : EQ = %.3f  (%d Run.Test)'
Arguments: ('rayonnage.atterrait', 0.14685314685314685, 47)
--- Logging error ---
Traceback (most recent call last):
  File "c:\Users\chris\AppData\Local\Programs\Python\Python314\Lib\logging\__init__.py", line 1154, in emit
    stream.write(msg + self.terminator)
    ~~~~~~~~~~~~^^^^^^^^^^^^^^^^^^^^^^^
ValueError: I/O operation on closed file.
Call stack:
  File "<frozen runpy>", line 198, in _run_module_as_main
  File "<frozen runpy>", line 88, in _run_code
  File "C:\Users\chris\AppData\Roaming\Python\Python314\site-packages\ipykernel_launcher.py", line 18, in <module>
    app.launch_new_instance()
  File "C:\Users\chris\AppData\Roaming\Python\Python314\site-packages\traitlets\config\application.py", line 1082, in launch_instance
    app.start()
  File "C:\Users\chris\AppData\Roaming\Python\Python314\site-packages\ipykernel\kernelapp.py", line 758, in start
    self.io_loop.start()
  File "C:\Users\chris\AppData\Roaming\Python\Python314\site-packages\tornado\platform\asyncio.py", line 211, in start
    self.asyncio_loop.run_forever()
  File "c:\Users\chris\AppData\Local\Programs\Python\Python314\Lib\asyncio\base_events.py", line 677, in run_forever
    self._run_once()
  File "c:\Users\chris\AppData\Local\Programs\Python\Python314\Lib\asyncio\base_events.py", line 2046, in _run_once
    handle._run()
  File "c:\Users\chris\AppData\Local\Programs\Python\Python314\Lib\asyncio\events.py", line 94, in _run
    self._context.run(self._callback, *self._args)
  File "C:\Users\chris\AppData\Roaming\Python\Python314\site-packages\ipykernel\kernelbase.py", line 621, in shell_main
    await self.dispatch_shell(msg, subshell_id=subshell_id)
  File "C:\Users\chris\AppData\Roaming\Python\Python314\site-packages\ipykernel\kernelbase.py", line 478, in dispatch_shell
    await result
  File "C:\Users\chris\AppData\Roaming\Python\Python314\site-packages\ipykernel\ipkernel.py", line 372, in execute_request
    await super().execute_request(stream, ident, parent)
  File "C:\Users\chris\AppData\Roaming\Python\Python314\site-packages\ipykernel\kernelbase.py", line 834, in execute_request
    reply_content = await reply_content
  File "C:\Users\chris\AppData\Roaming\Python\Python314\site-packages\ipykernel\ipkernel.py", line 464, in do_execute
    res = shell.run_cell(
  File "C:\Users\chris\AppData\Roaming\Python\Python314\site-packages\ipykernel\zmqshell.py", line 663, in run_cell
    return super().run_cell(*args, **kwargs)
  File "C:\Users\chris\AppData\Roaming\Python\Python314\site-packages\IPython\core\interactiveshell.py", line 3170, in run_cell
    result = self._run_cell(
  File "C:\Users\chris\AppData\Roaming\Python\Python314\site-packages\IPython\core\interactiveshell.py", line 3225, in _run_cell
    result = runner(coro)
  File "C:\Users\chris\AppData\Roaming\Python\Python314\site-packages\IPython\core\async_helpers.py", line 128, in _pseudo_sync_runner
    coro.send(None)
  File "C:\Users\chris\AppData\Roaming\Python\Python314\site-packages\IPython\core\interactiveshell.py", line 3447, in run_cell_async
    has_raised = await self.run_ast_nodes(code_ast.body, cell_name,
  File "C:\Users\chris\AppData\Roaming\Python\Python314\site-packages\IPython\core\interactiveshell.py", line 3688, in run_ast_nodes
    if await self.run_code(code, result, async_=asy):
  File "C:\Users\chris\AppData\Roaming\Python\Python314\site-packages\IPython\core\interactiveshell.py", line 3748, in run_code
    exec(code_obj, self.user_global_ns, self.user_ns)
  File "C:\Users\chris\AppData\Local\Temp\ipykernel_5480\3007420965.py", line 73, in <module>
    runpy.run_path(str(script_path), run_name="__main__")
  File "<frozen runpy>", line 287, in run_path
  File "<frozen runpy>", line 98, in _run_module_code
  File "<frozen runpy>", line 88, in _run_code
  File "C:\Users\chris\Desktop\Code\TracesPresenter\Traces_presenter\Jupyter\Chaine\scripts_Mirabelle\eq_FE_Mirabelle.py", line 73, in <module>
    main(_read, _write)
  File "C:\Users\chris\Desktop\Code\TracesPresenter\Traces_presenter\Jupyter\Chaine\scripts_Mirabelle\eq_FE_Mirabelle.py", line 64, in main
    out.info("  %s : EQ = %.3f  (%d Run.Test)", actor, eq, len(attempts))
Message: '  %s : EQ = %.3f  (%d Run.Test)'
Arguments: ('reanime.toreadors', 0.13137151865475566, 204)
--- Logging error ---
Traceback (most recent call last):
  File "c:\Users\chris\AppData\Local\Programs\Python\Python314\Lib\logging\__init__.py", line 1154, in emit
    stream.write(msg + self.terminator)
    ~~~~~~~~~~~~^^^^^^^^^^^^^^^^^^^^^^^
ValueError: I/O operation on closed file.
Call stack:
  File "<frozen runpy>", line 198, in _run_module_as_main
  File "<frozen runpy>", line 88, in _run_code
  File "C:\Users\chris\AppData\Roaming\Python\Python314\site-packages\ipykernel_launcher.py", line 18, in <module>
    app.launch_new_instance()
  File "C:\Users\chris\AppData\Roaming\Python\Python314\site-packages\traitlets\config\application.py", line 1082, in launch_instance
    app.start()
  File "C:\Users\chris\AppData\Roaming\Python\Python314\site-packages\ipykernel\kernelapp.py", line 758, in start
    self.io_loop.start()
  File "C:\Users\chris\AppData\Roaming\Python\Python314\site-packages\tornado\platform\asyncio.py", line 211, in start
    self.asyncio_loop.run_forever()
  File "c:\Users\chris\AppData\Local\Programs\Python\Python314\Lib\asyncio\base_events.py", line 677, in run_forever
    self._run_once()
  File "c:\Users\chris\AppData\Local\Programs\Python\Python314\Lib\asyncio\base_events.py", line 2046, in _run_once
    handle._run()
  File "c:\Users\chris\AppData\Local\Programs\Python\Python314\Lib\asyncio\events.py", line 94, in _run
    self._context.run(self._callback, *self._args)
  File "C:\Users\chris\AppData\Roaming\Python\Python314\site-packages\ipykernel\kernelbase.py", line 621, in shell_main
    await self.dispatch_shell(msg, subshell_id=subshell_id)
  File "C:\Users\chris\AppData\Roaming\Python\Python314\site-packages\ipykernel\kernelbase.py", line 478, in dispatch_shell
    await result
  File "C:\Users\chris\AppData\Roaming\Python\Python314\site-packages\ipykernel\ipkernel.py", line 372, in execute_request
    await super().execute_request(stream, ident, parent)
  File "C:\Users\chris\AppData\Roaming\Python\Python314\site-packages\ipykernel\kernelbase.py", line 834, in execute_request
    reply_content = await reply_content
  File "C:\Users\chris\AppData\Roaming\Python\Python314\site-packages\ipykernel\ipkernel.py", line 464, in do_execute
    res = shell.run_cell(
  File "C:\Users\chris\AppData\Roaming\Python\Python314\site-packages\ipykernel\zmqshell.py", line 663, in run_cell
    return super().run_cell(*args, **kwargs)
  File "C:\Users\chris\AppData\Roaming\Python\Python314\site-packages\IPython\core\interactiveshell.py", line 3170, in run_cell
    result = self._run_cell(
  File "C:\Users\chris\AppData\Roaming\Python\Python314\site-packages\IPython\core\interactiveshell.py", line 3225, in _run_cell
    result = runner(coro)
  File "C:\Users\chris\AppData\Roaming\Python\Python314\site-packages\IPython\core\async_helpers.py", line 128, in _pseudo_sync_runner
    coro.send(None)
  File "C:\Users\chris\AppData\Roaming\Python\Python314\site-packages\IPython\core\interactiveshell.py", line 3447, in run_cell_async
    has_raised = await self.run_ast_nodes(code_ast.body, cell_name,
  File "C:\Users\chris\AppData\Roaming\Python\Python314\site-packages\IPython\core\interactiveshell.py", line 3688, in run_ast_nodes
    if await self.run_code(code, result, async_=asy):
  File "C:\Users\chris\AppData\Roaming\Python\Python314\site-packages\IPython\core\interactiveshell.py", line 3748, in run_code
    exec(code_obj, self.user_global_ns, self.user_ns)
  File "C:\Users\chris\AppData\Local\Temp\ipykernel_5480\3007420965.py", line 73, in <module>
    runpy.run_path(str(script_path), run_name="__main__")
  File "<frozen runpy>", line 287, in run_path
  File "<frozen runpy>", line 98, in _run_module_code
  File "<frozen runpy>", line 88, in _run_code
  File "C:\Users\chris\Desktop\Code\TracesPresenter\Traces_presenter\Jupyter\Chaine\scripts_Mirabelle\eq_FE_Mirabelle.py", line 73, in <module>
    main(_read, _write)
  File "C:\Users\chris\Desktop\Code\TracesPresenter\Traces_presenter\Jupyter\Chaine\scripts_Mirabelle\eq_FE_Mirabelle.py", line 64, in main
    out.info("  %s : EQ = %.3f  (%d Run.Test)", actor, eq, len(attempts))
Message: '  %s : EQ = %.3f  (%d Run.Test)'
Arguments: ('recercler.cablerait', 0.20613107822410148, 194)
--- Logging error ---
Traceback (most recent call last):
  File "c:\Users\chris\AppData\Local\Programs\Python\Python314\Lib\logging\__init__.py", line 1154, in emit
    stream.write(msg + self.terminator)
    ~~~~~~~~~~~~^^^^^^^^^^^^^^^^^^^^^^^
ValueError: I/O operation on closed file.
Call stack:
  File "<frozen runpy>", line 198, in _run_module_as_main
  File "<frozen runpy>", line 88, in _run_code
  File "C:\Users\chris\AppData\Roaming\Python\Python314\site-packages\ipykernel_launcher.py", line 18, in <module>
    app.launch_new_instance()
  File "C:\Users\chris\AppData\Roaming\Python\Python314\site-packages\traitlets\config\application.py", line 1082, in launch_instance
    app.start()
  File "C:\Users\chris\AppData\Roaming\Python\Python314\site-packages\ipykernel\kernelapp.py", line 758, in start
    self.io_loop.start()
  File "C:\Users\chris\AppData\Roaming\Python\Python314\site-packages\tornado\platform\asyncio.py", line 211, in start
    self.asyncio_loop.run_forever()
  File "c:\Users\chris\AppData\Local\Programs\Python\Python314\Lib\asyncio\base_events.py", line 677, in run_forever
    self._run_once()
  File "c:\Users\chris\AppData\Local\Programs\Python\Python314\Lib\asyncio\base_events.py", line 2046, in _run_once
    handle._run()
  File "c:\Users\chris\AppData\Local\Programs\Python\Python314\Lib\asyncio\events.py", line 94, in _run
    self._context.run(self._callback, *self._args)
  File "C:\Users\chris\AppData\Roaming\Python\Python314\site-packages\ipykernel\kernelbase.py", line 621, in shell_main
    await self.dispatch_shell(msg, subshell_id=subshell_id)
  File "C:\Users\chris\AppData\Roaming\Python\Python314\site-packages\ipykernel\kernelbase.py", line 478, in dispatch_shell
    await result
  File "C:\Users\chris\AppData\Roaming\Python\Python314\site-packages\ipykernel\ipkernel.py", line 372, in execute_request
    await super().execute_request(stream, ident, parent)
  File "C:\Users\chris\AppData\Roaming\Python\Python314\site-packages\ipykernel\kernelbase.py", line 834, in execute_request
    reply_content = await reply_content
  File "C:\Users\chris\AppData\Roaming\Python\Python314\site-packages\ipykernel\ipkernel.py", line 464, in do_execute
    res = shell.run_cell(
  File "C:\Users\chris\AppData\Roaming\Python\Python314\site-packages\ipykernel\zmqshell.py", line 663, in run_cell
    return super().run_cell(*args, **kwargs)
  File "C:\Users\chris\AppData\Roaming\Python\Python314\site-packages\IPython\core\interactiveshell.py", line 3170, in run_cell
    result = self._run_cell(
  File "C:\Users\chris\AppData\Roaming\Python\Python314\site-packages\IPython\core\interactiveshell.py", line 3225, in _run_cell
    result = runner(coro)
  File "C:\Users\chris\AppData\Roaming\Python\Python314\site-packages\IPython\core\async_helpers.py", line 128, in _pseudo_sync_runner
    coro.send(None)
  File "C:\Users\chris\AppData\Roaming\Python\Python314\site-packages\IPython\core\interactiveshell.py", line 3447, in run_cell_async
    has_raised = await self.run_ast_nodes(code_ast.body, cell_name,
  File "C:\Users\chris\AppData\Roaming\Python\Python314\site-packages\IPython\core\interactiveshell.py", line 3688, in run_ast_nodes
    if await self.run_code(code, result, async_=asy):
  File "C:\Users\chris\AppData\Roaming\Python\Python314\site-packages\IPython\core\interactiveshell.py", line 3748, in run_code
    exec(code_obj, self.user_global_ns, self.user_ns)
  File "C:\Users\chris\AppData\Local\Temp\ipykernel_5480\3007420965.py", line 73, in <module>
    runpy.run_path(str(script_path), run_name="__main__")
  File "<frozen runpy>", line 287, in run_path
  File "<frozen runpy>", line 98, in _run_module_code
  File "<frozen runpy>", line 88, in _run_code
  File "C:\Users\chris\Desktop\Code\TracesPresenter\Traces_presenter\Jupyter\Chaine\scripts_Mirabelle\eq_FE_Mirabelle.py", line 73, in <module>
    main(_read, _write)
  File "C:\Users\chris\Desktop\Code\TracesPresenter\Traces_presenter\Jupyter\Chaine\scripts_Mirabelle\eq_FE_Mirabelle.py", line 64, in main
    out.info("  %s : EQ = %.3f  (%d Run.Test)", actor, eq, len(attempts))
Message: '  %s : EQ = %.3f  (%d Run.Test)'
Arguments: ('reclus.ridee', 0.1106884747052111, 266)
--- Logging error ---
Traceback (most recent call last):
  File "c:\Users\chris\AppData\Local\Programs\Python\Python314\Lib\logging\__init__.py", line 1154, in emit
    stream.write(msg + self.terminator)
    ~~~~~~~~~~~~^^^^^^^^^^^^^^^^^^^^^^^
ValueError: I/O operation on closed file.
Call stack:
  File "<frozen runpy>", line 198, in _run_module_as_main
  File "<frozen runpy>", line 88, in _run_code
  File "C:\Users\chris\AppData\Roaming\Python\Python314\site-packages\ipykernel_launcher.py", line 18, in <module>
    app.launch_new_instance()
  File "C:\Users\chris\AppData\Roaming\Python\Python314\site-packages\traitlets\config\application.py", line 1082, in launch_instance
    app.start()
  File "C:\Users\chris\AppData\Roaming\Python\Python314\site-packages\ipykernel\kernelapp.py", line 758, in start
    self.io_loop.start()
  File "C:\Users\chris\AppData\Roaming\Python\Python314\site-packages\tornado\platform\asyncio.py", line 211, in start
    self.asyncio_loop.run_forever()
  File "c:\Users\chris\AppData\Local\Programs\Python\Python314\Lib\asyncio\base_events.py", line 677, in run_forever
    self._run_once()
  File "c:\Users\chris\AppData\Local\Programs\Python\Python314\Lib\asyncio\base_events.py", line 2046, in _run_once
    handle._run()
  File "c:\Users\chris\AppData\Local\Programs\Python\Python314\Lib\asyncio\events.py", line 94, in _run
    self._context.run(self._callback, *self._args)
  File "C:\Users\chris\AppData\Roaming\Python\Python314\site-packages\ipykernel\kernelbase.py", line 621, in shell_main
    await self.dispatch_shell(msg, subshell_id=subshell_id)
  File "C:\Users\chris\AppData\Roaming\Python\Python314\site-packages\ipykernel\kernelbase.py", line 478, in dispatch_shell
    await result
  File "C:\Users\chris\AppData\Roaming\Python\Python314\site-packages\ipykernel\ipkernel.py", line 372, in execute_request
    await super().execute_request(stream, ident, parent)
  File "C:\Users\chris\AppData\Roaming\Python\Python314\site-packages\ipykernel\kernelbase.py", line 834, in execute_request
    reply_content = await reply_content
  File "C:\Users\chris\AppData\Roaming\Python\Python314\site-packages\ipykernel\ipkernel.py", line 464, in do_execute
    res = shell.run_cell(
  File "C:\Users\chris\AppData\Roaming\Python\Python314\site-packages\ipykernel\zmqshell.py", line 663, in run_cell
    return super().run_cell(*args, **kwargs)
  File "C:\Users\chris\AppData\Roaming\Python\Python314\site-packages\IPython\core\interactiveshell.py", line 3170, in run_cell
    result = self._run_cell(
  File "C:\Users\chris\AppData\Roaming\Python\Python314\site-packages\IPython\core\interactiveshell.py", line 3225, in _run_cell
    result = runner(coro)
  File "C:\Users\chris\AppData\Roaming\Python\Python314\site-packages\IPython\core\async_helpers.py", line 128, in _pseudo_sync_runner
    coro.send(None)
  File "C:\Users\chris\AppData\Roaming\Python\Python314\site-packages\IPython\core\interactiveshell.py", line 3447, in run_cell_async
    has_raised = await self.run_ast_nodes(code_ast.body, cell_name,
  File "C:\Users\chris\AppData\Roaming\Python\Python314\site-packages\IPython\core\interactiveshell.py", line 3688, in run_ast_nodes
    if await self.run_code(code, result, async_=asy):
  File "C:\Users\chris\AppData\Roaming\Python\Python314\site-packages\IPython\core\interactiveshell.py", line 3748, in run_code
    exec(code_obj, self.user_global_ns, self.user_ns)
  File "C:\Users\chris\AppData\Local\Temp\ipykernel_5480\3007420965.py", line 73, in <module>
    runpy.run_path(str(script_path), run_name="__main__")
  File "<frozen runpy>", line 287, in run_path
  File "<frozen runpy>", line 98, in _run_module_code
  File "<frozen runpy>", line 88, in _run_code
  File "C:\Users\chris\Desktop\Code\TracesPresenter\Traces_presenter\Jupyter\Chaine\scripts_Mirabelle\eq_FE_Mirabelle.py", line 73, in <module>
    main(_read, _write)
  File "C:\Users\chris\Desktop\Code\TracesPresenter\Traces_presenter\Jupyter\Chaine\scripts_Mirabelle\eq_FE_Mirabelle.py", line 64, in main
    out.info("  %s : EQ = %.3f  (%d Run.Test)", actor, eq, len(attempts))
Message: '  %s : EQ = %.3f  (%d Run.Test)'
Arguments: ('recousons.faisais', 0.3732354601919819, 237)
--- Logging error ---
Traceback (most recent call last):
  File "c:\Users\chris\AppData\Local\Programs\Python\Python314\Lib\logging\__init__.py", line 1154, in emit
    stream.write(msg + self.terminator)
    ~~~~~~~~~~~~^^^^^^^^^^^^^^^^^^^^^^^
ValueError: I/O operation on closed file.
Call stack:
  File "<frozen runpy>", line 198, in _run_module_as_main
  File "<frozen runpy>", line 88, in _run_code
  File "C:\Users\chris\AppData\Roaming\Python\Python314\site-packages\ipykernel_launcher.py", line 18, in <module>
    app.launch_new_instance()
  File "C:\Users\chris\AppData\Roaming\Python\Python314\site-packages\traitlets\config\application.py", line 1082, in launch_instance
    app.start()
  File "C:\Users\chris\AppData\Roaming\Python\Python314\site-packages\ipykernel\kernelapp.py", line 758, in start
    self.io_loop.start()
  File "C:\Users\chris\AppData\Roaming\Python\Python314\site-packages\tornado\platform\asyncio.py", line 211, in start
    self.asyncio_loop.run_forever()
  File "c:\Users\chris\AppData\Local\Programs\Python\Python314\Lib\asyncio\base_events.py", line 677, in run_forever
    self._run_once()
  File "c:\Users\chris\AppData\Local\Programs\Python\Python314\Lib\asyncio\base_events.py", line 2046, in _run_once
    handle._run()
  File "c:\Users\chris\AppData\Local\Programs\Python\Python314\Lib\asyncio\events.py", line 94, in _run
    self._context.run(self._callback, *self._args)
  File "C:\Users\chris\AppData\Roaming\Python\Python314\site-packages\ipykernel\kernelbase.py", line 621, in shell_main
    await self.dispatch_shell(msg, subshell_id=subshell_id)
  File "C:\Users\chris\AppData\Roaming\Python\Python314\site-packages\ipykernel\kernelbase.py", line 478, in dispatch_shell
    await result
  File "C:\Users\chris\AppData\Roaming\Python\Python314\site-packages\ipykernel\ipkernel.py", line 372, in execute_request
    await super().execute_request(stream, ident, parent)
  File "C:\Users\chris\AppData\Roaming\Python\Python314\site-packages\ipykernel\kernelbase.py", line 834, in execute_request
    reply_content = await reply_content
  File "C:\Users\chris\AppData\Roaming\Python\Python314\site-packages\ipykernel\ipkernel.py", line 464, in do_execute
    res = shell.run_cell(
  File "C:\Users\chris\AppData\Roaming\Python\Python314\site-packages\ipykernel\zmqshell.py", line 663, in run_cell
    return super().run_cell(*args, **kwargs)
  File "C:\Users\chris\AppData\Roaming\Python\Python314\site-packages\IPython\core\interactiveshell.py", line 3170, in run_cell
    result = self._run_cell(
  File "C:\Users\chris\AppData\Roaming\Python\Python314\site-packages\IPython\core\interactiveshell.py", line 3225, in _run_cell
    result = runner(coro)
  File "C:\Users\chris\AppData\Roaming\Python\Python314\site-packages\IPython\core\async_helpers.py", line 128, in _pseudo_sync_runner
    coro.send(None)
  File "C:\Users\chris\AppData\Roaming\Python\Python314\site-packages\IPython\core\interactiveshell.py", line 3447, in run_cell_async
    has_raised = await self.run_ast_nodes(code_ast.body, cell_name,
  File "C:\Users\chris\AppData\Roaming\Python\Python314\site-packages\IPython\core\interactiveshell.py", line 3688, in run_ast_nodes
    if await self.run_code(code, result, async_=asy):
  File "C:\Users\chris\AppData\Roaming\Python\Python314\site-packages\IPython\core\interactiveshell.py", line 3748, in run_code
    exec(code_obj, self.user_global_ns, self.user_ns)
  File "C:\Users\chris\AppData\Local\Temp\ipykernel_5480\3007420965.py", line 73, in <module>
    runpy.run_path(str(script_path), run_name="__main__")
  File "<frozen runpy>", line 287, in run_path
  File "<frozen runpy>", line 98, in _run_module_code
  File "<frozen runpy>", line 88, in _run_code
  File "C:\Users\chris\Desktop\Code\TracesPresenter\Traces_presenter\Jupyter\Chaine\scripts_Mirabelle\eq_FE_Mirabelle.py", line 73, in <module>
    main(_read, _write)
  File "C:\Users\chris\Desktop\Code\TracesPresenter\Traces_presenter\Jupyter\Chaine\scripts_Mirabelle\eq_FE_Mirabelle.py", line 64, in main
    out.info("  %s : EQ = %.3f  (%d Run.Test)", actor, eq, len(attempts))
Message: '  %s : EQ = %.3f  (%d Run.Test)'
Arguments: ('recreerez.acharnait', 0.047619047619047616, 24)
--- Logging error ---
Traceback (most recent call last):
  File "c:\Users\chris\AppData\Local\Programs\Python\Python314\Lib\logging\__init__.py", line 1154, in emit
    stream.write(msg + self.terminator)
    ~~~~~~~~~~~~^^^^^^^^^^^^^^^^^^^^^^^
ValueError: I/O operation on closed file.
Call stack:
  File "<frozen runpy>", line 198, in _run_module_as_main
  File "<frozen runpy>", line 88, in _run_code
  File "C:\Users\chris\AppData\Roaming\Python\Python314\site-packages\ipykernel_launcher.py", line 18, in <module>
    app.launch_new_instance()
  File "C:\Users\chris\AppData\Roaming\Python\Python314\site-packages\traitlets\config\application.py", line 1082, in launch_instance
    app.start()
  File "C:\Users\chris\AppData\Roaming\Python\Python314\site-packages\ipykernel\kernelapp.py", line 758, in start
    self.io_loop.start()
  File "C:\Users\chris\AppData\Roaming\Python\Python314\site-packages\tornado\platform\asyncio.py", line 211, in start
    self.asyncio_loop.run_forever()
  File "c:\Users\chris\AppData\Local\Programs\Python\Python314\Lib\asyncio\base_events.py", line 677, in run_forever
    self._run_once()
  File "c:\Users\chris\AppData\Local\Programs\Python\Python314\Lib\asyncio\base_events.py", line 2046, in _run_once
    handle._run()
  File "c:\Users\chris\AppData\Local\Programs\Python\Python314\Lib\asyncio\events.py", line 94, in _run
    self._context.run(self._callback, *self._args)
  File "C:\Users\chris\AppData\Roaming\Python\Python314\site-packages\ipykernel\kernelbase.py", line 621, in shell_main
    await self.dispatch_shell(msg, subshell_id=subshell_id)
  File "C:\Users\chris\AppData\Roaming\Python\Python314\site-packages\ipykernel\kernelbase.py", line 478, in dispatch_shell
    await result
  File "C:\Users\chris\AppData\Roaming\Python\Python314\site-packages\ipykernel\ipkernel.py", line 372, in execute_request
    await super().execute_request(stream, ident, parent)
  File "C:\Users\chris\AppData\Roaming\Python\Python314\site-packages\ipykernel\kernelbase.py", line 834, in execute_request
    reply_content = await reply_content
  File "C:\Users\chris\AppData\Roaming\Python\Python314\site-packages\ipykernel\ipkernel.py", line 464, in do_execute
    res = shell.run_cell(
  File "C:\Users\chris\AppData\Roaming\Python\Python314\site-packages\ipykernel\zmqshell.py", line 663, in run_cell
    return super().run_cell(*args, **kwargs)
  File "C:\Users\chris\AppData\Roaming\Python\Python314\site-packages\IPython\core\interactiveshell.py", line 3170, in run_cell
    result = self._run_cell(
  File "C:\Users\chris\AppData\Roaming\Python\Python314\site-packages\IPython\core\interactiveshell.py", line 3225, in _run_cell
    result = runner(coro)
  File "C:\Users\chris\AppData\Roaming\Python\Python314\site-packages\IPython\core\async_helpers.py", line 128, in _pseudo_sync_runner
    coro.send(None)
  File "C:\Users\chris\AppData\Roaming\Python\Python314\site-packages\IPython\core\interactiveshell.py", line 3447, in run_cell_async
    has_raised = await self.run_ast_nodes(code_ast.body, cell_name,
  File "C:\Users\chris\AppData\Roaming\Python\Python314\site-packages\IPython\core\interactiveshell.py", line 3688, in run_ast_nodes
    if await self.run_code(code, result, async_=asy):
  File "C:\Users\chris\AppData\Roaming\Python\Python314\site-packages\IPython\core\interactiveshell.py", line 3748, in run_code
    exec(code_obj, self.user_global_ns, self.user_ns)
  File "C:\Users\chris\AppData\Local\Temp\ipykernel_5480\3007420965.py", line 73, in <module>
    runpy.run_path(str(script_path), run_name="__main__")
  File "<frozen runpy>", line 287, in run_path
  File "<frozen runpy>", line 98, in _run_module_code
  File "<frozen runpy>", line 88, in _run_code
  File "C:\Users\chris\Desktop\Code\TracesPresenter\Traces_presenter\Jupyter\Chaine\scripts_Mirabelle\eq_FE_Mirabelle.py", line 73, in <module>
    main(_read, _write)
  File "C:\Users\chris\Desktop\Code\TracesPresenter\Traces_presenter\Jupyter\Chaine\scripts_Mirabelle\eq_FE_Mirabelle.py", line 64, in main
    out.info("  %s : EQ = %.3f  (%d Run.Test)", actor, eq, len(attempts))
Message: '  %s : EQ = %.3f  (%d Run.Test)'
Arguments: ('recrivez.sabordees', 0.3941940412528648, 126)
--- Logging error ---
Traceback (most recent call last):
  File "c:\Users\chris\AppData\Local\Programs\Python\Python314\Lib\logging\__init__.py", line 1154, in emit
    stream.write(msg + self.terminator)
    ~~~~~~~~~~~~^^^^^^^^^^^^^^^^^^^^^^^
ValueError: I/O operation on closed file.
Call stack:
  File "<frozen runpy>", line 198, in _run_module_as_main
  File "<frozen runpy>", line 88, in _run_code
  File "C:\Users\chris\AppData\Roaming\Python\Python314\site-packages\ipykernel_launcher.py", line 18, in <module>
    app.launch_new_instance()
  File "C:\Users\chris\AppData\Roaming\Python\Python314\site-packages\traitlets\config\application.py", line 1082, in launch_instance
    app.start()
  File "C:\Users\chris\AppData\Roaming\Python\Python314\site-packages\ipykernel\kernelapp.py", line 758, in start
    self.io_loop.start()
  File "C:\Users\chris\AppData\Roaming\Python\Python314\site-packages\tornado\platform\asyncio.py", line 211, in start
    self.asyncio_loop.run_forever()
  File "c:\Users\chris\AppData\Local\Programs\Python\Python314\Lib\asyncio\base_events.py", line 677, in run_forever
    self._run_once()
  File "c:\Users\chris\AppData\Local\Programs\Python\Python314\Lib\asyncio\base_events.py", line 2046, in _run_once
    handle._run()
  File "c:\Users\chris\AppData\Local\Programs\Python\Python314\Lib\asyncio\events.py", line 94, in _run
    self._context.run(self._callback, *self._args)
  File "C:\Users\chris\AppData\Roaming\Python\Python314\site-packages\ipykernel\kernelbase.py", line 621, in shell_main
    await self.dispatch_shell(msg, subshell_id=subshell_id)
  File "C:\Users\chris\AppData\Roaming\Python\Python314\site-packages\ipykernel\kernelbase.py", line 478, in dispatch_shell
    await result
  File "C:\Users\chris\AppData\Roaming\Python\Python314\site-packages\ipykernel\ipkernel.py", line 372, in execute_request
    await super().execute_request(stream, ident, parent)
  File "C:\Users\chris\AppData\Roaming\Python\Python314\site-packages\ipykernel\kernelbase.py", line 834, in execute_request
    reply_content = await reply_content
  File "C:\Users\chris\AppData\Roaming\Python\Python314\site-packages\ipykernel\ipkernel.py", line 464, in do_execute
    res = shell.run_cell(
  File "C:\Users\chris\AppData\Roaming\Python\Python314\site-packages\ipykernel\zmqshell.py", line 663, in run_cell
    return super().run_cell(*args, **kwargs)
  File "C:\Users\chris\AppData\Roaming\Python\Python314\site-packages\IPython\core\interactiveshell.py", line 3170, in run_cell
    result = self._run_cell(
  File "C:\Users\chris\AppData\Roaming\Python\Python314\site-packages\IPython\core\interactiveshell.py", line 3225, in _run_cell
    result = runner(coro)
  File "C:\Users\chris\AppData\Roaming\Python\Python314\site-packages\IPython\core\async_helpers.py", line 128, in _pseudo_sync_runner
    coro.send(None)
  File "C:\Users\chris\AppData\Roaming\Python\Python314\site-packages\IPython\core\interactiveshell.py", line 3447, in run_cell_async
    has_raised = await self.run_ast_nodes(code_ast.body, cell_name,
  File "C:\Users\chris\AppData\Roaming\Python\Python314\site-packages\IPython\core\interactiveshell.py", line 3688, in run_ast_nodes
    if await self.run_code(code, result, async_=asy):
  File "C:\Users\chris\AppData\Roaming\Python\Python314\site-packages\IPython\core\interactiveshell.py", line 3748, in run_code
    exec(code_obj, self.user_global_ns, self.user_ns)
  File "C:\Users\chris\AppData\Local\Temp\ipykernel_5480\3007420965.py", line 73, in <module>
    runpy.run_path(str(script_path), run_name="__main__")
  File "<frozen runpy>", line 287, in run_path
  File "<frozen runpy>", line 98, in _run_module_code
  File "<frozen runpy>", line 88, in _run_code
  File "C:\Users\chris\Desktop\Code\TracesPresenter\Traces_presenter\Jupyter\Chaine\scripts_Mirabelle\eq_FE_Mirabelle.py", line 73, in <module>
    main(_read, _write)
  File "C:\Users\chris\Desktop\Code\TracesPresenter\Traces_presenter\Jupyter\Chaine\scripts_Mirabelle\eq_FE_Mirabelle.py", line 64, in main
    out.info("  %s : EQ = %.3f  (%d Run.Test)", actor, eq, len(attempts))
Message: '  %s : EQ = %.3f  (%d Run.Test)'
Arguments: ('reculs.levais', 0.18339724791337694, 436)
--- Logging error ---
Traceback (most recent call last):
  File "c:\Users\chris\AppData\Local\Programs\Python\Python314\Lib\logging\__init__.py", line 1154, in emit
    stream.write(msg + self.terminator)
    ~~~~~~~~~~~~^^^^^^^^^^^^^^^^^^^^^^^
ValueError: I/O operation on closed file.
Call stack:
  File "<frozen runpy>", line 198, in _run_module_as_main
  File "<frozen runpy>", line 88, in _run_code
  File "C:\Users\chris\AppData\Roaming\Python\Python314\site-packages\ipykernel_launcher.py", line 18, in <module>
    app.launch_new_instance()
  File "C:\Users\chris\AppData\Roaming\Python\Python314\site-packages\traitlets\config\application.py", line 1082, in launch_instance
    app.start()
  File "C:\Users\chris\AppData\Roaming\Python\Python314\site-packages\ipykernel\kernelapp.py", line 758, in start
    self.io_loop.start()
  File "C:\Users\chris\AppData\Roaming\Python\Python314\site-packages\tornado\platform\asyncio.py", line 211, in start
    self.asyncio_loop.run_forever()
  File "c:\Users\chris\AppData\Local\Programs\Python\Python314\Lib\asyncio\base_events.py", line 677, in run_forever
    self._run_once()
  File "c:\Users\chris\AppData\Local\Programs\Python\Python314\Lib\asyncio\base_events.py", line 2046, in _run_once
    handle._run()
  File "c:\Users\chris\AppData\Local\Programs\Python\Python314\Lib\asyncio\events.py", line 94, in _run
    self._context.run(self._callback, *self._args)
  File "C:\Users\chris\AppData\Roaming\Python\Python314\site-packages\ipykernel\kernelbase.py", line 621, in shell_main
    await self.dispatch_shell(msg, subshell_id=subshell_id)
  File "C:\Users\chris\AppData\Roaming\Python\Python314\site-packages\ipykernel\kernelbase.py", line 478, in dispatch_shell
    await result
  File "C:\Users\chris\AppData\Roaming\Python\Python314\site-packages\ipykernel\ipkernel.py", line 372, in execute_request
    await super().execute_request(stream, ident, parent)
  File "C:\Users\chris\AppData\Roaming\Python\Python314\site-packages\ipykernel\kernelbase.py", line 834, in execute_request
    reply_content = await reply_content
  File "C:\Users\chris\AppData\Roaming\Python\Python314\site-packages\ipykernel\ipkernel.py", line 464, in do_execute
    res = shell.run_cell(
  File "C:\Users\chris\AppData\Roaming\Python\Python314\site-packages\ipykernel\zmqshell.py", line 663, in run_cell
    return super().run_cell(*args, **kwargs)
  File "C:\Users\chris\AppData\Roaming\Python\Python314\site-packages\IPython\core\interactiveshell.py", line 3170, in run_cell
    result = self._run_cell(
  File "C:\Users\chris\AppData\Roaming\Python\Python314\site-packages\IPython\core\interactiveshell.py", line 3225, in _run_cell
    result = runner(coro)
  File "C:\Users\chris\AppData\Roaming\Python\Python314\site-packages\IPython\core\async_helpers.py", line 128, in _pseudo_sync_runner
    coro.send(None)
  File "C:\Users\chris\AppData\Roaming\Python\Python314\site-packages\IPython\core\interactiveshell.py", line 3447, in run_cell_async
    has_raised = await self.run_ast_nodes(code_ast.body, cell_name,
  File "C:\Users\chris\AppData\Roaming\Python\Python314\site-packages\IPython\core\interactiveshell.py", line 3688, in run_ast_nodes
    if await self.run_code(code, result, async_=asy):
  File "C:\Users\chris\AppData\Roaming\Python\Python314\site-packages\IPython\core\interactiveshell.py", line 3748, in run_code
    exec(code_obj, self.user_global_ns, self.user_ns)
  File "C:\Users\chris\AppData\Local\Temp\ipykernel_5480\3007420965.py", line 73, in <module>
    runpy.run_path(str(script_path), run_name="__main__")
  File "<frozen runpy>", line 287, in run_path
  File "<frozen runpy>", line 98, in _run_module_code
  File "<frozen runpy>", line 88, in _run_code
  File "C:\Users\chris\Desktop\Code\TracesPresenter\Traces_presenter\Jupyter\Chaine\scripts_Mirabelle\eq_FE_Mirabelle.py", line 73, in <module>
    main(_read, _write)
  File "C:\Users\chris\Desktop\Code\TracesPresenter\Traces_presenter\Jupyter\Chaine\scripts_Mirabelle\eq_FE_Mirabelle.py", line 64, in main
    out.info("  %s : EQ = %.3f  (%d Run.Test)", actor, eq, len(attempts))
Message: '  %s : EQ = %.3f  (%d Run.Test)'
Arguments: ('refondrez.purifies', 0.4414335664335664, 446)
--- Logging error ---
Traceback (most recent call last):
  File "c:\Users\chris\AppData\Local\Programs\Python\Python314\Lib\logging\__init__.py", line 1154, in emit
    stream.write(msg + self.terminator)
    ~~~~~~~~~~~~^^^^^^^^^^^^^^^^^^^^^^^
ValueError: I/O operation on closed file.
Call stack:
  File "<frozen runpy>", line 198, in _run_module_as_main
  File "<frozen runpy>", line 88, in _run_code
  File "C:\Users\chris\AppData\Roaming\Python\Python314\site-packages\ipykernel_launcher.py", line 18, in <module>
    app.launch_new_instance()
  File "C:\Users\chris\AppData\Roaming\Python\Python314\site-packages\traitlets\config\application.py", line 1082, in launch_instance
    app.start()
  File "C:\Users\chris\AppData\Roaming\Python\Python314\site-packages\ipykernel\kernelapp.py", line 758, in start
    self.io_loop.start()
  File "C:\Users\chris\AppData\Roaming\Python\Python314\site-packages\tornado\platform\asyncio.py", line 211, in start
    self.asyncio_loop.run_forever()
  File "c:\Users\chris\AppData\Local\Programs\Python\Python314\Lib\asyncio\base_events.py", line 677, in run_forever
    self._run_once()
  File "c:\Users\chris\AppData\Local\Programs\Python\Python314\Lib\asyncio\base_events.py", line 2046, in _run_once
    handle._run()
  File "c:\Users\chris\AppData\Local\Programs\Python\Python314\Lib\asyncio\events.py", line 94, in _run
    self._context.run(self._callback, *self._args)
  File "C:\Users\chris\AppData\Roaming\Python\Python314\site-packages\ipykernel\kernelbase.py", line 621, in shell_main
    await self.dispatch_shell(msg, subshell_id=subshell_id)
  File "C:\Users\chris\AppData\Roaming\Python\Python314\site-packages\ipykernel\kernelbase.py", line 478, in dispatch_shell
    await result
  File "C:\Users\chris\AppData\Roaming\Python\Python314\site-packages\ipykernel\ipkernel.py", line 372, in execute_request
    await super().execute_request(stream, ident, parent)
  File "C:\Users\chris\AppData\Roaming\Python\Python314\site-packages\ipykernel\kernelbase.py", line 834, in execute_request
    reply_content = await reply_content
  File "C:\Users\chris\AppData\Roaming\Python\Python314\site-packages\ipykernel\ipkernel.py", line 464, in do_execute
    res = shell.run_cell(
  File "C:\Users\chris\AppData\Roaming\Python\Python314\site-packages\ipykernel\zmqshell.py", line 663, in run_cell
    return super().run_cell(*args, **kwargs)
  File "C:\Users\chris\AppData\Roaming\Python\Python314\site-packages\IPython\core\interactiveshell.py", line 3170, in run_cell
    result = self._run_cell(
  File "C:\Users\chris\AppData\Roaming\Python\Python314\site-packages\IPython\core\interactiveshell.py", line 3225, in _run_cell
    result = runner(coro)
  File "C:\Users\chris\AppData\Roaming\Python\Python314\site-packages\IPython\core\async_helpers.py", line 128, in _pseudo_sync_runner
    coro.send(None)
  File "C:\Users\chris\AppData\Roaming\Python\Python314\site-packages\IPython\core\interactiveshell.py", line 3447, in run_cell_async
    has_raised = await self.run_ast_nodes(code_ast.body, cell_name,
  File "C:\Users\chris\AppData\Roaming\Python\Python314\site-packages\IPython\core\interactiveshell.py", line 3688, in run_ast_nodes
    if await self.run_code(code, result, async_=asy):
  File "C:\Users\chris\AppData\Roaming\Python\Python314\site-packages\IPython\core\interactiveshell.py", line 3748, in run_code
    exec(code_obj, self.user_global_ns, self.user_ns)
  File "C:\Users\chris\AppData\Local\Temp\ipykernel_5480\3007420965.py", line 73, in <module>
    runpy.run_path(str(script_path), run_name="__main__")
  File "<frozen runpy>", line 287, in run_path
  File "<frozen runpy>", line 98, in _run_module_code
  File "<frozen runpy>", line 88, in _run_code
  File "C:\Users\chris\Desktop\Code\TracesPresenter\Traces_presenter\Jupyter\Chaine\scripts_Mirabelle\eq_FE_Mirabelle.py", line 73, in <module>
    main(_read, _write)
  File "C:\Users\chris\Desktop\Code\TracesPresenter\Traces_presenter\Jupyter\Chaine\scripts_Mirabelle\eq_FE_Mirabelle.py", line 64, in main
    out.info("  %s : EQ = %.3f  (%d Run.Test)", actor, eq, len(attempts))
Message: '  %s : EQ = %.3f  (%d Run.Test)'
Arguments: ('reformais.glissais', 0.19831140781464757, 540)
--- Logging error ---
Traceback (most recent call last):
  File "c:\Users\chris\AppData\Local\Programs\Python\Python314\Lib\logging\__init__.py", line 1154, in emit
    stream.write(msg + self.terminator)
    ~~~~~~~~~~~~^^^^^^^^^^^^^^^^^^^^^^^
ValueError: I/O operation on closed file.
Call stack:
  File "<frozen runpy>", line 198, in _run_module_as_main
  File "<frozen runpy>", line 88, in _run_code
  File "C:\Users\chris\AppData\Roaming\Python\Python314\site-packages\ipykernel_launcher.py", line 18, in <module>
    app.launch_new_instance()
  File "C:\Users\chris\AppData\Roaming\Python\Python314\site-packages\traitlets\config\application.py", line 1082, in launch_instance
    app.start()
  File "C:\Users\chris\AppData\Roaming\Python\Python314\site-packages\ipykernel\kernelapp.py", line 758, in start
    self.io_loop.start()
  File "C:\Users\chris\AppData\Roaming\Python\Python314\site-packages\tornado\platform\asyncio.py", line 211, in start
    self.asyncio_loop.run_forever()
  File "c:\Users\chris\AppData\Local\Programs\Python\Python314\Lib\asyncio\base_events.py", line 677, in run_forever
    self._run_once()
  File "c:\Users\chris\AppData\Local\Programs\Python\Python314\Lib\asyncio\base_events.py", line 2046, in _run_once
    handle._run()
  File "c:\Users\chris\AppData\Local\Programs\Python\Python314\Lib\asyncio\events.py", line 94, in _run
    self._context.run(self._callback, *self._args)
  File "C:\Users\chris\AppData\Roaming\Python\Python314\site-packages\ipykernel\kernelbase.py", line 621, in shell_main
    await self.dispatch_shell(msg, subshell_id=subshell_id)
  File "C:\Users\chris\AppData\Roaming\Python\Python314\site-packages\ipykernel\kernelbase.py", line 478, in dispatch_shell
    await result
  File "C:\Users\chris\AppData\Roaming\Python\Python314\site-packages\ipykernel\ipkernel.py", line 372, in execute_request
    await super().execute_request(stream, ident, parent)
  File "C:\Users\chris\AppData\Roaming\Python\Python314\site-packages\ipykernel\kernelbase.py", line 834, in execute_request
    reply_content = await reply_content
  File "C:\Users\chris\AppData\Roaming\Python\Python314\site-packages\ipykernel\ipkernel.py", line 464, in do_execute
    res = shell.run_cell(
  File "C:\Users\chris\AppData\Roaming\Python\Python314\site-packages\ipykernel\zmqshell.py", line 663, in run_cell
    return super().run_cell(*args, **kwargs)
  File "C:\Users\chris\AppData\Roaming\Python\Python314\site-packages\IPython\core\interactiveshell.py", line 3170, in run_cell
    result = self._run_cell(
  File "C:\Users\chris\AppData\Roaming\Python\Python314\site-packages\IPython\core\interactiveshell.py", line 3225, in _run_cell
    result = runner(coro)
  File "C:\Users\chris\AppData\Roaming\Python\Python314\site-packages\IPython\core\async_helpers.py", line 128, in _pseudo_sync_runner
    coro.send(None)
  File "C:\Users\chris\AppData\Roaming\Python\Python314\site-packages\IPython\core\interactiveshell.py", line 3447, in run_cell_async
    has_raised = await self.run_ast_nodes(code_ast.body, cell_name,
  File "C:\Users\chris\AppData\Roaming\Python\Python314\site-packages\IPython\core\interactiveshell.py", line 3688, in run_ast_nodes
    if await self.run_code(code, result, async_=asy):
  File "C:\Users\chris\AppData\Roaming\Python\Python314\site-packages\IPython\core\interactiveshell.py", line 3748, in run_code
    exec(code_obj, self.user_global_ns, self.user_ns)
  File "C:\Users\chris\AppData\Local\Temp\ipykernel_5480\3007420965.py", line 73, in <module>
    runpy.run_path(str(script_path), run_name="__main__")
  File "<frozen runpy>", line 287, in run_path
  File "<frozen runpy>", line 98, in _run_module_code
  File "<frozen runpy>", line 88, in _run_code
  File "C:\Users\chris\Desktop\Code\TracesPresenter\Traces_presenter\Jupyter\Chaine\scripts_Mirabelle\eq_FE_Mirabelle.py", line 73, in <module>
    main(_read, _write)
  File "C:\Users\chris\Desktop\Code\TracesPresenter\Traces_presenter\Jupyter\Chaine\scripts_Mirabelle\eq_FE_Mirabelle.py", line 64, in main
    out.info("  %s : EQ = %.3f  (%d Run.Test)", actor, eq, len(attempts))
Message: '  %s : EQ = %.3f  (%d Run.Test)'
Arguments: ('reglerai.gravita', 0.5193312434691747, 335)
--- Logging error ---
Traceback (most recent call last):
  File "c:\Users\chris\AppData\Local\Programs\Python\Python314\Lib\logging\__init__.py", line 1154, in emit
    stream.write(msg + self.terminator)
    ~~~~~~~~~~~~^^^^^^^^^^^^^^^^^^^^^^^
ValueError: I/O operation on closed file.
Call stack:
  File "<frozen runpy>", line 198, in _run_module_as_main
  File "<frozen runpy>", line 88, in _run_code
  File "C:\Users\chris\AppData\Roaming\Python\Python314\site-packages\ipykernel_launcher.py", line 18, in <module>
    app.launch_new_instance()
  File "C:\Users\chris\AppData\Roaming\Python\Python314\site-packages\traitlets\config\application.py", line 1082, in launch_instance
    app.start()
  File "C:\Users\chris\AppData\Roaming\Python\Python314\site-packages\ipykernel\kernelapp.py", line 758, in start
    self.io_loop.start()
  File "C:\Users\chris\AppData\Roaming\Python\Python314\site-packages\tornado\platform\asyncio.py", line 211, in start
    self.asyncio_loop.run_forever()
  File "c:\Users\chris\AppData\Local\Programs\Python\Python314\Lib\asyncio\base_events.py", line 677, in run_forever
    self._run_once()
  File "c:\Users\chris\AppData\Local\Programs\Python\Python314\Lib\asyncio\base_events.py", line 2046, in _run_once
    handle._run()
  File "c:\Users\chris\AppData\Local\Programs\Python\Python314\Lib\asyncio\events.py", line 94, in _run
    self._context.run(self._callback, *self._args)
  File "C:\Users\chris\AppData\Roaming\Python\Python314\site-packages\ipykernel\kernelbase.py", line 621, in shell_main
    await self.dispatch_shell(msg, subshell_id=subshell_id)
  File "C:\Users\chris\AppData\Roaming\Python\Python314\site-packages\ipykernel\kernelbase.py", line 478, in dispatch_shell
    await result
  File "C:\Users\chris\AppData\Roaming\Python\Python314\site-packages\ipykernel\ipkernel.py", line 372, in execute_request
    await super().execute_request(stream, ident, parent)
  File "C:\Users\chris\AppData\Roaming\Python\Python314\site-packages\ipykernel\kernelbase.py", line 834, in execute_request
    reply_content = await reply_content
  File "C:\Users\chris\AppData\Roaming\Python\Python314\site-packages\ipykernel\ipkernel.py", line 464, in do_execute
    res = shell.run_cell(
  File "C:\Users\chris\AppData\Roaming\Python\Python314\site-packages\ipykernel\zmqshell.py", line 663, in run_cell
    return super().run_cell(*args, **kwargs)
  File "C:\Users\chris\AppData\Roaming\Python\Python314\site-packages\IPython\core\interactiveshell.py", line 3170, in run_cell
    result = self._run_cell(
  File "C:\Users\chris\AppData\Roaming\Python\Python314\site-packages\IPython\core\interactiveshell.py", line 3225, in _run_cell
    result = runner(coro)
  File "C:\Users\chris\AppData\Roaming\Python\Python314\site-packages\IPython\core\async_helpers.py", line 128, in _pseudo_sync_runner
    coro.send(None)
  File "C:\Users\chris\AppData\Roaming\Python\Python314\site-packages\IPython\core\interactiveshell.py", line 3447, in run_cell_async
    has_raised = await self.run_ast_nodes(code_ast.body, cell_name,
  File "C:\Users\chris\AppData\Roaming\Python\Python314\site-packages\IPython\core\interactiveshell.py", line 3688, in run_ast_nodes
    if await self.run_code(code, result, async_=asy):
  File "C:\Users\chris\AppData\Roaming\Python\Python314\site-packages\IPython\core\interactiveshell.py", line 3748, in run_code
    exec(code_obj, self.user_global_ns, self.user_ns)
  File "C:\Users\chris\AppData\Local\Temp\ipykernel_5480\3007420965.py", line 73, in <module>
    runpy.run_path(str(script_path), run_name="__main__")
  File "<frozen runpy>", line 287, in run_path
  File "<frozen runpy>", line 98, in _run_module_code
  File "<frozen runpy>", line 88, in _run_code
  File "C:\Users\chris\Desktop\Code\TracesPresenter\Traces_presenter\Jupyter\Chaine\scripts_Mirabelle\eq_FE_Mirabelle.py", line 73, in <module>
    main(_read, _write)
  File "C:\Users\chris\Desktop\Code\TracesPresenter\Traces_presenter\Jupyter\Chaine\scripts_Mirabelle\eq_FE_Mirabelle.py", line 60, in main
    out.warning("  %s : pas de paire de tentatives exploitable — ignoré", actor)
Message: '  %s : pas de paire de tentatives exploitable — ignoré'
Arguments: ('regorge.envenima',)
--- Logging error ---
Traceback (most recent call last):
  File "c:\Users\chris\AppData\Local\Programs\Python\Python314\Lib\logging\__init__.py", line 1154, in emit
    stream.write(msg + self.terminator)
    ~~~~~~~~~~~~^^^^^^^^^^^^^^^^^^^^^^^
ValueError: I/O operation on closed file.
Call stack:
  File "<frozen runpy>", line 198, in _run_module_as_main
  File "<frozen runpy>", line 88, in _run_code
  File "C:\Users\chris\AppData\Roaming\Python\Python314\site-packages\ipykernel_launcher.py", line 18, in <module>
    app.launch_new_instance()
  File "C:\Users\chris\AppData\Roaming\Python\Python314\site-packages\traitlets\config\application.py", line 1082, in launch_instance
    app.start()
  File "C:\Users\chris\AppData\Roaming\Python\Python314\site-packages\ipykernel\kernelapp.py", line 758, in start
    self.io_loop.start()
  File "C:\Users\chris\AppData\Roaming\Python\Python314\site-packages\tornado\platform\asyncio.py", line 211, in start
    self.asyncio_loop.run_forever()
  File "c:\Users\chris\AppData\Local\Programs\Python\Python314\Lib\asyncio\base_events.py", line 677, in run_forever
    self._run_once()
  File "c:\Users\chris\AppData\Local\Programs\Python\Python314\Lib\asyncio\base_events.py", line 2046, in _run_once
    handle._run()
  File "c:\Users\chris\AppData\Local\Programs\Python\Python314\Lib\asyncio\events.py", line 94, in _run
    self._context.run(self._callback, *self._args)
  File "C:\Users\chris\AppData\Roaming\Python\Python314\site-packages\ipykernel\kernelbase.py", line 621, in shell_main
    await self.dispatch_shell(msg, subshell_id=subshell_id)
  File "C:\Users\chris\AppData\Roaming\Python\Python314\site-packages\ipykernel\kernelbase.py", line 478, in dispatch_shell
    await result
  File "C:\Users\chris\AppData\Roaming\Python\Python314\site-packages\ipykernel\ipkernel.py", line 372, in execute_request
    await super().execute_request(stream, ident, parent)
  File "C:\Users\chris\AppData\Roaming\Python\Python314\site-packages\ipykernel\kernelbase.py", line 834, in execute_request
    reply_content = await reply_content
  File "C:\Users\chris\AppData\Roaming\Python\Python314\site-packages\ipykernel\ipkernel.py", line 464, in do_execute
    res = shell.run_cell(
  File "C:\Users\chris\AppData\Roaming\Python\Python314\site-packages\ipykernel\zmqshell.py", line 663, in run_cell
    return super().run_cell(*args, **kwargs)
  File "C:\Users\chris\AppData\Roaming\Python\Python314\site-packages\IPython\core\interactiveshell.py", line 3170, in run_cell
    result = self._run_cell(
  File "C:\Users\chris\AppData\Roaming\Python\Python314\site-packages\IPython\core\interactiveshell.py", line 3225, in _run_cell
    result = runner(coro)
  File "C:\Users\chris\AppData\Roaming\Python\Python314\site-packages\IPython\core\async_helpers.py", line 128, in _pseudo_sync_runner
    coro.send(None)
  File "C:\Users\chris\AppData\Roaming\Python\Python314\site-packages\IPython\core\interactiveshell.py", line 3447, in run_cell_async
    has_raised = await self.run_ast_nodes(code_ast.body, cell_name,
  File "C:\Users\chris\AppData\Roaming\Python\Python314\site-packages\IPython\core\interactiveshell.py", line 3688, in run_ast_nodes
    if await self.run_code(code, result, async_=asy):
  File "C:\Users\chris\AppData\Roaming\Python\Python314\site-packages\IPython\core\interactiveshell.py", line 3748, in run_code
    exec(code_obj, self.user_global_ns, self.user_ns)
  File "C:\Users\chris\AppData\Local\Temp\ipykernel_5480\3007420965.py", line 73, in <module>
    runpy.run_path(str(script_path), run_name="__main__")
  File "<frozen runpy>", line 287, in run_path
  File "<frozen runpy>", line 98, in _run_module_code
  File "<frozen runpy>", line 88, in _run_code
  File "C:\Users\chris\Desktop\Code\TracesPresenter\Traces_presenter\Jupyter\Chaine\scripts_Mirabelle\eq_FE_Mirabelle.py", line 73, in <module>
    main(_read, _write)
  File "C:\Users\chris\Desktop\Code\TracesPresenter\Traces_presenter\Jupyter\Chaine\scripts_Mirabelle\eq_FE_Mirabelle.py", line 64, in main
    out.info("  %s : EQ = %.3f  (%d Run.Test)", actor, eq, len(attempts))
Message: '  %s : EQ = %.3f  (%d Run.Test)'
Arguments: ('regreer.editee', 0.3330965909090909, 158)
--- Logging error ---
Traceback (most recent call last):
  File "c:\Users\chris\AppData\Local\Programs\Python\Python314\Lib\logging\__init__.py", line 1154, in emit
    stream.write(msg + self.terminator)
    ~~~~~~~~~~~~^^^^^^^^^^^^^^^^^^^^^^^
ValueError: I/O operation on closed file.
Call stack:
  File "<frozen runpy>", line 198, in _run_module_as_main
  File "<frozen runpy>", line 88, in _run_code
  File "C:\Users\chris\AppData\Roaming\Python\Python314\site-packages\ipykernel_launcher.py", line 18, in <module>
    app.launch_new_instance()
  File "C:\Users\chris\AppData\Roaming\Python\Python314\site-packages\traitlets\config\application.py", line 1082, in launch_instance
    app.start()
  File "C:\Users\chris\AppData\Roaming\Python\Python314\site-packages\ipykernel\kernelapp.py", line 758, in start
    self.io_loop.start()
  File "C:\Users\chris\AppData\Roaming\Python\Python314\site-packages\tornado\platform\asyncio.py", line 211, in start
    self.asyncio_loop.run_forever()
  File "c:\Users\chris\AppData\Local\Programs\Python\Python314\Lib\asyncio\base_events.py", line 677, in run_forever
    self._run_once()
  File "c:\Users\chris\AppData\Local\Programs\Python\Python314\Lib\asyncio\base_events.py", line 2046, in _run_once
    handle._run()
  File "c:\Users\chris\AppData\Local\Programs\Python\Python314\Lib\asyncio\events.py", line 94, in _run
    self._context.run(self._callback, *self._args)
  File "C:\Users\chris\AppData\Roaming\Python\Python314\site-packages\ipykernel\kernelbase.py", line 621, in shell_main
    await self.dispatch_shell(msg, subshell_id=subshell_id)
  File "C:\Users\chris\AppData\Roaming\Python\Python314\site-packages\ipykernel\kernelbase.py", line 478, in dispatch_shell
    await result
  File "C:\Users\chris\AppData\Roaming\Python\Python314\site-packages\ipykernel\ipkernel.py", line 372, in execute_request
    await super().execute_request(stream, ident, parent)
  File "C:\Users\chris\AppData\Roaming\Python\Python314\site-packages\ipykernel\kernelbase.py", line 834, in execute_request
    reply_content = await reply_content
  File "C:\Users\chris\AppData\Roaming\Python\Python314\site-packages\ipykernel\ipkernel.py", line 464, in do_execute
    res = shell.run_cell(
  File "C:\Users\chris\AppData\Roaming\Python\Python314\site-packages\ipykernel\zmqshell.py", line 663, in run_cell
    return super().run_cell(*args, **kwargs)
  File "C:\Users\chris\AppData\Roaming\Python\Python314\site-packages\IPython\core\interactiveshell.py", line 3170, in run_cell
    result = self._run_cell(
  File "C:\Users\chris\AppData\Roaming\Python\Python314\site-packages\IPython\core\interactiveshell.py", line 3225, in _run_cell
    result = runner(coro)
  File "C:\Users\chris\AppData\Roaming\Python\Python314\site-packages\IPython\core\async_helpers.py", line 128, in _pseudo_sync_runner
    coro.send(None)
  File "C:\Users\chris\AppData\Roaming\Python\Python314\site-packages\IPython\core\interactiveshell.py", line 3447, in run_cell_async
    has_raised = await self.run_ast_nodes(code_ast.body, cell_name,
  File "C:\Users\chris\AppData\Roaming\Python\Python314\site-packages\IPython\core\interactiveshell.py", line 3688, in run_ast_nodes
    if await self.run_code(code, result, async_=asy):
  File "C:\Users\chris\AppData\Roaming\Python\Python314\site-packages\IPython\core\interactiveshell.py", line 3748, in run_code
    exec(code_obj, self.user_global_ns, self.user_ns)
  File "C:\Users\chris\AppData\Local\Temp\ipykernel_5480\3007420965.py", line 73, in <module>
    runpy.run_path(str(script_path), run_name="__main__")
  File "<frozen runpy>", line 287, in run_path
  File "<frozen runpy>", line 98, in _run_module_code
  File "<frozen runpy>", line 88, in _run_code
  File "C:\Users\chris\Desktop\Code\TracesPresenter\Traces_presenter\Jupyter\Chaine\scripts_Mirabelle\eq_FE_Mirabelle.py", line 73, in <module>
    main(_read, _write)
  File "C:\Users\chris\Desktop\Code\TracesPresenter\Traces_presenter\Jupyter\Chaine\scripts_Mirabelle\eq_FE_Mirabelle.py", line 64, in main
    out.info("  %s : EQ = %.3f  (%d Run.Test)", actor, eq, len(attempts))
Message: '  %s : EQ = %.3f  (%d Run.Test)'
Arguments: ('relayes.ordinales', 0.2878787878787879, 242)
--- Logging error ---
Traceback (most recent call last):
  File "c:\Users\chris\AppData\Local\Programs\Python\Python314\Lib\logging\__init__.py", line 1154, in emit
    stream.write(msg + self.terminator)
    ~~~~~~~~~~~~^^^^^^^^^^^^^^^^^^^^^^^
ValueError: I/O operation on closed file.
Call stack:
  File "<frozen runpy>", line 198, in _run_module_as_main
  File "<frozen runpy>", line 88, in _run_code
  File "C:\Users\chris\AppData\Roaming\Python\Python314\site-packages\ipykernel_launcher.py", line 18, in <module>
    app.launch_new_instance()
  File "C:\Users\chris\AppData\Roaming\Python\Python314\site-packages\traitlets\config\application.py", line 1082, in launch_instance
    app.start()
  File "C:\Users\chris\AppData\Roaming\Python\Python314\site-packages\ipykernel\kernelapp.py", line 758, in start
    self.io_loop.start()
  File "C:\Users\chris\AppData\Roaming\Python\Python314\site-packages\tornado\platform\asyncio.py", line 211, in start
    self.asyncio_loop.run_forever()
  File "c:\Users\chris\AppData\Local\Programs\Python\Python314\Lib\asyncio\base_events.py", line 677, in run_forever
    self._run_once()
  File "c:\Users\chris\AppData\Local\Programs\Python\Python314\Lib\asyncio\base_events.py", line 2046, in _run_once
    handle._run()
  File "c:\Users\chris\AppData\Local\Programs\Python\Python314\Lib\asyncio\events.py", line 94, in _run
    self._context.run(self._callback, *self._args)
  File "C:\Users\chris\AppData\Roaming\Python\Python314\site-packages\ipykernel\kernelbase.py", line 621, in shell_main
    await self.dispatch_shell(msg, subshell_id=subshell_id)
  File "C:\Users\chris\AppData\Roaming\Python\Python314\site-packages\ipykernel\kernelbase.py", line 478, in dispatch_shell
    await result
  File "C:\Users\chris\AppData\Roaming\Python\Python314\site-packages\ipykernel\ipkernel.py", line 372, in execute_request
    await super().execute_request(stream, ident, parent)
  File "C:\Users\chris\AppData\Roaming\Python\Python314\site-packages\ipykernel\kernelbase.py", line 834, in execute_request
    reply_content = await reply_content
  File "C:\Users\chris\AppData\Roaming\Python\Python314\site-packages\ipykernel\ipkernel.py", line 464, in do_execute
    res = shell.run_cell(
  File "C:\Users\chris\AppData\Roaming\Python\Python314\site-packages\ipykernel\zmqshell.py", line 663, in run_cell
    return super().run_cell(*args, **kwargs)
  File "C:\Users\chris\AppData\Roaming\Python\Python314\site-packages\IPython\core\interactiveshell.py", line 3170, in run_cell
    result = self._run_cell(
  File "C:\Users\chris\AppData\Roaming\Python\Python314\site-packages\IPython\core\interactiveshell.py", line 3225, in _run_cell
    result = runner(coro)
  File "C:\Users\chris\AppData\Roaming\Python\Python314\site-packages\IPython\core\async_helpers.py", line 128, in _pseudo_sync_runner
    coro.send(None)
  File "C:\Users\chris\AppData\Roaming\Python\Python314\site-packages\IPython\core\interactiveshell.py", line 3447, in run_cell_async
    has_raised = await self.run_ast_nodes(code_ast.body, cell_name,
  File "C:\Users\chris\AppData\Roaming\Python\Python314\site-packages\IPython\core\interactiveshell.py", line 3688, in run_ast_nodes
    if await self.run_code(code, result, async_=asy):
  File "C:\Users\chris\AppData\Roaming\Python\Python314\site-packages\IPython\core\interactiveshell.py", line 3748, in run_code
    exec(code_obj, self.user_global_ns, self.user_ns)
  File "C:\Users\chris\AppData\Local\Temp\ipykernel_5480\3007420965.py", line 73, in <module>
    runpy.run_path(str(script_path), run_name="__main__")
  File "<frozen runpy>", line 287, in run_path
  File "<frozen runpy>", line 98, in _run_module_code
  File "<frozen runpy>", line 88, in _run_code
  File "C:\Users\chris\Desktop\Code\TracesPresenter\Traces_presenter\Jupyter\Chaine\scripts_Mirabelle\eq_FE_Mirabelle.py", line 73, in <module>
    main(_read, _write)
  File "C:\Users\chris\Desktop\Code\TracesPresenter\Traces_presenter\Jupyter\Chaine\scripts_Mirabelle\eq_FE_Mirabelle.py", line 64, in main
    out.info("  %s : EQ = %.3f  (%d Run.Test)", actor, eq, len(attempts))
Message: '  %s : EQ = %.3f  (%d Run.Test)'
Arguments: ('renais.suca', 0.2122727272727273, 463)
--- Logging error ---
Traceback (most recent call last):
  File "c:\Users\chris\AppData\Local\Programs\Python\Python314\Lib\logging\__init__.py", line 1154, in emit
    stream.write(msg + self.terminator)
    ~~~~~~~~~~~~^^^^^^^^^^^^^^^^^^^^^^^
ValueError: I/O operation on closed file.
Call stack:
  File "<frozen runpy>", line 198, in _run_module_as_main
  File "<frozen runpy>", line 88, in _run_code
  File "C:\Users\chris\AppData\Roaming\Python\Python314\site-packages\ipykernel_launcher.py", line 18, in <module>
    app.launch_new_instance()
  File "C:\Users\chris\AppData\Roaming\Python\Python314\site-packages\traitlets\config\application.py", line 1082, in launch_instance
    app.start()
  File "C:\Users\chris\AppData\Roaming\Python\Python314\site-packages\ipykernel\kernelapp.py", line 758, in start
    self.io_loop.start()
  File "C:\Users\chris\AppData\Roaming\Python\Python314\site-packages\tornado\platform\asyncio.py", line 211, in start
    self.asyncio_loop.run_forever()
  File "c:\Users\chris\AppData\Local\Programs\Python\Python314\Lib\asyncio\base_events.py", line 677, in run_forever
    self._run_once()
  File "c:\Users\chris\AppData\Local\Programs\Python\Python314\Lib\asyncio\base_events.py", line 2046, in _run_once
    handle._run()
  File "c:\Users\chris\AppData\Local\Programs\Python\Python314\Lib\asyncio\events.py", line 94, in _run
    self._context.run(self._callback, *self._args)
  File "C:\Users\chris\AppData\Roaming\Python\Python314\site-packages\ipykernel\kernelbase.py", line 621, in shell_main
    await self.dispatch_shell(msg, subshell_id=subshell_id)
  File "C:\Users\chris\AppData\Roaming\Python\Python314\site-packages\ipykernel\kernelbase.py", line 478, in dispatch_shell
    await result
  File "C:\Users\chris\AppData\Roaming\Python\Python314\site-packages\ipykernel\ipkernel.py", line 372, in execute_request
    await super().execute_request(stream, ident, parent)
  File "C:\Users\chris\AppData\Roaming\Python\Python314\site-packages\ipykernel\kernelbase.py", line 834, in execute_request
    reply_content = await reply_content
  File "C:\Users\chris\AppData\Roaming\Python\Python314\site-packages\ipykernel\ipkernel.py", line 464, in do_execute
    res = shell.run_cell(
  File "C:\Users\chris\AppData\Roaming\Python\Python314\site-packages\ipykernel\zmqshell.py", line 663, in run_cell
    return super().run_cell(*args, **kwargs)
  File "C:\Users\chris\AppData\Roaming\Python\Python314\site-packages\IPython\core\interactiveshell.py", line 3170, in run_cell
    result = self._run_cell(
  File "C:\Users\chris\AppData\Roaming\Python\Python314\site-packages\IPython\core\interactiveshell.py", line 3225, in _run_cell
    result = runner(coro)
  File "C:\Users\chris\AppData\Roaming\Python\Python314\site-packages\IPython\core\async_helpers.py", line 128, in _pseudo_sync_runner
    coro.send(None)
  File "C:\Users\chris\AppData\Roaming\Python\Python314\site-packages\IPython\core\interactiveshell.py", line 3447, in run_cell_async
    has_raised = await self.run_ast_nodes(code_ast.body, cell_name,
  File "C:\Users\chris\AppData\Roaming\Python\Python314\site-packages\IPython\core\interactiveshell.py", line 3688, in run_ast_nodes
    if await self.run_code(code, result, async_=asy):
  File "C:\Users\chris\AppData\Roaming\Python\Python314\site-packages\IPython\core\interactiveshell.py", line 3748, in run_code
    exec(code_obj, self.user_global_ns, self.user_ns)
  File "C:\Users\chris\AppData\Local\Temp\ipykernel_5480\3007420965.py", line 73, in <module>
    runpy.run_path(str(script_path), run_name="__main__")
  File "<frozen runpy>", line 287, in run_path
  File "<frozen runpy>", line 98, in _run_module_code
  File "<frozen runpy>", line 88, in _run_code
  File "C:\Users\chris\Desktop\Code\TracesPresenter\Traces_presenter\Jupyter\Chaine\scripts_Mirabelle\eq_FE_Mirabelle.py", line 73, in <module>
    main(_read, _write)
  File "C:\Users\chris\Desktop\Code\TracesPresenter\Traces_presenter\Jupyter\Chaine\scripts_Mirabelle\eq_FE_Mirabelle.py", line 64, in main
    out.info("  %s : EQ = %.3f  (%d Run.Test)", actor, eq, len(attempts))
Message: '  %s : EQ = %.3f  (%d Run.Test)'
Arguments: ('reprochee.verifiera', 0.1701170117011701, 117)
--- Logging error ---
Traceback (most recent call last):
  File "c:\Users\chris\AppData\Local\Programs\Python\Python314\Lib\logging\__init__.py", line 1154, in emit
    stream.write(msg + self.terminator)
    ~~~~~~~~~~~~^^^^^^^^^^^^^^^^^^^^^^^
ValueError: I/O operation on closed file.
Call stack:
  File "<frozen runpy>", line 198, in _run_module_as_main
  File "<frozen runpy>", line 88, in _run_code
  File "C:\Users\chris\AppData\Roaming\Python\Python314\site-packages\ipykernel_launcher.py", line 18, in <module>
    app.launch_new_instance()
  File "C:\Users\chris\AppData\Roaming\Python\Python314\site-packages\traitlets\config\application.py", line 1082, in launch_instance
    app.start()
  File "C:\Users\chris\AppData\Roaming\Python\Python314\site-packages\ipykernel\kernelapp.py", line 758, in start
    self.io_loop.start()
  File "C:\Users\chris\AppData\Roaming\Python\Python314\site-packages\tornado\platform\asyncio.py", line 211, in start
    self.asyncio_loop.run_forever()
  File "c:\Users\chris\AppData\Local\Programs\Python\Python314\Lib\asyncio\base_events.py", line 677, in run_forever
    self._run_once()
  File "c:\Users\chris\AppData\Local\Programs\Python\Python314\Lib\asyncio\base_events.py", line 2046, in _run_once
    handle._run()
  File "c:\Users\chris\AppData\Local\Programs\Python\Python314\Lib\asyncio\events.py", line 94, in _run
    self._context.run(self._callback, *self._args)
  File "C:\Users\chris\AppData\Roaming\Python\Python314\site-packages\ipykernel\kernelbase.py", line 621, in shell_main
    await self.dispatch_shell(msg, subshell_id=subshell_id)
  File "C:\Users\chris\AppData\Roaming\Python\Python314\site-packages\ipykernel\kernelbase.py", line 478, in dispatch_shell
    await result
  File "C:\Users\chris\AppData\Roaming\Python\Python314\site-packages\ipykernel\ipkernel.py", line 372, in execute_request
    await super().execute_request(stream, ident, parent)
  File "C:\Users\chris\AppData\Roaming\Python\Python314\site-packages\ipykernel\kernelbase.py", line 834, in execute_request
    reply_content = await reply_content
  File "C:\Users\chris\AppData\Roaming\Python\Python314\site-packages\ipykernel\ipkernel.py", line 464, in do_execute
    res = shell.run_cell(
  File "C:\Users\chris\AppData\Roaming\Python\Python314\site-packages\ipykernel\zmqshell.py", line 663, in run_cell
    return super().run_cell(*args, **kwargs)
  File "C:\Users\chris\AppData\Roaming\Python\Python314\site-packages\IPython\core\interactiveshell.py", line 3170, in run_cell
    result = self._run_cell(
  File "C:\Users\chris\AppData\Roaming\Python\Python314\site-packages\IPython\core\interactiveshell.py", line 3225, in _run_cell
    result = runner(coro)
  File "C:\Users\chris\AppData\Roaming\Python\Python314\site-packages\IPython\core\async_helpers.py", line 128, in _pseudo_sync_runner
    coro.send(None)
  File "C:\Users\chris\AppData\Roaming\Python\Python314\site-packages\IPython\core\interactiveshell.py", line 3447, in run_cell_async
    has_raised = await self.run_ast_nodes(code_ast.body, cell_name,
  File "C:\Users\chris\AppData\Roaming\Python\Python314\site-packages\IPython\core\interactiveshell.py", line 3688, in run_ast_nodes
    if await self.run_code(code, result, async_=asy):
  File "C:\Users\chris\AppData\Roaming\Python\Python314\site-packages\IPython\core\interactiveshell.py", line 3748, in run_code
    exec(code_obj, self.user_global_ns, self.user_ns)
  File "C:\Users\chris\AppData\Local\Temp\ipykernel_5480\3007420965.py", line 73, in <module>
    runpy.run_path(str(script_path), run_name="__main__")
  File "<frozen runpy>", line 287, in run_path
  File "<frozen runpy>", line 98, in _run_module_code
  File "<frozen runpy>", line 88, in _run_code
  File "C:\Users\chris\Desktop\Code\TracesPresenter\Traces_presenter\Jupyter\Chaine\scripts_Mirabelle\eq_FE_Mirabelle.py", line 73, in <module>
    main(_read, _write)
  File "C:\Users\chris\Desktop\Code\TracesPresenter\Traces_presenter\Jupyter\Chaine\scripts_Mirabelle\eq_FE_Mirabelle.py", line 64, in main
    out.info("  %s : EQ = %.3f  (%d Run.Test)", actor, eq, len(attempts))
Message: '  %s : EQ = %.3f  (%d Run.Test)'
Arguments: ('repugner.enviais', 0.7377622377622378, 145)
--- Logging error ---
Traceback (most recent call last):
  File "c:\Users\chris\AppData\Local\Programs\Python\Python314\Lib\logging\__init__.py", line 1154, in emit
    stream.write(msg + self.terminator)
    ~~~~~~~~~~~~^^^^^^^^^^^^^^^^^^^^^^^
ValueError: I/O operation on closed file.
Call stack:
  File "<frozen runpy>", line 198, in _run_module_as_main
  File "<frozen runpy>", line 88, in _run_code
  File "C:\Users\chris\AppData\Roaming\Python\Python314\site-packages\ipykernel_launcher.py", line 18, in <module>
    app.launch_new_instance()
  File "C:\Users\chris\AppData\Roaming\Python\Python314\site-packages\traitlets\config\application.py", line 1082, in launch_instance
    app.start()
  File "C:\Users\chris\AppData\Roaming\Python\Python314\site-packages\ipykernel\kernelapp.py", line 758, in start
    self.io_loop.start()
  File "C:\Users\chris\AppData\Roaming\Python\Python314\site-packages\tornado\platform\asyncio.py", line 211, in start
    self.asyncio_loop.run_forever()
  File "c:\Users\chris\AppData\Local\Programs\Python\Python314\Lib\asyncio\base_events.py", line 677, in run_forever
    self._run_once()
  File "c:\Users\chris\AppData\Local\Programs\Python\Python314\Lib\asyncio\base_events.py", line 2046, in _run_once
    handle._run()
  File "c:\Users\chris\AppData\Local\Programs\Python\Python314\Lib\asyncio\events.py", line 94, in _run
    self._context.run(self._callback, *self._args)
  File "C:\Users\chris\AppData\Roaming\Python\Python314\site-packages\ipykernel\kernelbase.py", line 621, in shell_main
    await self.dispatch_shell(msg, subshell_id=subshell_id)
  File "C:\Users\chris\AppData\Roaming\Python\Python314\site-packages\ipykernel\kernelbase.py", line 478, in dispatch_shell
    await result
  File "C:\Users\chris\AppData\Roaming\Python\Python314\site-packages\ipykernel\ipkernel.py", line 372, in execute_request
    await super().execute_request(stream, ident, parent)
  File "C:\Users\chris\AppData\Roaming\Python\Python314\site-packages\ipykernel\kernelbase.py", line 834, in execute_request
    reply_content = await reply_content
  File "C:\Users\chris\AppData\Roaming\Python\Python314\site-packages\ipykernel\ipkernel.py", line 464, in do_execute
    res = shell.run_cell(
  File "C:\Users\chris\AppData\Roaming\Python\Python314\site-packages\ipykernel\zmqshell.py", line 663, in run_cell
    return super().run_cell(*args, **kwargs)
  File "C:\Users\chris\AppData\Roaming\Python\Python314\site-packages\IPython\core\interactiveshell.py", line 3170, in run_cell
    result = self._run_cell(
  File "C:\Users\chris\AppData\Roaming\Python\Python314\site-packages\IPython\core\interactiveshell.py", line 3225, in _run_cell
    result = runner(coro)
  File "C:\Users\chris\AppData\Roaming\Python\Python314\site-packages\IPython\core\async_helpers.py", line 128, in _pseudo_sync_runner
    coro.send(None)
  File "C:\Users\chris\AppData\Roaming\Python\Python314\site-packages\IPython\core\interactiveshell.py", line 3447, in run_cell_async
    has_raised = await self.run_ast_nodes(code_ast.body, cell_name,
  File "C:\Users\chris\AppData\Roaming\Python\Python314\site-packages\IPython\core\interactiveshell.py", line 3688, in run_ast_nodes
    if await self.run_code(code, result, async_=asy):
  File "C:\Users\chris\AppData\Roaming\Python\Python314\site-packages\IPython\core\interactiveshell.py", line 3748, in run_code
    exec(code_obj, self.user_global_ns, self.user_ns)
  File "C:\Users\chris\AppData\Local\Temp\ipykernel_5480\3007420965.py", line 73, in <module>
    runpy.run_path(str(script_path), run_name="__main__")
  File "<frozen runpy>", line 287, in run_path
  File "<frozen runpy>", line 98, in _run_module_code
  File "<frozen runpy>", line 88, in _run_code
  File "C:\Users\chris\Desktop\Code\TracesPresenter\Traces_presenter\Jupyter\Chaine\scripts_Mirabelle\eq_FE_Mirabelle.py", line 73, in <module>
    main(_read, _write)
  File "C:\Users\chris\Desktop\Code\TracesPresenter\Traces_presenter\Jupyter\Chaine\scripts_Mirabelle\eq_FE_Mirabelle.py", line 64, in main
    out.info("  %s : EQ = %.3f  (%d Run.Test)", actor, eq, len(attempts))
Message: '  %s : EQ = %.3f  (%d Run.Test)'
Arguments: ('rigidites.refais', 0.3757021011025587, 487)
--- Logging error ---
Traceback (most recent call last):
  File "c:\Users\chris\AppData\Local\Programs\Python\Python314\Lib\logging\__init__.py", line 1154, in emit
    stream.write(msg + self.terminator)
    ~~~~~~~~~~~~^^^^^^^^^^^^^^^^^^^^^^^
ValueError: I/O operation on closed file.
Call stack:
  File "<frozen runpy>", line 198, in _run_module_as_main
  File "<frozen runpy>", line 88, in _run_code
  File "C:\Users\chris\AppData\Roaming\Python\Python314\site-packages\ipykernel_launcher.py", line 18, in <module>
    app.launch_new_instance()
  File "C:\Users\chris\AppData\Roaming\Python\Python314\site-packages\traitlets\config\application.py", line 1082, in launch_instance
    app.start()
  File "C:\Users\chris\AppData\Roaming\Python\Python314\site-packages\ipykernel\kernelapp.py", line 758, in start
    self.io_loop.start()
  File "C:\Users\chris\AppData\Roaming\Python\Python314\site-packages\tornado\platform\asyncio.py", line 211, in start
    self.asyncio_loop.run_forever()
  File "c:\Users\chris\AppData\Local\Programs\Python\Python314\Lib\asyncio\base_events.py", line 677, in run_forever
    self._run_once()
  File "c:\Users\chris\AppData\Local\Programs\Python\Python314\Lib\asyncio\base_events.py", line 2046, in _run_once
    handle._run()
  File "c:\Users\chris\AppData\Local\Programs\Python\Python314\Lib\asyncio\events.py", line 94, in _run
    self._context.run(self._callback, *self._args)
  File "C:\Users\chris\AppData\Roaming\Python\Python314\site-packages\ipykernel\kernelbase.py", line 621, in shell_main
    await self.dispatch_shell(msg, subshell_id=subshell_id)
  File "C:\Users\chris\AppData\Roaming\Python\Python314\site-packages\ipykernel\kernelbase.py", line 478, in dispatch_shell
    await result
  File "C:\Users\chris\AppData\Roaming\Python\Python314\site-packages\ipykernel\ipkernel.py", line 372, in execute_request
    await super().execute_request(stream, ident, parent)
  File "C:\Users\chris\AppData\Roaming\Python\Python314\site-packages\ipykernel\kernelbase.py", line 834, in execute_request
    reply_content = await reply_content
  File "C:\Users\chris\AppData\Roaming\Python\Python314\site-packages\ipykernel\ipkernel.py", line 464, in do_execute
    res = shell.run_cell(
  File "C:\Users\chris\AppData\Roaming\Python\Python314\site-packages\ipykernel\zmqshell.py", line 663, in run_cell
    return super().run_cell(*args, **kwargs)
  File "C:\Users\chris\AppData\Roaming\Python\Python314\site-packages\IPython\core\interactiveshell.py", line 3170, in run_cell
    result = self._run_cell(
  File "C:\Users\chris\AppData\Roaming\Python\Python314\site-packages\IPython\core\interactiveshell.py", line 3225, in _run_cell
    result = runner(coro)
  File "C:\Users\chris\AppData\Roaming\Python\Python314\site-packages\IPython\core\async_helpers.py", line 128, in _pseudo_sync_runner
    coro.send(None)
  File "C:\Users\chris\AppData\Roaming\Python\Python314\site-packages\IPython\core\interactiveshell.py", line 3447, in run_cell_async
    has_raised = await self.run_ast_nodes(code_ast.body, cell_name,
  File "C:\Users\chris\AppData\Roaming\Python\Python314\site-packages\IPython\core\interactiveshell.py", line 3688, in run_ast_nodes
    if await self.run_code(code, result, async_=asy):
  File "C:\Users\chris\AppData\Roaming\Python\Python314\site-packages\IPython\core\interactiveshell.py", line 3748, in run_code
    exec(code_obj, self.user_global_ns, self.user_ns)
  File "C:\Users\chris\AppData\Local\Temp\ipykernel_5480\3007420965.py", line 73, in <module>
    runpy.run_path(str(script_path), run_name="__main__")
  File "<frozen runpy>", line 287, in run_path
  File "<frozen runpy>", line 98, in _run_module_code
  File "<frozen runpy>", line 88, in _run_code
  File "C:\Users\chris\Desktop\Code\TracesPresenter\Traces_presenter\Jupyter\Chaine\scripts_Mirabelle\eq_FE_Mirabelle.py", line 73, in <module>
    main(_read, _write)
  File "C:\Users\chris\Desktop\Code\TracesPresenter\Traces_presenter\Jupyter\Chaine\scripts_Mirabelle\eq_FE_Mirabelle.py", line 64, in main
    out.info("  %s : EQ = %.3f  (%d Run.Test)", actor, eq, len(attempts))
Message: '  %s : EQ = %.3f  (%d Run.Test)'
Arguments: ('rock.huileriez', 0.3333333333333333, 16)
--- Logging error ---
Traceback (most recent call last):
  File "c:\Users\chris\AppData\Local\Programs\Python\Python314\Lib\logging\__init__.py", line 1154, in emit
    stream.write(msg + self.terminator)
    ~~~~~~~~~~~~^^^^^^^^^^^^^^^^^^^^^^^
ValueError: I/O operation on closed file.
Call stack:
  File "<frozen runpy>", line 198, in _run_module_as_main
  File "<frozen runpy>", line 88, in _run_code
  File "C:\Users\chris\AppData\Roaming\Python\Python314\site-packages\ipykernel_launcher.py", line 18, in <module>
    app.launch_new_instance()
  File "C:\Users\chris\AppData\Roaming\Python\Python314\site-packages\traitlets\config\application.py", line 1082, in launch_instance
    app.start()
  File "C:\Users\chris\AppData\Roaming\Python\Python314\site-packages\ipykernel\kernelapp.py", line 758, in start
    self.io_loop.start()
  File "C:\Users\chris\AppData\Roaming\Python\Python314\site-packages\tornado\platform\asyncio.py", line 211, in start
    self.asyncio_loop.run_forever()
  File "c:\Users\chris\AppData\Local\Programs\Python\Python314\Lib\asyncio\base_events.py", line 677, in run_forever
    self._run_once()
  File "c:\Users\chris\AppData\Local\Programs\Python\Python314\Lib\asyncio\base_events.py", line 2046, in _run_once
    handle._run()
  File "c:\Users\chris\AppData\Local\Programs\Python\Python314\Lib\asyncio\events.py", line 94, in _run
    self._context.run(self._callback, *self._args)
  File "C:\Users\chris\AppData\Roaming\Python\Python314\site-packages\ipykernel\kernelbase.py", line 621, in shell_main
    await self.dispatch_shell(msg, subshell_id=subshell_id)
  File "C:\Users\chris\AppData\Roaming\Python\Python314\site-packages\ipykernel\kernelbase.py", line 478, in dispatch_shell
    await result
  File "C:\Users\chris\AppData\Roaming\Python\Python314\site-packages\ipykernel\ipkernel.py", line 372, in execute_request
    await super().execute_request(stream, ident, parent)
  File "C:\Users\chris\AppData\Roaming\Python\Python314\site-packages\ipykernel\kernelbase.py", line 834, in execute_request
    reply_content = await reply_content
  File "C:\Users\chris\AppData\Roaming\Python\Python314\site-packages\ipykernel\ipkernel.py", line 464, in do_execute
    res = shell.run_cell(
  File "C:\Users\chris\AppData\Roaming\Python\Python314\site-packages\ipykernel\zmqshell.py", line 663, in run_cell
    return super().run_cell(*args, **kwargs)
  File "C:\Users\chris\AppData\Roaming\Python\Python314\site-packages\IPython\core\interactiveshell.py", line 3170, in run_cell
    result = self._run_cell(
  File "C:\Users\chris\AppData\Roaming\Python\Python314\site-packages\IPython\core\interactiveshell.py", line 3225, in _run_cell
    result = runner(coro)
  File "C:\Users\chris\AppData\Roaming\Python\Python314\site-packages\IPython\core\async_helpers.py", line 128, in _pseudo_sync_runner
    coro.send(None)
  File "C:\Users\chris\AppData\Roaming\Python\Python314\site-packages\IPython\core\interactiveshell.py", line 3447, in run_cell_async
    has_raised = await self.run_ast_nodes(code_ast.body, cell_name,
  File "C:\Users\chris\AppData\Roaming\Python\Python314\site-packages\IPython\core\interactiveshell.py", line 3688, in run_ast_nodes
    if await self.run_code(code, result, async_=asy):
  File "C:\Users\chris\AppData\Roaming\Python\Python314\site-packages\IPython\core\interactiveshell.py", line 3748, in run_code
    exec(code_obj, self.user_global_ns, self.user_ns)
  File "C:\Users\chris\AppData\Local\Temp\ipykernel_5480\3007420965.py", line 73, in <module>
    runpy.run_path(str(script_path), run_name="__main__")
  File "<frozen runpy>", line 287, in run_path
  File "<frozen runpy>", line 98, in _run_module_code
  File "<frozen runpy>", line 88, in _run_code
  File "C:\Users\chris\Desktop\Code\TracesPresenter\Traces_presenter\Jupyter\Chaine\scripts_Mirabelle\eq_FE_Mirabelle.py", line 73, in <module>
    main(_read, _write)
  File "C:\Users\chris\Desktop\Code\TracesPresenter\Traces_presenter\Jupyter\Chaine\scripts_Mirabelle\eq_FE_Mirabelle.py", line 64, in main
    out.info("  %s : EQ = %.3f  (%d Run.Test)", actor, eq, len(attempts))
Message: '  %s : EQ = %.3f  (%d Run.Test)'
Arguments: ('rodee.rebuta', 0.376719221737672, 304)
--- Logging error ---
Traceback (most recent call last):
  File "c:\Users\chris\AppData\Local\Programs\Python\Python314\Lib\logging\__init__.py", line 1154, in emit
    stream.write(msg + self.terminator)
    ~~~~~~~~~~~~^^^^^^^^^^^^^^^^^^^^^^^
ValueError: I/O operation on closed file.
Call stack:
  File "<frozen runpy>", line 198, in _run_module_as_main
  File "<frozen runpy>", line 88, in _run_code
  File "C:\Users\chris\AppData\Roaming\Python\Python314\site-packages\ipykernel_launcher.py", line 18, in <module>
    app.launch_new_instance()
  File "C:\Users\chris\AppData\Roaming\Python\Python314\site-packages\traitlets\config\application.py", line 1082, in launch_instance
    app.start()
  File "C:\Users\chris\AppData\Roaming\Python\Python314\site-packages\ipykernel\kernelapp.py", line 758, in start
    self.io_loop.start()
  File "C:\Users\chris\AppData\Roaming\Python\Python314\site-packages\tornado\platform\asyncio.py", line 211, in start
    self.asyncio_loop.run_forever()
  File "c:\Users\chris\AppData\Local\Programs\Python\Python314\Lib\asyncio\base_events.py", line 677, in run_forever
    self._run_once()
  File "c:\Users\chris\AppData\Local\Programs\Python\Python314\Lib\asyncio\base_events.py", line 2046, in _run_once
    handle._run()
  File "c:\Users\chris\AppData\Local\Programs\Python\Python314\Lib\asyncio\events.py", line 94, in _run
    self._context.run(self._callback, *self._args)
  File "C:\Users\chris\AppData\Roaming\Python\Python314\site-packages\ipykernel\kernelbase.py", line 621, in shell_main
    await self.dispatch_shell(msg, subshell_id=subshell_id)
  File "C:\Users\chris\AppData\Roaming\Python\Python314\site-packages\ipykernel\kernelbase.py", line 478, in dispatch_shell
    await result
  File "C:\Users\chris\AppData\Roaming\Python\Python314\site-packages\ipykernel\ipkernel.py", line 372, in execute_request
    await super().execute_request(stream, ident, parent)
  File "C:\Users\chris\AppData\Roaming\Python\Python314\site-packages\ipykernel\kernelbase.py", line 834, in execute_request
    reply_content = await reply_content
  File "C:\Users\chris\AppData\Roaming\Python\Python314\site-packages\ipykernel\ipkernel.py", line 464, in do_execute
    res = shell.run_cell(
  File "C:\Users\chris\AppData\Roaming\Python\Python314\site-packages\ipykernel\zmqshell.py", line 663, in run_cell
    return super().run_cell(*args, **kwargs)
  File "C:\Users\chris\AppData\Roaming\Python\Python314\site-packages\IPython\core\interactiveshell.py", line 3170, in run_cell
    result = self._run_cell(
  File "C:\Users\chris\AppData\Roaming\Python\Python314\site-packages\IPython\core\interactiveshell.py", line 3225, in _run_cell
    result = runner(coro)
  File "C:\Users\chris\AppData\Roaming\Python\Python314\site-packages\IPython\core\async_helpers.py", line 128, in _pseudo_sync_runner
    coro.send(None)
  File "C:\Users\chris\AppData\Roaming\Python\Python314\site-packages\IPython\core\interactiveshell.py", line 3447, in run_cell_async
    has_raised = await self.run_ast_nodes(code_ast.body, cell_name,
  File "C:\Users\chris\AppData\Roaming\Python\Python314\site-packages\IPython\core\interactiveshell.py", line 3688, in run_ast_nodes
    if await self.run_code(code, result, async_=asy):
  File "C:\Users\chris\AppData\Roaming\Python\Python314\site-packages\IPython\core\interactiveshell.py", line 3748, in run_code
    exec(code_obj, self.user_global_ns, self.user_ns)
  File "C:\Users\chris\AppData\Local\Temp\ipykernel_5480\3007420965.py", line 73, in <module>
    runpy.run_path(str(script_path), run_name="__main__")
  File "<frozen runpy>", line 287, in run_path
  File "<frozen runpy>", line 98, in _run_module_code
  File "<frozen runpy>", line 88, in _run_code
  File "C:\Users\chris\Desktop\Code\TracesPresenter\Traces_presenter\Jupyter\Chaine\scripts_Mirabelle\eq_FE_Mirabelle.py", line 73, in <module>
    main(_read, _write)
  File "C:\Users\chris\Desktop\Code\TracesPresenter\Traces_presenter\Jupyter\Chaine\scripts_Mirabelle\eq_FE_Mirabelle.py", line 64, in main
    out.info("  %s : EQ = %.3f  (%d Run.Test)", actor, eq, len(attempts))
Message: '  %s : EQ = %.3f  (%d Run.Test)'
Arguments: ('roquets.limite', 0.2413793103448276, 71)
--- Logging error ---
Traceback (most recent call last):
  File "c:\Users\chris\AppData\Local\Programs\Python\Python314\Lib\logging\__init__.py", line 1154, in emit
    stream.write(msg + self.terminator)
    ~~~~~~~~~~~~^^^^^^^^^^^^^^^^^^^^^^^
ValueError: I/O operation on closed file.
Call stack:
  File "<frozen runpy>", line 198, in _run_module_as_main
  File "<frozen runpy>", line 88, in _run_code
  File "C:\Users\chris\AppData\Roaming\Python\Python314\site-packages\ipykernel_launcher.py", line 18, in <module>
    app.launch_new_instance()
  File "C:\Users\chris\AppData\Roaming\Python\Python314\site-packages\traitlets\config\application.py", line 1082, in launch_instance
    app.start()
  File "C:\Users\chris\AppData\Roaming\Python\Python314\site-packages\ipykernel\kernelapp.py", line 758, in start
    self.io_loop.start()
  File "C:\Users\chris\AppData\Roaming\Python\Python314\site-packages\tornado\platform\asyncio.py", line 211, in start
    self.asyncio_loop.run_forever()
  File "c:\Users\chris\AppData\Local\Programs\Python\Python314\Lib\asyncio\base_events.py", line 677, in run_forever
    self._run_once()
  File "c:\Users\chris\AppData\Local\Programs\Python\Python314\Lib\asyncio\base_events.py", line 2046, in _run_once
    handle._run()
  File "c:\Users\chris\AppData\Local\Programs\Python\Python314\Lib\asyncio\events.py", line 94, in _run
    self._context.run(self._callback, *self._args)
  File "C:\Users\chris\AppData\Roaming\Python\Python314\site-packages\ipykernel\kernelbase.py", line 621, in shell_main
    await self.dispatch_shell(msg, subshell_id=subshell_id)
  File "C:\Users\chris\AppData\Roaming\Python\Python314\site-packages\ipykernel\kernelbase.py", line 478, in dispatch_shell
    await result
  File "C:\Users\chris\AppData\Roaming\Python\Python314\site-packages\ipykernel\ipkernel.py", line 372, in execute_request
    await super().execute_request(stream, ident, parent)
  File "C:\Users\chris\AppData\Roaming\Python\Python314\site-packages\ipykernel\kernelbase.py", line 834, in execute_request
    reply_content = await reply_content
  File "C:\Users\chris\AppData\Roaming\Python\Python314\site-packages\ipykernel\ipkernel.py", line 464, in do_execute
    res = shell.run_cell(
  File "C:\Users\chris\AppData\Roaming\Python\Python314\site-packages\ipykernel\zmqshell.py", line 663, in run_cell
    return super().run_cell(*args, **kwargs)
  File "C:\Users\chris\AppData\Roaming\Python\Python314\site-packages\IPython\core\interactiveshell.py", line 3170, in run_cell
    result = self._run_cell(
  File "C:\Users\chris\AppData\Roaming\Python\Python314\site-packages\IPython\core\interactiveshell.py", line 3225, in _run_cell
    result = runner(coro)
  File "C:\Users\chris\AppData\Roaming\Python\Python314\site-packages\IPython\core\async_helpers.py", line 128, in _pseudo_sync_runner
    coro.send(None)
  File "C:\Users\chris\AppData\Roaming\Python\Python314\site-packages\IPython\core\interactiveshell.py", line 3447, in run_cell_async
    has_raised = await self.run_ast_nodes(code_ast.body, cell_name,
  File "C:\Users\chris\AppData\Roaming\Python\Python314\site-packages\IPython\core\interactiveshell.py", line 3688, in run_ast_nodes
    if await self.run_code(code, result, async_=asy):
  File "C:\Users\chris\AppData\Roaming\Python\Python314\site-packages\IPython\core\interactiveshell.py", line 3748, in run_code
    exec(code_obj, self.user_global_ns, self.user_ns)
  File "C:\Users\chris\AppData\Local\Temp\ipykernel_5480\3007420965.py", line 73, in <module>
    runpy.run_path(str(script_path), run_name="__main__")
  File "<frozen runpy>", line 287, in run_path
  File "<frozen runpy>", line 98, in _run_module_code
  File "<frozen runpy>", line 88, in _run_code
  File "C:\Users\chris\Desktop\Code\TracesPresenter\Traces_presenter\Jupyter\Chaine\scripts_Mirabelle\eq_FE_Mirabelle.py", line 73, in <module>
    main(_read, _write)
  File "C:\Users\chris\Desktop\Code\TracesPresenter\Traces_presenter\Jupyter\Chaine\scripts_Mirabelle\eq_FE_Mirabelle.py", line 64, in main
    out.info("  %s : EQ = %.3f  (%d Run.Test)", actor, eq, len(attempts))
Message: '  %s : EQ = %.3f  (%d Run.Test)'
Arguments: ('rotissez.pesee', 0.0, 5)
--- Logging error ---
Traceback (most recent call last):
  File "c:\Users\chris\AppData\Local\Programs\Python\Python314\Lib\logging\__init__.py", line 1154, in emit
    stream.write(msg + self.terminator)
    ~~~~~~~~~~~~^^^^^^^^^^^^^^^^^^^^^^^
ValueError: I/O operation on closed file.
Call stack:
  File "<frozen runpy>", line 198, in _run_module_as_main
  File "<frozen runpy>", line 88, in _run_code
  File "C:\Users\chris\AppData\Roaming\Python\Python314\site-packages\ipykernel_launcher.py", line 18, in <module>
    app.launch_new_instance()
  File "C:\Users\chris\AppData\Roaming\Python\Python314\site-packages\traitlets\config\application.py", line 1082, in launch_instance
    app.start()
  File "C:\Users\chris\AppData\Roaming\Python\Python314\site-packages\ipykernel\kernelapp.py", line 758, in start
    self.io_loop.start()
  File "C:\Users\chris\AppData\Roaming\Python\Python314\site-packages\tornado\platform\asyncio.py", line 211, in start
    self.asyncio_loop.run_forever()
  File "c:\Users\chris\AppData\Local\Programs\Python\Python314\Lib\asyncio\base_events.py", line 677, in run_forever
    self._run_once()
  File "c:\Users\chris\AppData\Local\Programs\Python\Python314\Lib\asyncio\base_events.py", line 2046, in _run_once
    handle._run()
  File "c:\Users\chris\AppData\Local\Programs\Python\Python314\Lib\asyncio\events.py", line 94, in _run
    self._context.run(self._callback, *self._args)
  File "C:\Users\chris\AppData\Roaming\Python\Python314\site-packages\ipykernel\kernelbase.py", line 621, in shell_main
    await self.dispatch_shell(msg, subshell_id=subshell_id)
  File "C:\Users\chris\AppData\Roaming\Python\Python314\site-packages\ipykernel\kernelbase.py", line 478, in dispatch_shell
    await result
  File "C:\Users\chris\AppData\Roaming\Python\Python314\site-packages\ipykernel\ipkernel.py", line 372, in execute_request
    await super().execute_request(stream, ident, parent)
  File "C:\Users\chris\AppData\Roaming\Python\Python314\site-packages\ipykernel\kernelbase.py", line 834, in execute_request
    reply_content = await reply_content
  File "C:\Users\chris\AppData\Roaming\Python\Python314\site-packages\ipykernel\ipkernel.py", line 464, in do_execute
    res = shell.run_cell(
  File "C:\Users\chris\AppData\Roaming\Python\Python314\site-packages\ipykernel\zmqshell.py", line 663, in run_cell
    return super().run_cell(*args, **kwargs)
  File "C:\Users\chris\AppData\Roaming\Python\Python314\site-packages\IPython\core\interactiveshell.py", line 3170, in run_cell
    result = self._run_cell(
  File "C:\Users\chris\AppData\Roaming\Python\Python314\site-packages\IPython\core\interactiveshell.py", line 3225, in _run_cell
    result = runner(coro)
  File "C:\Users\chris\AppData\Roaming\Python\Python314\site-packages\IPython\core\async_helpers.py", line 128, in _pseudo_sync_runner
    coro.send(None)
  File "C:\Users\chris\AppData\Roaming\Python\Python314\site-packages\IPython\core\interactiveshell.py", line 3447, in run_cell_async
    has_raised = await self.run_ast_nodes(code_ast.body, cell_name,
  File "C:\Users\chris\AppData\Roaming\Python\Python314\site-packages\IPython\core\interactiveshell.py", line 3688, in run_ast_nodes
    if await self.run_code(code, result, async_=asy):
  File "C:\Users\chris\AppData\Roaming\Python\Python314\site-packages\IPython\core\interactiveshell.py", line 3748, in run_code
    exec(code_obj, self.user_global_ns, self.user_ns)
  File "C:\Users\chris\AppData\Local\Temp\ipykernel_5480\3007420965.py", line 73, in <module>
    runpy.run_path(str(script_path), run_name="__main__")
  File "<frozen runpy>", line 287, in run_path
  File "<frozen runpy>", line 98, in _run_module_code
  File "<frozen runpy>", line 88, in _run_code
  File "C:\Users\chris\Desktop\Code\TracesPresenter\Traces_presenter\Jupyter\Chaine\scripts_Mirabelle\eq_FE_Mirabelle.py", line 73, in <module>
    main(_read, _write)
  File "C:\Users\chris\Desktop\Code\TracesPresenter\Traces_presenter\Jupyter\Chaine\scripts_Mirabelle\eq_FE_Mirabelle.py", line 64, in main
    out.info("  %s : EQ = %.3f  (%d Run.Test)", actor, eq, len(attempts))
Message: '  %s : EQ = %.3f  (%d Run.Test)'
Arguments: ('roulant.vrilla', 0.07792207792207792, 93)
--- Logging error ---
Traceback (most recent call last):
  File "c:\Users\chris\AppData\Local\Programs\Python\Python314\Lib\logging\__init__.py", line 1154, in emit
    stream.write(msg + self.terminator)
    ~~~~~~~~~~~~^^^^^^^^^^^^^^^^^^^^^^^
ValueError: I/O operation on closed file.
Call stack:
  File "<frozen runpy>", line 198, in _run_module_as_main
  File "<frozen runpy>", line 88, in _run_code
  File "C:\Users\chris\AppData\Roaming\Python\Python314\site-packages\ipykernel_launcher.py", line 18, in <module>
    app.launch_new_instance()
  File "C:\Users\chris\AppData\Roaming\Python\Python314\site-packages\traitlets\config\application.py", line 1082, in launch_instance
    app.start()
  File "C:\Users\chris\AppData\Roaming\Python\Python314\site-packages\ipykernel\kernelapp.py", line 758, in start
    self.io_loop.start()
  File "C:\Users\chris\AppData\Roaming\Python\Python314\site-packages\tornado\platform\asyncio.py", line 211, in start
    self.asyncio_loop.run_forever()
  File "c:\Users\chris\AppData\Local\Programs\Python\Python314\Lib\asyncio\base_events.py", line 677, in run_forever
    self._run_once()
  File "c:\Users\chris\AppData\Local\Programs\Python\Python314\Lib\asyncio\base_events.py", line 2046, in _run_once
    handle._run()
  File "c:\Users\chris\AppData\Local\Programs\Python\Python314\Lib\asyncio\events.py", line 94, in _run
    self._context.run(self._callback, *self._args)
  File "C:\Users\chris\AppData\Roaming\Python\Python314\site-packages\ipykernel\kernelbase.py", line 621, in shell_main
    await self.dispatch_shell(msg, subshell_id=subshell_id)
  File "C:\Users\chris\AppData\Roaming\Python\Python314\site-packages\ipykernel\kernelbase.py", line 478, in dispatch_shell
    await result
  File "C:\Users\chris\AppData\Roaming\Python\Python314\site-packages\ipykernel\ipkernel.py", line 372, in execute_request
    await super().execute_request(stream, ident, parent)
  File "C:\Users\chris\AppData\Roaming\Python\Python314\site-packages\ipykernel\kernelbase.py", line 834, in execute_request
    reply_content = await reply_content
  File "C:\Users\chris\AppData\Roaming\Python\Python314\site-packages\ipykernel\ipkernel.py", line 464, in do_execute
    res = shell.run_cell(
  File "C:\Users\chris\AppData\Roaming\Python\Python314\site-packages\ipykernel\zmqshell.py", line 663, in run_cell
    return super().run_cell(*args, **kwargs)
  File "C:\Users\chris\AppData\Roaming\Python\Python314\site-packages\IPython\core\interactiveshell.py", line 3170, in run_cell
    result = self._run_cell(
  File "C:\Users\chris\AppData\Roaming\Python\Python314\site-packages\IPython\core\interactiveshell.py", line 3225, in _run_cell
    result = runner(coro)
  File "C:\Users\chris\AppData\Roaming\Python\Python314\site-packages\IPython\core\async_helpers.py", line 128, in _pseudo_sync_runner
    coro.send(None)
  File "C:\Users\chris\AppData\Roaming\Python\Python314\site-packages\IPython\core\interactiveshell.py", line 3447, in run_cell_async
    has_raised = await self.run_ast_nodes(code_ast.body, cell_name,
  File "C:\Users\chris\AppData\Roaming\Python\Python314\site-packages\IPython\core\interactiveshell.py", line 3688, in run_ast_nodes
    if await self.run_code(code, result, async_=asy):
  File "C:\Users\chris\AppData\Roaming\Python\Python314\site-packages\IPython\core\interactiveshell.py", line 3748, in run_code
    exec(code_obj, self.user_global_ns, self.user_ns)
  File "C:\Users\chris\AppData\Local\Temp\ipykernel_5480\3007420965.py", line 73, in <module>
    runpy.run_path(str(script_path), run_name="__main__")
  File "<frozen runpy>", line 287, in run_path
  File "<frozen runpy>", line 98, in _run_module_code
  File "<frozen runpy>", line 88, in _run_code
  File "C:\Users\chris\Desktop\Code\TracesPresenter\Traces_presenter\Jupyter\Chaine\scripts_Mirabelle\eq_FE_Mirabelle.py", line 73, in <module>
    main(_read, _write)
  File "C:\Users\chris\Desktop\Code\TracesPresenter\Traces_presenter\Jupyter\Chaine\scripts_Mirabelle\eq_FE_Mirabelle.py", line 64, in main
    out.info("  %s : EQ = %.3f  (%d Run.Test)", actor, eq, len(attempts))
Message: '  %s : EQ = %.3f  (%d Run.Test)'
Arguments: ('ruminerez.affaissez', 0.2228596646072374, 234)
--- Logging error ---
Traceback (most recent call last):
  File "c:\Users\chris\AppData\Local\Programs\Python\Python314\Lib\logging\__init__.py", line 1154, in emit
    stream.write(msg + self.terminator)
    ~~~~~~~~~~~~^^^^^^^^^^^^^^^^^^^^^^^
ValueError: I/O operation on closed file.
Call stack:
  File "<frozen runpy>", line 198, in _run_module_as_main
  File "<frozen runpy>", line 88, in _run_code
  File "C:\Users\chris\AppData\Roaming\Python\Python314\site-packages\ipykernel_launcher.py", line 18, in <module>
    app.launch_new_instance()
  File "C:\Users\chris\AppData\Roaming\Python\Python314\site-packages\traitlets\config\application.py", line 1082, in launch_instance
    app.start()
  File "C:\Users\chris\AppData\Roaming\Python\Python314\site-packages\ipykernel\kernelapp.py", line 758, in start
    self.io_loop.start()
  File "C:\Users\chris\AppData\Roaming\Python\Python314\site-packages\tornado\platform\asyncio.py", line 211, in start
    self.asyncio_loop.run_forever()
  File "c:\Users\chris\AppData\Local\Programs\Python\Python314\Lib\asyncio\base_events.py", line 677, in run_forever
    self._run_once()
  File "c:\Users\chris\AppData\Local\Programs\Python\Python314\Lib\asyncio\base_events.py", line 2046, in _run_once
    handle._run()
  File "c:\Users\chris\AppData\Local\Programs\Python\Python314\Lib\asyncio\events.py", line 94, in _run
    self._context.run(self._callback, *self._args)
  File "C:\Users\chris\AppData\Roaming\Python\Python314\site-packages\ipykernel\kernelbase.py", line 621, in shell_main
    await self.dispatch_shell(msg, subshell_id=subshell_id)
  File "C:\Users\chris\AppData\Roaming\Python\Python314\site-packages\ipykernel\kernelbase.py", line 478, in dispatch_shell
    await result
  File "C:\Users\chris\AppData\Roaming\Python\Python314\site-packages\ipykernel\ipkernel.py", line 372, in execute_request
    await super().execute_request(stream, ident, parent)
  File "C:\Users\chris\AppData\Roaming\Python\Python314\site-packages\ipykernel\kernelbase.py", line 834, in execute_request
    reply_content = await reply_content
  File "C:\Users\chris\AppData\Roaming\Python\Python314\site-packages\ipykernel\ipkernel.py", line 464, in do_execute
    res = shell.run_cell(
  File "C:\Users\chris\AppData\Roaming\Python\Python314\site-packages\ipykernel\zmqshell.py", line 663, in run_cell
    return super().run_cell(*args, **kwargs)
  File "C:\Users\chris\AppData\Roaming\Python\Python314\site-packages\IPython\core\interactiveshell.py", line 3170, in run_cell
    result = self._run_cell(
  File "C:\Users\chris\AppData\Roaming\Python\Python314\site-packages\IPython\core\interactiveshell.py", line 3225, in _run_cell
    result = runner(coro)
  File "C:\Users\chris\AppData\Roaming\Python\Python314\site-packages\IPython\core\async_helpers.py", line 128, in _pseudo_sync_runner
    coro.send(None)
  File "C:\Users\chris\AppData\Roaming\Python\Python314\site-packages\IPython\core\interactiveshell.py", line 3447, in run_cell_async
    has_raised = await self.run_ast_nodes(code_ast.body, cell_name,
  File "C:\Users\chris\AppData\Roaming\Python\Python314\site-packages\IPython\core\interactiveshell.py", line 3688, in run_ast_nodes
    if await self.run_code(code, result, async_=asy):
  File "C:\Users\chris\AppData\Roaming\Python\Python314\site-packages\IPython\core\interactiveshell.py", line 3748, in run_code
    exec(code_obj, self.user_global_ns, self.user_ns)
  File "C:\Users\chris\AppData\Local\Temp\ipykernel_5480\3007420965.py", line 73, in <module>
    runpy.run_path(str(script_path), run_name="__main__")
  File "<frozen runpy>", line 287, in run_path
  File "<frozen runpy>", line 98, in _run_module_code
  File "<frozen runpy>", line 88, in _run_code
  File "C:\Users\chris\Desktop\Code\TracesPresenter\Traces_presenter\Jupyter\Chaine\scripts_Mirabelle\eq_FE_Mirabelle.py", line 73, in <module>
    main(_read, _write)
  File "C:\Users\chris\Desktop\Code\TracesPresenter\Traces_presenter\Jupyter\Chaine\scripts_Mirabelle\eq_FE_Mirabelle.py", line 64, in main
    out.info("  %s : EQ = %.3f  (%d Run.Test)", actor, eq, len(attempts))
Message: '  %s : EQ = %.3f  (%d Run.Test)'
Arguments: ('sachent.gares', 0.4599619382228078, 766)
--- Logging error ---
Traceback (most recent call last):
  File "c:\Users\chris\AppData\Local\Programs\Python\Python314\Lib\logging\__init__.py", line 1154, in emit
    stream.write(msg + self.terminator)
    ~~~~~~~~~~~~^^^^^^^^^^^^^^^^^^^^^^^
ValueError: I/O operation on closed file.
Call stack:
  File "<frozen runpy>", line 198, in _run_module_as_main
  File "<frozen runpy>", line 88, in _run_code
  File "C:\Users\chris\AppData\Roaming\Python\Python314\site-packages\ipykernel_launcher.py", line 18, in <module>
    app.launch_new_instance()
  File "C:\Users\chris\AppData\Roaming\Python\Python314\site-packages\traitlets\config\application.py", line 1082, in launch_instance
    app.start()
  File "C:\Users\chris\AppData\Roaming\Python\Python314\site-packages\ipykernel\kernelapp.py", line 758, in start
    self.io_loop.start()
  File "C:\Users\chris\AppData\Roaming\Python\Python314\site-packages\tornado\platform\asyncio.py", line 211, in start
    self.asyncio_loop.run_forever()
  File "c:\Users\chris\AppData\Local\Programs\Python\Python314\Lib\asyncio\base_events.py", line 677, in run_forever
    self._run_once()
  File "c:\Users\chris\AppData\Local\Programs\Python\Python314\Lib\asyncio\base_events.py", line 2046, in _run_once
    handle._run()
  File "c:\Users\chris\AppData\Local\Programs\Python\Python314\Lib\asyncio\events.py", line 94, in _run
    self._context.run(self._callback, *self._args)
  File "C:\Users\chris\AppData\Roaming\Python\Python314\site-packages\ipykernel\kernelbase.py", line 621, in shell_main
    await self.dispatch_shell(msg, subshell_id=subshell_id)
  File "C:\Users\chris\AppData\Roaming\Python\Python314\site-packages\ipykernel\kernelbase.py", line 478, in dispatch_shell
    await result
  File "C:\Users\chris\AppData\Roaming\Python\Python314\site-packages\ipykernel\ipkernel.py", line 372, in execute_request
    await super().execute_request(stream, ident, parent)
  File "C:\Users\chris\AppData\Roaming\Python\Python314\site-packages\ipykernel\kernelbase.py", line 834, in execute_request
    reply_content = await reply_content
  File "C:\Users\chris\AppData\Roaming\Python\Python314\site-packages\ipykernel\ipkernel.py", line 464, in do_execute
    res = shell.run_cell(
  File "C:\Users\chris\AppData\Roaming\Python\Python314\site-packages\ipykernel\zmqshell.py", line 663, in run_cell
    return super().run_cell(*args, **kwargs)
  File "C:\Users\chris\AppData\Roaming\Python\Python314\site-packages\IPython\core\interactiveshell.py", line 3170, in run_cell
    result = self._run_cell(
  File "C:\Users\chris\AppData\Roaming\Python\Python314\site-packages\IPython\core\interactiveshell.py", line 3225, in _run_cell
    result = runner(coro)
  File "C:\Users\chris\AppData\Roaming\Python\Python314\site-packages\IPython\core\async_helpers.py", line 128, in _pseudo_sync_runner
    coro.send(None)
  File "C:\Users\chris\AppData\Roaming\Python\Python314\site-packages\IPython\core\interactiveshell.py", line 3447, in run_cell_async
    has_raised = await self.run_ast_nodes(code_ast.body, cell_name,
  File "C:\Users\chris\AppData\Roaming\Python\Python314\site-packages\IPython\core\interactiveshell.py", line 3688, in run_ast_nodes
    if await self.run_code(code, result, async_=asy):
  File "C:\Users\chris\AppData\Roaming\Python\Python314\site-packages\IPython\core\interactiveshell.py", line 3748, in run_code
    exec(code_obj, self.user_global_ns, self.user_ns)
  File "C:\Users\chris\AppData\Local\Temp\ipykernel_5480\3007420965.py", line 73, in <module>
    runpy.run_path(str(script_path), run_name="__main__")
  File "<frozen runpy>", line 287, in run_path
  File "<frozen runpy>", line 98, in _run_module_code
  File "<frozen runpy>", line 88, in _run_code
  File "C:\Users\chris\Desktop\Code\TracesPresenter\Traces_presenter\Jupyter\Chaine\scripts_Mirabelle\eq_FE_Mirabelle.py", line 73, in <module>
    main(_read, _write)
  File "C:\Users\chris\Desktop\Code\TracesPresenter\Traces_presenter\Jupyter\Chaine\scripts_Mirabelle\eq_FE_Mirabelle.py", line 64, in main
    out.info("  %s : EQ = %.3f  (%d Run.Test)", actor, eq, len(attempts))
Message: '  %s : EQ = %.3f  (%d Run.Test)'
Arguments: ('salauds.hachure', 0.2077020202020202, 330)
--- Logging error ---
Traceback (most recent call last):
  File "c:\Users\chris\AppData\Local\Programs\Python\Python314\Lib\logging\__init__.py", line 1154, in emit
    stream.write(msg + self.terminator)
    ~~~~~~~~~~~~^^^^^^^^^^^^^^^^^^^^^^^
ValueError: I/O operation on closed file.
Call stack:
  File "<frozen runpy>", line 198, in _run_module_as_main
  File "<frozen runpy>", line 88, in _run_code
  File "C:\Users\chris\AppData\Roaming\Python\Python314\site-packages\ipykernel_launcher.py", line 18, in <module>
    app.launch_new_instance()
  File "C:\Users\chris\AppData\Roaming\Python\Python314\site-packages\traitlets\config\application.py", line 1082, in launch_instance
    app.start()
  File "C:\Users\chris\AppData\Roaming\Python\Python314\site-packages\ipykernel\kernelapp.py", line 758, in start
    self.io_loop.start()
  File "C:\Users\chris\AppData\Roaming\Python\Python314\site-packages\tornado\platform\asyncio.py", line 211, in start
    self.asyncio_loop.run_forever()
  File "c:\Users\chris\AppData\Local\Programs\Python\Python314\Lib\asyncio\base_events.py", line 677, in run_forever
    self._run_once()
  File "c:\Users\chris\AppData\Local\Programs\Python\Python314\Lib\asyncio\base_events.py", line 2046, in _run_once
    handle._run()
  File "c:\Users\chris\AppData\Local\Programs\Python\Python314\Lib\asyncio\events.py", line 94, in _run
    self._context.run(self._callback, *self._args)
  File "C:\Users\chris\AppData\Roaming\Python\Python314\site-packages\ipykernel\kernelbase.py", line 621, in shell_main
    await self.dispatch_shell(msg, subshell_id=subshell_id)
  File "C:\Users\chris\AppData\Roaming\Python\Python314\site-packages\ipykernel\kernelbase.py", line 478, in dispatch_shell
    await result
  File "C:\Users\chris\AppData\Roaming\Python\Python314\site-packages\ipykernel\ipkernel.py", line 372, in execute_request
    await super().execute_request(stream, ident, parent)
  File "C:\Users\chris\AppData\Roaming\Python\Python314\site-packages\ipykernel\kernelbase.py", line 834, in execute_request
    reply_content = await reply_content
  File "C:\Users\chris\AppData\Roaming\Python\Python314\site-packages\ipykernel\ipkernel.py", line 464, in do_execute
    res = shell.run_cell(
  File "C:\Users\chris\AppData\Roaming\Python\Python314\site-packages\ipykernel\zmqshell.py", line 663, in run_cell
    return super().run_cell(*args, **kwargs)
  File "C:\Users\chris\AppData\Roaming\Python\Python314\site-packages\IPython\core\interactiveshell.py", line 3170, in run_cell
    result = self._run_cell(
  File "C:\Users\chris\AppData\Roaming\Python\Python314\site-packages\IPython\core\interactiveshell.py", line 3225, in _run_cell
    result = runner(coro)
  File "C:\Users\chris\AppData\Roaming\Python\Python314\site-packages\IPython\core\async_helpers.py", line 128, in _pseudo_sync_runner
    coro.send(None)
  File "C:\Users\chris\AppData\Roaming\Python\Python314\site-packages\IPython\core\interactiveshell.py", line 3447, in run_cell_async
    has_raised = await self.run_ast_nodes(code_ast.body, cell_name,
  File "C:\Users\chris\AppData\Roaming\Python\Python314\site-packages\IPython\core\interactiveshell.py", line 3688, in run_ast_nodes
    if await self.run_code(code, result, async_=asy):
  File "C:\Users\chris\AppData\Roaming\Python\Python314\site-packages\IPython\core\interactiveshell.py", line 3748, in run_code
    exec(code_obj, self.user_global_ns, self.user_ns)
  File "C:\Users\chris\AppData\Local\Temp\ipykernel_5480\3007420965.py", line 73, in <module>
    runpy.run_path(str(script_path), run_name="__main__")
  File "<frozen runpy>", line 287, in run_path
  File "<frozen runpy>", line 98, in _run_module_code
  File "<frozen runpy>", line 88, in _run_code
  File "C:\Users\chris\Desktop\Code\TracesPresenter\Traces_presenter\Jupyter\Chaine\scripts_Mirabelle\eq_FE_Mirabelle.py", line 73, in <module>
    main(_read, _write)
  File "C:\Users\chris\Desktop\Code\TracesPresenter\Traces_presenter\Jupyter\Chaine\scripts_Mirabelle\eq_FE_Mirabelle.py", line 64, in main
    out.info("  %s : EQ = %.3f  (%d Run.Test)", actor, eq, len(attempts))
Message: '  %s : EQ = %.3f  (%d Run.Test)'
Arguments: ('seconds.etagerais', 0.1711229946524064, 134)
--- Logging error ---
Traceback (most recent call last):
  File "c:\Users\chris\AppData\Local\Programs\Python\Python314\Lib\logging\__init__.py", line 1154, in emit
    stream.write(msg + self.terminator)
    ~~~~~~~~~~~~^^^^^^^^^^^^^^^^^^^^^^^
ValueError: I/O operation on closed file.
Call stack:
  File "<frozen runpy>", line 198, in _run_module_as_main
  File "<frozen runpy>", line 88, in _run_code
  File "C:\Users\chris\AppData\Roaming\Python\Python314\site-packages\ipykernel_launcher.py", line 18, in <module>
    app.launch_new_instance()
  File "C:\Users\chris\AppData\Roaming\Python\Python314\site-packages\traitlets\config\application.py", line 1082, in launch_instance
    app.start()
  File "C:\Users\chris\AppData\Roaming\Python\Python314\site-packages\ipykernel\kernelapp.py", line 758, in start
    self.io_loop.start()
  File "C:\Users\chris\AppData\Roaming\Python\Python314\site-packages\tornado\platform\asyncio.py", line 211, in start
    self.asyncio_loop.run_forever()
  File "c:\Users\chris\AppData\Local\Programs\Python\Python314\Lib\asyncio\base_events.py", line 677, in run_forever
    self._run_once()
  File "c:\Users\chris\AppData\Local\Programs\Python\Python314\Lib\asyncio\base_events.py", line 2046, in _run_once
    handle._run()
  File "c:\Users\chris\AppData\Local\Programs\Python\Python314\Lib\asyncio\events.py", line 94, in _run
    self._context.run(self._callback, *self._args)
  File "C:\Users\chris\AppData\Roaming\Python\Python314\site-packages\ipykernel\kernelbase.py", line 621, in shell_main
    await self.dispatch_shell(msg, subshell_id=subshell_id)
  File "C:\Users\chris\AppData\Roaming\Python\Python314\site-packages\ipykernel\kernelbase.py", line 478, in dispatch_shell
    await result
  File "C:\Users\chris\AppData\Roaming\Python\Python314\site-packages\ipykernel\ipkernel.py", line 372, in execute_request
    await super().execute_request(stream, ident, parent)
  File "C:\Users\chris\AppData\Roaming\Python\Python314\site-packages\ipykernel\kernelbase.py", line 834, in execute_request
    reply_content = await reply_content
  File "C:\Users\chris\AppData\Roaming\Python\Python314\site-packages\ipykernel\ipkernel.py", line 464, in do_execute
    res = shell.run_cell(
  File "C:\Users\chris\AppData\Roaming\Python\Python314\site-packages\ipykernel\zmqshell.py", line 663, in run_cell
    return super().run_cell(*args, **kwargs)
  File "C:\Users\chris\AppData\Roaming\Python\Python314\site-packages\IPython\core\interactiveshell.py", line 3170, in run_cell
    result = self._run_cell(
  File "C:\Users\chris\AppData\Roaming\Python\Python314\site-packages\IPython\core\interactiveshell.py", line 3225, in _run_cell
    result = runner(coro)
  File "C:\Users\chris\AppData\Roaming\Python\Python314\site-packages\IPython\core\async_helpers.py", line 128, in _pseudo_sync_runner
    coro.send(None)
  File "C:\Users\chris\AppData\Roaming\Python\Python314\site-packages\IPython\core\interactiveshell.py", line 3447, in run_cell_async
    has_raised = await self.run_ast_nodes(code_ast.body, cell_name,
  File "C:\Users\chris\AppData\Roaming\Python\Python314\site-packages\IPython\core\interactiveshell.py", line 3688, in run_ast_nodes
    if await self.run_code(code, result, async_=asy):
  File "C:\Users\chris\AppData\Roaming\Python\Python314\site-packages\IPython\core\interactiveshell.py", line 3748, in run_code
    exec(code_obj, self.user_global_ns, self.user_ns)
  File "C:\Users\chris\AppData\Local\Temp\ipykernel_5480\3007420965.py", line 73, in <module>
    runpy.run_path(str(script_path), run_name="__main__")
  File "<frozen runpy>", line 287, in run_path
  File "<frozen runpy>", line 98, in _run_module_code
  File "<frozen runpy>", line 88, in _run_code
  File "C:\Users\chris\Desktop\Code\TracesPresenter\Traces_presenter\Jupyter\Chaine\scripts_Mirabelle\eq_FE_Mirabelle.py", line 73, in <module>
    main(_read, _write)
  File "C:\Users\chris\Desktop\Code\TracesPresenter\Traces_presenter\Jupyter\Chaine\scripts_Mirabelle\eq_FE_Mirabelle.py", line 60, in main
    out.warning("  %s : pas de paire de tentatives exploitable — ignoré", actor)
Message: '  %s : pas de paire de tentatives exploitable — ignoré'
Arguments: ('semences.innee',)
--- Logging error ---
Traceback (most recent call last):
  File "c:\Users\chris\AppData\Local\Programs\Python\Python314\Lib\logging\__init__.py", line 1154, in emit
    stream.write(msg + self.terminator)
    ~~~~~~~~~~~~^^^^^^^^^^^^^^^^^^^^^^^
ValueError: I/O operation on closed file.
Call stack:
  File "<frozen runpy>", line 198, in _run_module_as_main
  File "<frozen runpy>", line 88, in _run_code
  File "C:\Users\chris\AppData\Roaming\Python\Python314\site-packages\ipykernel_launcher.py", line 18, in <module>
    app.launch_new_instance()
  File "C:\Users\chris\AppData\Roaming\Python\Python314\site-packages\traitlets\config\application.py", line 1082, in launch_instance
    app.start()
  File "C:\Users\chris\AppData\Roaming\Python\Python314\site-packages\ipykernel\kernelapp.py", line 758, in start
    self.io_loop.start()
  File "C:\Users\chris\AppData\Roaming\Python\Python314\site-packages\tornado\platform\asyncio.py", line 211, in start
    self.asyncio_loop.run_forever()
  File "c:\Users\chris\AppData\Local\Programs\Python\Python314\Lib\asyncio\base_events.py", line 677, in run_forever
    self._run_once()
  File "c:\Users\chris\AppData\Local\Programs\Python\Python314\Lib\asyncio\base_events.py", line 2046, in _run_once
    handle._run()
  File "c:\Users\chris\AppData\Local\Programs\Python\Python314\Lib\asyncio\events.py", line 94, in _run
    self._context.run(self._callback, *self._args)
  File "C:\Users\chris\AppData\Roaming\Python\Python314\site-packages\ipykernel\kernelbase.py", line 621, in shell_main
    await self.dispatch_shell(msg, subshell_id=subshell_id)
  File "C:\Users\chris\AppData\Roaming\Python\Python314\site-packages\ipykernel\kernelbase.py", line 478, in dispatch_shell
    await result
  File "C:\Users\chris\AppData\Roaming\Python\Python314\site-packages\ipykernel\ipkernel.py", line 372, in execute_request
    await super().execute_request(stream, ident, parent)
  File "C:\Users\chris\AppData\Roaming\Python\Python314\site-packages\ipykernel\kernelbase.py", line 834, in execute_request
    reply_content = await reply_content
  File "C:\Users\chris\AppData\Roaming\Python\Python314\site-packages\ipykernel\ipkernel.py", line 464, in do_execute
    res = shell.run_cell(
  File "C:\Users\chris\AppData\Roaming\Python\Python314\site-packages\ipykernel\zmqshell.py", line 663, in run_cell
    return super().run_cell(*args, **kwargs)
  File "C:\Users\chris\AppData\Roaming\Python\Python314\site-packages\IPython\core\interactiveshell.py", line 3170, in run_cell
    result = self._run_cell(
  File "C:\Users\chris\AppData\Roaming\Python\Python314\site-packages\IPython\core\interactiveshell.py", line 3225, in _run_cell
    result = runner(coro)
  File "C:\Users\chris\AppData\Roaming\Python\Python314\site-packages\IPython\core\async_helpers.py", line 128, in _pseudo_sync_runner
    coro.send(None)
  File "C:\Users\chris\AppData\Roaming\Python\Python314\site-packages\IPython\core\interactiveshell.py", line 3447, in run_cell_async
    has_raised = await self.run_ast_nodes(code_ast.body, cell_name,
  File "C:\Users\chris\AppData\Roaming\Python\Python314\site-packages\IPython\core\interactiveshell.py", line 3688, in run_ast_nodes
    if await self.run_code(code, result, async_=asy):
  File "C:\Users\chris\AppData\Roaming\Python\Python314\site-packages\IPython\core\interactiveshell.py", line 3748, in run_code
    exec(code_obj, self.user_global_ns, self.user_ns)
  File "C:\Users\chris\AppData\Local\Temp\ipykernel_5480\3007420965.py", line 73, in <module>
    runpy.run_path(str(script_path), run_name="__main__")
  File "<frozen runpy>", line 287, in run_path
  File "<frozen runpy>", line 98, in _run_module_code
  File "<frozen runpy>", line 88, in _run_code
  File "C:\Users\chris\Desktop\Code\TracesPresenter\Traces_presenter\Jupyter\Chaine\scripts_Mirabelle\eq_FE_Mirabelle.py", line 73, in <module>
    main(_read, _write)
  File "C:\Users\chris\Desktop\Code\TracesPresenter\Traces_presenter\Jupyter\Chaine\scripts_Mirabelle\eq_FE_Mirabelle.py", line 64, in main
    out.info("  %s : EQ = %.3f  (%d Run.Test)", actor, eq, len(attempts))
Message: '  %s : EQ = %.3f  (%d Run.Test)'
Arguments: ('si.serrerait', 0.15002483854942872, 223)
--- Logging error ---
Traceback (most recent call last):
  File "c:\Users\chris\AppData\Local\Programs\Python\Python314\Lib\logging\__init__.py", line 1154, in emit
    stream.write(msg + self.terminator)
    ~~~~~~~~~~~~^^^^^^^^^^^^^^^^^^^^^^^
ValueError: I/O operation on closed file.
Call stack:
  File "<frozen runpy>", line 198, in _run_module_as_main
  File "<frozen runpy>", line 88, in _run_code
  File "C:\Users\chris\AppData\Roaming\Python\Python314\site-packages\ipykernel_launcher.py", line 18, in <module>
    app.launch_new_instance()
  File "C:\Users\chris\AppData\Roaming\Python\Python314\site-packages\traitlets\config\application.py", line 1082, in launch_instance
    app.start()
  File "C:\Users\chris\AppData\Roaming\Python\Python314\site-packages\ipykernel\kernelapp.py", line 758, in start
    self.io_loop.start()
  File "C:\Users\chris\AppData\Roaming\Python\Python314\site-packages\tornado\platform\asyncio.py", line 211, in start
    self.asyncio_loop.run_forever()
  File "c:\Users\chris\AppData\Local\Programs\Python\Python314\Lib\asyncio\base_events.py", line 677, in run_forever
    self._run_once()
  File "c:\Users\chris\AppData\Local\Programs\Python\Python314\Lib\asyncio\base_events.py", line 2046, in _run_once
    handle._run()
  File "c:\Users\chris\AppData\Local\Programs\Python\Python314\Lib\asyncio\events.py", line 94, in _run
    self._context.run(self._callback, *self._args)
  File "C:\Users\chris\AppData\Roaming\Python\Python314\site-packages\ipykernel\kernelbase.py", line 621, in shell_main
    await self.dispatch_shell(msg, subshell_id=subshell_id)
  File "C:\Users\chris\AppData\Roaming\Python\Python314\site-packages\ipykernel\kernelbase.py", line 478, in dispatch_shell
    await result
  File "C:\Users\chris\AppData\Roaming\Python\Python314\site-packages\ipykernel\ipkernel.py", line 372, in execute_request
    await super().execute_request(stream, ident, parent)
  File "C:\Users\chris\AppData\Roaming\Python\Python314\site-packages\ipykernel\kernelbase.py", line 834, in execute_request
    reply_content = await reply_content
  File "C:\Users\chris\AppData\Roaming\Python\Python314\site-packages\ipykernel\ipkernel.py", line 464, in do_execute
    res = shell.run_cell(
  File "C:\Users\chris\AppData\Roaming\Python\Python314\site-packages\ipykernel\zmqshell.py", line 663, in run_cell
    return super().run_cell(*args, **kwargs)
  File "C:\Users\chris\AppData\Roaming\Python\Python314\site-packages\IPython\core\interactiveshell.py", line 3170, in run_cell
    result = self._run_cell(
  File "C:\Users\chris\AppData\Roaming\Python\Python314\site-packages\IPython\core\interactiveshell.py", line 3225, in _run_cell
    result = runner(coro)
  File "C:\Users\chris\AppData\Roaming\Python\Python314\site-packages\IPython\core\async_helpers.py", line 128, in _pseudo_sync_runner
    coro.send(None)
  File "C:\Users\chris\AppData\Roaming\Python\Python314\site-packages\IPython\core\interactiveshell.py", line 3447, in run_cell_async
    has_raised = await self.run_ast_nodes(code_ast.body, cell_name,
  File "C:\Users\chris\AppData\Roaming\Python\Python314\site-packages\IPython\core\interactiveshell.py", line 3688, in run_ast_nodes
    if await self.run_code(code, result, async_=asy):
  File "C:\Users\chris\AppData\Roaming\Python\Python314\site-packages\IPython\core\interactiveshell.py", line 3748, in run_code
    exec(code_obj, self.user_global_ns, self.user_ns)
  File "C:\Users\chris\AppData\Local\Temp\ipykernel_5480\3007420965.py", line 73, in <module>
    runpy.run_path(str(script_path), run_name="__main__")
  File "<frozen runpy>", line 287, in run_path
  File "<frozen runpy>", line 98, in _run_module_code
  File "<frozen runpy>", line 88, in _run_code
  File "C:\Users\chris\Desktop\Code\TracesPresenter\Traces_presenter\Jupyter\Chaine\scripts_Mirabelle\eq_FE_Mirabelle.py", line 73, in <module>
    main(_read, _write)
  File "C:\Users\chris\Desktop\Code\TracesPresenter\Traces_presenter\Jupyter\Chaine\scripts_Mirabelle\eq_FE_Mirabelle.py", line 60, in main
    out.warning("  %s : pas de paire de tentatives exploitable — ignoré", actor)
Message: '  %s : pas de paire de tentatives exploitable — ignoré'
Arguments: ('signala.agencais',)
--- Logging error ---
Traceback (most recent call last):
  File "c:\Users\chris\AppData\Local\Programs\Python\Python314\Lib\logging\__init__.py", line 1154, in emit
    stream.write(msg + self.terminator)
    ~~~~~~~~~~~~^^^^^^^^^^^^^^^^^^^^^^^
ValueError: I/O operation on closed file.
Call stack:
  File "<frozen runpy>", line 198, in _run_module_as_main
  File "<frozen runpy>", line 88, in _run_code
  File "C:\Users\chris\AppData\Roaming\Python\Python314\site-packages\ipykernel_launcher.py", line 18, in <module>
    app.launch_new_instance()
  File "C:\Users\chris\AppData\Roaming\Python\Python314\site-packages\traitlets\config\application.py", line 1082, in launch_instance
    app.start()
  File "C:\Users\chris\AppData\Roaming\Python\Python314\site-packages\ipykernel\kernelapp.py", line 758, in start
    self.io_loop.start()
  File "C:\Users\chris\AppData\Roaming\Python\Python314\site-packages\tornado\platform\asyncio.py", line 211, in start
    self.asyncio_loop.run_forever()
  File "c:\Users\chris\AppData\Local\Programs\Python\Python314\Lib\asyncio\base_events.py", line 677, in run_forever
    self._run_once()
  File "c:\Users\chris\AppData\Local\Programs\Python\Python314\Lib\asyncio\base_events.py", line 2046, in _run_once
    handle._run()
  File "c:\Users\chris\AppData\Local\Programs\Python\Python314\Lib\asyncio\events.py", line 94, in _run
    self._context.run(self._callback, *self._args)
  File "C:\Users\chris\AppData\Roaming\Python\Python314\site-packages\ipykernel\kernelbase.py", line 621, in shell_main
    await self.dispatch_shell(msg, subshell_id=subshell_id)
  File "C:\Users\chris\AppData\Roaming\Python\Python314\site-packages\ipykernel\kernelbase.py", line 478, in dispatch_shell
    await result
  File "C:\Users\chris\AppData\Roaming\Python\Python314\site-packages\ipykernel\ipkernel.py", line 372, in execute_request
    await super().execute_request(stream, ident, parent)
  File "C:\Users\chris\AppData\Roaming\Python\Python314\site-packages\ipykernel\kernelbase.py", line 834, in execute_request
    reply_content = await reply_content
  File "C:\Users\chris\AppData\Roaming\Python\Python314\site-packages\ipykernel\ipkernel.py", line 464, in do_execute
    res = shell.run_cell(
  File "C:\Users\chris\AppData\Roaming\Python\Python314\site-packages\ipykernel\zmqshell.py", line 663, in run_cell
    return super().run_cell(*args, **kwargs)
  File "C:\Users\chris\AppData\Roaming\Python\Python314\site-packages\IPython\core\interactiveshell.py", line 3170, in run_cell
    result = self._run_cell(
  File "C:\Users\chris\AppData\Roaming\Python\Python314\site-packages\IPython\core\interactiveshell.py", line 3225, in _run_cell
    result = runner(coro)
  File "C:\Users\chris\AppData\Roaming\Python\Python314\site-packages\IPython\core\async_helpers.py", line 128, in _pseudo_sync_runner
    coro.send(None)
  File "C:\Users\chris\AppData\Roaming\Python\Python314\site-packages\IPython\core\interactiveshell.py", line 3447, in run_cell_async
    has_raised = await self.run_ast_nodes(code_ast.body, cell_name,
  File "C:\Users\chris\AppData\Roaming\Python\Python314\site-packages\IPython\core\interactiveshell.py", line 3688, in run_ast_nodes
    if await self.run_code(code, result, async_=asy):
  File "C:\Users\chris\AppData\Roaming\Python\Python314\site-packages\IPython\core\interactiveshell.py", line 3748, in run_code
    exec(code_obj, self.user_global_ns, self.user_ns)
  File "C:\Users\chris\AppData\Local\Temp\ipykernel_5480\3007420965.py", line 73, in <module>
    runpy.run_path(str(script_path), run_name="__main__")
  File "<frozen runpy>", line 287, in run_path
  File "<frozen runpy>", line 98, in _run_module_code
  File "<frozen runpy>", line 88, in _run_code
  File "C:\Users\chris\Desktop\Code\TracesPresenter\Traces_presenter\Jupyter\Chaine\scripts_Mirabelle\eq_FE_Mirabelle.py", line 73, in <module>
    main(_read, _write)
  File "C:\Users\chris\Desktop\Code\TracesPresenter\Traces_presenter\Jupyter\Chaine\scripts_Mirabelle\eq_FE_Mirabelle.py", line 64, in main
    out.info("  %s : EQ = %.3f  (%d Run.Test)", actor, eq, len(attempts))
Message: '  %s : EQ = %.3f  (%d Run.Test)'
Arguments: ('sommes.leveras', 0.16324535679374386, 220)
--- Logging error ---
Traceback (most recent call last):
  File "c:\Users\chris\AppData\Local\Programs\Python\Python314\Lib\logging\__init__.py", line 1154, in emit
    stream.write(msg + self.terminator)
    ~~~~~~~~~~~~^^^^^^^^^^^^^^^^^^^^^^^
ValueError: I/O operation on closed file.
Call stack:
  File "<frozen runpy>", line 198, in _run_module_as_main
  File "<frozen runpy>", line 88, in _run_code
  File "C:\Users\chris\AppData\Roaming\Python\Python314\site-packages\ipykernel_launcher.py", line 18, in <module>
    app.launch_new_instance()
  File "C:\Users\chris\AppData\Roaming\Python\Python314\site-packages\traitlets\config\application.py", line 1082, in launch_instance
    app.start()
  File "C:\Users\chris\AppData\Roaming\Python\Python314\site-packages\ipykernel\kernelapp.py", line 758, in start
    self.io_loop.start()
  File "C:\Users\chris\AppData\Roaming\Python\Python314\site-packages\tornado\platform\asyncio.py", line 211, in start
    self.asyncio_loop.run_forever()
  File "c:\Users\chris\AppData\Local\Programs\Python\Python314\Lib\asyncio\base_events.py", line 677, in run_forever
    self._run_once()
  File "c:\Users\chris\AppData\Local\Programs\Python\Python314\Lib\asyncio\base_events.py", line 2046, in _run_once
    handle._run()
  File "c:\Users\chris\AppData\Local\Programs\Python\Python314\Lib\asyncio\events.py", line 94, in _run
    self._context.run(self._callback, *self._args)
  File "C:\Users\chris\AppData\Roaming\Python\Python314\site-packages\ipykernel\kernelbase.py", line 621, in shell_main
    await self.dispatch_shell(msg, subshell_id=subshell_id)
  File "C:\Users\chris\AppData\Roaming\Python\Python314\site-packages\ipykernel\kernelbase.py", line 478, in dispatch_shell
    await result
  File "C:\Users\chris\AppData\Roaming\Python\Python314\site-packages\ipykernel\ipkernel.py", line 372, in execute_request
    await super().execute_request(stream, ident, parent)
  File "C:\Users\chris\AppData\Roaming\Python\Python314\site-packages\ipykernel\kernelbase.py", line 834, in execute_request
    reply_content = await reply_content
  File "C:\Users\chris\AppData\Roaming\Python\Python314\site-packages\ipykernel\ipkernel.py", line 464, in do_execute
    res = shell.run_cell(
  File "C:\Users\chris\AppData\Roaming\Python\Python314\site-packages\ipykernel\zmqshell.py", line 663, in run_cell
    return super().run_cell(*args, **kwargs)
  File "C:\Users\chris\AppData\Roaming\Python\Python314\site-packages\IPython\core\interactiveshell.py", line 3170, in run_cell
    result = self._run_cell(
  File "C:\Users\chris\AppData\Roaming\Python\Python314\site-packages\IPython\core\interactiveshell.py", line 3225, in _run_cell
    result = runner(coro)
  File "C:\Users\chris\AppData\Roaming\Python\Python314\site-packages\IPython\core\async_helpers.py", line 128, in _pseudo_sync_runner
    coro.send(None)
  File "C:\Users\chris\AppData\Roaming\Python\Python314\site-packages\IPython\core\interactiveshell.py", line 3447, in run_cell_async
    has_raised = await self.run_ast_nodes(code_ast.body, cell_name,
  File "C:\Users\chris\AppData\Roaming\Python\Python314\site-packages\IPython\core\interactiveshell.py", line 3688, in run_ast_nodes
    if await self.run_code(code, result, async_=asy):
  File "C:\Users\chris\AppData\Roaming\Python\Python314\site-packages\IPython\core\interactiveshell.py", line 3748, in run_code
    exec(code_obj, self.user_global_ns, self.user_ns)
  File "C:\Users\chris\AppData\Local\Temp\ipykernel_5480\3007420965.py", line 73, in <module>
    runpy.run_path(str(script_path), run_name="__main__")
  File "<frozen runpy>", line 287, in run_path
  File "<frozen runpy>", line 98, in _run_module_code
  File "<frozen runpy>", line 88, in _run_code
  File "C:\Users\chris\Desktop\Code\TracesPresenter\Traces_presenter\Jupyter\Chaine\scripts_Mirabelle\eq_FE_Mirabelle.py", line 73, in <module>
    main(_read, _write)
  File "C:\Users\chris\Desktop\Code\TracesPresenter\Traces_presenter\Jupyter\Chaine\scripts_Mirabelle\eq_FE_Mirabelle.py", line 64, in main
    out.info("  %s : EQ = %.3f  (%d Run.Test)", actor, eq, len(attempts))
Message: '  %s : EQ = %.3f  (%d Run.Test)'
Arguments: ('sondez.diligence', 0.187683284457478, 214)
--- Logging error ---
Traceback (most recent call last):
  File "c:\Users\chris\AppData\Local\Programs\Python\Python314\Lib\logging\__init__.py", line 1154, in emit
    stream.write(msg + self.terminator)
    ~~~~~~~~~~~~^^^^^^^^^^^^^^^^^^^^^^^
ValueError: I/O operation on closed file.
Call stack:
  File "<frozen runpy>", line 198, in _run_module_as_main
  File "<frozen runpy>", line 88, in _run_code
  File "C:\Users\chris\AppData\Roaming\Python\Python314\site-packages\ipykernel_launcher.py", line 18, in <module>
    app.launch_new_instance()
  File "C:\Users\chris\AppData\Roaming\Python\Python314\site-packages\traitlets\config\application.py", line 1082, in launch_instance
    app.start()
  File "C:\Users\chris\AppData\Roaming\Python\Python314\site-packages\ipykernel\kernelapp.py", line 758, in start
    self.io_loop.start()
  File "C:\Users\chris\AppData\Roaming\Python\Python314\site-packages\tornado\platform\asyncio.py", line 211, in start
    self.asyncio_loop.run_forever()
  File "c:\Users\chris\AppData\Local\Programs\Python\Python314\Lib\asyncio\base_events.py", line 677, in run_forever
    self._run_once()
  File "c:\Users\chris\AppData\Local\Programs\Python\Python314\Lib\asyncio\base_events.py", line 2046, in _run_once
    handle._run()
  File "c:\Users\chris\AppData\Local\Programs\Python\Python314\Lib\asyncio\events.py", line 94, in _run
    self._context.run(self._callback, *self._args)
  File "C:\Users\chris\AppData\Roaming\Python\Python314\site-packages\ipykernel\kernelbase.py", line 621, in shell_main
    await self.dispatch_shell(msg, subshell_id=subshell_id)
  File "C:\Users\chris\AppData\Roaming\Python\Python314\site-packages\ipykernel\kernelbase.py", line 478, in dispatch_shell
    await result
  File "C:\Users\chris\AppData\Roaming\Python\Python314\site-packages\ipykernel\ipkernel.py", line 372, in execute_request
    await super().execute_request(stream, ident, parent)
  File "C:\Users\chris\AppData\Roaming\Python\Python314\site-packages\ipykernel\kernelbase.py", line 834, in execute_request
    reply_content = await reply_content
  File "C:\Users\chris\AppData\Roaming\Python\Python314\site-packages\ipykernel\ipkernel.py", line 464, in do_execute
    res = shell.run_cell(
  File "C:\Users\chris\AppData\Roaming\Python\Python314\site-packages\ipykernel\zmqshell.py", line 663, in run_cell
    return super().run_cell(*args, **kwargs)
  File "C:\Users\chris\AppData\Roaming\Python\Python314\site-packages\IPython\core\interactiveshell.py", line 3170, in run_cell
    result = self._run_cell(
  File "C:\Users\chris\AppData\Roaming\Python\Python314\site-packages\IPython\core\interactiveshell.py", line 3225, in _run_cell
    result = runner(coro)
  File "C:\Users\chris\AppData\Roaming\Python\Python314\site-packages\IPython\core\async_helpers.py", line 128, in _pseudo_sync_runner
    coro.send(None)
  File "C:\Users\chris\AppData\Roaming\Python\Python314\site-packages\IPython\core\interactiveshell.py", line 3447, in run_cell_async
    has_raised = await self.run_ast_nodes(code_ast.body, cell_name,
  File "C:\Users\chris\AppData\Roaming\Python\Python314\site-packages\IPython\core\interactiveshell.py", line 3688, in run_ast_nodes
    if await self.run_code(code, result, async_=asy):
  File "C:\Users\chris\AppData\Roaming\Python\Python314\site-packages\IPython\core\interactiveshell.py", line 3748, in run_code
    exec(code_obj, self.user_global_ns, self.user_ns)
  File "C:\Users\chris\AppData\Local\Temp\ipykernel_5480\3007420965.py", line 73, in <module>
    runpy.run_path(str(script_path), run_name="__main__")
  File "<frozen runpy>", line 287, in run_path
  File "<frozen runpy>", line 98, in _run_module_code
  File "<frozen runpy>", line 88, in _run_code
  File "C:\Users\chris\Desktop\Code\TracesPresenter\Traces_presenter\Jupyter\Chaine\scripts_Mirabelle\eq_FE_Mirabelle.py", line 73, in <module>
    main(_read, _write)
  File "C:\Users\chris\Desktop\Code\TracesPresenter\Traces_presenter\Jupyter\Chaine\scripts_Mirabelle\eq_FE_Mirabelle.py", line 64, in main
    out.info("  %s : EQ = %.3f  (%d Run.Test)", actor, eq, len(attempts))
Message: '  %s : EQ = %.3f  (%d Run.Test)'
Arguments: ('soudee.diminuees', 0.08015267175572519, 324)
--- Logging error ---
Traceback (most recent call last):
  File "c:\Users\chris\AppData\Local\Programs\Python\Python314\Lib\logging\__init__.py", line 1154, in emit
    stream.write(msg + self.terminator)
    ~~~~~~~~~~~~^^^^^^^^^^^^^^^^^^^^^^^
ValueError: I/O operation on closed file.
Call stack:
  File "<frozen runpy>", line 198, in _run_module_as_main
  File "<frozen runpy>", line 88, in _run_code
  File "C:\Users\chris\AppData\Roaming\Python\Python314\site-packages\ipykernel_launcher.py", line 18, in <module>
    app.launch_new_instance()
  File "C:\Users\chris\AppData\Roaming\Python\Python314\site-packages\traitlets\config\application.py", line 1082, in launch_instance
    app.start()
  File "C:\Users\chris\AppData\Roaming\Python\Python314\site-packages\ipykernel\kernelapp.py", line 758, in start
    self.io_loop.start()
  File "C:\Users\chris\AppData\Roaming\Python\Python314\site-packages\tornado\platform\asyncio.py", line 211, in start
    self.asyncio_loop.run_forever()
  File "c:\Users\chris\AppData\Local\Programs\Python\Python314\Lib\asyncio\base_events.py", line 677, in run_forever
    self._run_once()
  File "c:\Users\chris\AppData\Local\Programs\Python\Python314\Lib\asyncio\base_events.py", line 2046, in _run_once
    handle._run()
  File "c:\Users\chris\AppData\Local\Programs\Python\Python314\Lib\asyncio\events.py", line 94, in _run
    self._context.run(self._callback, *self._args)
  File "C:\Users\chris\AppData\Roaming\Python\Python314\site-packages\ipykernel\kernelbase.py", line 621, in shell_main
    await self.dispatch_shell(msg, subshell_id=subshell_id)
  File "C:\Users\chris\AppData\Roaming\Python\Python314\site-packages\ipykernel\kernelbase.py", line 478, in dispatch_shell
    await result
  File "C:\Users\chris\AppData\Roaming\Python\Python314\site-packages\ipykernel\ipkernel.py", line 372, in execute_request
    await super().execute_request(stream, ident, parent)
  File "C:\Users\chris\AppData\Roaming\Python\Python314\site-packages\ipykernel\kernelbase.py", line 834, in execute_request
    reply_content = await reply_content
  File "C:\Users\chris\AppData\Roaming\Python\Python314\site-packages\ipykernel\ipkernel.py", line 464, in do_execute
    res = shell.run_cell(
  File "C:\Users\chris\AppData\Roaming\Python\Python314\site-packages\ipykernel\zmqshell.py", line 663, in run_cell
    return super().run_cell(*args, **kwargs)
  File "C:\Users\chris\AppData\Roaming\Python\Python314\site-packages\IPython\core\interactiveshell.py", line 3170, in run_cell
    result = self._run_cell(
  File "C:\Users\chris\AppData\Roaming\Python\Python314\site-packages\IPython\core\interactiveshell.py", line 3225, in _run_cell
    result = runner(coro)
  File "C:\Users\chris\AppData\Roaming\Python\Python314\site-packages\IPython\core\async_helpers.py", line 128, in _pseudo_sync_runner
    coro.send(None)
  File "C:\Users\chris\AppData\Roaming\Python\Python314\site-packages\IPython\core\interactiveshell.py", line 3447, in run_cell_async
    has_raised = await self.run_ast_nodes(code_ast.body, cell_name,
  File "C:\Users\chris\AppData\Roaming\Python\Python314\site-packages\IPython\core\interactiveshell.py", line 3688, in run_ast_nodes
    if await self.run_code(code, result, async_=asy):
  File "C:\Users\chris\AppData\Roaming\Python\Python314\site-packages\IPython\core\interactiveshell.py", line 3748, in run_code
    exec(code_obj, self.user_global_ns, self.user_ns)
  File "C:\Users\chris\AppData\Local\Temp\ipykernel_5480\3007420965.py", line 73, in <module>
    runpy.run_path(str(script_path), run_name="__main__")
  File "<frozen runpy>", line 287, in run_path
  File "<frozen runpy>", line 98, in _run_module_code
  File "<frozen runpy>", line 88, in _run_code
  File "C:\Users\chris\Desktop\Code\TracesPresenter\Traces_presenter\Jupyter\Chaine\scripts_Mirabelle\eq_FE_Mirabelle.py", line 73, in <module>
    main(_read, _write)
  File "C:\Users\chris\Desktop\Code\TracesPresenter\Traces_presenter\Jupyter\Chaine\scripts_Mirabelle\eq_FE_Mirabelle.py", line 64, in main
    out.info("  %s : EQ = %.3f  (%d Run.Test)", actor, eq, len(attempts))
Message: '  %s : EQ = %.3f  (%d Run.Test)'
Arguments: ('soudoyez.ruseriez', 0.45690672963400236, 84)
--- Logging error ---
Traceback (most recent call last):
  File "c:\Users\chris\AppData\Local\Programs\Python\Python314\Lib\logging\__init__.py", line 1154, in emit
    stream.write(msg + self.terminator)
    ~~~~~~~~~~~~^^^^^^^^^^^^^^^^^^^^^^^
ValueError: I/O operation on closed file.
Call stack:
  File "<frozen runpy>", line 198, in _run_module_as_main
  File "<frozen runpy>", line 88, in _run_code
  File "C:\Users\chris\AppData\Roaming\Python\Python314\site-packages\ipykernel_launcher.py", line 18, in <module>
    app.launch_new_instance()
  File "C:\Users\chris\AppData\Roaming\Python\Python314\site-packages\traitlets\config\application.py", line 1082, in launch_instance
    app.start()
  File "C:\Users\chris\AppData\Roaming\Python\Python314\site-packages\ipykernel\kernelapp.py", line 758, in start
    self.io_loop.start()
  File "C:\Users\chris\AppData\Roaming\Python\Python314\site-packages\tornado\platform\asyncio.py", line 211, in start
    self.asyncio_loop.run_forever()
  File "c:\Users\chris\AppData\Local\Programs\Python\Python314\Lib\asyncio\base_events.py", line 677, in run_forever
    self._run_once()
  File "c:\Users\chris\AppData\Local\Programs\Python\Python314\Lib\asyncio\base_events.py", line 2046, in _run_once
    handle._run()
  File "c:\Users\chris\AppData\Local\Programs\Python\Python314\Lib\asyncio\events.py", line 94, in _run
    self._context.run(self._callback, *self._args)
  File "C:\Users\chris\AppData\Roaming\Python\Python314\site-packages\ipykernel\kernelbase.py", line 621, in shell_main
    await self.dispatch_shell(msg, subshell_id=subshell_id)
  File "C:\Users\chris\AppData\Roaming\Python\Python314\site-packages\ipykernel\kernelbase.py", line 478, in dispatch_shell
    await result
  File "C:\Users\chris\AppData\Roaming\Python\Python314\site-packages\ipykernel\ipkernel.py", line 372, in execute_request
    await super().execute_request(stream, ident, parent)
  File "C:\Users\chris\AppData\Roaming\Python\Python314\site-packages\ipykernel\kernelbase.py", line 834, in execute_request
    reply_content = await reply_content
  File "C:\Users\chris\AppData\Roaming\Python\Python314\site-packages\ipykernel\ipkernel.py", line 464, in do_execute
    res = shell.run_cell(
  File "C:\Users\chris\AppData\Roaming\Python\Python314\site-packages\ipykernel\zmqshell.py", line 663, in run_cell
    return super().run_cell(*args, **kwargs)
  File "C:\Users\chris\AppData\Roaming\Python\Python314\site-packages\IPython\core\interactiveshell.py", line 3170, in run_cell
    result = self._run_cell(
  File "C:\Users\chris\AppData\Roaming\Python\Python314\site-packages\IPython\core\interactiveshell.py", line 3225, in _run_cell
    result = runner(coro)
  File "C:\Users\chris\AppData\Roaming\Python\Python314\site-packages\IPython\core\async_helpers.py", line 128, in _pseudo_sync_runner
    coro.send(None)
  File "C:\Users\chris\AppData\Roaming\Python\Python314\site-packages\IPython\core\interactiveshell.py", line 3447, in run_cell_async
    has_raised = await self.run_ast_nodes(code_ast.body, cell_name,
  File "C:\Users\chris\AppData\Roaming\Python\Python314\site-packages\IPython\core\interactiveshell.py", line 3688, in run_ast_nodes
    if await self.run_code(code, result, async_=asy):
  File "C:\Users\chris\AppData\Roaming\Python\Python314\site-packages\IPython\core\interactiveshell.py", line 3748, in run_code
    exec(code_obj, self.user_global_ns, self.user_ns)
  File "C:\Users\chris\AppData\Local\Temp\ipykernel_5480\3007420965.py", line 73, in <module>
    runpy.run_path(str(script_path), run_name="__main__")
  File "<frozen runpy>", line 287, in run_path
  File "<frozen runpy>", line 98, in _run_module_code
  File "<frozen runpy>", line 88, in _run_code
  File "C:\Users\chris\Desktop\Code\TracesPresenter\Traces_presenter\Jupyter\Chaine\scripts_Mirabelle\eq_FE_Mirabelle.py", line 73, in <module>
    main(_read, _write)
  File "C:\Users\chris\Desktop\Code\TracesPresenter\Traces_presenter\Jupyter\Chaine\scripts_Mirabelle\eq_FE_Mirabelle.py", line 64, in main
    out.info("  %s : EQ = %.3f  (%d Run.Test)", actor, eq, len(attempts))
Message: '  %s : EQ = %.3f  (%d Run.Test)'
Arguments: ('soulevons.brode', 0.2916666666666667, 31)
--- Logging error ---
Traceback (most recent call last):
  File "c:\Users\chris\AppData\Local\Programs\Python\Python314\Lib\logging\__init__.py", line 1154, in emit
    stream.write(msg + self.terminator)
    ~~~~~~~~~~~~^^^^^^^^^^^^^^^^^^^^^^^
ValueError: I/O operation on closed file.
Call stack:
  File "<frozen runpy>", line 198, in _run_module_as_main
  File "<frozen runpy>", line 88, in _run_code
  File "C:\Users\chris\AppData\Roaming\Python\Python314\site-packages\ipykernel_launcher.py", line 18, in <module>
    app.launch_new_instance()
  File "C:\Users\chris\AppData\Roaming\Python\Python314\site-packages\traitlets\config\application.py", line 1082, in launch_instance
    app.start()
  File "C:\Users\chris\AppData\Roaming\Python\Python314\site-packages\ipykernel\kernelapp.py", line 758, in start
    self.io_loop.start()
  File "C:\Users\chris\AppData\Roaming\Python\Python314\site-packages\tornado\platform\asyncio.py", line 211, in start
    self.asyncio_loop.run_forever()
  File "c:\Users\chris\AppData\Local\Programs\Python\Python314\Lib\asyncio\base_events.py", line 677, in run_forever
    self._run_once()
  File "c:\Users\chris\AppData\Local\Programs\Python\Python314\Lib\asyncio\base_events.py", line 2046, in _run_once
    handle._run()
  File "c:\Users\chris\AppData\Local\Programs\Python\Python314\Lib\asyncio\events.py", line 94, in _run
    self._context.run(self._callback, *self._args)
  File "C:\Users\chris\AppData\Roaming\Python\Python314\site-packages\ipykernel\kernelbase.py", line 621, in shell_main
    await self.dispatch_shell(msg, subshell_id=subshell_id)
  File "C:\Users\chris\AppData\Roaming\Python\Python314\site-packages\ipykernel\kernelbase.py", line 478, in dispatch_shell
    await result
  File "C:\Users\chris\AppData\Roaming\Python\Python314\site-packages\ipykernel\ipkernel.py", line 372, in execute_request
    await super().execute_request(stream, ident, parent)
  File "C:\Users\chris\AppData\Roaming\Python\Python314\site-packages\ipykernel\kernelbase.py", line 834, in execute_request
    reply_content = await reply_content
  File "C:\Users\chris\AppData\Roaming\Python\Python314\site-packages\ipykernel\ipkernel.py", line 464, in do_execute
    res = shell.run_cell(
  File "C:\Users\chris\AppData\Roaming\Python\Python314\site-packages\ipykernel\zmqshell.py", line 663, in run_cell
    return super().run_cell(*args, **kwargs)
  File "C:\Users\chris\AppData\Roaming\Python\Python314\site-packages\IPython\core\interactiveshell.py", line 3170, in run_cell
    result = self._run_cell(
  File "C:\Users\chris\AppData\Roaming\Python\Python314\site-packages\IPython\core\interactiveshell.py", line 3225, in _run_cell
    result = runner(coro)
  File "C:\Users\chris\AppData\Roaming\Python\Python314\site-packages\IPython\core\async_helpers.py", line 128, in _pseudo_sync_runner
    coro.send(None)
  File "C:\Users\chris\AppData\Roaming\Python\Python314\site-packages\IPython\core\interactiveshell.py", line 3447, in run_cell_async
    has_raised = await self.run_ast_nodes(code_ast.body, cell_name,
  File "C:\Users\chris\AppData\Roaming\Python\Python314\site-packages\IPython\core\interactiveshell.py", line 3688, in run_ast_nodes
    if await self.run_code(code, result, async_=asy):
  File "C:\Users\chris\AppData\Roaming\Python\Python314\site-packages\IPython\core\interactiveshell.py", line 3748, in run_code
    exec(code_obj, self.user_global_ns, self.user_ns)
  File "C:\Users\chris\AppData\Local\Temp\ipykernel_5480\3007420965.py", line 73, in <module>
    runpy.run_path(str(script_path), run_name="__main__")
  File "<frozen runpy>", line 287, in run_path
  File "<frozen runpy>", line 98, in _run_module_code
  File "<frozen runpy>", line 88, in _run_code
  File "C:\Users\chris\Desktop\Code\TracesPresenter\Traces_presenter\Jupyter\Chaine\scripts_Mirabelle\eq_FE_Mirabelle.py", line 73, in <module>
    main(_read, _write)
  File "C:\Users\chris\Desktop\Code\TracesPresenter\Traces_presenter\Jupyter\Chaine\scripts_Mirabelle\eq_FE_Mirabelle.py", line 64, in main
    out.info("  %s : EQ = %.3f  (%d Run.Test)", actor, eq, len(attempts))
Message: '  %s : EQ = %.3f  (%d Run.Test)'
Arguments: ('soupiez.assommes', 0.07407407407407407, 108)
--- Logging error ---
Traceback (most recent call last):
  File "c:\Users\chris\AppData\Local\Programs\Python\Python314\Lib\logging\__init__.py", line 1154, in emit
    stream.write(msg + self.terminator)
    ~~~~~~~~~~~~^^^^^^^^^^^^^^^^^^^^^^^
ValueError: I/O operation on closed file.
Call stack:
  File "<frozen runpy>", line 198, in _run_module_as_main
  File "<frozen runpy>", line 88, in _run_code
  File "C:\Users\chris\AppData\Roaming\Python\Python314\site-packages\ipykernel_launcher.py", line 18, in <module>
    app.launch_new_instance()
  File "C:\Users\chris\AppData\Roaming\Python\Python314\site-packages\traitlets\config\application.py", line 1082, in launch_instance
    app.start()
  File "C:\Users\chris\AppData\Roaming\Python\Python314\site-packages\ipykernel\kernelapp.py", line 758, in start
    self.io_loop.start()
  File "C:\Users\chris\AppData\Roaming\Python\Python314\site-packages\tornado\platform\asyncio.py", line 211, in start
    self.asyncio_loop.run_forever()
  File "c:\Users\chris\AppData\Local\Programs\Python\Python314\Lib\asyncio\base_events.py", line 677, in run_forever
    self._run_once()
  File "c:\Users\chris\AppData\Local\Programs\Python\Python314\Lib\asyncio\base_events.py", line 2046, in _run_once
    handle._run()
  File "c:\Users\chris\AppData\Local\Programs\Python\Python314\Lib\asyncio\events.py", line 94, in _run
    self._context.run(self._callback, *self._args)
  File "C:\Users\chris\AppData\Roaming\Python\Python314\site-packages\ipykernel\kernelbase.py", line 621, in shell_main
    await self.dispatch_shell(msg, subshell_id=subshell_id)
  File "C:\Users\chris\AppData\Roaming\Python\Python314\site-packages\ipykernel\kernelbase.py", line 478, in dispatch_shell
    await result
  File "C:\Users\chris\AppData\Roaming\Python\Python314\site-packages\ipykernel\ipkernel.py", line 372, in execute_request
    await super().execute_request(stream, ident, parent)
  File "C:\Users\chris\AppData\Roaming\Python\Python314\site-packages\ipykernel\kernelbase.py", line 834, in execute_request
    reply_content = await reply_content
  File "C:\Users\chris\AppData\Roaming\Python\Python314\site-packages\ipykernel\ipkernel.py", line 464, in do_execute
    res = shell.run_cell(
  File "C:\Users\chris\AppData\Roaming\Python\Python314\site-packages\ipykernel\zmqshell.py", line 663, in run_cell
    return super().run_cell(*args, **kwargs)
  File "C:\Users\chris\AppData\Roaming\Python\Python314\site-packages\IPython\core\interactiveshell.py", line 3170, in run_cell
    result = self._run_cell(
  File "C:\Users\chris\AppData\Roaming\Python\Python314\site-packages\IPython\core\interactiveshell.py", line 3225, in _run_cell
    result = runner(coro)
  File "C:\Users\chris\AppData\Roaming\Python\Python314\site-packages\IPython\core\async_helpers.py", line 128, in _pseudo_sync_runner
    coro.send(None)
  File "C:\Users\chris\AppData\Roaming\Python\Python314\site-packages\IPython\core\interactiveshell.py", line 3447, in run_cell_async
    has_raised = await self.run_ast_nodes(code_ast.body, cell_name,
  File "C:\Users\chris\AppData\Roaming\Python\Python314\site-packages\IPython\core\interactiveshell.py", line 3688, in run_ast_nodes
    if await self.run_code(code, result, async_=asy):
  File "C:\Users\chris\AppData\Roaming\Python\Python314\site-packages\IPython\core\interactiveshell.py", line 3748, in run_code
    exec(code_obj, self.user_global_ns, self.user_ns)
  File "C:\Users\chris\AppData\Local\Temp\ipykernel_5480\3007420965.py", line 73, in <module>
    runpy.run_path(str(script_path), run_name="__main__")
  File "<frozen runpy>", line 287, in run_path
  File "<frozen runpy>", line 98, in _run_module_code
  File "<frozen runpy>", line 88, in _run_code
  File "C:\Users\chris\Desktop\Code\TracesPresenter\Traces_presenter\Jupyter\Chaine\scripts_Mirabelle\eq_FE_Mirabelle.py", line 73, in <module>
    main(_read, _write)
  File "C:\Users\chris\Desktop\Code\TracesPresenter\Traces_presenter\Jupyter\Chaine\scripts_Mirabelle\eq_FE_Mirabelle.py", line 64, in main
    out.info("  %s : EQ = %.3f  (%d Run.Test)", actor, eq, len(attempts))
Message: '  %s : EQ = %.3f  (%d Run.Test)'
Arguments: ('soutenais.risquerai', 0.3194444444444444, 324)
--- Logging error ---
Traceback (most recent call last):
  File "c:\Users\chris\AppData\Local\Programs\Python\Python314\Lib\logging\__init__.py", line 1154, in emit
    stream.write(msg + self.terminator)
    ~~~~~~~~~~~~^^^^^^^^^^^^^^^^^^^^^^^
ValueError: I/O operation on closed file.
Call stack:
  File "<frozen runpy>", line 198, in _run_module_as_main
  File "<frozen runpy>", line 88, in _run_code
  File "C:\Users\chris\AppData\Roaming\Python\Python314\site-packages\ipykernel_launcher.py", line 18, in <module>
    app.launch_new_instance()
  File "C:\Users\chris\AppData\Roaming\Python\Python314\site-packages\traitlets\config\application.py", line 1082, in launch_instance
    app.start()
  File "C:\Users\chris\AppData\Roaming\Python\Python314\site-packages\ipykernel\kernelapp.py", line 758, in start
    self.io_loop.start()
  File "C:\Users\chris\AppData\Roaming\Python\Python314\site-packages\tornado\platform\asyncio.py", line 211, in start
    self.asyncio_loop.run_forever()
  File "c:\Users\chris\AppData\Local\Programs\Python\Python314\Lib\asyncio\base_events.py", line 677, in run_forever
    self._run_once()
  File "c:\Users\chris\AppData\Local\Programs\Python\Python314\Lib\asyncio\base_events.py", line 2046, in _run_once
    handle._run()
  File "c:\Users\chris\AppData\Local\Programs\Python\Python314\Lib\asyncio\events.py", line 94, in _run
    self._context.run(self._callback, *self._args)
  File "C:\Users\chris\AppData\Roaming\Python\Python314\site-packages\ipykernel\kernelbase.py", line 621, in shell_main
    await self.dispatch_shell(msg, subshell_id=subshell_id)
  File "C:\Users\chris\AppData\Roaming\Python\Python314\site-packages\ipykernel\kernelbase.py", line 478, in dispatch_shell
    await result
  File "C:\Users\chris\AppData\Roaming\Python\Python314\site-packages\ipykernel\ipkernel.py", line 372, in execute_request
    await super().execute_request(stream, ident, parent)
  File "C:\Users\chris\AppData\Roaming\Python\Python314\site-packages\ipykernel\kernelbase.py", line 834, in execute_request
    reply_content = await reply_content
  File "C:\Users\chris\AppData\Roaming\Python\Python314\site-packages\ipykernel\ipkernel.py", line 464, in do_execute
    res = shell.run_cell(
  File "C:\Users\chris\AppData\Roaming\Python\Python314\site-packages\ipykernel\zmqshell.py", line 663, in run_cell
    return super().run_cell(*args, **kwargs)
  File "C:\Users\chris\AppData\Roaming\Python\Python314\site-packages\IPython\core\interactiveshell.py", line 3170, in run_cell
    result = self._run_cell(
  File "C:\Users\chris\AppData\Roaming\Python\Python314\site-packages\IPython\core\interactiveshell.py", line 3225, in _run_cell
    result = runner(coro)
  File "C:\Users\chris\AppData\Roaming\Python\Python314\site-packages\IPython\core\async_helpers.py", line 128, in _pseudo_sync_runner
    coro.send(None)
  File "C:\Users\chris\AppData\Roaming\Python\Python314\site-packages\IPython\core\interactiveshell.py", line 3447, in run_cell_async
    has_raised = await self.run_ast_nodes(code_ast.body, cell_name,
  File "C:\Users\chris\AppData\Roaming\Python\Python314\site-packages\IPython\core\interactiveshell.py", line 3688, in run_ast_nodes
    if await self.run_code(code, result, async_=asy):
  File "C:\Users\chris\AppData\Roaming\Python\Python314\site-packages\IPython\core\interactiveshell.py", line 3748, in run_code
    exec(code_obj, self.user_global_ns, self.user_ns)
  File "C:\Users\chris\AppData\Local\Temp\ipykernel_5480\3007420965.py", line 73, in <module>
    runpy.run_path(str(script_path), run_name="__main__")
  File "<frozen runpy>", line 287, in run_path
  File "<frozen runpy>", line 98, in _run_module_code
  File "<frozen runpy>", line 88, in _run_code
  File "C:\Users\chris\Desktop\Code\TracesPresenter\Traces_presenter\Jupyter\Chaine\scripts_Mirabelle\eq_FE_Mirabelle.py", line 73, in <module>
    main(_read, _write)
  File "C:\Users\chris\Desktop\Code\TracesPresenter\Traces_presenter\Jupyter\Chaine\scripts_Mirabelle\eq_FE_Mirabelle.py", line 64, in main
    out.info("  %s : EQ = %.3f  (%d Run.Test)", actor, eq, len(attempts))
Message: '  %s : EQ = %.3f  (%d Run.Test)'
Arguments: ('sportif.oculiste', 0.5034305317324186, 345)
--- Logging error ---
Traceback (most recent call last):
  File "c:\Users\chris\AppData\Local\Programs\Python\Python314\Lib\logging\__init__.py", line 1154, in emit
    stream.write(msg + self.terminator)
    ~~~~~~~~~~~~^^^^^^^^^^^^^^^^^^^^^^^
ValueError: I/O operation on closed file.
Call stack:
  File "<frozen runpy>", line 198, in _run_module_as_main
  File "<frozen runpy>", line 88, in _run_code
  File "C:\Users\chris\AppData\Roaming\Python\Python314\site-packages\ipykernel_launcher.py", line 18, in <module>
    app.launch_new_instance()
  File "C:\Users\chris\AppData\Roaming\Python\Python314\site-packages\traitlets\config\application.py", line 1082, in launch_instance
    app.start()
  File "C:\Users\chris\AppData\Roaming\Python\Python314\site-packages\ipykernel\kernelapp.py", line 758, in start
    self.io_loop.start()
  File "C:\Users\chris\AppData\Roaming\Python\Python314\site-packages\tornado\platform\asyncio.py", line 211, in start
    self.asyncio_loop.run_forever()
  File "c:\Users\chris\AppData\Local\Programs\Python\Python314\Lib\asyncio\base_events.py", line 677, in run_forever
    self._run_once()
  File "c:\Users\chris\AppData\Local\Programs\Python\Python314\Lib\asyncio\base_events.py", line 2046, in _run_once
    handle._run()
  File "c:\Users\chris\AppData\Local\Programs\Python\Python314\Lib\asyncio\events.py", line 94, in _run
    self._context.run(self._callback, *self._args)
  File "C:\Users\chris\AppData\Roaming\Python\Python314\site-packages\ipykernel\kernelbase.py", line 621, in shell_main
    await self.dispatch_shell(msg, subshell_id=subshell_id)
  File "C:\Users\chris\AppData\Roaming\Python\Python314\site-packages\ipykernel\kernelbase.py", line 478, in dispatch_shell
    await result
  File "C:\Users\chris\AppData\Roaming\Python\Python314\site-packages\ipykernel\ipkernel.py", line 372, in execute_request
    await super().execute_request(stream, ident, parent)
  File "C:\Users\chris\AppData\Roaming\Python\Python314\site-packages\ipykernel\kernelbase.py", line 834, in execute_request
    reply_content = await reply_content
  File "C:\Users\chris\AppData\Roaming\Python\Python314\site-packages\ipykernel\ipkernel.py", line 464, in do_execute
    res = shell.run_cell(
  File "C:\Users\chris\AppData\Roaming\Python\Python314\site-packages\ipykernel\zmqshell.py", line 663, in run_cell
    return super().run_cell(*args, **kwargs)
  File "C:\Users\chris\AppData\Roaming\Python\Python314\site-packages\IPython\core\interactiveshell.py", line 3170, in run_cell
    result = self._run_cell(
  File "C:\Users\chris\AppData\Roaming\Python\Python314\site-packages\IPython\core\interactiveshell.py", line 3225, in _run_cell
    result = runner(coro)
  File "C:\Users\chris\AppData\Roaming\Python\Python314\site-packages\IPython\core\async_helpers.py", line 128, in _pseudo_sync_runner
    coro.send(None)
  File "C:\Users\chris\AppData\Roaming\Python\Python314\site-packages\IPython\core\interactiveshell.py", line 3447, in run_cell_async
    has_raised = await self.run_ast_nodes(code_ast.body, cell_name,
  File "C:\Users\chris\AppData\Roaming\Python\Python314\site-packages\IPython\core\interactiveshell.py", line 3688, in run_ast_nodes
    if await self.run_code(code, result, async_=asy):
  File "C:\Users\chris\AppData\Roaming\Python\Python314\site-packages\IPython\core\interactiveshell.py", line 3748, in run_code
    exec(code_obj, self.user_global_ns, self.user_ns)
  File "C:\Users\chris\AppData\Local\Temp\ipykernel_5480\3007420965.py", line 73, in <module>
    runpy.run_path(str(script_path), run_name="__main__")
  File "<frozen runpy>", line 287, in run_path
  File "<frozen runpy>", line 98, in _run_module_code
  File "<frozen runpy>", line 88, in _run_code
  File "C:\Users\chris\Desktop\Code\TracesPresenter\Traces_presenter\Jupyter\Chaine\scripts_Mirabelle\eq_FE_Mirabelle.py", line 73, in <module>
    main(_read, _write)
  File "C:\Users\chris\Desktop\Code\TracesPresenter\Traces_presenter\Jupyter\Chaine\scripts_Mirabelle\eq_FE_Mirabelle.py", line 64, in main
    out.info("  %s : EQ = %.3f  (%d Run.Test)", actor, eq, len(attempts))
Message: '  %s : EQ = %.3f  (%d Run.Test)'
Arguments: ('subdivise.mutila', 0.1472660181147266, 312)
--- Logging error ---
Traceback (most recent call last):
  File "c:\Users\chris\AppData\Local\Programs\Python\Python314\Lib\logging\__init__.py", line 1154, in emit
    stream.write(msg + self.terminator)
    ~~~~~~~~~~~~^^^^^^^^^^^^^^^^^^^^^^^
ValueError: I/O operation on closed file.
Call stack:
  File "<frozen runpy>", line 198, in _run_module_as_main
  File "<frozen runpy>", line 88, in _run_code
  File "C:\Users\chris\AppData\Roaming\Python\Python314\site-packages\ipykernel_launcher.py", line 18, in <module>
    app.launch_new_instance()
  File "C:\Users\chris\AppData\Roaming\Python\Python314\site-packages\traitlets\config\application.py", line 1082, in launch_instance
    app.start()
  File "C:\Users\chris\AppData\Roaming\Python\Python314\site-packages\ipykernel\kernelapp.py", line 758, in start
    self.io_loop.start()
  File "C:\Users\chris\AppData\Roaming\Python\Python314\site-packages\tornado\platform\asyncio.py", line 211, in start
    self.asyncio_loop.run_forever()
  File "c:\Users\chris\AppData\Local\Programs\Python\Python314\Lib\asyncio\base_events.py", line 677, in run_forever
    self._run_once()
  File "c:\Users\chris\AppData\Local\Programs\Python\Python314\Lib\asyncio\base_events.py", line 2046, in _run_once
    handle._run()
  File "c:\Users\chris\AppData\Local\Programs\Python\Python314\Lib\asyncio\events.py", line 94, in _run
    self._context.run(self._callback, *self._args)
  File "C:\Users\chris\AppData\Roaming\Python\Python314\site-packages\ipykernel\kernelbase.py", line 621, in shell_main
    await self.dispatch_shell(msg, subshell_id=subshell_id)
  File "C:\Users\chris\AppData\Roaming\Python\Python314\site-packages\ipykernel\kernelbase.py", line 478, in dispatch_shell
    await result
  File "C:\Users\chris\AppData\Roaming\Python\Python314\site-packages\ipykernel\ipkernel.py", line 372, in execute_request
    await super().execute_request(stream, ident, parent)
  File "C:\Users\chris\AppData\Roaming\Python\Python314\site-packages\ipykernel\kernelbase.py", line 834, in execute_request
    reply_content = await reply_content
  File "C:\Users\chris\AppData\Roaming\Python\Python314\site-packages\ipykernel\ipkernel.py", line 464, in do_execute
    res = shell.run_cell(
  File "C:\Users\chris\AppData\Roaming\Python\Python314\site-packages\ipykernel\zmqshell.py", line 663, in run_cell
    return super().run_cell(*args, **kwargs)
  File "C:\Users\chris\AppData\Roaming\Python\Python314\site-packages\IPython\core\interactiveshell.py", line 3170, in run_cell
    result = self._run_cell(
  File "C:\Users\chris\AppData\Roaming\Python\Python314\site-packages\IPython\core\interactiveshell.py", line 3225, in _run_cell
    result = runner(coro)
  File "C:\Users\chris\AppData\Roaming\Python\Python314\site-packages\IPython\core\async_helpers.py", line 128, in _pseudo_sync_runner
    coro.send(None)
  File "C:\Users\chris\AppData\Roaming\Python\Python314\site-packages\IPython\core\interactiveshell.py", line 3447, in run_cell_async
    has_raised = await self.run_ast_nodes(code_ast.body, cell_name,
  File "C:\Users\chris\AppData\Roaming\Python\Python314\site-packages\IPython\core\interactiveshell.py", line 3688, in run_ast_nodes
    if await self.run_code(code, result, async_=asy):
  File "C:\Users\chris\AppData\Roaming\Python\Python314\site-packages\IPython\core\interactiveshell.py", line 3748, in run_code
    exec(code_obj, self.user_global_ns, self.user_ns)
  File "C:\Users\chris\AppData\Local\Temp\ipykernel_5480\3007420965.py", line 73, in <module>
    runpy.run_path(str(script_path), run_name="__main__")
  File "<frozen runpy>", line 287, in run_path
  File "<frozen runpy>", line 98, in _run_module_code
  File "<frozen runpy>", line 88, in _run_code
  File "C:\Users\chris\Desktop\Code\TracesPresenter\Traces_presenter\Jupyter\Chaine\scripts_Mirabelle\eq_FE_Mirabelle.py", line 73, in <module>
    main(_read, _write)
  File "C:\Users\chris\Desktop\Code\TracesPresenter\Traces_presenter\Jupyter\Chaine\scripts_Mirabelle\eq_FE_Mirabelle.py", line 64, in main
    out.info("  %s : EQ = %.3f  (%d Run.Test)", actor, eq, len(attempts))
Message: '  %s : EQ = %.3f  (%d Run.Test)'
Arguments: ('sulfatees.frisa', 0.24510932105868816, 179)
--- Logging error ---
Traceback (most recent call last):
  File "c:\Users\chris\AppData\Local\Programs\Python\Python314\Lib\logging\__init__.py", line 1154, in emit
    stream.write(msg + self.terminator)
    ~~~~~~~~~~~~^^^^^^^^^^^^^^^^^^^^^^^
ValueError: I/O operation on closed file.
Call stack:
  File "<frozen runpy>", line 198, in _run_module_as_main
  File "<frozen runpy>", line 88, in _run_code
  File "C:\Users\chris\AppData\Roaming\Python\Python314\site-packages\ipykernel_launcher.py", line 18, in <module>
    app.launch_new_instance()
  File "C:\Users\chris\AppData\Roaming\Python\Python314\site-packages\traitlets\config\application.py", line 1082, in launch_instance
    app.start()
  File "C:\Users\chris\AppData\Roaming\Python\Python314\site-packages\ipykernel\kernelapp.py", line 758, in start
    self.io_loop.start()
  File "C:\Users\chris\AppData\Roaming\Python\Python314\site-packages\tornado\platform\asyncio.py", line 211, in start
    self.asyncio_loop.run_forever()
  File "c:\Users\chris\AppData\Local\Programs\Python\Python314\Lib\asyncio\base_events.py", line 677, in run_forever
    self._run_once()
  File "c:\Users\chris\AppData\Local\Programs\Python\Python314\Lib\asyncio\base_events.py", line 2046, in _run_once
    handle._run()
  File "c:\Users\chris\AppData\Local\Programs\Python\Python314\Lib\asyncio\events.py", line 94, in _run
    self._context.run(self._callback, *self._args)
  File "C:\Users\chris\AppData\Roaming\Python\Python314\site-packages\ipykernel\kernelbase.py", line 621, in shell_main
    await self.dispatch_shell(msg, subshell_id=subshell_id)
  File "C:\Users\chris\AppData\Roaming\Python\Python314\site-packages\ipykernel\kernelbase.py", line 478, in dispatch_shell
    await result
  File "C:\Users\chris\AppData\Roaming\Python\Python314\site-packages\ipykernel\ipkernel.py", line 372, in execute_request
    await super().execute_request(stream, ident, parent)
  File "C:\Users\chris\AppData\Roaming\Python\Python314\site-packages\ipykernel\kernelbase.py", line 834, in execute_request
    reply_content = await reply_content
  File "C:\Users\chris\AppData\Roaming\Python\Python314\site-packages\ipykernel\ipkernel.py", line 464, in do_execute
    res = shell.run_cell(
  File "C:\Users\chris\AppData\Roaming\Python\Python314\site-packages\ipykernel\zmqshell.py", line 663, in run_cell
    return super().run_cell(*args, **kwargs)
  File "C:\Users\chris\AppData\Roaming\Python\Python314\site-packages\IPython\core\interactiveshell.py", line 3170, in run_cell
    result = self._run_cell(
  File "C:\Users\chris\AppData\Roaming\Python\Python314\site-packages\IPython\core\interactiveshell.py", line 3225, in _run_cell
    result = runner(coro)
  File "C:\Users\chris\AppData\Roaming\Python\Python314\site-packages\IPython\core\async_helpers.py", line 128, in _pseudo_sync_runner
    coro.send(None)
  File "C:\Users\chris\AppData\Roaming\Python\Python314\site-packages\IPython\core\interactiveshell.py", line 3447, in run_cell_async
    has_raised = await self.run_ast_nodes(code_ast.body, cell_name,
  File "C:\Users\chris\AppData\Roaming\Python\Python314\site-packages\IPython\core\interactiveshell.py", line 3688, in run_ast_nodes
    if await self.run_code(code, result, async_=asy):
  File "C:\Users\chris\AppData\Roaming\Python\Python314\site-packages\IPython\core\interactiveshell.py", line 3748, in run_code
    exec(code_obj, self.user_global_ns, self.user_ns)
  File "C:\Users\chris\AppData\Local\Temp\ipykernel_5480\3007420965.py", line 73, in <module>
    runpy.run_path(str(script_path), run_name="__main__")
  File "<frozen runpy>", line 287, in run_path
  File "<frozen runpy>", line 98, in _run_module_code
  File "<frozen runpy>", line 88, in _run_code
  File "C:\Users\chris\Desktop\Code\TracesPresenter\Traces_presenter\Jupyter\Chaine\scripts_Mirabelle\eq_FE_Mirabelle.py", line 73, in <module>
    main(_read, _write)
  File "C:\Users\chris\Desktop\Code\TracesPresenter\Traces_presenter\Jupyter\Chaine\scripts_Mirabelle\eq_FE_Mirabelle.py", line 60, in main
    out.warning("  %s : pas de paire de tentatives exploitable — ignoré", actor)
Message: '  %s : pas de paire de tentatives exploitable — ignoré'
Arguments: ('supplee.fourmi',)
--- Logging error ---
Traceback (most recent call last):
  File "c:\Users\chris\AppData\Local\Programs\Python\Python314\Lib\logging\__init__.py", line 1154, in emit
    stream.write(msg + self.terminator)
    ~~~~~~~~~~~~^^^^^^^^^^^^^^^^^^^^^^^
ValueError: I/O operation on closed file.
Call stack:
  File "<frozen runpy>", line 198, in _run_module_as_main
  File "<frozen runpy>", line 88, in _run_code
  File "C:\Users\chris\AppData\Roaming\Python\Python314\site-packages\ipykernel_launcher.py", line 18, in <module>
    app.launch_new_instance()
  File "C:\Users\chris\AppData\Roaming\Python\Python314\site-packages\traitlets\config\application.py", line 1082, in launch_instance
    app.start()
  File "C:\Users\chris\AppData\Roaming\Python\Python314\site-packages\ipykernel\kernelapp.py", line 758, in start
    self.io_loop.start()
  File "C:\Users\chris\AppData\Roaming\Python\Python314\site-packages\tornado\platform\asyncio.py", line 211, in start
    self.asyncio_loop.run_forever()
  File "c:\Users\chris\AppData\Local\Programs\Python\Python314\Lib\asyncio\base_events.py", line 677, in run_forever
    self._run_once()
  File "c:\Users\chris\AppData\Local\Programs\Python\Python314\Lib\asyncio\base_events.py", line 2046, in _run_once
    handle._run()
  File "c:\Users\chris\AppData\Local\Programs\Python\Python314\Lib\asyncio\events.py", line 94, in _run
    self._context.run(self._callback, *self._args)
  File "C:\Users\chris\AppData\Roaming\Python\Python314\site-packages\ipykernel\kernelbase.py", line 621, in shell_main
    await self.dispatch_shell(msg, subshell_id=subshell_id)
  File "C:\Users\chris\AppData\Roaming\Python\Python314\site-packages\ipykernel\kernelbase.py", line 478, in dispatch_shell
    await result
  File "C:\Users\chris\AppData\Roaming\Python\Python314\site-packages\ipykernel\ipkernel.py", line 372, in execute_request
    await super().execute_request(stream, ident, parent)
  File "C:\Users\chris\AppData\Roaming\Python\Python314\site-packages\ipykernel\kernelbase.py", line 834, in execute_request
    reply_content = await reply_content
  File "C:\Users\chris\AppData\Roaming\Python\Python314\site-packages\ipykernel\ipkernel.py", line 464, in do_execute
    res = shell.run_cell(
  File "C:\Users\chris\AppData\Roaming\Python\Python314\site-packages\ipykernel\zmqshell.py", line 663, in run_cell
    return super().run_cell(*args, **kwargs)
  File "C:\Users\chris\AppData\Roaming\Python\Python314\site-packages\IPython\core\interactiveshell.py", line 3170, in run_cell
    result = self._run_cell(
  File "C:\Users\chris\AppData\Roaming\Python\Python314\site-packages\IPython\core\interactiveshell.py", line 3225, in _run_cell
    result = runner(coro)
  File "C:\Users\chris\AppData\Roaming\Python\Python314\site-packages\IPython\core\async_helpers.py", line 128, in _pseudo_sync_runner
    coro.send(None)
  File "C:\Users\chris\AppData\Roaming\Python\Python314\site-packages\IPython\core\interactiveshell.py", line 3447, in run_cell_async
    has_raised = await self.run_ast_nodes(code_ast.body, cell_name,
  File "C:\Users\chris\AppData\Roaming\Python\Python314\site-packages\IPython\core\interactiveshell.py", line 3688, in run_ast_nodes
    if await self.run_code(code, result, async_=asy):
  File "C:\Users\chris\AppData\Roaming\Python\Python314\site-packages\IPython\core\interactiveshell.py", line 3748, in run_code
    exec(code_obj, self.user_global_ns, self.user_ns)
  File "C:\Users\chris\AppData\Local\Temp\ipykernel_5480\3007420965.py", line 73, in <module>
    runpy.run_path(str(script_path), run_name="__main__")
  File "<frozen runpy>", line 287, in run_path
  File "<frozen runpy>", line 98, in _run_module_code
  File "<frozen runpy>", line 88, in _run_code
  File "C:\Users\chris\Desktop\Code\TracesPresenter\Traces_presenter\Jupyter\Chaine\scripts_Mirabelle\eq_FE_Mirabelle.py", line 73, in <module>
    main(_read, _write)
  File "C:\Users\chris\Desktop\Code\TracesPresenter\Traces_presenter\Jupyter\Chaine\scripts_Mirabelle\eq_FE_Mirabelle.py", line 64, in main
    out.info("  %s : EQ = %.3f  (%d Run.Test)", actor, eq, len(attempts))
Message: '  %s : EQ = %.3f  (%d Run.Test)'
Arguments: ('targuions.detaille', 0.0963855421686747, 110)
--- Logging error ---
Traceback (most recent call last):
  File "c:\Users\chris\AppData\Local\Programs\Python\Python314\Lib\logging\__init__.py", line 1154, in emit
    stream.write(msg + self.terminator)
    ~~~~~~~~~~~~^^^^^^^^^^^^^^^^^^^^^^^
ValueError: I/O operation on closed file.
Call stack:
  File "<frozen runpy>", line 198, in _run_module_as_main
  File "<frozen runpy>", line 88, in _run_code
  File "C:\Users\chris\AppData\Roaming\Python\Python314\site-packages\ipykernel_launcher.py", line 18, in <module>
    app.launch_new_instance()
  File "C:\Users\chris\AppData\Roaming\Python\Python314\site-packages\traitlets\config\application.py", line 1082, in launch_instance
    app.start()
  File "C:\Users\chris\AppData\Roaming\Python\Python314\site-packages\ipykernel\kernelapp.py", line 758, in start
    self.io_loop.start()
  File "C:\Users\chris\AppData\Roaming\Python\Python314\site-packages\tornado\platform\asyncio.py", line 211, in start
    self.asyncio_loop.run_forever()
  File "c:\Users\chris\AppData\Local\Programs\Python\Python314\Lib\asyncio\base_events.py", line 677, in run_forever
    self._run_once()
  File "c:\Users\chris\AppData\Local\Programs\Python\Python314\Lib\asyncio\base_events.py", line 2046, in _run_once
    handle._run()
  File "c:\Users\chris\AppData\Local\Programs\Python\Python314\Lib\asyncio\events.py", line 94, in _run
    self._context.run(self._callback, *self._args)
  File "C:\Users\chris\AppData\Roaming\Python\Python314\site-packages\ipykernel\kernelbase.py", line 621, in shell_main
    await self.dispatch_shell(msg, subshell_id=subshell_id)
  File "C:\Users\chris\AppData\Roaming\Python\Python314\site-packages\ipykernel\kernelbase.py", line 478, in dispatch_shell
    await result
  File "C:\Users\chris\AppData\Roaming\Python\Python314\site-packages\ipykernel\ipkernel.py", line 372, in execute_request
    await super().execute_request(stream, ident, parent)
  File "C:\Users\chris\AppData\Roaming\Python\Python314\site-packages\ipykernel\kernelbase.py", line 834, in execute_request
    reply_content = await reply_content
  File "C:\Users\chris\AppData\Roaming\Python\Python314\site-packages\ipykernel\ipkernel.py", line 464, in do_execute
    res = shell.run_cell(
  File "C:\Users\chris\AppData\Roaming\Python\Python314\site-packages\ipykernel\zmqshell.py", line 663, in run_cell
    return super().run_cell(*args, **kwargs)
  File "C:\Users\chris\AppData\Roaming\Python\Python314\site-packages\IPython\core\interactiveshell.py", line 3170, in run_cell
    result = self._run_cell(
  File "C:\Users\chris\AppData\Roaming\Python\Python314\site-packages\IPython\core\interactiveshell.py", line 3225, in _run_cell
    result = runner(coro)
  File "C:\Users\chris\AppData\Roaming\Python\Python314\site-packages\IPython\core\async_helpers.py", line 128, in _pseudo_sync_runner
    coro.send(None)
  File "C:\Users\chris\AppData\Roaming\Python\Python314\site-packages\IPython\core\interactiveshell.py", line 3447, in run_cell_async
    has_raised = await self.run_ast_nodes(code_ast.body, cell_name,
  File "C:\Users\chris\AppData\Roaming\Python\Python314\site-packages\IPython\core\interactiveshell.py", line 3688, in run_ast_nodes
    if await self.run_code(code, result, async_=asy):
  File "C:\Users\chris\AppData\Roaming\Python\Python314\site-packages\IPython\core\interactiveshell.py", line 3748, in run_code
    exec(code_obj, self.user_global_ns, self.user_ns)
  File "C:\Users\chris\AppData\Local\Temp\ipykernel_5480\3007420965.py", line 73, in <module>
    runpy.run_path(str(script_path), run_name="__main__")
  File "<frozen runpy>", line 287, in run_path
  File "<frozen runpy>", line 98, in _run_module_code
  File "<frozen runpy>", line 88, in _run_code
  File "C:\Users\chris\Desktop\Code\TracesPresenter\Traces_presenter\Jupyter\Chaine\scripts_Mirabelle\eq_FE_Mirabelle.py", line 73, in <module>
    main(_read, _write)
  File "C:\Users\chris\Desktop\Code\TracesPresenter\Traces_presenter\Jupyter\Chaine\scripts_Mirabelle\eq_FE_Mirabelle.py", line 64, in main
    out.info("  %s : EQ = %.3f  (%d Run.Test)", actor, eq, len(attempts))
Message: '  %s : EQ = %.3f  (%d Run.Test)'
Arguments: ('telesiege.trepigner', 0.3050847457627119, 76)
--- Logging error ---
Traceback (most recent call last):
  File "c:\Users\chris\AppData\Local\Programs\Python\Python314\Lib\logging\__init__.py", line 1154, in emit
    stream.write(msg + self.terminator)
    ~~~~~~~~~~~~^^^^^^^^^^^^^^^^^^^^^^^
ValueError: I/O operation on closed file.
Call stack:
  File "<frozen runpy>", line 198, in _run_module_as_main
  File "<frozen runpy>", line 88, in _run_code
  File "C:\Users\chris\AppData\Roaming\Python\Python314\site-packages\ipykernel_launcher.py", line 18, in <module>
    app.launch_new_instance()
  File "C:\Users\chris\AppData\Roaming\Python\Python314\site-packages\traitlets\config\application.py", line 1082, in launch_instance
    app.start()
  File "C:\Users\chris\AppData\Roaming\Python\Python314\site-packages\ipykernel\kernelapp.py", line 758, in start
    self.io_loop.start()
  File "C:\Users\chris\AppData\Roaming\Python\Python314\site-packages\tornado\platform\asyncio.py", line 211, in start
    self.asyncio_loop.run_forever()
  File "c:\Users\chris\AppData\Local\Programs\Python\Python314\Lib\asyncio\base_events.py", line 677, in run_forever
    self._run_once()
  File "c:\Users\chris\AppData\Local\Programs\Python\Python314\Lib\asyncio\base_events.py", line 2046, in _run_once
    handle._run()
  File "c:\Users\chris\AppData\Local\Programs\Python\Python314\Lib\asyncio\events.py", line 94, in _run
    self._context.run(self._callback, *self._args)
  File "C:\Users\chris\AppData\Roaming\Python\Python314\site-packages\ipykernel\kernelbase.py", line 621, in shell_main
    await self.dispatch_shell(msg, subshell_id=subshell_id)
  File "C:\Users\chris\AppData\Roaming\Python\Python314\site-packages\ipykernel\kernelbase.py", line 478, in dispatch_shell
    await result
  File "C:\Users\chris\AppData\Roaming\Python\Python314\site-packages\ipykernel\ipkernel.py", line 372, in execute_request
    await super().execute_request(stream, ident, parent)
  File "C:\Users\chris\AppData\Roaming\Python\Python314\site-packages\ipykernel\kernelbase.py", line 834, in execute_request
    reply_content = await reply_content
  File "C:\Users\chris\AppData\Roaming\Python\Python314\site-packages\ipykernel\ipkernel.py", line 464, in do_execute
    res = shell.run_cell(
  File "C:\Users\chris\AppData\Roaming\Python\Python314\site-packages\ipykernel\zmqshell.py", line 663, in run_cell
    return super().run_cell(*args, **kwargs)
  File "C:\Users\chris\AppData\Roaming\Python\Python314\site-packages\IPython\core\interactiveshell.py", line 3170, in run_cell
    result = self._run_cell(
  File "C:\Users\chris\AppData\Roaming\Python\Python314\site-packages\IPython\core\interactiveshell.py", line 3225, in _run_cell
    result = runner(coro)
  File "C:\Users\chris\AppData\Roaming\Python\Python314\site-packages\IPython\core\async_helpers.py", line 128, in _pseudo_sync_runner
    coro.send(None)
  File "C:\Users\chris\AppData\Roaming\Python\Python314\site-packages\IPython\core\interactiveshell.py", line 3447, in run_cell_async
    has_raised = await self.run_ast_nodes(code_ast.body, cell_name,
  File "C:\Users\chris\AppData\Roaming\Python\Python314\site-packages\IPython\core\interactiveshell.py", line 3688, in run_ast_nodes
    if await self.run_code(code, result, async_=asy):
  File "C:\Users\chris\AppData\Roaming\Python\Python314\site-packages\IPython\core\interactiveshell.py", line 3748, in run_code
    exec(code_obj, self.user_global_ns, self.user_ns)
  File "C:\Users\chris\AppData\Local\Temp\ipykernel_5480\3007420965.py", line 73, in <module>
    runpy.run_path(str(script_path), run_name="__main__")
  File "<frozen runpy>", line 287, in run_path
  File "<frozen runpy>", line 98, in _run_module_code
  File "<frozen runpy>", line 88, in _run_code
  File "C:\Users\chris\Desktop\Code\TracesPresenter\Traces_presenter\Jupyter\Chaine\scripts_Mirabelle\eq_FE_Mirabelle.py", line 73, in <module>
    main(_read, _write)
  File "C:\Users\chris\Desktop\Code\TracesPresenter\Traces_presenter\Jupyter\Chaine\scripts_Mirabelle\eq_FE_Mirabelle.py", line 64, in main
    out.info("  %s : EQ = %.3f  (%d Run.Test)", actor, eq, len(attempts))
Message: '  %s : EQ = %.3f  (%d Run.Test)'
Arguments: ('terrorise.dupes', 0.40098661028893584, 170)
--- Logging error ---
Traceback (most recent call last):
  File "c:\Users\chris\AppData\Local\Programs\Python\Python314\Lib\logging\__init__.py", line 1154, in emit
    stream.write(msg + self.terminator)
    ~~~~~~~~~~~~^^^^^^^^^^^^^^^^^^^^^^^
ValueError: I/O operation on closed file.
Call stack:
  File "<frozen runpy>", line 198, in _run_module_as_main
  File "<frozen runpy>", line 88, in _run_code
  File "C:\Users\chris\AppData\Roaming\Python\Python314\site-packages\ipykernel_launcher.py", line 18, in <module>
    app.launch_new_instance()
  File "C:\Users\chris\AppData\Roaming\Python\Python314\site-packages\traitlets\config\application.py", line 1082, in launch_instance
    app.start()
  File "C:\Users\chris\AppData\Roaming\Python\Python314\site-packages\ipykernel\kernelapp.py", line 758, in start
    self.io_loop.start()
  File "C:\Users\chris\AppData\Roaming\Python\Python314\site-packages\tornado\platform\asyncio.py", line 211, in start
    self.asyncio_loop.run_forever()
  File "c:\Users\chris\AppData\Local\Programs\Python\Python314\Lib\asyncio\base_events.py", line 677, in run_forever
    self._run_once()
  File "c:\Users\chris\AppData\Local\Programs\Python\Python314\Lib\asyncio\base_events.py", line 2046, in _run_once
    handle._run()
  File "c:\Users\chris\AppData\Local\Programs\Python\Python314\Lib\asyncio\events.py", line 94, in _run
    self._context.run(self._callback, *self._args)
  File "C:\Users\chris\AppData\Roaming\Python\Python314\site-packages\ipykernel\kernelbase.py", line 621, in shell_main
    await self.dispatch_shell(msg, subshell_id=subshell_id)
  File "C:\Users\chris\AppData\Roaming\Python\Python314\site-packages\ipykernel\kernelbase.py", line 478, in dispatch_shell
    await result
  File "C:\Users\chris\AppData\Roaming\Python\Python314\site-packages\ipykernel\ipkernel.py", line 372, in execute_request
    await super().execute_request(stream, ident, parent)
  File "C:\Users\chris\AppData\Roaming\Python\Python314\site-packages\ipykernel\kernelbase.py", line 834, in execute_request
    reply_content = await reply_content
  File "C:\Users\chris\AppData\Roaming\Python\Python314\site-packages\ipykernel\ipkernel.py", line 464, in do_execute
    res = shell.run_cell(
  File "C:\Users\chris\AppData\Roaming\Python\Python314\site-packages\ipykernel\zmqshell.py", line 663, in run_cell
    return super().run_cell(*args, **kwargs)
  File "C:\Users\chris\AppData\Roaming\Python\Python314\site-packages\IPython\core\interactiveshell.py", line 3170, in run_cell
    result = self._run_cell(
  File "C:\Users\chris\AppData\Roaming\Python\Python314\site-packages\IPython\core\interactiveshell.py", line 3225, in _run_cell
    result = runner(coro)
  File "C:\Users\chris\AppData\Roaming\Python\Python314\site-packages\IPython\core\async_helpers.py", line 128, in _pseudo_sync_runner
    coro.send(None)
  File "C:\Users\chris\AppData\Roaming\Python\Python314\site-packages\IPython\core\interactiveshell.py", line 3447, in run_cell_async
    has_raised = await self.run_ast_nodes(code_ast.body, cell_name,
  File "C:\Users\chris\AppData\Roaming\Python\Python314\site-packages\IPython\core\interactiveshell.py", line 3688, in run_ast_nodes
    if await self.run_code(code, result, async_=asy):
  File "C:\Users\chris\AppData\Roaming\Python\Python314\site-packages\IPython\core\interactiveshell.py", line 3748, in run_code
    exec(code_obj, self.user_global_ns, self.user_ns)
  File "C:\Users\chris\AppData\Local\Temp\ipykernel_5480\3007420965.py", line 73, in <module>
    runpy.run_path(str(script_path), run_name="__main__")
  File "<frozen runpy>", line 287, in run_path
  File "<frozen runpy>", line 98, in _run_module_code
  File "<frozen runpy>", line 88, in _run_code
  File "C:\Users\chris\Desktop\Code\TracesPresenter\Traces_presenter\Jupyter\Chaine\scripts_Mirabelle\eq_FE_Mirabelle.py", line 73, in <module>
    main(_read, _write)
  File "C:\Users\chris\Desktop\Code\TracesPresenter\Traces_presenter\Jupyter\Chaine\scripts_Mirabelle\eq_FE_Mirabelle.py", line 64, in main
    out.info("  %s : EQ = %.3f  (%d Run.Test)", actor, eq, len(attempts))
Message: '  %s : EQ = %.3f  (%d Run.Test)'
Arguments: ('tisses.indolent', 0.19886363636363635, 266)
--- Logging error ---
Traceback (most recent call last):
  File "c:\Users\chris\AppData\Local\Programs\Python\Python314\Lib\logging\__init__.py", line 1154, in emit
    stream.write(msg + self.terminator)
    ~~~~~~~~~~~~^^^^^^^^^^^^^^^^^^^^^^^
ValueError: I/O operation on closed file.
Call stack:
  File "<frozen runpy>", line 198, in _run_module_as_main
  File "<frozen runpy>", line 88, in _run_code
  File "C:\Users\chris\AppData\Roaming\Python\Python314\site-packages\ipykernel_launcher.py", line 18, in <module>
    app.launch_new_instance()
  File "C:\Users\chris\AppData\Roaming\Python\Python314\site-packages\traitlets\config\application.py", line 1082, in launch_instance
    app.start()
  File "C:\Users\chris\AppData\Roaming\Python\Python314\site-packages\ipykernel\kernelapp.py", line 758, in start
    self.io_loop.start()
  File "C:\Users\chris\AppData\Roaming\Python\Python314\site-packages\tornado\platform\asyncio.py", line 211, in start
    self.asyncio_loop.run_forever()
  File "c:\Users\chris\AppData\Local\Programs\Python\Python314\Lib\asyncio\base_events.py", line 677, in run_forever
    self._run_once()
  File "c:\Users\chris\AppData\Local\Programs\Python\Python314\Lib\asyncio\base_events.py", line 2046, in _run_once
    handle._run()
  File "c:\Users\chris\AppData\Local\Programs\Python\Python314\Lib\asyncio\events.py", line 94, in _run
    self._context.run(self._callback, *self._args)
  File "C:\Users\chris\AppData\Roaming\Python\Python314\site-packages\ipykernel\kernelbase.py", line 621, in shell_main
    await self.dispatch_shell(msg, subshell_id=subshell_id)
  File "C:\Users\chris\AppData\Roaming\Python\Python314\site-packages\ipykernel\kernelbase.py", line 478, in dispatch_shell
    await result
  File "C:\Users\chris\AppData\Roaming\Python\Python314\site-packages\ipykernel\ipkernel.py", line 372, in execute_request
    await super().execute_request(stream, ident, parent)
  File "C:\Users\chris\AppData\Roaming\Python\Python314\site-packages\ipykernel\kernelbase.py", line 834, in execute_request
    reply_content = await reply_content
  File "C:\Users\chris\AppData\Roaming\Python\Python314\site-packages\ipykernel\ipkernel.py", line 464, in do_execute
    res = shell.run_cell(
  File "C:\Users\chris\AppData\Roaming\Python\Python314\site-packages\ipykernel\zmqshell.py", line 663, in run_cell
    return super().run_cell(*args, **kwargs)
  File "C:\Users\chris\AppData\Roaming\Python\Python314\site-packages\IPython\core\interactiveshell.py", line 3170, in run_cell
    result = self._run_cell(
  File "C:\Users\chris\AppData\Roaming\Python\Python314\site-packages\IPython\core\interactiveshell.py", line 3225, in _run_cell
    result = runner(coro)
  File "C:\Users\chris\AppData\Roaming\Python\Python314\site-packages\IPython\core\async_helpers.py", line 128, in _pseudo_sync_runner
    coro.send(None)
  File "C:\Users\chris\AppData\Roaming\Python\Python314\site-packages\IPython\core\interactiveshell.py", line 3447, in run_cell_async
    has_raised = await self.run_ast_nodes(code_ast.body, cell_name,
  File "C:\Users\chris\AppData\Roaming\Python\Python314\site-packages\IPython\core\interactiveshell.py", line 3688, in run_ast_nodes
    if await self.run_code(code, result, async_=asy):
  File "C:\Users\chris\AppData\Roaming\Python\Python314\site-packages\IPython\core\interactiveshell.py", line 3748, in run_code
    exec(code_obj, self.user_global_ns, self.user_ns)
  File "C:\Users\chris\AppData\Local\Temp\ipykernel_5480\3007420965.py", line 73, in <module>
    runpy.run_path(str(script_path), run_name="__main__")
  File "<frozen runpy>", line 287, in run_path
  File "<frozen runpy>", line 98, in _run_module_code
  File "<frozen runpy>", line 88, in _run_code
  File "C:\Users\chris\Desktop\Code\TracesPresenter\Traces_presenter\Jupyter\Chaine\scripts_Mirabelle\eq_FE_Mirabelle.py", line 73, in <module>
    main(_read, _write)
  File "C:\Users\chris\Desktop\Code\TracesPresenter\Traces_presenter\Jupyter\Chaine\scripts_Mirabelle\eq_FE_Mirabelle.py", line 64, in main
    out.info("  %s : EQ = %.3f  (%d Run.Test)", actor, eq, len(attempts))
Message: '  %s : EQ = %.3f  (%d Run.Test)'
Arguments: ('tonifiais.tour', 0.20404040404040405, 205)
--- Logging error ---
Traceback (most recent call last):
  File "c:\Users\chris\AppData\Local\Programs\Python\Python314\Lib\logging\__init__.py", line 1154, in emit
    stream.write(msg + self.terminator)
    ~~~~~~~~~~~~^^^^^^^^^^^^^^^^^^^^^^^
ValueError: I/O operation on closed file.
Call stack:
  File "<frozen runpy>", line 198, in _run_module_as_main
  File "<frozen runpy>", line 88, in _run_code
  File "C:\Users\chris\AppData\Roaming\Python\Python314\site-packages\ipykernel_launcher.py", line 18, in <module>
    app.launch_new_instance()
  File "C:\Users\chris\AppData\Roaming\Python\Python314\site-packages\traitlets\config\application.py", line 1082, in launch_instance
    app.start()
  File "C:\Users\chris\AppData\Roaming\Python\Python314\site-packages\ipykernel\kernelapp.py", line 758, in start
    self.io_loop.start()
  File "C:\Users\chris\AppData\Roaming\Python\Python314\site-packages\tornado\platform\asyncio.py", line 211, in start
    self.asyncio_loop.run_forever()
  File "c:\Users\chris\AppData\Local\Programs\Python\Python314\Lib\asyncio\base_events.py", line 677, in run_forever
    self._run_once()
  File "c:\Users\chris\AppData\Local\Programs\Python\Python314\Lib\asyncio\base_events.py", line 2046, in _run_once
    handle._run()
  File "c:\Users\chris\AppData\Local\Programs\Python\Python314\Lib\asyncio\events.py", line 94, in _run
    self._context.run(self._callback, *self._args)
  File "C:\Users\chris\AppData\Roaming\Python\Python314\site-packages\ipykernel\kernelbase.py", line 621, in shell_main
    await self.dispatch_shell(msg, subshell_id=subshell_id)
  File "C:\Users\chris\AppData\Roaming\Python\Python314\site-packages\ipykernel\kernelbase.py", line 478, in dispatch_shell
    await result
  File "C:\Users\chris\AppData\Roaming\Python\Python314\site-packages\ipykernel\ipkernel.py", line 372, in execute_request
    await super().execute_request(stream, ident, parent)
  File "C:\Users\chris\AppData\Roaming\Python\Python314\site-packages\ipykernel\kernelbase.py", line 834, in execute_request
    reply_content = await reply_content
  File "C:\Users\chris\AppData\Roaming\Python\Python314\site-packages\ipykernel\ipkernel.py", line 464, in do_execute
    res = shell.run_cell(
  File "C:\Users\chris\AppData\Roaming\Python\Python314\site-packages\ipykernel\zmqshell.py", line 663, in run_cell
    return super().run_cell(*args, **kwargs)
  File "C:\Users\chris\AppData\Roaming\Python\Python314\site-packages\IPython\core\interactiveshell.py", line 3170, in run_cell
    result = self._run_cell(
  File "C:\Users\chris\AppData\Roaming\Python\Python314\site-packages\IPython\core\interactiveshell.py", line 3225, in _run_cell
    result = runner(coro)
  File "C:\Users\chris\AppData\Roaming\Python\Python314\site-packages\IPython\core\async_helpers.py", line 128, in _pseudo_sync_runner
    coro.send(None)
  File "C:\Users\chris\AppData\Roaming\Python\Python314\site-packages\IPython\core\interactiveshell.py", line 3447, in run_cell_async
    has_raised = await self.run_ast_nodes(code_ast.body, cell_name,
  File "C:\Users\chris\AppData\Roaming\Python\Python314\site-packages\IPython\core\interactiveshell.py", line 3688, in run_ast_nodes
    if await self.run_code(code, result, async_=asy):
  File "C:\Users\chris\AppData\Roaming\Python\Python314\site-packages\IPython\core\interactiveshell.py", line 3748, in run_code
    exec(code_obj, self.user_global_ns, self.user_ns)
  File "C:\Users\chris\AppData\Local\Temp\ipykernel_5480\3007420965.py", line 73, in <module>
    runpy.run_path(str(script_path), run_name="__main__")
  File "<frozen runpy>", line 287, in run_path
  File "<frozen runpy>", line 98, in _run_module_code
  File "<frozen runpy>", line 88, in _run_code
  File "C:\Users\chris\Desktop\Code\TracesPresenter\Traces_presenter\Jupyter\Chaine\scripts_Mirabelle\eq_FE_Mirabelle.py", line 73, in <module>
    main(_read, _write)
  File "C:\Users\chris\Desktop\Code\TracesPresenter\Traces_presenter\Jupyter\Chaine\scripts_Mirabelle\eq_FE_Mirabelle.py", line 64, in main
    out.info("  %s : EQ = %.3f  (%d Run.Test)", actor, eq, len(attempts))
Message: '  %s : EQ = %.3f  (%d Run.Test)'
Arguments: ('totalise.torture', 0.25, 36)
--- Logging error ---
Traceback (most recent call last):
  File "c:\Users\chris\AppData\Local\Programs\Python\Python314\Lib\logging\__init__.py", line 1154, in emit
    stream.write(msg + self.terminator)
    ~~~~~~~~~~~~^^^^^^^^^^^^^^^^^^^^^^^
ValueError: I/O operation on closed file.
Call stack:
  File "<frozen runpy>", line 198, in _run_module_as_main
  File "<frozen runpy>", line 88, in _run_code
  File "C:\Users\chris\AppData\Roaming\Python\Python314\site-packages\ipykernel_launcher.py", line 18, in <module>
    app.launch_new_instance()
  File "C:\Users\chris\AppData\Roaming\Python\Python314\site-packages\traitlets\config\application.py", line 1082, in launch_instance
    app.start()
  File "C:\Users\chris\AppData\Roaming\Python\Python314\site-packages\ipykernel\kernelapp.py", line 758, in start
    self.io_loop.start()
  File "C:\Users\chris\AppData\Roaming\Python\Python314\site-packages\tornado\platform\asyncio.py", line 211, in start
    self.asyncio_loop.run_forever()
  File "c:\Users\chris\AppData\Local\Programs\Python\Python314\Lib\asyncio\base_events.py", line 677, in run_forever
    self._run_once()
  File "c:\Users\chris\AppData\Local\Programs\Python\Python314\Lib\asyncio\base_events.py", line 2046, in _run_once
    handle._run()
  File "c:\Users\chris\AppData\Local\Programs\Python\Python314\Lib\asyncio\events.py", line 94, in _run
    self._context.run(self._callback, *self._args)
  File "C:\Users\chris\AppData\Roaming\Python\Python314\site-packages\ipykernel\kernelbase.py", line 621, in shell_main
    await self.dispatch_shell(msg, subshell_id=subshell_id)
  File "C:\Users\chris\AppData\Roaming\Python\Python314\site-packages\ipykernel\kernelbase.py", line 478, in dispatch_shell
    await result
  File "C:\Users\chris\AppData\Roaming\Python\Python314\site-packages\ipykernel\ipkernel.py", line 372, in execute_request
    await super().execute_request(stream, ident, parent)
  File "C:\Users\chris\AppData\Roaming\Python\Python314\site-packages\ipykernel\kernelbase.py", line 834, in execute_request
    reply_content = await reply_content
  File "C:\Users\chris\AppData\Roaming\Python\Python314\site-packages\ipykernel\ipkernel.py", line 464, in do_execute
    res = shell.run_cell(
  File "C:\Users\chris\AppData\Roaming\Python\Python314\site-packages\ipykernel\zmqshell.py", line 663, in run_cell
    return super().run_cell(*args, **kwargs)
  File "C:\Users\chris\AppData\Roaming\Python\Python314\site-packages\IPython\core\interactiveshell.py", line 3170, in run_cell
    result = self._run_cell(
  File "C:\Users\chris\AppData\Roaming\Python\Python314\site-packages\IPython\core\interactiveshell.py", line 3225, in _run_cell
    result = runner(coro)
  File "C:\Users\chris\AppData\Roaming\Python\Python314\site-packages\IPython\core\async_helpers.py", line 128, in _pseudo_sync_runner
    coro.send(None)
  File "C:\Users\chris\AppData\Roaming\Python\Python314\site-packages\IPython\core\interactiveshell.py", line 3447, in run_cell_async
    has_raised = await self.run_ast_nodes(code_ast.body, cell_name,
  File "C:\Users\chris\AppData\Roaming\Python\Python314\site-packages\IPython\core\interactiveshell.py", line 3688, in run_ast_nodes
    if await self.run_code(code, result, async_=asy):
  File "C:\Users\chris\AppData\Roaming\Python\Python314\site-packages\IPython\core\interactiveshell.py", line 3748, in run_code
    exec(code_obj, self.user_global_ns, self.user_ns)
  File "C:\Users\chris\AppData\Local\Temp\ipykernel_5480\3007420965.py", line 73, in <module>
    runpy.run_path(str(script_path), run_name="__main__")
  File "<frozen runpy>", line 287, in run_path
  File "<frozen runpy>", line 98, in _run_module_code
  File "<frozen runpy>", line 88, in _run_code
  File "C:\Users\chris\Desktop\Code\TracesPresenter\Traces_presenter\Jupyter\Chaine\scripts_Mirabelle\eq_FE_Mirabelle.py", line 73, in <module>
    main(_read, _write)
  File "C:\Users\chris\Desktop\Code\TracesPresenter\Traces_presenter\Jupyter\Chaine\scripts_Mirabelle\eq_FE_Mirabelle.py", line 64, in main
    out.info("  %s : EQ = %.3f  (%d Run.Test)", actor, eq, len(attempts))
Message: '  %s : EQ = %.3f  (%d Run.Test)'
Arguments: ('toupet.entendras', 0.0, 14)
--- Logging error ---
Traceback (most recent call last):
  File "c:\Users\chris\AppData\Local\Programs\Python\Python314\Lib\logging\__init__.py", line 1154, in emit
    stream.write(msg + self.terminator)
    ~~~~~~~~~~~~^^^^^^^^^^^^^^^^^^^^^^^
ValueError: I/O operation on closed file.
Call stack:
  File "<frozen runpy>", line 198, in _run_module_as_main
  File "<frozen runpy>", line 88, in _run_code
  File "C:\Users\chris\AppData\Roaming\Python\Python314\site-packages\ipykernel_launcher.py", line 18, in <module>
    app.launch_new_instance()
  File "C:\Users\chris\AppData\Roaming\Python\Python314\site-packages\traitlets\config\application.py", line 1082, in launch_instance
    app.start()
  File "C:\Users\chris\AppData\Roaming\Python\Python314\site-packages\ipykernel\kernelapp.py", line 758, in start
    self.io_loop.start()
  File "C:\Users\chris\AppData\Roaming\Python\Python314\site-packages\tornado\platform\asyncio.py", line 211, in start
    self.asyncio_loop.run_forever()
  File "c:\Users\chris\AppData\Local\Programs\Python\Python314\Lib\asyncio\base_events.py", line 677, in run_forever
    self._run_once()
  File "c:\Users\chris\AppData\Local\Programs\Python\Python314\Lib\asyncio\base_events.py", line 2046, in _run_once
    handle._run()
  File "c:\Users\chris\AppData\Local\Programs\Python\Python314\Lib\asyncio\events.py", line 94, in _run
    self._context.run(self._callback, *self._args)
  File "C:\Users\chris\AppData\Roaming\Python\Python314\site-packages\ipykernel\kernelbase.py", line 621, in shell_main
    await self.dispatch_shell(msg, subshell_id=subshell_id)
  File "C:\Users\chris\AppData\Roaming\Python\Python314\site-packages\ipykernel\kernelbase.py", line 478, in dispatch_shell
    await result
  File "C:\Users\chris\AppData\Roaming\Python\Python314\site-packages\ipykernel\ipkernel.py", line 372, in execute_request
    await super().execute_request(stream, ident, parent)
  File "C:\Users\chris\AppData\Roaming\Python\Python314\site-packages\ipykernel\kernelbase.py", line 834, in execute_request
    reply_content = await reply_content
  File "C:\Users\chris\AppData\Roaming\Python\Python314\site-packages\ipykernel\ipkernel.py", line 464, in do_execute
    res = shell.run_cell(
  File "C:\Users\chris\AppData\Roaming\Python\Python314\site-packages\ipykernel\zmqshell.py", line 663, in run_cell
    return super().run_cell(*args, **kwargs)
  File "C:\Users\chris\AppData\Roaming\Python\Python314\site-packages\IPython\core\interactiveshell.py", line 3170, in run_cell
    result = self._run_cell(
  File "C:\Users\chris\AppData\Roaming\Python\Python314\site-packages\IPython\core\interactiveshell.py", line 3225, in _run_cell
    result = runner(coro)
  File "C:\Users\chris\AppData\Roaming\Python\Python314\site-packages\IPython\core\async_helpers.py", line 128, in _pseudo_sync_runner
    coro.send(None)
  File "C:\Users\chris\AppData\Roaming\Python\Python314\site-packages\IPython\core\interactiveshell.py", line 3447, in run_cell_async
    has_raised = await self.run_ast_nodes(code_ast.body, cell_name,
  File "C:\Users\chris\AppData\Roaming\Python\Python314\site-packages\IPython\core\interactiveshell.py", line 3688, in run_ast_nodes
    if await self.run_code(code, result, async_=asy):
  File "C:\Users\chris\AppData\Roaming\Python\Python314\site-packages\IPython\core\interactiveshell.py", line 3748, in run_code
    exec(code_obj, self.user_global_ns, self.user_ns)
  File "C:\Users\chris\AppData\Local\Temp\ipykernel_5480\3007420965.py", line 73, in <module>
    runpy.run_path(str(script_path), run_name="__main__")
  File "<frozen runpy>", line 287, in run_path
  File "<frozen runpy>", line 98, in _run_module_code
  File "<frozen runpy>", line 88, in _run_code
  File "C:\Users\chris\Desktop\Code\TracesPresenter\Traces_presenter\Jupyter\Chaine\scripts_Mirabelle\eq_FE_Mirabelle.py", line 73, in <module>
    main(_read, _write)
  File "C:\Users\chris\Desktop\Code\TracesPresenter\Traces_presenter\Jupyter\Chaine\scripts_Mirabelle\eq_FE_Mirabelle.py", line 64, in main
    out.info("  %s : EQ = %.3f  (%d Run.Test)", actor, eq, len(attempts))
Message: '  %s : EQ = %.3f  (%d Run.Test)'
Arguments: ('tourber.lancait', 0.11538461538461539, 37)
--- Logging error ---
Traceback (most recent call last):
  File "c:\Users\chris\AppData\Local\Programs\Python\Python314\Lib\logging\__init__.py", line 1154, in emit
    stream.write(msg + self.terminator)
    ~~~~~~~~~~~~^^^^^^^^^^^^^^^^^^^^^^^
ValueError: I/O operation on closed file.
Call stack:
  File "<frozen runpy>", line 198, in _run_module_as_main
  File "<frozen runpy>", line 88, in _run_code
  File "C:\Users\chris\AppData\Roaming\Python\Python314\site-packages\ipykernel_launcher.py", line 18, in <module>
    app.launch_new_instance()
  File "C:\Users\chris\AppData\Roaming\Python\Python314\site-packages\traitlets\config\application.py", line 1082, in launch_instance
    app.start()
  File "C:\Users\chris\AppData\Roaming\Python\Python314\site-packages\ipykernel\kernelapp.py", line 758, in start
    self.io_loop.start()
  File "C:\Users\chris\AppData\Roaming\Python\Python314\site-packages\tornado\platform\asyncio.py", line 211, in start
    self.asyncio_loop.run_forever()
  File "c:\Users\chris\AppData\Local\Programs\Python\Python314\Lib\asyncio\base_events.py", line 677, in run_forever
    self._run_once()
  File "c:\Users\chris\AppData\Local\Programs\Python\Python314\Lib\asyncio\base_events.py", line 2046, in _run_once
    handle._run()
  File "c:\Users\chris\AppData\Local\Programs\Python\Python314\Lib\asyncio\events.py", line 94, in _run
    self._context.run(self._callback, *self._args)
  File "C:\Users\chris\AppData\Roaming\Python\Python314\site-packages\ipykernel\kernelbase.py", line 621, in shell_main
    await self.dispatch_shell(msg, subshell_id=subshell_id)
  File "C:\Users\chris\AppData\Roaming\Python\Python314\site-packages\ipykernel\kernelbase.py", line 478, in dispatch_shell
    await result
  File "C:\Users\chris\AppData\Roaming\Python\Python314\site-packages\ipykernel\ipkernel.py", line 372, in execute_request
    await super().execute_request(stream, ident, parent)
  File "C:\Users\chris\AppData\Roaming\Python\Python314\site-packages\ipykernel\kernelbase.py", line 834, in execute_request
    reply_content = await reply_content
  File "C:\Users\chris\AppData\Roaming\Python\Python314\site-packages\ipykernel\ipkernel.py", line 464, in do_execute
    res = shell.run_cell(
  File "C:\Users\chris\AppData\Roaming\Python\Python314\site-packages\ipykernel\zmqshell.py", line 663, in run_cell
    return super().run_cell(*args, **kwargs)
  File "C:\Users\chris\AppData\Roaming\Python\Python314\site-packages\IPython\core\interactiveshell.py", line 3170, in run_cell
    result = self._run_cell(
  File "C:\Users\chris\AppData\Roaming\Python\Python314\site-packages\IPython\core\interactiveshell.py", line 3225, in _run_cell
    result = runner(coro)
  File "C:\Users\chris\AppData\Roaming\Python\Python314\site-packages\IPython\core\async_helpers.py", line 128, in _pseudo_sync_runner
    coro.send(None)
  File "C:\Users\chris\AppData\Roaming\Python\Python314\site-packages\IPython\core\interactiveshell.py", line 3447, in run_cell_async
    has_raised = await self.run_ast_nodes(code_ast.body, cell_name,
  File "C:\Users\chris\AppData\Roaming\Python\Python314\site-packages\IPython\core\interactiveshell.py", line 3688, in run_ast_nodes
    if await self.run_code(code, result, async_=asy):
  File "C:\Users\chris\AppData\Roaming\Python\Python314\site-packages\IPython\core\interactiveshell.py", line 3748, in run_code
    exec(code_obj, self.user_global_ns, self.user_ns)
  File "C:\Users\chris\AppData\Local\Temp\ipykernel_5480\3007420965.py", line 73, in <module>
    runpy.run_path(str(script_path), run_name="__main__")
  File "<frozen runpy>", line 287, in run_path
  File "<frozen runpy>", line 98, in _run_module_code
  File "<frozen runpy>", line 88, in _run_code
  File "C:\Users\chris\Desktop\Code\TracesPresenter\Traces_presenter\Jupyter\Chaine\scripts_Mirabelle\eq_FE_Mirabelle.py", line 73, in <module>
    main(_read, _write)
  File "C:\Users\chris\Desktop\Code\TracesPresenter\Traces_presenter\Jupyter\Chaine\scripts_Mirabelle\eq_FE_Mirabelle.py", line 64, in main
    out.info("  %s : EQ = %.3f  (%d Run.Test)", actor, eq, len(attempts))
Message: '  %s : EQ = %.3f  (%d Run.Test)'
Arguments: ('tramerai.ligoteras', 0.42480883602378927, 121)
--- Logging error ---
Traceback (most recent call last):
  File "c:\Users\chris\AppData\Local\Programs\Python\Python314\Lib\logging\__init__.py", line 1154, in emit
    stream.write(msg + self.terminator)
    ~~~~~~~~~~~~^^^^^^^^^^^^^^^^^^^^^^^
ValueError: I/O operation on closed file.
Call stack:
  File "<frozen runpy>", line 198, in _run_module_as_main
  File "<frozen runpy>", line 88, in _run_code
  File "C:\Users\chris\AppData\Roaming\Python\Python314\site-packages\ipykernel_launcher.py", line 18, in <module>
    app.launch_new_instance()
  File "C:\Users\chris\AppData\Roaming\Python\Python314\site-packages\traitlets\config\application.py", line 1082, in launch_instance
    app.start()
  File "C:\Users\chris\AppData\Roaming\Python\Python314\site-packages\ipykernel\kernelapp.py", line 758, in start
    self.io_loop.start()
  File "C:\Users\chris\AppData\Roaming\Python\Python314\site-packages\tornado\platform\asyncio.py", line 211, in start
    self.asyncio_loop.run_forever()
  File "c:\Users\chris\AppData\Local\Programs\Python\Python314\Lib\asyncio\base_events.py", line 677, in run_forever
    self._run_once()
  File "c:\Users\chris\AppData\Local\Programs\Python\Python314\Lib\asyncio\base_events.py", line 2046, in _run_once
    handle._run()
  File "c:\Users\chris\AppData\Local\Programs\Python\Python314\Lib\asyncio\events.py", line 94, in _run
    self._context.run(self._callback, *self._args)
  File "C:\Users\chris\AppData\Roaming\Python\Python314\site-packages\ipykernel\kernelbase.py", line 621, in shell_main
    await self.dispatch_shell(msg, subshell_id=subshell_id)
  File "C:\Users\chris\AppData\Roaming\Python\Python314\site-packages\ipykernel\kernelbase.py", line 478, in dispatch_shell
    await result
  File "C:\Users\chris\AppData\Roaming\Python\Python314\site-packages\ipykernel\ipkernel.py", line 372, in execute_request
    await super().execute_request(stream, ident, parent)
  File "C:\Users\chris\AppData\Roaming\Python\Python314\site-packages\ipykernel\kernelbase.py", line 834, in execute_request
    reply_content = await reply_content
  File "C:\Users\chris\AppData\Roaming\Python\Python314\site-packages\ipykernel\ipkernel.py", line 464, in do_execute
    res = shell.run_cell(
  File "C:\Users\chris\AppData\Roaming\Python\Python314\site-packages\ipykernel\zmqshell.py", line 663, in run_cell
    return super().run_cell(*args, **kwargs)
  File "C:\Users\chris\AppData\Roaming\Python\Python314\site-packages\IPython\core\interactiveshell.py", line 3170, in run_cell
    result = self._run_cell(
  File "C:\Users\chris\AppData\Roaming\Python\Python314\site-packages\IPython\core\interactiveshell.py", line 3225, in _run_cell
    result = runner(coro)
  File "C:\Users\chris\AppData\Roaming\Python\Python314\site-packages\IPython\core\async_helpers.py", line 128, in _pseudo_sync_runner
    coro.send(None)
  File "C:\Users\chris\AppData\Roaming\Python\Python314\site-packages\IPython\core\interactiveshell.py", line 3447, in run_cell_async
    has_raised = await self.run_ast_nodes(code_ast.body, cell_name,
  File "C:\Users\chris\AppData\Roaming\Python\Python314\site-packages\IPython\core\interactiveshell.py", line 3688, in run_ast_nodes
    if await self.run_code(code, result, async_=asy):
  File "C:\Users\chris\AppData\Roaming\Python\Python314\site-packages\IPython\core\interactiveshell.py", line 3748, in run_code
    exec(code_obj, self.user_global_ns, self.user_ns)
  File "C:\Users\chris\AppData\Local\Temp\ipykernel_5480\3007420965.py", line 73, in <module>
    runpy.run_path(str(script_path), run_name="__main__")
  File "<frozen runpy>", line 287, in run_path
  File "<frozen runpy>", line 98, in _run_module_code
  File "<frozen runpy>", line 88, in _run_code
  File "C:\Users\chris\Desktop\Code\TracesPresenter\Traces_presenter\Jupyter\Chaine\scripts_Mirabelle\eq_FE_Mirabelle.py", line 73, in <module>
    main(_read, _write)
  File "C:\Users\chris\Desktop\Code\TracesPresenter\Traces_presenter\Jupyter\Chaine\scripts_Mirabelle\eq_FE_Mirabelle.py", line 60, in main
    out.warning("  %s : pas de paire de tentatives exploitable — ignoré", actor)
Message: '  %s : pas de paire de tentatives exploitable — ignoré'
Arguments: ('trapeze.mentiras',)
--- Logging error ---
Traceback (most recent call last):
  File "c:\Users\chris\AppData\Local\Programs\Python\Python314\Lib\logging\__init__.py", line 1154, in emit
    stream.write(msg + self.terminator)
    ~~~~~~~~~~~~^^^^^^^^^^^^^^^^^^^^^^^
ValueError: I/O operation on closed file.
Call stack:
  File "<frozen runpy>", line 198, in _run_module_as_main
  File "<frozen runpy>", line 88, in _run_code
  File "C:\Users\chris\AppData\Roaming\Python\Python314\site-packages\ipykernel_launcher.py", line 18, in <module>
    app.launch_new_instance()
  File "C:\Users\chris\AppData\Roaming\Python\Python314\site-packages\traitlets\config\application.py", line 1082, in launch_instance
    app.start()
  File "C:\Users\chris\AppData\Roaming\Python\Python314\site-packages\ipykernel\kernelapp.py", line 758, in start
    self.io_loop.start()
  File "C:\Users\chris\AppData\Roaming\Python\Python314\site-packages\tornado\platform\asyncio.py", line 211, in start
    self.asyncio_loop.run_forever()
  File "c:\Users\chris\AppData\Local\Programs\Python\Python314\Lib\asyncio\base_events.py", line 677, in run_forever
    self._run_once()
  File "c:\Users\chris\AppData\Local\Programs\Python\Python314\Lib\asyncio\base_events.py", line 2046, in _run_once
    handle._run()
  File "c:\Users\chris\AppData\Local\Programs\Python\Python314\Lib\asyncio\events.py", line 94, in _run
    self._context.run(self._callback, *self._args)
  File "C:\Users\chris\AppData\Roaming\Python\Python314\site-packages\ipykernel\kernelbase.py", line 621, in shell_main
    await self.dispatch_shell(msg, subshell_id=subshell_id)
  File "C:\Users\chris\AppData\Roaming\Python\Python314\site-packages\ipykernel\kernelbase.py", line 478, in dispatch_shell
    await result
  File "C:\Users\chris\AppData\Roaming\Python\Python314\site-packages\ipykernel\ipkernel.py", line 372, in execute_request
    await super().execute_request(stream, ident, parent)
  File "C:\Users\chris\AppData\Roaming\Python\Python314\site-packages\ipykernel\kernelbase.py", line 834, in execute_request
    reply_content = await reply_content
  File "C:\Users\chris\AppData\Roaming\Python\Python314\site-packages\ipykernel\ipkernel.py", line 464, in do_execute
    res = shell.run_cell(
  File "C:\Users\chris\AppData\Roaming\Python\Python314\site-packages\ipykernel\zmqshell.py", line 663, in run_cell
    return super().run_cell(*args, **kwargs)
  File "C:\Users\chris\AppData\Roaming\Python\Python314\site-packages\IPython\core\interactiveshell.py", line 3170, in run_cell
    result = self._run_cell(
  File "C:\Users\chris\AppData\Roaming\Python\Python314\site-packages\IPython\core\interactiveshell.py", line 3225, in _run_cell
    result = runner(coro)
  File "C:\Users\chris\AppData\Roaming\Python\Python314\site-packages\IPython\core\async_helpers.py", line 128, in _pseudo_sync_runner
    coro.send(None)
  File "C:\Users\chris\AppData\Roaming\Python\Python314\site-packages\IPython\core\interactiveshell.py", line 3447, in run_cell_async
    has_raised = await self.run_ast_nodes(code_ast.body, cell_name,
  File "C:\Users\chris\AppData\Roaming\Python\Python314\site-packages\IPython\core\interactiveshell.py", line 3688, in run_ast_nodes
    if await self.run_code(code, result, async_=asy):
  File "C:\Users\chris\AppData\Roaming\Python\Python314\site-packages\IPython\core\interactiveshell.py", line 3748, in run_code
    exec(code_obj, self.user_global_ns, self.user_ns)
  File "C:\Users\chris\AppData\Local\Temp\ipykernel_5480\3007420965.py", line 73, in <module>
    runpy.run_path(str(script_path), run_name="__main__")
  File "<frozen runpy>", line 287, in run_path
  File "<frozen runpy>", line 98, in _run_module_code
  File "<frozen runpy>", line 88, in _run_code
  File "C:\Users\chris\Desktop\Code\TracesPresenter\Traces_presenter\Jupyter\Chaine\scripts_Mirabelle\eq_FE_Mirabelle.py", line 73, in <module>
    main(_read, _write)
  File "C:\Users\chris\Desktop\Code\TracesPresenter\Traces_presenter\Jupyter\Chaine\scripts_Mirabelle\eq_FE_Mirabelle.py", line 64, in main
    out.info("  %s : EQ = %.3f  (%d Run.Test)", actor, eq, len(attempts))
Message: '  %s : EQ = %.3f  (%d Run.Test)'
Arguments: ('travesti.mobilises', 0.23262032085561496, 126)
--- Logging error ---
Traceback (most recent call last):
  File "c:\Users\chris\AppData\Local\Programs\Python\Python314\Lib\logging\__init__.py", line 1154, in emit
    stream.write(msg + self.terminator)
    ~~~~~~~~~~~~^^^^^^^^^^^^^^^^^^^^^^^
ValueError: I/O operation on closed file.
Call stack:
  File "<frozen runpy>", line 198, in _run_module_as_main
  File "<frozen runpy>", line 88, in _run_code
  File "C:\Users\chris\AppData\Roaming\Python\Python314\site-packages\ipykernel_launcher.py", line 18, in <module>
    app.launch_new_instance()
  File "C:\Users\chris\AppData\Roaming\Python\Python314\site-packages\traitlets\config\application.py", line 1082, in launch_instance
    app.start()
  File "C:\Users\chris\AppData\Roaming\Python\Python314\site-packages\ipykernel\kernelapp.py", line 758, in start
    self.io_loop.start()
  File "C:\Users\chris\AppData\Roaming\Python\Python314\site-packages\tornado\platform\asyncio.py", line 211, in start
    self.asyncio_loop.run_forever()
  File "c:\Users\chris\AppData\Local\Programs\Python\Python314\Lib\asyncio\base_events.py", line 677, in run_forever
    self._run_once()
  File "c:\Users\chris\AppData\Local\Programs\Python\Python314\Lib\asyncio\base_events.py", line 2046, in _run_once
    handle._run()
  File "c:\Users\chris\AppData\Local\Programs\Python\Python314\Lib\asyncio\events.py", line 94, in _run
    self._context.run(self._callback, *self._args)
  File "C:\Users\chris\AppData\Roaming\Python\Python314\site-packages\ipykernel\kernelbase.py", line 621, in shell_main
    await self.dispatch_shell(msg, subshell_id=subshell_id)
  File "C:\Users\chris\AppData\Roaming\Python\Python314\site-packages\ipykernel\kernelbase.py", line 478, in dispatch_shell
    await result
  File "C:\Users\chris\AppData\Roaming\Python\Python314\site-packages\ipykernel\ipkernel.py", line 372, in execute_request
    await super().execute_request(stream, ident, parent)
  File "C:\Users\chris\AppData\Roaming\Python\Python314\site-packages\ipykernel\kernelbase.py", line 834, in execute_request
    reply_content = await reply_content
  File "C:\Users\chris\AppData\Roaming\Python\Python314\site-packages\ipykernel\ipkernel.py", line 464, in do_execute
    res = shell.run_cell(
  File "C:\Users\chris\AppData\Roaming\Python\Python314\site-packages\ipykernel\zmqshell.py", line 663, in run_cell
    return super().run_cell(*args, **kwargs)
  File "C:\Users\chris\AppData\Roaming\Python\Python314\site-packages\IPython\core\interactiveshell.py", line 3170, in run_cell
    result = self._run_cell(
  File "C:\Users\chris\AppData\Roaming\Python\Python314\site-packages\IPython\core\interactiveshell.py", line 3225, in _run_cell
    result = runner(coro)
  File "C:\Users\chris\AppData\Roaming\Python\Python314\site-packages\IPython\core\async_helpers.py", line 128, in _pseudo_sync_runner
    coro.send(None)
  File "C:\Users\chris\AppData\Roaming\Python\Python314\site-packages\IPython\core\interactiveshell.py", line 3447, in run_cell_async
    has_raised = await self.run_ast_nodes(code_ast.body, cell_name,
  File "C:\Users\chris\AppData\Roaming\Python\Python314\site-packages\IPython\core\interactiveshell.py", line 3688, in run_ast_nodes
    if await self.run_code(code, result, async_=asy):
  File "C:\Users\chris\AppData\Roaming\Python\Python314\site-packages\IPython\core\interactiveshell.py", line 3748, in run_code
    exec(code_obj, self.user_global_ns, self.user_ns)
  File "C:\Users\chris\AppData\Local\Temp\ipykernel_5480\3007420965.py", line 73, in <module>
    runpy.run_path(str(script_path), run_name="__main__")
  File "<frozen runpy>", line 287, in run_path
  File "<frozen runpy>", line 98, in _run_module_code
  File "<frozen runpy>", line 88, in _run_code
  File "C:\Users\chris\Desktop\Code\TracesPresenter\Traces_presenter\Jupyter\Chaine\scripts_Mirabelle\eq_FE_Mirabelle.py", line 73, in <module>
    main(_read, _write)
  File "C:\Users\chris\Desktop\Code\TracesPresenter\Traces_presenter\Jupyter\Chaine\scripts_Mirabelle\eq_FE_Mirabelle.py", line 64, in main
    out.info("  %s : EQ = %.3f  (%d Run.Test)", actor, eq, len(attempts))
Message: '  %s : EQ = %.3f  (%d Run.Test)'
Arguments: ('tribunes.carrosse', 0.28688899040657834, 242)
--- Logging error ---
Traceback (most recent call last):
  File "c:\Users\chris\AppData\Local\Programs\Python\Python314\Lib\logging\__init__.py", line 1154, in emit
    stream.write(msg + self.terminator)
    ~~~~~~~~~~~~^^^^^^^^^^^^^^^^^^^^^^^
ValueError: I/O operation on closed file.
Call stack:
  File "<frozen runpy>", line 198, in _run_module_as_main
  File "<frozen runpy>", line 88, in _run_code
  File "C:\Users\chris\AppData\Roaming\Python\Python314\site-packages\ipykernel_launcher.py", line 18, in <module>
    app.launch_new_instance()
  File "C:\Users\chris\AppData\Roaming\Python\Python314\site-packages\traitlets\config\application.py", line 1082, in launch_instance
    app.start()
  File "C:\Users\chris\AppData\Roaming\Python\Python314\site-packages\ipykernel\kernelapp.py", line 758, in start
    self.io_loop.start()
  File "C:\Users\chris\AppData\Roaming\Python\Python314\site-packages\tornado\platform\asyncio.py", line 211, in start
    self.asyncio_loop.run_forever()
  File "c:\Users\chris\AppData\Local\Programs\Python\Python314\Lib\asyncio\base_events.py", line 677, in run_forever
    self._run_once()
  File "c:\Users\chris\AppData\Local\Programs\Python\Python314\Lib\asyncio\base_events.py", line 2046, in _run_once
    handle._run()
  File "c:\Users\chris\AppData\Local\Programs\Python\Python314\Lib\asyncio\events.py", line 94, in _run
    self._context.run(self._callback, *self._args)
  File "C:\Users\chris\AppData\Roaming\Python\Python314\site-packages\ipykernel\kernelbase.py", line 621, in shell_main
    await self.dispatch_shell(msg, subshell_id=subshell_id)
  File "C:\Users\chris\AppData\Roaming\Python\Python314\site-packages\ipykernel\kernelbase.py", line 478, in dispatch_shell
    await result
  File "C:\Users\chris\AppData\Roaming\Python\Python314\site-packages\ipykernel\ipkernel.py", line 372, in execute_request
    await super().execute_request(stream, ident, parent)
  File "C:\Users\chris\AppData\Roaming\Python\Python314\site-packages\ipykernel\kernelbase.py", line 834, in execute_request
    reply_content = await reply_content
  File "C:\Users\chris\AppData\Roaming\Python\Python314\site-packages\ipykernel\ipkernel.py", line 464, in do_execute
    res = shell.run_cell(
  File "C:\Users\chris\AppData\Roaming\Python\Python314\site-packages\ipykernel\zmqshell.py", line 663, in run_cell
    return super().run_cell(*args, **kwargs)
  File "C:\Users\chris\AppData\Roaming\Python\Python314\site-packages\IPython\core\interactiveshell.py", line 3170, in run_cell
    result = self._run_cell(
  File "C:\Users\chris\AppData\Roaming\Python\Python314\site-packages\IPython\core\interactiveshell.py", line 3225, in _run_cell
    result = runner(coro)
  File "C:\Users\chris\AppData\Roaming\Python\Python314\site-packages\IPython\core\async_helpers.py", line 128, in _pseudo_sync_runner
    coro.send(None)
  File "C:\Users\chris\AppData\Roaming\Python\Python314\site-packages\IPython\core\interactiveshell.py", line 3447, in run_cell_async
    has_raised = await self.run_ast_nodes(code_ast.body, cell_name,
  File "C:\Users\chris\AppData\Roaming\Python\Python314\site-packages\IPython\core\interactiveshell.py", line 3688, in run_ast_nodes
    if await self.run_code(code, result, async_=asy):
  File "C:\Users\chris\AppData\Roaming\Python\Python314\site-packages\IPython\core\interactiveshell.py", line 3748, in run_code
    exec(code_obj, self.user_global_ns, self.user_ns)
  File "C:\Users\chris\AppData\Local\Temp\ipykernel_5480\3007420965.py", line 73, in <module>
    runpy.run_path(str(script_path), run_name="__main__")
  File "<frozen runpy>", line 287, in run_path
  File "<frozen runpy>", line 98, in _run_module_code
  File "<frozen runpy>", line 88, in _run_code
  File "C:\Users\chris\Desktop\Code\TracesPresenter\Traces_presenter\Jupyter\Chaine\scripts_Mirabelle\eq_FE_Mirabelle.py", line 73, in <module>
    main(_read, _write)
  File "C:\Users\chris\Desktop\Code\TracesPresenter\Traces_presenter\Jupyter\Chaine\scripts_Mirabelle\eq_FE_Mirabelle.py", line 64, in main
    out.info("  %s : EQ = %.3f  (%d Run.Test)", actor, eq, len(attempts))
Message: '  %s : EQ = %.3f  (%d Run.Test)'
Arguments: ('triplais.allonge', 0.28409090909090906, 97)
--- Logging error ---
Traceback (most recent call last):
  File "c:\Users\chris\AppData\Local\Programs\Python\Python314\Lib\logging\__init__.py", line 1154, in emit
    stream.write(msg + self.terminator)
    ~~~~~~~~~~~~^^^^^^^^^^^^^^^^^^^^^^^
ValueError: I/O operation on closed file.
Call stack:
  File "<frozen runpy>", line 198, in _run_module_as_main
  File "<frozen runpy>", line 88, in _run_code
  File "C:\Users\chris\AppData\Roaming\Python\Python314\site-packages\ipykernel_launcher.py", line 18, in <module>
    app.launch_new_instance()
  File "C:\Users\chris\AppData\Roaming\Python\Python314\site-packages\traitlets\config\application.py", line 1082, in launch_instance
    app.start()
  File "C:\Users\chris\AppData\Roaming\Python\Python314\site-packages\ipykernel\kernelapp.py", line 758, in start
    self.io_loop.start()
  File "C:\Users\chris\AppData\Roaming\Python\Python314\site-packages\tornado\platform\asyncio.py", line 211, in start
    self.asyncio_loop.run_forever()
  File "c:\Users\chris\AppData\Local\Programs\Python\Python314\Lib\asyncio\base_events.py", line 677, in run_forever
    self._run_once()
  File "c:\Users\chris\AppData\Local\Programs\Python\Python314\Lib\asyncio\base_events.py", line 2046, in _run_once
    handle._run()
  File "c:\Users\chris\AppData\Local\Programs\Python\Python314\Lib\asyncio\events.py", line 94, in _run
    self._context.run(self._callback, *self._args)
  File "C:\Users\chris\AppData\Roaming\Python\Python314\site-packages\ipykernel\kernelbase.py", line 621, in shell_main
    await self.dispatch_shell(msg, subshell_id=subshell_id)
  File "C:\Users\chris\AppData\Roaming\Python\Python314\site-packages\ipykernel\kernelbase.py", line 478, in dispatch_shell
    await result
  File "C:\Users\chris\AppData\Roaming\Python\Python314\site-packages\ipykernel\ipkernel.py", line 372, in execute_request
    await super().execute_request(stream, ident, parent)
  File "C:\Users\chris\AppData\Roaming\Python\Python314\site-packages\ipykernel\kernelbase.py", line 834, in execute_request
    reply_content = await reply_content
  File "C:\Users\chris\AppData\Roaming\Python\Python314\site-packages\ipykernel\ipkernel.py", line 464, in do_execute
    res = shell.run_cell(
  File "C:\Users\chris\AppData\Roaming\Python\Python314\site-packages\ipykernel\zmqshell.py", line 663, in run_cell
    return super().run_cell(*args, **kwargs)
  File "C:\Users\chris\AppData\Roaming\Python\Python314\site-packages\IPython\core\interactiveshell.py", line 3170, in run_cell
    result = self._run_cell(
  File "C:\Users\chris\AppData\Roaming\Python\Python314\site-packages\IPython\core\interactiveshell.py", line 3225, in _run_cell
    result = runner(coro)
  File "C:\Users\chris\AppData\Roaming\Python\Python314\site-packages\IPython\core\async_helpers.py", line 128, in _pseudo_sync_runner
    coro.send(None)
  File "C:\Users\chris\AppData\Roaming\Python\Python314\site-packages\IPython\core\interactiveshell.py", line 3447, in run_cell_async
    has_raised = await self.run_ast_nodes(code_ast.body, cell_name,
  File "C:\Users\chris\AppData\Roaming\Python\Python314\site-packages\IPython\core\interactiveshell.py", line 3688, in run_ast_nodes
    if await self.run_code(code, result, async_=asy):
  File "C:\Users\chris\AppData\Roaming\Python\Python314\site-packages\IPython\core\interactiveshell.py", line 3748, in run_code
    exec(code_obj, self.user_global_ns, self.user_ns)
  File "C:\Users\chris\AppData\Local\Temp\ipykernel_5480\3007420965.py", line 73, in <module>
    runpy.run_path(str(script_path), run_name="__main__")
  File "<frozen runpy>", line 287, in run_path
  File "<frozen runpy>", line 98, in _run_module_code
  File "<frozen runpy>", line 88, in _run_code
  File "C:\Users\chris\Desktop\Code\TracesPresenter\Traces_presenter\Jupyter\Chaine\scripts_Mirabelle\eq_FE_Mirabelle.py", line 73, in <module>
    main(_read, _write)
  File "C:\Users\chris\Desktop\Code\TracesPresenter\Traces_presenter\Jupyter\Chaine\scripts_Mirabelle\eq_FE_Mirabelle.py", line 64, in main
    out.info("  %s : EQ = %.3f  (%d Run.Test)", actor, eq, len(attempts))
Message: '  %s : EQ = %.3f  (%d Run.Test)'
Arguments: ('truffer.risquent', 0.21, 224)
--- Logging error ---
Traceback (most recent call last):
  File "c:\Users\chris\AppData\Local\Programs\Python\Python314\Lib\logging\__init__.py", line 1154, in emit
    stream.write(msg + self.terminator)
    ~~~~~~~~~~~~^^^^^^^^^^^^^^^^^^^^^^^
ValueError: I/O operation on closed file.
Call stack:
  File "<frozen runpy>", line 198, in _run_module_as_main
  File "<frozen runpy>", line 88, in _run_code
  File "C:\Users\chris\AppData\Roaming\Python\Python314\site-packages\ipykernel_launcher.py", line 18, in <module>
    app.launch_new_instance()
  File "C:\Users\chris\AppData\Roaming\Python\Python314\site-packages\traitlets\config\application.py", line 1082, in launch_instance
    app.start()
  File "C:\Users\chris\AppData\Roaming\Python\Python314\site-packages\ipykernel\kernelapp.py", line 758, in start
    self.io_loop.start()
  File "C:\Users\chris\AppData\Roaming\Python\Python314\site-packages\tornado\platform\asyncio.py", line 211, in start
    self.asyncio_loop.run_forever()
  File "c:\Users\chris\AppData\Local\Programs\Python\Python314\Lib\asyncio\base_events.py", line 677, in run_forever
    self._run_once()
  File "c:\Users\chris\AppData\Local\Programs\Python\Python314\Lib\asyncio\base_events.py", line 2046, in _run_once
    handle._run()
  File "c:\Users\chris\AppData\Local\Programs\Python\Python314\Lib\asyncio\events.py", line 94, in _run
    self._context.run(self._callback, *self._args)
  File "C:\Users\chris\AppData\Roaming\Python\Python314\site-packages\ipykernel\kernelbase.py", line 621, in shell_main
    await self.dispatch_shell(msg, subshell_id=subshell_id)
  File "C:\Users\chris\AppData\Roaming\Python\Python314\site-packages\ipykernel\kernelbase.py", line 478, in dispatch_shell
    await result
  File "C:\Users\chris\AppData\Roaming\Python\Python314\site-packages\ipykernel\ipkernel.py", line 372, in execute_request
    await super().execute_request(stream, ident, parent)
  File "C:\Users\chris\AppData\Roaming\Python\Python314\site-packages\ipykernel\kernelbase.py", line 834, in execute_request
    reply_content = await reply_content
  File "C:\Users\chris\AppData\Roaming\Python\Python314\site-packages\ipykernel\ipkernel.py", line 464, in do_execute
    res = shell.run_cell(
  File "C:\Users\chris\AppData\Roaming\Python\Python314\site-packages\ipykernel\zmqshell.py", line 663, in run_cell
    return super().run_cell(*args, **kwargs)
  File "C:\Users\chris\AppData\Roaming\Python\Python314\site-packages\IPython\core\interactiveshell.py", line 3170, in run_cell
    result = self._run_cell(
  File "C:\Users\chris\AppData\Roaming\Python\Python314\site-packages\IPython\core\interactiveshell.py", line 3225, in _run_cell
    result = runner(coro)
  File "C:\Users\chris\AppData\Roaming\Python\Python314\site-packages\IPython\core\async_helpers.py", line 128, in _pseudo_sync_runner
    coro.send(None)
  File "C:\Users\chris\AppData\Roaming\Python\Python314\site-packages\IPython\core\interactiveshell.py", line 3447, in run_cell_async
    has_raised = await self.run_ast_nodes(code_ast.body, cell_name,
  File "C:\Users\chris\AppData\Roaming\Python\Python314\site-packages\IPython\core\interactiveshell.py", line 3688, in run_ast_nodes
    if await self.run_code(code, result, async_=asy):
  File "C:\Users\chris\AppData\Roaming\Python\Python314\site-packages\IPython\core\interactiveshell.py", line 3748, in run_code
    exec(code_obj, self.user_global_ns, self.user_ns)
  File "C:\Users\chris\AppData\Local\Temp\ipykernel_5480\3007420965.py", line 73, in <module>
    runpy.run_path(str(script_path), run_name="__main__")
  File "<frozen runpy>", line 287, in run_path
  File "<frozen runpy>", line 98, in _run_module_code
  File "<frozen runpy>", line 88, in _run_code
  File "C:\Users\chris\Desktop\Code\TracesPresenter\Traces_presenter\Jupyter\Chaine\scripts_Mirabelle\eq_FE_Mirabelle.py", line 73, in <module>
    main(_read, _write)
  File "C:\Users\chris\Desktop\Code\TracesPresenter\Traces_presenter\Jupyter\Chaine\scripts_Mirabelle\eq_FE_Mirabelle.py", line 64, in main
    out.info("  %s : EQ = %.3f  (%d Run.Test)", actor, eq, len(attempts))
Message: '  %s : EQ = %.3f  (%d Run.Test)'
Arguments: ('trumeau.amendiez', 0.24321133412042503, 170)
--- Logging error ---
Traceback (most recent call last):
  File "c:\Users\chris\AppData\Local\Programs\Python\Python314\Lib\logging\__init__.py", line 1154, in emit
    stream.write(msg + self.terminator)
    ~~~~~~~~~~~~^^^^^^^^^^^^^^^^^^^^^^^
ValueError: I/O operation on closed file.
Call stack:
  File "<frozen runpy>", line 198, in _run_module_as_main
  File "<frozen runpy>", line 88, in _run_code
  File "C:\Users\chris\AppData\Roaming\Python\Python314\site-packages\ipykernel_launcher.py", line 18, in <module>
    app.launch_new_instance()
  File "C:\Users\chris\AppData\Roaming\Python\Python314\site-packages\traitlets\config\application.py", line 1082, in launch_instance
    app.start()
  File "C:\Users\chris\AppData\Roaming\Python\Python314\site-packages\ipykernel\kernelapp.py", line 758, in start
    self.io_loop.start()
  File "C:\Users\chris\AppData\Roaming\Python\Python314\site-packages\tornado\platform\asyncio.py", line 211, in start
    self.asyncio_loop.run_forever()
  File "c:\Users\chris\AppData\Local\Programs\Python\Python314\Lib\asyncio\base_events.py", line 677, in run_forever
    self._run_once()
  File "c:\Users\chris\AppData\Local\Programs\Python\Python314\Lib\asyncio\base_events.py", line 2046, in _run_once
    handle._run()
  File "c:\Users\chris\AppData\Local\Programs\Python\Python314\Lib\asyncio\events.py", line 94, in _run
    self._context.run(self._callback, *self._args)
  File "C:\Users\chris\AppData\Roaming\Python\Python314\site-packages\ipykernel\kernelbase.py", line 621, in shell_main
    await self.dispatch_shell(msg, subshell_id=subshell_id)
  File "C:\Users\chris\AppData\Roaming\Python\Python314\site-packages\ipykernel\kernelbase.py", line 478, in dispatch_shell
    await result
  File "C:\Users\chris\AppData\Roaming\Python\Python314\site-packages\ipykernel\ipkernel.py", line 372, in execute_request
    await super().execute_request(stream, ident, parent)
  File "C:\Users\chris\AppData\Roaming\Python\Python314\site-packages\ipykernel\kernelbase.py", line 834, in execute_request
    reply_content = await reply_content
  File "C:\Users\chris\AppData\Roaming\Python\Python314\site-packages\ipykernel\ipkernel.py", line 464, in do_execute
    res = shell.run_cell(
  File "C:\Users\chris\AppData\Roaming\Python\Python314\site-packages\ipykernel\zmqshell.py", line 663, in run_cell
    return super().run_cell(*args, **kwargs)
  File "C:\Users\chris\AppData\Roaming\Python\Python314\site-packages\IPython\core\interactiveshell.py", line 3170, in run_cell
    result = self._run_cell(
  File "C:\Users\chris\AppData\Roaming\Python\Python314\site-packages\IPython\core\interactiveshell.py", line 3225, in _run_cell
    result = runner(coro)
  File "C:\Users\chris\AppData\Roaming\Python\Python314\site-packages\IPython\core\async_helpers.py", line 128, in _pseudo_sync_runner
    coro.send(None)
  File "C:\Users\chris\AppData\Roaming\Python\Python314\site-packages\IPython\core\interactiveshell.py", line 3447, in run_cell_async
    has_raised = await self.run_ast_nodes(code_ast.body, cell_name,
  File "C:\Users\chris\AppData\Roaming\Python\Python314\site-packages\IPython\core\interactiveshell.py", line 3688, in run_ast_nodes
    if await self.run_code(code, result, async_=asy):
  File "C:\Users\chris\AppData\Roaming\Python\Python314\site-packages\IPython\core\interactiveshell.py", line 3748, in run_code
    exec(code_obj, self.user_global_ns, self.user_ns)
  File "C:\Users\chris\AppData\Local\Temp\ipykernel_5480\3007420965.py", line 73, in <module>
    runpy.run_path(str(script_path), run_name="__main__")
  File "<frozen runpy>", line 287, in run_path
  File "<frozen runpy>", line 98, in _run_module_code
  File "<frozen runpy>", line 88, in _run_code
  File "C:\Users\chris\Desktop\Code\TracesPresenter\Traces_presenter\Jupyter\Chaine\scripts_Mirabelle\eq_FE_Mirabelle.py", line 73, in <module>
    main(_read, _write)
  File "C:\Users\chris\Desktop\Code\TracesPresenter\Traces_presenter\Jupyter\Chaine\scripts_Mirabelle\eq_FE_Mirabelle.py", line 64, in main
    out.info("  %s : EQ = %.3f  (%d Run.Test)", actor, eq, len(attempts))
Message: '  %s : EQ = %.3f  (%d Run.Test)'
Arguments: ('tuerions.endossiez', 0.3986265533028123, 326)
--- Logging error ---
Traceback (most recent call last):
  File "c:\Users\chris\AppData\Local\Programs\Python\Python314\Lib\logging\__init__.py", line 1154, in emit
    stream.write(msg + self.terminator)
    ~~~~~~~~~~~~^^^^^^^^^^^^^^^^^^^^^^^
ValueError: I/O operation on closed file.
Call stack:
  File "<frozen runpy>", line 198, in _run_module_as_main
  File "<frozen runpy>", line 88, in _run_code
  File "C:\Users\chris\AppData\Roaming\Python\Python314\site-packages\ipykernel_launcher.py", line 18, in <module>
    app.launch_new_instance()
  File "C:\Users\chris\AppData\Roaming\Python\Python314\site-packages\traitlets\config\application.py", line 1082, in launch_instance
    app.start()
  File "C:\Users\chris\AppData\Roaming\Python\Python314\site-packages\ipykernel\kernelapp.py", line 758, in start
    self.io_loop.start()
  File "C:\Users\chris\AppData\Roaming\Python\Python314\site-packages\tornado\platform\asyncio.py", line 211, in start
    self.asyncio_loop.run_forever()
  File "c:\Users\chris\AppData\Local\Programs\Python\Python314\Lib\asyncio\base_events.py", line 677, in run_forever
    self._run_once()
  File "c:\Users\chris\AppData\Local\Programs\Python\Python314\Lib\asyncio\base_events.py", line 2046, in _run_once
    handle._run()
  File "c:\Users\chris\AppData\Local\Programs\Python\Python314\Lib\asyncio\events.py", line 94, in _run
    self._context.run(self._callback, *self._args)
  File "C:\Users\chris\AppData\Roaming\Python\Python314\site-packages\ipykernel\kernelbase.py", line 621, in shell_main
    await self.dispatch_shell(msg, subshell_id=subshell_id)
  File "C:\Users\chris\AppData\Roaming\Python\Python314\site-packages\ipykernel\kernelbase.py", line 478, in dispatch_shell
    await result
  File "C:\Users\chris\AppData\Roaming\Python\Python314\site-packages\ipykernel\ipkernel.py", line 372, in execute_request
    await super().execute_request(stream, ident, parent)
  File "C:\Users\chris\AppData\Roaming\Python\Python314\site-packages\ipykernel\kernelbase.py", line 834, in execute_request
    reply_content = await reply_content
  File "C:\Users\chris\AppData\Roaming\Python\Python314\site-packages\ipykernel\ipkernel.py", line 464, in do_execute
    res = shell.run_cell(
  File "C:\Users\chris\AppData\Roaming\Python\Python314\site-packages\ipykernel\zmqshell.py", line 663, in run_cell
    return super().run_cell(*args, **kwargs)
  File "C:\Users\chris\AppData\Roaming\Python\Python314\site-packages\IPython\core\interactiveshell.py", line 3170, in run_cell
    result = self._run_cell(
  File "C:\Users\chris\AppData\Roaming\Python\Python314\site-packages\IPython\core\interactiveshell.py", line 3225, in _run_cell
    result = runner(coro)
  File "C:\Users\chris\AppData\Roaming\Python\Python314\site-packages\IPython\core\async_helpers.py", line 128, in _pseudo_sync_runner
    coro.send(None)
  File "C:\Users\chris\AppData\Roaming\Python\Python314\site-packages\IPython\core\interactiveshell.py", line 3447, in run_cell_async
    has_raised = await self.run_ast_nodes(code_ast.body, cell_name,
  File "C:\Users\chris\AppData\Roaming\Python\Python314\site-packages\IPython\core\interactiveshell.py", line 3688, in run_ast_nodes
    if await self.run_code(code, result, async_=asy):
  File "C:\Users\chris\AppData\Roaming\Python\Python314\site-packages\IPython\core\interactiveshell.py", line 3748, in run_code
    exec(code_obj, self.user_global_ns, self.user_ns)
  File "C:\Users\chris\AppData\Local\Temp\ipykernel_5480\3007420965.py", line 73, in <module>
    runpy.run_path(str(script_path), run_name="__main__")
  File "<frozen runpy>", line 287, in run_path
  File "<frozen runpy>", line 98, in _run_module_code
  File "<frozen runpy>", line 88, in _run_code
  File "C:\Users\chris\Desktop\Code\TracesPresenter\Traces_presenter\Jupyter\Chaine\scripts_Mirabelle\eq_FE_Mirabelle.py", line 73, in <module>
    main(_read, _write)
  File "C:\Users\chris\Desktop\Code\TracesPresenter\Traces_presenter\Jupyter\Chaine\scripts_Mirabelle\eq_FE_Mirabelle.py", line 64, in main
    out.info("  %s : EQ = %.3f  (%d Run.Test)", actor, eq, len(attempts))
Message: '  %s : EQ = %.3f  (%d Run.Test)'
Arguments: ('usuraires.reverant', 0.2824675324675324, 227)
--- Logging error ---
Traceback (most recent call last):
  File "c:\Users\chris\AppData\Local\Programs\Python\Python314\Lib\logging\__init__.py", line 1154, in emit
    stream.write(msg + self.terminator)
    ~~~~~~~~~~~~^^^^^^^^^^^^^^^^^^^^^^^
ValueError: I/O operation on closed file.
Call stack:
  File "<frozen runpy>", line 198, in _run_module_as_main
  File "<frozen runpy>", line 88, in _run_code
  File "C:\Users\chris\AppData\Roaming\Python\Python314\site-packages\ipykernel_launcher.py", line 18, in <module>
    app.launch_new_instance()
  File "C:\Users\chris\AppData\Roaming\Python\Python314\site-packages\traitlets\config\application.py", line 1082, in launch_instance
    app.start()
  File "C:\Users\chris\AppData\Roaming\Python\Python314\site-packages\ipykernel\kernelapp.py", line 758, in start
    self.io_loop.start()
  File "C:\Users\chris\AppData\Roaming\Python\Python314\site-packages\tornado\platform\asyncio.py", line 211, in start
    self.asyncio_loop.run_forever()
  File "c:\Users\chris\AppData\Local\Programs\Python\Python314\Lib\asyncio\base_events.py", line 677, in run_forever
    self._run_once()
  File "c:\Users\chris\AppData\Local\Programs\Python\Python314\Lib\asyncio\base_events.py", line 2046, in _run_once
    handle._run()
  File "c:\Users\chris\AppData\Local\Programs\Python\Python314\Lib\asyncio\events.py", line 94, in _run
    self._context.run(self._callback, *self._args)
  File "C:\Users\chris\AppData\Roaming\Python\Python314\site-packages\ipykernel\kernelbase.py", line 621, in shell_main
    await self.dispatch_shell(msg, subshell_id=subshell_id)
  File "C:\Users\chris\AppData\Roaming\Python\Python314\site-packages\ipykernel\kernelbase.py", line 478, in dispatch_shell
    await result
  File "C:\Users\chris\AppData\Roaming\Python\Python314\site-packages\ipykernel\ipkernel.py", line 372, in execute_request
    await super().execute_request(stream, ident, parent)
  File "C:\Users\chris\AppData\Roaming\Python\Python314\site-packages\ipykernel\kernelbase.py", line 834, in execute_request
    reply_content = await reply_content
  File "C:\Users\chris\AppData\Roaming\Python\Python314\site-packages\ipykernel\ipkernel.py", line 464, in do_execute
    res = shell.run_cell(
  File "C:\Users\chris\AppData\Roaming\Python\Python314\site-packages\ipykernel\zmqshell.py", line 663, in run_cell
    return super().run_cell(*args, **kwargs)
  File "C:\Users\chris\AppData\Roaming\Python\Python314\site-packages\IPython\core\interactiveshell.py", line 3170, in run_cell
    result = self._run_cell(
  File "C:\Users\chris\AppData\Roaming\Python\Python314\site-packages\IPython\core\interactiveshell.py", line 3225, in _run_cell
    result = runner(coro)
  File "C:\Users\chris\AppData\Roaming\Python\Python314\site-packages\IPython\core\async_helpers.py", line 128, in _pseudo_sync_runner
    coro.send(None)
  File "C:\Users\chris\AppData\Roaming\Python\Python314\site-packages\IPython\core\interactiveshell.py", line 3447, in run_cell_async
    has_raised = await self.run_ast_nodes(code_ast.body, cell_name,
  File "C:\Users\chris\AppData\Roaming\Python\Python314\site-packages\IPython\core\interactiveshell.py", line 3688, in run_ast_nodes
    if await self.run_code(code, result, async_=asy):
  File "C:\Users\chris\AppData\Roaming\Python\Python314\site-packages\IPython\core\interactiveshell.py", line 3748, in run_code
    exec(code_obj, self.user_global_ns, self.user_ns)
  File "C:\Users\chris\AppData\Local\Temp\ipykernel_5480\3007420965.py", line 73, in <module>
    runpy.run_path(str(script_path), run_name="__main__")
  File "<frozen runpy>", line 287, in run_path
  File "<frozen runpy>", line 98, in _run_module_code
  File "<frozen runpy>", line 88, in _run_code
  File "C:\Users\chris\Desktop\Code\TracesPresenter\Traces_presenter\Jupyter\Chaine\scripts_Mirabelle\eq_FE_Mirabelle.py", line 73, in <module>
    main(_read, _write)
  File "C:\Users\chris\Desktop\Code\TracesPresenter\Traces_presenter\Jupyter\Chaine\scripts_Mirabelle\eq_FE_Mirabelle.py", line 64, in main
    out.info("  %s : EQ = %.3f  (%d Run.Test)", actor, eq, len(attempts))
Message: '  %s : EQ = %.3f  (%d Run.Test)'
Arguments: ('vaches.recopiera', 0.32113341204250295, 99)
--- Logging error ---
Traceback (most recent call last):
  File "c:\Users\chris\AppData\Local\Programs\Python\Python314\Lib\logging\__init__.py", line 1154, in emit
    stream.write(msg + self.terminator)
    ~~~~~~~~~~~~^^^^^^^^^^^^^^^^^^^^^^^
ValueError: I/O operation on closed file.
Call stack:
  File "<frozen runpy>", line 198, in _run_module_as_main
  File "<frozen runpy>", line 88, in _run_code
  File "C:\Users\chris\AppData\Roaming\Python\Python314\site-packages\ipykernel_launcher.py", line 18, in <module>
    app.launch_new_instance()
  File "C:\Users\chris\AppData\Roaming\Python\Python314\site-packages\traitlets\config\application.py", line 1082, in launch_instance
    app.start()
  File "C:\Users\chris\AppData\Roaming\Python\Python314\site-packages\ipykernel\kernelapp.py", line 758, in start
    self.io_loop.start()
  File "C:\Users\chris\AppData\Roaming\Python\Python314\site-packages\tornado\platform\asyncio.py", line 211, in start
    self.asyncio_loop.run_forever()
  File "c:\Users\chris\AppData\Local\Programs\Python\Python314\Lib\asyncio\base_events.py", line 677, in run_forever
    self._run_once()
  File "c:\Users\chris\AppData\Local\Programs\Python\Python314\Lib\asyncio\base_events.py", line 2046, in _run_once
    handle._run()
  File "c:\Users\chris\AppData\Local\Programs\Python\Python314\Lib\asyncio\events.py", line 94, in _run
    self._context.run(self._callback, *self._args)
  File "C:\Users\chris\AppData\Roaming\Python\Python314\site-packages\ipykernel\kernelbase.py", line 621, in shell_main
    await self.dispatch_shell(msg, subshell_id=subshell_id)
  File "C:\Users\chris\AppData\Roaming\Python\Python314\site-packages\ipykernel\kernelbase.py", line 478, in dispatch_shell
    await result
  File "C:\Users\chris\AppData\Roaming\Python\Python314\site-packages\ipykernel\ipkernel.py", line 372, in execute_request
    await super().execute_request(stream, ident, parent)
  File "C:\Users\chris\AppData\Roaming\Python\Python314\site-packages\ipykernel\kernelbase.py", line 834, in execute_request
    reply_content = await reply_content
  File "C:\Users\chris\AppData\Roaming\Python\Python314\site-packages\ipykernel\ipkernel.py", line 464, in do_execute
    res = shell.run_cell(
  File "C:\Users\chris\AppData\Roaming\Python\Python314\site-packages\ipykernel\zmqshell.py", line 663, in run_cell
    return super().run_cell(*args, **kwargs)
  File "C:\Users\chris\AppData\Roaming\Python\Python314\site-packages\IPython\core\interactiveshell.py", line 3170, in run_cell
    result = self._run_cell(
  File "C:\Users\chris\AppData\Roaming\Python\Python314\site-packages\IPython\core\interactiveshell.py", line 3225, in _run_cell
    result = runner(coro)
  File "C:\Users\chris\AppData\Roaming\Python\Python314\site-packages\IPython\core\async_helpers.py", line 128, in _pseudo_sync_runner
    coro.send(None)
  File "C:\Users\chris\AppData\Roaming\Python\Python314\site-packages\IPython\core\interactiveshell.py", line 3447, in run_cell_async
    has_raised = await self.run_ast_nodes(code_ast.body, cell_name,
  File "C:\Users\chris\AppData\Roaming\Python\Python314\site-packages\IPython\core\interactiveshell.py", line 3688, in run_ast_nodes
    if await self.run_code(code, result, async_=asy):
  File "C:\Users\chris\AppData\Roaming\Python\Python314\site-packages\IPython\core\interactiveshell.py", line 3748, in run_code
    exec(code_obj, self.user_global_ns, self.user_ns)
  File "C:\Users\chris\AppData\Local\Temp\ipykernel_5480\3007420965.py", line 73, in <module>
    runpy.run_path(str(script_path), run_name="__main__")
  File "<frozen runpy>", line 287, in run_path
  File "<frozen runpy>", line 98, in _run_module_code
  File "<frozen runpy>", line 88, in _run_code
  File "C:\Users\chris\Desktop\Code\TracesPresenter\Traces_presenter\Jupyter\Chaine\scripts_Mirabelle\eq_FE_Mirabelle.py", line 73, in <module>
    main(_read, _write)
  File "C:\Users\chris\Desktop\Code\TracesPresenter\Traces_presenter\Jupyter\Chaine\scripts_Mirabelle\eq_FE_Mirabelle.py", line 64, in main
    out.info("  %s : EQ = %.3f  (%d Run.Test)", actor, eq, len(attempts))
Message: '  %s : EQ = %.3f  (%d Run.Test)'
Arguments: ('vallons.brulait', 0.2972027972027972, 35)
--- Logging error ---
Traceback (most recent call last):
  File "c:\Users\chris\AppData\Local\Programs\Python\Python314\Lib\logging\__init__.py", line 1154, in emit
    stream.write(msg + self.terminator)
    ~~~~~~~~~~~~^^^^^^^^^^^^^^^^^^^^^^^
ValueError: I/O operation on closed file.
Call stack:
  File "<frozen runpy>", line 198, in _run_module_as_main
  File "<frozen runpy>", line 88, in _run_code
  File "C:\Users\chris\AppData\Roaming\Python\Python314\site-packages\ipykernel_launcher.py", line 18, in <module>
    app.launch_new_instance()
  File "C:\Users\chris\AppData\Roaming\Python\Python314\site-packages\traitlets\config\application.py", line 1082, in launch_instance
    app.start()
  File "C:\Users\chris\AppData\Roaming\Python\Python314\site-packages\ipykernel\kernelapp.py", line 758, in start
    self.io_loop.start()
  File "C:\Users\chris\AppData\Roaming\Python\Python314\site-packages\tornado\platform\asyncio.py", line 211, in start
    self.asyncio_loop.run_forever()
  File "c:\Users\chris\AppData\Local\Programs\Python\Python314\Lib\asyncio\base_events.py", line 677, in run_forever
    self._run_once()
  File "c:\Users\chris\AppData\Local\Programs\Python\Python314\Lib\asyncio\base_events.py", line 2046, in _run_once
    handle._run()
  File "c:\Users\chris\AppData\Local\Programs\Python\Python314\Lib\asyncio\events.py", line 94, in _run
    self._context.run(self._callback, *self._args)
  File "C:\Users\chris\AppData\Roaming\Python\Python314\site-packages\ipykernel\kernelbase.py", line 621, in shell_main
    await self.dispatch_shell(msg, subshell_id=subshell_id)
  File "C:\Users\chris\AppData\Roaming\Python\Python314\site-packages\ipykernel\kernelbase.py", line 478, in dispatch_shell
    await result
  File "C:\Users\chris\AppData\Roaming\Python\Python314\site-packages\ipykernel\ipkernel.py", line 372, in execute_request
    await super().execute_request(stream, ident, parent)
  File "C:\Users\chris\AppData\Roaming\Python\Python314\site-packages\ipykernel\kernelbase.py", line 834, in execute_request
    reply_content = await reply_content
  File "C:\Users\chris\AppData\Roaming\Python\Python314\site-packages\ipykernel\ipkernel.py", line 464, in do_execute
    res = shell.run_cell(
  File "C:\Users\chris\AppData\Roaming\Python\Python314\site-packages\ipykernel\zmqshell.py", line 663, in run_cell
    return super().run_cell(*args, **kwargs)
  File "C:\Users\chris\AppData\Roaming\Python\Python314\site-packages\IPython\core\interactiveshell.py", line 3170, in run_cell
    result = self._run_cell(
  File "C:\Users\chris\AppData\Roaming\Python\Python314\site-packages\IPython\core\interactiveshell.py", line 3225, in _run_cell
    result = runner(coro)
  File "C:\Users\chris\AppData\Roaming\Python\Python314\site-packages\IPython\core\async_helpers.py", line 128, in _pseudo_sync_runner
    coro.send(None)
  File "C:\Users\chris\AppData\Roaming\Python\Python314\site-packages\IPython\core\interactiveshell.py", line 3447, in run_cell_async
    has_raised = await self.run_ast_nodes(code_ast.body, cell_name,
  File "C:\Users\chris\AppData\Roaming\Python\Python314\site-packages\IPython\core\interactiveshell.py", line 3688, in run_ast_nodes
    if await self.run_code(code, result, async_=asy):
  File "C:\Users\chris\AppData\Roaming\Python\Python314\site-packages\IPython\core\interactiveshell.py", line 3748, in run_code
    exec(code_obj, self.user_global_ns, self.user_ns)
  File "C:\Users\chris\AppData\Local\Temp\ipykernel_5480\3007420965.py", line 73, in <module>
    runpy.run_path(str(script_path), run_name="__main__")
  File "<frozen runpy>", line 287, in run_path
  File "<frozen runpy>", line 98, in _run_module_code
  File "<frozen runpy>", line 88, in _run_code
  File "C:\Users\chris\Desktop\Code\TracesPresenter\Traces_presenter\Jupyter\Chaine\scripts_Mirabelle\eq_FE_Mirabelle.py", line 73, in <module>
    main(_read, _write)
  File "C:\Users\chris\Desktop\Code\TracesPresenter\Traces_presenter\Jupyter\Chaine\scripts_Mirabelle\eq_FE_Mirabelle.py", line 64, in main
    out.info("  %s : EQ = %.3f  (%d Run.Test)", actor, eq, len(attempts))
Message: '  %s : EQ = %.3f  (%d Run.Test)'
Arguments: ('verrues.clamais', 0.17406417112299466, 376)
--- Logging error ---
Traceback (most recent call last):
  File "c:\Users\chris\AppData\Local\Programs\Python\Python314\Lib\logging\__init__.py", line 1154, in emit
    stream.write(msg + self.terminator)
    ~~~~~~~~~~~~^^^^^^^^^^^^^^^^^^^^^^^
ValueError: I/O operation on closed file.
Call stack:
  File "<frozen runpy>", line 198, in _run_module_as_main
  File "<frozen runpy>", line 88, in _run_code
  File "C:\Users\chris\AppData\Roaming\Python\Python314\site-packages\ipykernel_launcher.py", line 18, in <module>
    app.launch_new_instance()
  File "C:\Users\chris\AppData\Roaming\Python\Python314\site-packages\traitlets\config\application.py", line 1082, in launch_instance
    app.start()
  File "C:\Users\chris\AppData\Roaming\Python\Python314\site-packages\ipykernel\kernelapp.py", line 758, in start
    self.io_loop.start()
  File "C:\Users\chris\AppData\Roaming\Python\Python314\site-packages\tornado\platform\asyncio.py", line 211, in start
    self.asyncio_loop.run_forever()
  File "c:\Users\chris\AppData\Local\Programs\Python\Python314\Lib\asyncio\base_events.py", line 677, in run_forever
    self._run_once()
  File "c:\Users\chris\AppData\Local\Programs\Python\Python314\Lib\asyncio\base_events.py", line 2046, in _run_once
    handle._run()
  File "c:\Users\chris\AppData\Local\Programs\Python\Python314\Lib\asyncio\events.py", line 94, in _run
    self._context.run(self._callback, *self._args)
  File "C:\Users\chris\AppData\Roaming\Python\Python314\site-packages\ipykernel\kernelbase.py", line 621, in shell_main
    await self.dispatch_shell(msg, subshell_id=subshell_id)
  File "C:\Users\chris\AppData\Roaming\Python\Python314\site-packages\ipykernel\kernelbase.py", line 478, in dispatch_shell
    await result
  File "C:\Users\chris\AppData\Roaming\Python\Python314\site-packages\ipykernel\ipkernel.py", line 372, in execute_request
    await super().execute_request(stream, ident, parent)
  File "C:\Users\chris\AppData\Roaming\Python\Python314\site-packages\ipykernel\kernelbase.py", line 834, in execute_request
    reply_content = await reply_content
  File "C:\Users\chris\AppData\Roaming\Python\Python314\site-packages\ipykernel\ipkernel.py", line 464, in do_execute
    res = shell.run_cell(
  File "C:\Users\chris\AppData\Roaming\Python\Python314\site-packages\ipykernel\zmqshell.py", line 663, in run_cell
    return super().run_cell(*args, **kwargs)
  File "C:\Users\chris\AppData\Roaming\Python\Python314\site-packages\IPython\core\interactiveshell.py", line 3170, in run_cell
    result = self._run_cell(
  File "C:\Users\chris\AppData\Roaming\Python\Python314\site-packages\IPython\core\interactiveshell.py", line 3225, in _run_cell
    result = runner(coro)
  File "C:\Users\chris\AppData\Roaming\Python\Python314\site-packages\IPython\core\async_helpers.py", line 128, in _pseudo_sync_runner
    coro.send(None)
  File "C:\Users\chris\AppData\Roaming\Python\Python314\site-packages\IPython\core\interactiveshell.py", line 3447, in run_cell_async
    has_raised = await self.run_ast_nodes(code_ast.body, cell_name,
  File "C:\Users\chris\AppData\Roaming\Python\Python314\site-packages\IPython\core\interactiveshell.py", line 3688, in run_ast_nodes
    if await self.run_code(code, result, async_=asy):
  File "C:\Users\chris\AppData\Roaming\Python\Python314\site-packages\IPython\core\interactiveshell.py", line 3748, in run_code
    exec(code_obj, self.user_global_ns, self.user_ns)
  File "C:\Users\chris\AppData\Local\Temp\ipykernel_5480\3007420965.py", line 73, in <module>
    runpy.run_path(str(script_path), run_name="__main__")
  File "<frozen runpy>", line 287, in run_path
  File "<frozen runpy>", line 98, in _run_module_code
  File "<frozen runpy>", line 88, in _run_code
  File "C:\Users\chris\Desktop\Code\TracesPresenter\Traces_presenter\Jupyter\Chaine\scripts_Mirabelle\eq_FE_Mirabelle.py", line 73, in <module>
    main(_read, _write)
  File "C:\Users\chris\Desktop\Code\TracesPresenter\Traces_presenter\Jupyter\Chaine\scripts_Mirabelle\eq_FE_Mirabelle.py", line 64, in main
    out.info("  %s : EQ = %.3f  (%d Run.Test)", actor, eq, len(attempts))
Message: '  %s : EQ = %.3f  (%d Run.Test)'
Arguments: ('voisinais.retraces', 0.3790012804097311, 91)
--- Logging error ---
Traceback (most recent call last):
  File "c:\Users\chris\AppData\Local\Programs\Python\Python314\Lib\logging\__init__.py", line 1154, in emit
    stream.write(msg + self.terminator)
    ~~~~~~~~~~~~^^^^^^^^^^^^^^^^^^^^^^^
ValueError: I/O operation on closed file.
Call stack:
  File "<frozen runpy>", line 198, in _run_module_as_main
  File "<frozen runpy>", line 88, in _run_code
  File "C:\Users\chris\AppData\Roaming\Python\Python314\site-packages\ipykernel_launcher.py", line 18, in <module>
    app.launch_new_instance()
  File "C:\Users\chris\AppData\Roaming\Python\Python314\site-packages\traitlets\config\application.py", line 1082, in launch_instance
    app.start()
  File "C:\Users\chris\AppData\Roaming\Python\Python314\site-packages\ipykernel\kernelapp.py", line 758, in start
    self.io_loop.start()
  File "C:\Users\chris\AppData\Roaming\Python\Python314\site-packages\tornado\platform\asyncio.py", line 211, in start
    self.asyncio_loop.run_forever()
  File "c:\Users\chris\AppData\Local\Programs\Python\Python314\Lib\asyncio\base_events.py", line 677, in run_forever
    self._run_once()
  File "c:\Users\chris\AppData\Local\Programs\Python\Python314\Lib\asyncio\base_events.py", line 2046, in _run_once
    handle._run()
  File "c:\Users\chris\AppData\Local\Programs\Python\Python314\Lib\asyncio\events.py", line 94, in _run
    self._context.run(self._callback, *self._args)
  File "C:\Users\chris\AppData\Roaming\Python\Python314\site-packages\ipykernel\kernelbase.py", line 621, in shell_main
    await self.dispatch_shell(msg, subshell_id=subshell_id)
  File "C:\Users\chris\AppData\Roaming\Python\Python314\site-packages\ipykernel\kernelbase.py", line 478, in dispatch_shell
    await result
  File "C:\Users\chris\AppData\Roaming\Python\Python314\site-packages\ipykernel\ipkernel.py", line 372, in execute_request
    await super().execute_request(stream, ident, parent)
  File "C:\Users\chris\AppData\Roaming\Python\Python314\site-packages\ipykernel\kernelbase.py", line 834, in execute_request
    reply_content = await reply_content
  File "C:\Users\chris\AppData\Roaming\Python\Python314\site-packages\ipykernel\ipkernel.py", line 464, in do_execute
    res = shell.run_cell(
  File "C:\Users\chris\AppData\Roaming\Python\Python314\site-packages\ipykernel\zmqshell.py", line 663, in run_cell
    return super().run_cell(*args, **kwargs)
  File "C:\Users\chris\AppData\Roaming\Python\Python314\site-packages\IPython\core\interactiveshell.py", line 3170, in run_cell
    result = self._run_cell(
  File "C:\Users\chris\AppData\Roaming\Python\Python314\site-packages\IPython\core\interactiveshell.py", line 3225, in _run_cell
    result = runner(coro)
  File "C:\Users\chris\AppData\Roaming\Python\Python314\site-packages\IPython\core\async_helpers.py", line 128, in _pseudo_sync_runner
    coro.send(None)
  File "C:\Users\chris\AppData\Roaming\Python\Python314\site-packages\IPython\core\interactiveshell.py", line 3447, in run_cell_async
    has_raised = await self.run_ast_nodes(code_ast.body, cell_name,
  File "C:\Users\chris\AppData\Roaming\Python\Python314\site-packages\IPython\core\interactiveshell.py", line 3688, in run_ast_nodes
    if await self.run_code(code, result, async_=asy):
  File "C:\Users\chris\AppData\Roaming\Python\Python314\site-packages\IPython\core\interactiveshell.py", line 3748, in run_code
    exec(code_obj, self.user_global_ns, self.user_ns)
  File "C:\Users\chris\AppData\Local\Temp\ipykernel_5480\3007420965.py", line 73, in <module>
    runpy.run_path(str(script_path), run_name="__main__")
  File "<frozen runpy>", line 287, in run_path
  File "<frozen runpy>", line 98, in _run_module_code
  File "<frozen runpy>", line 88, in _run_code
  File "C:\Users\chris\Desktop\Code\TracesPresenter\Traces_presenter\Jupyter\Chaine\scripts_Mirabelle\eq_FE_Mirabelle.py", line 73, in <module>
    main(_read, _write)
  File "C:\Users\chris\Desktop\Code\TracesPresenter\Traces_presenter\Jupyter\Chaine\scripts_Mirabelle\eq_FE_Mirabelle.py", line 64, in main
    out.info("  %s : EQ = %.3f  (%d Run.Test)", actor, eq, len(attempts))
Message: '  %s : EQ = %.3f  (%d Run.Test)'
Arguments: ('volerais.reliquats', 0.5, 4)
--- Logging error ---
Traceback (most recent call last):
  File "c:\Users\chris\AppData\Local\Programs\Python\Python314\Lib\logging\__init__.py", line 1154, in emit
    stream.write(msg + self.terminator)
    ~~~~~~~~~~~~^^^^^^^^^^^^^^^^^^^^^^^
ValueError: I/O operation on closed file.
Call stack:
  File "<frozen runpy>", line 198, in _run_module_as_main
  File "<frozen runpy>", line 88, in _run_code
  File "C:\Users\chris\AppData\Roaming\Python\Python314\site-packages\ipykernel_launcher.py", line 18, in <module>
    app.launch_new_instance()
  File "C:\Users\chris\AppData\Roaming\Python\Python314\site-packages\traitlets\config\application.py", line 1082, in launch_instance
    app.start()
  File "C:\Users\chris\AppData\Roaming\Python\Python314\site-packages\ipykernel\kernelapp.py", line 758, in start
    self.io_loop.start()
  File "C:\Users\chris\AppData\Roaming\Python\Python314\site-packages\tornado\platform\asyncio.py", line 211, in start
    self.asyncio_loop.run_forever()
  File "c:\Users\chris\AppData\Local\Programs\Python\Python314\Lib\asyncio\base_events.py", line 677, in run_forever
    self._run_once()
  File "c:\Users\chris\AppData\Local\Programs\Python\Python314\Lib\asyncio\base_events.py", line 2046, in _run_once
    handle._run()
  File "c:\Users\chris\AppData\Local\Programs\Python\Python314\Lib\asyncio\events.py", line 94, in _run
    self._context.run(self._callback, *self._args)
  File "C:\Users\chris\AppData\Roaming\Python\Python314\site-packages\ipykernel\kernelbase.py", line 621, in shell_main
    await self.dispatch_shell(msg, subshell_id=subshell_id)
  File "C:\Users\chris\AppData\Roaming\Python\Python314\site-packages\ipykernel\kernelbase.py", line 478, in dispatch_shell
    await result
  File "C:\Users\chris\AppData\Roaming\Python\Python314\site-packages\ipykernel\ipkernel.py", line 372, in execute_request
    await super().execute_request(stream, ident, parent)
  File "C:\Users\chris\AppData\Roaming\Python\Python314\site-packages\ipykernel\kernelbase.py", line 834, in execute_request
    reply_content = await reply_content
  File "C:\Users\chris\AppData\Roaming\Python\Python314\site-packages\ipykernel\ipkernel.py", line 464, in do_execute
    res = shell.run_cell(
  File "C:\Users\chris\AppData\Roaming\Python\Python314\site-packages\ipykernel\zmqshell.py", line 663, in run_cell
    return super().run_cell(*args, **kwargs)
  File "C:\Users\chris\AppData\Roaming\Python\Python314\site-packages\IPython\core\interactiveshell.py", line 3170, in run_cell
    result = self._run_cell(
  File "C:\Users\chris\AppData\Roaming\Python\Python314\site-packages\IPython\core\interactiveshell.py", line 3225, in _run_cell
    result = runner(coro)
  File "C:\Users\chris\AppData\Roaming\Python\Python314\site-packages\IPython\core\async_helpers.py", line 128, in _pseudo_sync_runner
    coro.send(None)
  File "C:\Users\chris\AppData\Roaming\Python\Python314\site-packages\IPython\core\interactiveshell.py", line 3447, in run_cell_async
    has_raised = await self.run_ast_nodes(code_ast.body, cell_name,
  File "C:\Users\chris\AppData\Roaming\Python\Python314\site-packages\IPython\core\interactiveshell.py", line 3688, in run_ast_nodes
    if await self.run_code(code, result, async_=asy):
  File "C:\Users\chris\AppData\Roaming\Python\Python314\site-packages\IPython\core\interactiveshell.py", line 3748, in run_code
    exec(code_obj, self.user_global_ns, self.user_ns)
  File "C:\Users\chris\AppData\Local\Temp\ipykernel_5480\3007420965.py", line 73, in <module>
    runpy.run_path(str(script_path), run_name="__main__")
  File "<frozen runpy>", line 287, in run_path
  File "<frozen runpy>", line 98, in _run_module_code
  File "<frozen runpy>", line 88, in _run_code
  File "C:\Users\chris\Desktop\Code\TracesPresenter\Traces_presenter\Jupyter\Chaine\scripts_Mirabelle\eq_FE_Mirabelle.py", line 73, in <module>
    main(_read, _write)
  File "C:\Users\chris\Desktop\Code\TracesPresenter\Traces_presenter\Jupyter\Chaine\scripts_Mirabelle\eq_FE_Mirabelle.py", line 66, in main
    out.info("%d étudiant(s) ignoré(s) (pas de paire de tentatives exploitable)", dropped)
Message: '%d étudiant(s) ignoré(s) (pas de paire de tentatives exploitable)'
Arguments: (28,)
--- Logging error ---
Traceback (most recent call last):
  File "c:\Users\chris\AppData\Local\Programs\Python\Python314\Lib\logging\__init__.py", line 1154, in emit
    stream.write(msg + self.terminator)
    ~~~~~~~~~~~~^^^^^^^^^^^^^^^^^^^^^^^
ValueError: I/O operation on closed file.
Call stack:
  File "<frozen runpy>", line 198, in _run_module_as_main
  File "<frozen runpy>", line 88, in _run_code
  File "C:\Users\chris\AppData\Roaming\Python\Python314\site-packages\ipykernel_launcher.py", line 18, in <module>
    app.launch_new_instance()
  File "C:\Users\chris\AppData\Roaming\Python\Python314\site-packages\traitlets\config\application.py", line 1082, in launch_instance
    app.start()
  File "C:\Users\chris\AppData\Roaming\Python\Python314\site-packages\ipykernel\kernelapp.py", line 758, in start
    self.io_loop.start()
  File "C:\Users\chris\AppData\Roaming\Python\Python314\site-packages\tornado\platform\asyncio.py", line 211, in start
    self.asyncio_loop.run_forever()
  File "c:\Users\chris\AppData\Local\Programs\Python\Python314\Lib\asyncio\base_events.py", line 677, in run_forever
    self._run_once()
  File "c:\Users\chris\AppData\Local\Programs\Python\Python314\Lib\asyncio\base_events.py", line 2046, in _run_once
    handle._run()
  File "c:\Users\chris\AppData\Local\Programs\Python\Python314\Lib\asyncio\events.py", line 94, in _run
    self._context.run(self._callback, *self._args)
  File "C:\Users\chris\AppData\Roaming\Python\Python314\site-packages\ipykernel\kernelbase.py", line 621, in shell_main
    await self.dispatch_shell(msg, subshell_id=subshell_id)
  File "C:\Users\chris\AppData\Roaming\Python\Python314\site-packages\ipykernel\kernelbase.py", line 478, in dispatch_shell
    await result
  File "C:\Users\chris\AppData\Roaming\Python\Python314\site-packages\ipykernel\ipkernel.py", line 372, in execute_request
    await super().execute_request(stream, ident, parent)
  File "C:\Users\chris\AppData\Roaming\Python\Python314\site-packages\ipykernel\kernelbase.py", line 834, in execute_request
    reply_content = await reply_content
  File "C:\Users\chris\AppData\Roaming\Python\Python314\site-packages\ipykernel\ipkernel.py", line 464, in do_execute
    res = shell.run_cell(
  File "C:\Users\chris\AppData\Roaming\Python\Python314\site-packages\ipykernel\zmqshell.py", line 663, in run_cell
    return super().run_cell(*args, **kwargs)
  File "C:\Users\chris\AppData\Roaming\Python\Python314\site-packages\IPython\core\interactiveshell.py", line 3170, in run_cell
    result = self._run_cell(
  File "C:\Users\chris\AppData\Roaming\Python\Python314\site-packages\IPython\core\interactiveshell.py", line 3225, in _run_cell
    result = runner(coro)
  File "C:\Users\chris\AppData\Roaming\Python\Python314\site-packages\IPython\core\async_helpers.py", line 128, in _pseudo_sync_runner
    coro.send(None)
  File "C:\Users\chris\AppData\Roaming\Python\Python314\site-packages\IPython\core\interactiveshell.py", line 3447, in run_cell_async
    has_raised = await self.run_ast_nodes(code_ast.body, cell_name,
  File "C:\Users\chris\AppData\Roaming\Python\Python314\site-packages\IPython\core\interactiveshell.py", line 3688, in run_ast_nodes
    if await self.run_code(code, result, async_=asy):
  File "C:\Users\chris\AppData\Roaming\Python\Python314\site-packages\IPython\core\interactiveshell.py", line 3748, in run_code
    exec(code_obj, self.user_global_ns, self.user_ns)
  File "C:\Users\chris\AppData\Local\Temp\ipykernel_5480\3007420965.py", line 73, in <module>
    runpy.run_path(str(script_path), run_name="__main__")
  File "<frozen runpy>", line 287, in run_path
  File "<frozen runpy>", line 98, in _run_module_code
  File "<frozen runpy>", line 88, in _run_code
  File "C:\Users\chris\Desktop\Code\TracesPresenter\Traces_presenter\Jupyter\Chaine\scripts_Mirabelle\eq_FE_Mirabelle.py", line 73, in <module>
    main(_read, _write)
  File "C:\Users\chris\Desktop\Code\TracesPresenter\Traces_presenter\Jupyter\Chaine\scripts_Mirabelle\eq_FE_Mirabelle.py", line 67, in main
    um.write_metric("ErrorQuotient_FE", metric_map, write_path)
  File "C:\Users\chris\Desktop\Code\TracesPresenter\Traces_presenter\Jupyter\Chaine\scripts_Mirabelle\utils_Mirabelle.py", line 268, in write_metric
    out.info("Résultat écrit dans %s  (%d étudiant(s))", path, len(metric_map))
Message: 'Résultat écrit dans %s  (%d étudiant(s))'
Arguments: ('C:\\Users\\chris\\Desktop\\Code\\TracesPresenter\\Traces_presenter\\Jupyter\\Chaine\\csv\\eq_FE.csv', 204)
