COMMANDE LOGIQUE
python C:\Users\chris\Desktop\Code\TracesPresenter\Traces_presenter\Jupyter\Chaine\scripts_Mirabelle\failed_run_ratio_Mirabelle.py C:\Users\chris\Desktop\Code\TracesPresenter\Traces_presenter\Jupyter\Chaine\data\traces_20_sept_10_11.csv C:\Users\chris\Desktop\Code\TracesPresenter\Traces_presenter\Jupyter\Chaine\csv\failed_run_ratio.csv

SORTIE DU SCRIPT
--- Logging error ---
Traceback (most recent call last):
  File "c:\Users\chris\AppData\Local\Programs\Python\Python314\Lib\logging\__init__.py", line 1154, in emit
    stream.write(msg + self.terminator)
    ~~~~~~~~~~~~^^^^^^^^^^^^^^^^^^^^^^^
ValueError: I/O operation on closed file.
Call stack:
  File "<frozen runpy>", line 198, in _run_module_as_main
  File "<frozen runpy>", line 88, in _run_code
  File "C:\Users\chris\AppData\Roaming\Python\Python314\site-packages\ipykernel_launcher.py", line 18, in <module>
    app.launch_new_instance()
  File "C:\Users\chris\AppData\Roaming\Python\Python314\site-packages\traitlets\config\application.py", line 1082, in launch_instance
    app.start()
  File "C:\Users\chris\AppData\Roaming\Python\Python314\site-packages\ipykernel\kernelapp.py", line 758, in start
    self.io_loop.start()
  File "C:\Users\chris\AppData\Roaming\Python\Python314\site-packages\tornado\platform\asyncio.py", line 211, in start
    self.asyncio_loop.run_forever()
  File "c:\Users\chris\AppData\Local\Programs\Python\Python314\Lib\asyncio\base_events.py", line 677, in run_forever
    self._run_once()
  File "c:\Users\chris\AppData\Local\Programs\Python\Python314\Lib\asyncio\base_events.py", line 2046, in _run_once
    handle._run()
  File "c:\Users\chris\AppData\Local\Programs\Python\Python314\Lib\asyncio\events.py", line 94, in _run
    self._context.run(self._callback, *self._args)
  File "C:\Users\chris\AppData\Roaming\Python\Python314\site-packages\ipykernel\kernelbase.py", line 621, in shell_main
    await self.dispatch_shell(msg, subshell_id=subshell_id)
  File "C:\Users\chris\AppData\Roaming\Python\Python314\site-packages\ipykernel\kernelbase.py", line 478, in dispatch_shell
    await result
  File "C:\Users\chris\AppData\Roaming\Python\Python314\site-packages\ipykernel\ipkernel.py", line 372, in execute_request
    await super().execute_request(stream, ident, parent)
  File "C:\Users\chris\AppData\Roaming\Python\Python314\site-packages\ipykernel\kernelbase.py", line 834, in execute_request
    reply_content = await reply_content
  File "C:\Users\chris\AppData\Roaming\Python\Python314\site-packages\ipykernel\ipkernel.py", line 464, in do_execute
    res = shell.run_cell(
  File "C:\Users\chris\AppData\Roaming\Python\Python314\site-packages\ipykernel\zmqshell.py", line 663, in run_cell
    return super().run_cell(*args, **kwargs)
  File "C:\Users\chris\AppData\Roaming\Python\Python314\site-packages\IPython\core\interactiveshell.py", line 3170, in run_cell
    result = self._run_cell(
  File "C:\Users\chris\AppData\Roaming\Python\Python314\site-packages\IPython\core\interactiveshell.py", line 3225, in _run_cell
    result = runner(coro)
  File "C:\Users\chris\AppData\Roaming\Python\Python314\site-packages\IPython\core\async_helpers.py", line 128, in _pseudo_sync_runner
    coro.send(None)
  File "C:\Users\chris\AppData\Roaming\Python\Python314\site-packages\IPython\core\interactiveshell.py", line 3447, in run_cell_async
    has_raised = await self.run_ast_nodes(code_ast.body, cell_name,
  File "C:\Users\chris\AppData\Roaming\Python\Python314\site-packages\IPython\core\interactiveshell.py", line 3688, in run_ast_nodes
    if await self.run_code(code, result, async_=asy):
  File "C:\Users\chris\AppData\Roaming\Python\Python314\site-packages\IPython\core\interactiveshell.py", line 3748, in run_code
    exec(code_obj, self.user_global_ns, self.user_ns)
  File "C:\Users\chris\AppData\Local\Temp\ipykernel_4436\3007420965.py", line 73, in <module>
    runpy.run_path(str(script_path), run_name="__main__")
  File "<frozen runpy>", line 287, in run_path
  File "<frozen runpy>", line 98, in _run_module_code
  File "<frozen runpy>", line 88, in _run_code
  File "C:\Users\chris\Desktop\Code\TracesPresenter\Traces_presenter\Jupyter\Chaine\scripts_Mirabelle\failed_run_ratio_Mirabelle.py", line 80, in <module>
    main(_read, _write)
  File "C:\Users\chris\Desktop\Code\TracesPresenter\Traces_presenter\Jupyter\Chaine\scripts_Mirabelle\failed_run_ratio_Mirabelle.py", line 45, in main
    df = um.load_csv(read_path)
  File "C:\Users\chris\Desktop\Code\TracesPresenter\Traces_presenter\Jupyter\Chaine\scripts_Mirabelle\utils_Mirabelle.py", line 247, in load_csv
    out.info("Chargement de %s …", path)
Message: 'Chargement de %s …'
Arguments: ('C:\\Users\\chris\\Desktop\\Code\\TracesPresenter\\Traces_presenter\\Jupyter\\Chaine\\data\\traces_20_sept_10_11.csv',)
--- Logging error ---
Traceback (most recent call last):
  File "c:\Users\chris\AppData\Local\Programs\Python\Python314\Lib\logging\__init__.py", line 1154, in emit
    stream.write(msg + self.terminator)
    ~~~~~~~~~~~~^^^^^^^^^^^^^^^^^^^^^^^
ValueError: I/O operation on closed file.
Call stack:
  File "<frozen runpy>", line 198, in _run_module_as_main
  File "<frozen runpy>", line 88, in _run_code
  File "C:\Users\chris\AppData\Roaming\Python\Python314\site-packages\ipykernel_launcher.py", line 18, in <module>
    app.launch_new_instance()
  File "C:\Users\chris\AppData\Roaming\Python\Python314\site-packages\traitlets\config\application.py", line 1082, in launch_instance
    app.start()
  File "C:\Users\chris\AppData\Roaming\Python\Python314\site-packages\ipykernel\kernelapp.py", line 758, in start
    self.io_loop.start()
  File "C:\Users\chris\AppData\Roaming\Python\Python314\site-packages\tornado\platform\asyncio.py", line 211, in start
    self.asyncio_loop.run_forever()
  File "c:\Users\chris\AppData\Local\Programs\Python\Python314\Lib\asyncio\base_events.py", line 677, in run_forever
    self._run_once()
  File "c:\Users\chris\AppData\Local\Programs\Python\Python314\Lib\asyncio\base_events.py", line 2046, in _run_once
    handle._run()
  File "c:\Users\chris\AppData\Local\Programs\Python\Python314\Lib\asyncio\events.py", line 94, in _run
    self._context.run(self._callback, *self._args)
  File "C:\Users\chris\AppData\Roaming\Python\Python314\site-packages\ipykernel\kernelbase.py", line 621, in shell_main
    await self.dispatch_shell(msg, subshell_id=subshell_id)
  File "C:\Users\chris\AppData\Roaming\Python\Python314\site-packages\ipykernel\kernelbase.py", line 478, in dispatch_shell
    await result
  File "C:\Users\chris\AppData\Roaming\Python\Python314\site-packages\ipykernel\ipkernel.py", line 372, in execute_request
    await super().execute_request(stream, ident, parent)
  File "C:\Users\chris\AppData\Roaming\Python\Python314\site-packages\ipykernel\kernelbase.py", line 834, in execute_request
    reply_content = await reply_content
  File "C:\Users\chris\AppData\Roaming\Python\Python314\site-packages\ipykernel\ipkernel.py", line 464, in do_execute
    res = shell.run_cell(
  File "C:\Users\chris\AppData\Roaming\Python\Python314\site-packages\ipykernel\zmqshell.py", line 663, in run_cell
    return super().run_cell(*args, **kwargs)
  File "C:\Users\chris\AppData\Roaming\Python\Python314\site-packages\IPython\core\interactiveshell.py", line 3170, in run_cell
    result = self._run_cell(
  File "C:\Users\chris\AppData\Roaming\Python\Python314\site-packages\IPython\core\interactiveshell.py", line 3225, in _run_cell
    result = runner(coro)
  File "C:\Users\chris\AppData\Roaming\Python\Python314\site-packages\IPython\core\async_helpers.py", line 128, in _pseudo_sync_runner
    coro.send(None)
  File "C:\Users\chris\AppData\Roaming\Python\Python314\site-packages\IPython\core\interactiveshell.py", line 3447, in run_cell_async
    has_raised = await self.run_ast_nodes(code_ast.body, cell_name,
  File "C:\Users\chris\AppData\Roaming\Python\Python314\site-packages\IPython\core\interactiveshell.py", line 3688, in run_ast_nodes
    if await self.run_code(code, result, async_=asy):
  File "C:\Users\chris\AppData\Roaming\Python\Python314\site-packages\IPython\core\interactiveshell.py", line 3748, in run_code
    exec(code_obj, self.user_global_ns, self.user_ns)
  File "C:\Users\chris\AppData\Local\Temp\ipykernel_4436\3007420965.py", line 73, in <module>
    runpy.run_path(str(script_path), run_name="__main__")
  File "<frozen runpy>", line 287, in run_path
  File "<frozen runpy>", line 98, in _run_module_code
  File "<frozen runpy>", line 88, in _run_code
  File "C:\Users\chris\Desktop\Code\TracesPresenter\Traces_presenter\Jupyter\Chaine\scripts_Mirabelle\failed_run_ratio_Mirabelle.py", line 80, in <module>
    main(_read, _write)
  File "C:\Users\chris\Desktop\Code\TracesPresenter\Traces_presenter\Jupyter\Chaine\scripts_Mirabelle\failed_run_ratio_Mirabelle.py", line 45, in main
    df = um.load_csv(read_path)
  File "C:\Users\chris\Desktop\Code\TracesPresenter\Traces_presenter\Jupyter\Chaine\scripts_Mirabelle\utils_Mirabelle.py", line 249, in load_csv
    out.info("  %d lignes, %d colonnes", len(df), len(df.columns))
Message: '  %d lignes, %d colonnes'
Arguments: (1836, 34)
--- Logging error ---
Traceback (most recent call last):
  File "c:\Users\chris\AppData\Local\Programs\Python\Python314\Lib\logging\__init__.py", line 1154, in emit
    stream.write(msg + self.terminator)
    ~~~~~~~~~~~~^^^^^^^^^^^^^^^^^^^^^^^
ValueError: I/O operation on closed file.
Call stack:
  File "<frozen runpy>", line 198, in _run_module_as_main
  File "<frozen runpy>", line 88, in _run_code
  File "C:\Users\chris\AppData\Roaming\Python\Python314\site-packages\ipykernel_launcher.py", line 18, in <module>
    app.launch_new_instance()
  File "C:\Users\chris\AppData\Roaming\Python\Python314\site-packages\traitlets\config\application.py", line 1082, in launch_instance
    app.start()
  File "C:\Users\chris\AppData\Roaming\Python\Python314\site-packages\ipykernel\kernelapp.py", line 758, in start
    self.io_loop.start()
  File "C:\Users\chris\AppData\Roaming\Python\Python314\site-packages\tornado\platform\asyncio.py", line 211, in start
    self.asyncio_loop.run_forever()
  File "c:\Users\chris\AppData\Local\Programs\Python\Python314\Lib\asyncio\base_events.py", line 677, in run_forever
    self._run_once()
  File "c:\Users\chris\AppData\Local\Programs\Python\Python314\Lib\asyncio\base_events.py", line 2046, in _run_once
    handle._run()
  File "c:\Users\chris\AppData\Local\Programs\Python\Python314\Lib\asyncio\events.py", line 94, in _run
    self._context.run(self._callback, *self._args)
  File "C:\Users\chris\AppData\Roaming\Python\Python314\site-packages\ipykernel\kernelbase.py", line 621, in shell_main
    await self.dispatch_shell(msg, subshell_id=subshell_id)
  File "C:\Users\chris\AppData\Roaming\Python\Python314\site-packages\ipykernel\kernelbase.py", line 478, in dispatch_shell
    await result
  File "C:\Users\chris\AppData\Roaming\Python\Python314\site-packages\ipykernel\ipkernel.py", line 372, in execute_request
    await super().execute_request(stream, ident, parent)
  File "C:\Users\chris\AppData\Roaming\Python\Python314\site-packages\ipykernel\kernelbase.py", line 834, in execute_request
    reply_content = await reply_content
  File "C:\Users\chris\AppData\Roaming\Python\Python314\site-packages\ipykernel\ipkernel.py", line 464, in do_execute
    res = shell.run_cell(
  File "C:\Users\chris\AppData\Roaming\Python\Python314\site-packages\ipykernel\zmqshell.py", line 663, in run_cell
    return super().run_cell(*args, **kwargs)
  File "C:\Users\chris\AppData\Roaming\Python\Python314\site-packages\IPython\core\interactiveshell.py", line 3170, in run_cell
    result = self._run_cell(
  File "C:\Users\chris\AppData\Roaming\Python\Python314\site-packages\IPython\core\interactiveshell.py", line 3225, in _run_cell
    result = runner(coro)
  File "C:\Users\chris\AppData\Roaming\Python\Python314\site-packages\IPython\core\async_helpers.py", line 128, in _pseudo_sync_runner
    coro.send(None)
  File "C:\Users\chris\AppData\Roaming\Python\Python314\site-packages\IPython\core\interactiveshell.py", line 3447, in run_cell_async
    has_raised = await self.run_ast_nodes(code_ast.body, cell_name,
  File "C:\Users\chris\AppData\Roaming\Python\Python314\site-packages\IPython\core\interactiveshell.py", line 3688, in run_ast_nodes
    if await self.run_code(code, result, async_=asy):
  File "C:\Users\chris\AppData\Roaming\Python\Python314\site-packages\IPython\core\interactiveshell.py", line 3748, in run_code
    exec(code_obj, self.user_global_ns, self.user_ns)
  File "C:\Users\chris\AppData\Local\Temp\ipykernel_4436\3007420965.py", line 73, in <module>
    runpy.run_path(str(script_path), run_name="__main__")
  File "<frozen runpy>", line 287, in run_path
  File "<frozen runpy>", line 98, in _run_module_code
  File "<frozen runpy>", line 88, in _run_code
  File "C:\Users\chris\Desktop\Code\TracesPresenter\Traces_presenter\Jupyter\Chaine\scripts_Mirabelle\failed_run_ratio_Mirabelle.py", line 80, in <module>
    main(_read, _write)
  File "C:\Users\chris\Desktop\Code\TracesPresenter\Traces_presenter\Jupyter\Chaine\scripts_Mirabelle\failed_run_ratio_Mirabelle.py", line 51, in main
    out.info("%d étudiant(s) trouvé(s)", len(actors))
Message: '%d étudiant(s) trouvé(s)'
Arguments: (66,)
--- Logging error ---
Traceback (most recent call last):
  File "c:\Users\chris\AppData\Local\Programs\Python\Python314\Lib\logging\__init__.py", line 1154, in emit
    stream.write(msg + self.terminator)
    ~~~~~~~~~~~~^^^^^^^^^^^^^^^^^^^^^^^
ValueError: I/O operation on closed file.
Call stack:
  File "<frozen runpy>", line 198, in _run_module_as_main
  File "<frozen runpy>", line 88, in _run_code
  File "C:\Users\chris\AppData\Roaming\Python\Python314\site-packages\ipykernel_launcher.py", line 18, in <module>
    app.launch_new_instance()
  File "C:\Users\chris\AppData\Roaming\Python\Python314\site-packages\traitlets\config\application.py", line 1082, in launch_instance
    app.start()
  File "C:\Users\chris\AppData\Roaming\Python\Python314\site-packages\ipykernel\kernelapp.py", line 758, in start
    self.io_loop.start()
  File "C:\Users\chris\AppData\Roaming\Python\Python314\site-packages\tornado\platform\asyncio.py", line 211, in start
    self.asyncio_loop.run_forever()
  File "c:\Users\chris\AppData\Local\Programs\Python\Python314\Lib\asyncio\base_events.py", line 677, in run_forever
    self._run_once()
  File "c:\Users\chris\AppData\Local\Programs\Python\Python314\Lib\asyncio\base_events.py", line 2046, in _run_once
    handle._run()
  File "c:\Users\chris\AppData\Local\Programs\Python\Python314\Lib\asyncio\events.py", line 94, in _run
    self._context.run(self._callback, *self._args)
  File "C:\Users\chris\AppData\Roaming\Python\Python314\site-packages\ipykernel\kernelbase.py", line 621, in shell_main
    await self.dispatch_shell(msg, subshell_id=subshell_id)
  File "C:\Users\chris\AppData\Roaming\Python\Python314\site-packages\ipykernel\kernelbase.py", line 478, in dispatch_shell
    await result
  File "C:\Users\chris\AppData\Roaming\Python\Python314\site-packages\ipykernel\ipkernel.py", line 372, in execute_request
    await super().execute_request(stream, ident, parent)
  File "C:\Users\chris\AppData\Roaming\Python\Python314\site-packages\ipykernel\kernelbase.py", line 834, in execute_request
    reply_content = await reply_content
  File "C:\Users\chris\AppData\Roaming\Python\Python314\site-packages\ipykernel\ipkernel.py", line 464, in do_execute
    res = shell.run_cell(
  File "C:\Users\chris\AppData\Roaming\Python\Python314\site-packages\ipykernel\zmqshell.py", line 663, in run_cell
    return super().run_cell(*args, **kwargs)
  File "C:\Users\chris\AppData\Roaming\Python\Python314\site-packages\IPython\core\interactiveshell.py", line 3170, in run_cell
    result = self._run_cell(
  File "C:\Users\chris\AppData\Roaming\Python\Python314\site-packages\IPython\core\interactiveshell.py", line 3225, in _run_cell
    result = runner(coro)
  File "C:\Users\chris\AppData\Roaming\Python\Python314\site-packages\IPython\core\async_helpers.py", line 128, in _pseudo_sync_runner
    coro.send(None)
  File "C:\Users\chris\AppData\Roaming\Python\Python314\site-packages\IPython\core\interactiveshell.py", line 3447, in run_cell_async
    has_raised = await self.run_ast_nodes(code_ast.body, cell_name,
  File "C:\Users\chris\AppData\Roaming\Python\Python314\site-packages\IPython\core\interactiveshell.py", line 3688, in run_ast_nodes
    if await self.run_code(code, result, async_=asy):
  File "C:\Users\chris\AppData\Roaming\Python\Python314\site-packages\IPython\core\interactiveshell.py", line 3748, in run_code
    exec(code_obj, self.user_global_ns, self.user_ns)
  File "C:\Users\chris\AppData\Local\Temp\ipykernel_4436\3007420965.py", line 73, in <module>
    runpy.run_path(str(script_path), run_name="__main__")
  File "<frozen runpy>", line 287, in run_path
  File "<frozen runpy>", line 98, in _run_module_code
  File "<frozen runpy>", line 88, in _run_code
  File "C:\Users\chris\Desktop\Code\TracesPresenter\Traces_presenter\Jupyter\Chaine\scripts_Mirabelle\failed_run_ratio_Mirabelle.py", line 80, in <module>
    main(_read, _write)
  File "C:\Users\chris\Desktop\Code\TracesPresenter\Traces_presenter\Jupyter\Chaine\scripts_Mirabelle\failed_run_ratio_Mirabelle.py", line 65, in main
    out.info(
Message: '  %s : %s = %.3f  (%d Run.Test)'
Arguments: ('alimente.cadriez', 'FailedTestRunRatio', 0.0, 2)
--- Logging error ---
Traceback (most recent call last):
  File "c:\Users\chris\AppData\Local\Programs\Python\Python314\Lib\logging\__init__.py", line 1154, in emit
    stream.write(msg + self.terminator)
    ~~~~~~~~~~~~^^^^^^^^^^^^^^^^^^^^^^^
ValueError: I/O operation on closed file.
Call stack:
  File "<frozen runpy>", line 198, in _run_module_as_main
  File "<frozen runpy>", line 88, in _run_code
  File "C:\Users\chris\AppData\Roaming\Python\Python314\site-packages\ipykernel_launcher.py", line 18, in <module>
    app.launch_new_instance()
  File "C:\Users\chris\AppData\Roaming\Python\Python314\site-packages\traitlets\config\application.py", line 1082, in launch_instance
    app.start()
  File "C:\Users\chris\AppData\Roaming\Python\Python314\site-packages\ipykernel\kernelapp.py", line 758, in start
    self.io_loop.start()
  File "C:\Users\chris\AppData\Roaming\Python\Python314\site-packages\tornado\platform\asyncio.py", line 211, in start
    self.asyncio_loop.run_forever()
  File "c:\Users\chris\AppData\Local\Programs\Python\Python314\Lib\asyncio\base_events.py", line 677, in run_forever
    self._run_once()
  File "c:\Users\chris\AppData\Local\Programs\Python\Python314\Lib\asyncio\base_events.py", line 2046, in _run_once
    handle._run()
  File "c:\Users\chris\AppData\Local\Programs\Python\Python314\Lib\asyncio\events.py", line 94, in _run
    self._context.run(self._callback, *self._args)
  File "C:\Users\chris\AppData\Roaming\Python\Python314\site-packages\ipykernel\kernelbase.py", line 621, in shell_main
    await self.dispatch_shell(msg, subshell_id=subshell_id)
  File "C:\Users\chris\AppData\Roaming\Python\Python314\site-packages\ipykernel\kernelbase.py", line 478, in dispatch_shell
    await result
  File "C:\Users\chris\AppData\Roaming\Python\Python314\site-packages\ipykernel\ipkernel.py", line 372, in execute_request
    await super().execute_request(stream, ident, parent)
  File "C:\Users\chris\AppData\Roaming\Python\Python314\site-packages\ipykernel\kernelbase.py", line 834, in execute_request
    reply_content = await reply_content
  File "C:\Users\chris\AppData\Roaming\Python\Python314\site-packages\ipykernel\ipkernel.py", line 464, in do_execute
    res = shell.run_cell(
  File "C:\Users\chris\AppData\Roaming\Python\Python314\site-packages\ipykernel\zmqshell.py", line 663, in run_cell
    return super().run_cell(*args, **kwargs)
  File "C:\Users\chris\AppData\Roaming\Python\Python314\site-packages\IPython\core\interactiveshell.py", line 3170, in run_cell
    result = self._run_cell(
  File "C:\Users\chris\AppData\Roaming\Python\Python314\site-packages\IPython\core\interactiveshell.py", line 3225, in _run_cell
    result = runner(coro)
  File "C:\Users\chris\AppData\Roaming\Python\Python314\site-packages\IPython\core\async_helpers.py", line 128, in _pseudo_sync_runner
    coro.send(None)
  File "C:\Users\chris\AppData\Roaming\Python\Python314\site-packages\IPython\core\interactiveshell.py", line 3447, in run_cell_async
    has_raised = await self.run_ast_nodes(code_ast.body, cell_name,
  File "C:\Users\chris\AppData\Roaming\Python\Python314\site-packages\IPython\core\interactiveshell.py", line 3688, in run_ast_nodes
    if await self.run_code(code, result, async_=asy):
  File "C:\Users\chris\AppData\Roaming\Python\Python314\site-packages\IPython\core\interactiveshell.py", line 3748, in run_code
    exec(code_obj, self.user_global_ns, self.user_ns)
  File "C:\Users\chris\AppData\Local\Temp\ipykernel_4436\3007420965.py", line 73, in <module>
    runpy.run_path(str(script_path), run_name="__main__")
  File "<frozen runpy>", line 287, in run_path
  File "<frozen runpy>", line 98, in _run_module_code
  File "<frozen runpy>", line 88, in _run_code
  File "C:\Users\chris\Desktop\Code\TracesPresenter\Traces_presenter\Jupyter\Chaine\scripts_Mirabelle\failed_run_ratio_Mirabelle.py", line 80, in <module>
    main(_read, _write)
  File "C:\Users\chris\Desktop\Code\TracesPresenter\Traces_presenter\Jupyter\Chaine\scripts_Mirabelle\failed_run_ratio_Mirabelle.py", line 65, in main
    out.info(
Message: '  %s : %s = %.3f  (%d Run.Test)'
Arguments: ('apercevra.conter', 'FailedTestRunRatio', 0.8666666666666667, 15)
--- Logging error ---
Traceback (most recent call last):
  File "c:\Users\chris\AppData\Local\Programs\Python\Python314\Lib\logging\__init__.py", line 1154, in emit
    stream.write(msg + self.terminator)
    ~~~~~~~~~~~~^^^^^^^^^^^^^^^^^^^^^^^
ValueError: I/O operation on closed file.
Call stack:
  File "<frozen runpy>", line 198, in _run_module_as_main
  File "<frozen runpy>", line 88, in _run_code
  File "C:\Users\chris\AppData\Roaming\Python\Python314\site-packages\ipykernel_launcher.py", line 18, in <module>
    app.launch_new_instance()
  File "C:\Users\chris\AppData\Roaming\Python\Python314\site-packages\traitlets\config\application.py", line 1082, in launch_instance
    app.start()
  File "C:\Users\chris\AppData\Roaming\Python\Python314\site-packages\ipykernel\kernelapp.py", line 758, in start
    self.io_loop.start()
  File "C:\Users\chris\AppData\Roaming\Python\Python314\site-packages\tornado\platform\asyncio.py", line 211, in start
    self.asyncio_loop.run_forever()
  File "c:\Users\chris\AppData\Local\Programs\Python\Python314\Lib\asyncio\base_events.py", line 677, in run_forever
    self._run_once()
  File "c:\Users\chris\AppData\Local\Programs\Python\Python314\Lib\asyncio\base_events.py", line 2046, in _run_once
    handle._run()
  File "c:\Users\chris\AppData\Local\Programs\Python\Python314\Lib\asyncio\events.py", line 94, in _run
    self._context.run(self._callback, *self._args)
  File "C:\Users\chris\AppData\Roaming\Python\Python314\site-packages\ipykernel\kernelbase.py", line 621, in shell_main
    await self.dispatch_shell(msg, subshell_id=subshell_id)
  File "C:\Users\chris\AppData\Roaming\Python\Python314\site-packages\ipykernel\kernelbase.py", line 478, in dispatch_shell
    await result
  File "C:\Users\chris\AppData\Roaming\Python\Python314\site-packages\ipykernel\ipkernel.py", line 372, in execute_request
    await super().execute_request(stream, ident, parent)
  File "C:\Users\chris\AppData\Roaming\Python\Python314\site-packages\ipykernel\kernelbase.py", line 834, in execute_request
    reply_content = await reply_content
  File "C:\Users\chris\AppData\Roaming\Python\Python314\site-packages\ipykernel\ipkernel.py", line 464, in do_execute
    res = shell.run_cell(
  File "C:\Users\chris\AppData\Roaming\Python\Python314\site-packages\ipykernel\zmqshell.py", line 663, in run_cell
    return super().run_cell(*args, **kwargs)
  File "C:\Users\chris\AppData\Roaming\Python\Python314\site-packages\IPython\core\interactiveshell.py", line 3170, in run_cell
    result = self._run_cell(
  File "C:\Users\chris\AppData\Roaming\Python\Python314\site-packages\IPython\core\interactiveshell.py", line 3225, in _run_cell
    result = runner(coro)
  File "C:\Users\chris\AppData\Roaming\Python\Python314\site-packages\IPython\core\async_helpers.py", line 128, in _pseudo_sync_runner
    coro.send(None)
  File "C:\Users\chris\AppData\Roaming\Python\Python314\site-packages\IPython\core\interactiveshell.py", line 3447, in run_cell_async
    has_raised = await self.run_ast_nodes(code_ast.body, cell_name,
  File "C:\Users\chris\AppData\Roaming\Python\Python314\site-packages\IPython\core\interactiveshell.py", line 3688, in run_ast_nodes
    if await self.run_code(code, result, async_=asy):
  File "C:\Users\chris\AppData\Roaming\Python\Python314\site-packages\IPython\core\interactiveshell.py", line 3748, in run_code
    exec(code_obj, self.user_global_ns, self.user_ns)
  File "C:\Users\chris\AppData\Local\Temp\ipykernel_4436\3007420965.py", line 73, in <module>
    runpy.run_path(str(script_path), run_name="__main__")
  File "<frozen runpy>", line 287, in run_path
  File "<frozen runpy>", line 98, in _run_module_code
  File "<frozen runpy>", line 88, in _run_code
  File "C:\Users\chris\Desktop\Code\TracesPresenter\Traces_presenter\Jupyter\Chaine\scripts_Mirabelle\failed_run_ratio_Mirabelle.py", line 80, in <module>
    main(_read, _write)
  File "C:\Users\chris\Desktop\Code\TracesPresenter\Traces_presenter\Jupyter\Chaine\scripts_Mirabelle\failed_run_ratio_Mirabelle.py", line 65, in main
    out.info(
Message: '  %s : %s = %.3f  (%d Run.Test)'
Arguments: ('atroce.adjugerez', 'FailedTestRunRatio', 0.0, 6)
--- Logging error ---
Traceback (most recent call last):
  File "c:\Users\chris\AppData\Local\Programs\Python\Python314\Lib\logging\__init__.py", line 1154, in emit
    stream.write(msg + self.terminator)
    ~~~~~~~~~~~~^^^^^^^^^^^^^^^^^^^^^^^
ValueError: I/O operation on closed file.
Call stack:
  File "<frozen runpy>", line 198, in _run_module_as_main
  File "<frozen runpy>", line 88, in _run_code
  File "C:\Users\chris\AppData\Roaming\Python\Python314\site-packages\ipykernel_launcher.py", line 18, in <module>
    app.launch_new_instance()
  File "C:\Users\chris\AppData\Roaming\Python\Python314\site-packages\traitlets\config\application.py", line 1082, in launch_instance
    app.start()
  File "C:\Users\chris\AppData\Roaming\Python\Python314\site-packages\ipykernel\kernelapp.py", line 758, in start
    self.io_loop.start()
  File "C:\Users\chris\AppData\Roaming\Python\Python314\site-packages\tornado\platform\asyncio.py", line 211, in start
    self.asyncio_loop.run_forever()
  File "c:\Users\chris\AppData\Local\Programs\Python\Python314\Lib\asyncio\base_events.py", line 677, in run_forever
    self._run_once()
  File "c:\Users\chris\AppData\Local\Programs\Python\Python314\Lib\asyncio\base_events.py", line 2046, in _run_once
    handle._run()
  File "c:\Users\chris\AppData\Local\Programs\Python\Python314\Lib\asyncio\events.py", line 94, in _run
    self._context.run(self._callback, *self._args)
  File "C:\Users\chris\AppData\Roaming\Python\Python314\site-packages\ipykernel\kernelbase.py", line 621, in shell_main
    await self.dispatch_shell(msg, subshell_id=subshell_id)
  File "C:\Users\chris\AppData\Roaming\Python\Python314\site-packages\ipykernel\kernelbase.py", line 478, in dispatch_shell
    await result
  File "C:\Users\chris\AppData\Roaming\Python\Python314\site-packages\ipykernel\ipkernel.py", line 372, in execute_request
    await super().execute_request(stream, ident, parent)
  File "C:\Users\chris\AppData\Roaming\Python\Python314\site-packages\ipykernel\kernelbase.py", line 834, in execute_request
    reply_content = await reply_content
  File "C:\Users\chris\AppData\Roaming\Python\Python314\site-packages\ipykernel\ipkernel.py", line 464, in do_execute
    res = shell.run_cell(
  File "C:\Users\chris\AppData\Roaming\Python\Python314\site-packages\ipykernel\zmqshell.py", line 663, in run_cell
    return super().run_cell(*args, **kwargs)
  File "C:\Users\chris\AppData\Roaming\Python\Python314\site-packages\IPython\core\interactiveshell.py", line 3170, in run_cell
    result = self._run_cell(
  File "C:\Users\chris\AppData\Roaming\Python\Python314\site-packages\IPython\core\interactiveshell.py", line 3225, in _run_cell
    result = runner(coro)
  File "C:\Users\chris\AppData\Roaming\Python\Python314\site-packages\IPython\core\async_helpers.py", line 128, in _pseudo_sync_runner
    coro.send(None)
  File "C:\Users\chris\AppData\Roaming\Python\Python314\site-packages\IPython\core\interactiveshell.py", line 3447, in run_cell_async
    has_raised = await self.run_ast_nodes(code_ast.body, cell_name,
  File "C:\Users\chris\AppData\Roaming\Python\Python314\site-packages\IPython\core\interactiveshell.py", line 3688, in run_ast_nodes
    if await self.run_code(code, result, async_=asy):
  File "C:\Users\chris\AppData\Roaming\Python\Python314\site-packages\IPython\core\interactiveshell.py", line 3748, in run_code
    exec(code_obj, self.user_global_ns, self.user_ns)
  File "C:\Users\chris\AppData\Local\Temp\ipykernel_4436\3007420965.py", line 73, in <module>
    runpy.run_path(str(script_path), run_name="__main__")
  File "<frozen runpy>", line 287, in run_path
  File "<frozen runpy>", line 98, in _run_module_code
  File "<frozen runpy>", line 88, in _run_code
  File "C:\Users\chris\Desktop\Code\TracesPresenter\Traces_presenter\Jupyter\Chaine\scripts_Mirabelle\failed_run_ratio_Mirabelle.py", line 80, in <module>
    main(_read, _write)
  File "C:\Users\chris\Desktop\Code\TracesPresenter\Traces_presenter\Jupyter\Chaine\scripts_Mirabelle\failed_run_ratio_Mirabelle.py", line 61, in main
    out.warning("  %s : aucun Run.Test non vide — ignoré", actor)
Message: '  %s : aucun Run.Test non vide — ignoré'
Arguments: ('auspices.heurtoir',)
--- Logging error ---
Traceback (most recent call last):
  File "c:\Users\chris\AppData\Local\Programs\Python\Python314\Lib\logging\__init__.py", line 1154, in emit
    stream.write(msg + self.terminator)
    ~~~~~~~~~~~~^^^^^^^^^^^^^^^^^^^^^^^
ValueError: I/O operation on closed file.
Call stack:
  File "<frozen runpy>", line 198, in _run_module_as_main
  File "<frozen runpy>", line 88, in _run_code
  File "C:\Users\chris\AppData\Roaming\Python\Python314\site-packages\ipykernel_launcher.py", line 18, in <module>
    app.launch_new_instance()
  File "C:\Users\chris\AppData\Roaming\Python\Python314\site-packages\traitlets\config\application.py", line 1082, in launch_instance
    app.start()
  File "C:\Users\chris\AppData\Roaming\Python\Python314\site-packages\ipykernel\kernelapp.py", line 758, in start
    self.io_loop.start()
  File "C:\Users\chris\AppData\Roaming\Python\Python314\site-packages\tornado\platform\asyncio.py", line 211, in start
    self.asyncio_loop.run_forever()
  File "c:\Users\chris\AppData\Local\Programs\Python\Python314\Lib\asyncio\base_events.py", line 677, in run_forever
    self._run_once()
  File "c:\Users\chris\AppData\Local\Programs\Python\Python314\Lib\asyncio\base_events.py", line 2046, in _run_once
    handle._run()
  File "c:\Users\chris\AppData\Local\Programs\Python\Python314\Lib\asyncio\events.py", line 94, in _run
    self._context.run(self._callback, *self._args)
  File "C:\Users\chris\AppData\Roaming\Python\Python314\site-packages\ipykernel\kernelbase.py", line 621, in shell_main
    await self.dispatch_shell(msg, subshell_id=subshell_id)
  File "C:\Users\chris\AppData\Roaming\Python\Python314\site-packages\ipykernel\kernelbase.py", line 478, in dispatch_shell
    await result
  File "C:\Users\chris\AppData\Roaming\Python\Python314\site-packages\ipykernel\ipkernel.py", line 372, in execute_request
    await super().execute_request(stream, ident, parent)
  File "C:\Users\chris\AppData\Roaming\Python\Python314\site-packages\ipykernel\kernelbase.py", line 834, in execute_request
    reply_content = await reply_content
  File "C:\Users\chris\AppData\Roaming\Python\Python314\site-packages\ipykernel\ipkernel.py", line 464, in do_execute
    res = shell.run_cell(
  File "C:\Users\chris\AppData\Roaming\Python\Python314\site-packages\ipykernel\zmqshell.py", line 663, in run_cell
    return super().run_cell(*args, **kwargs)
  File "C:\Users\chris\AppData\Roaming\Python\Python314\site-packages\IPython\core\interactiveshell.py", line 3170, in run_cell
    result = self._run_cell(
  File "C:\Users\chris\AppData\Roaming\Python\Python314\site-packages\IPython\core\interactiveshell.py", line 3225, in _run_cell
    result = runner(coro)
  File "C:\Users\chris\AppData\Roaming\Python\Python314\site-packages\IPython\core\async_helpers.py", line 128, in _pseudo_sync_runner
    coro.send(None)
  File "C:\Users\chris\AppData\Roaming\Python\Python314\site-packages\IPython\core\interactiveshell.py", line 3447, in run_cell_async
    has_raised = await self.run_ast_nodes(code_ast.body, cell_name,
  File "C:\Users\chris\AppData\Roaming\Python\Python314\site-packages\IPython\core\interactiveshell.py", line 3688, in run_ast_nodes
    if await self.run_code(code, result, async_=asy):
  File "C:\Users\chris\AppData\Roaming\Python\Python314\site-packages\IPython\core\interactiveshell.py", line 3748, in run_code
    exec(code_obj, self.user_global_ns, self.user_ns)
  File "C:\Users\chris\AppData\Local\Temp\ipykernel_4436\3007420965.py", line 73, in <module>
    runpy.run_path(str(script_path), run_name="__main__")
  File "<frozen runpy>", line 287, in run_path
  File "<frozen runpy>", line 98, in _run_module_code
  File "<frozen runpy>", line 88, in _run_code
  File "C:\Users\chris\Desktop\Code\TracesPresenter\Traces_presenter\Jupyter\Chaine\scripts_Mirabelle\failed_run_ratio_Mirabelle.py", line 80, in <module>
    main(_read, _write)
  File "C:\Users\chris\Desktop\Code\TracesPresenter\Traces_presenter\Jupyter\Chaine\scripts_Mirabelle\failed_run_ratio_Mirabelle.py", line 65, in main
    out.info(
Message: '  %s : %s = %.3f  (%d Run.Test)'
Arguments: ('avereront.vouees', 'FailedTestRunRatio', 0.5, 8)
--- Logging error ---
Traceback (most recent call last):
  File "c:\Users\chris\AppData\Local\Programs\Python\Python314\Lib\logging\__init__.py", line 1154, in emit
    stream.write(msg + self.terminator)
    ~~~~~~~~~~~~^^^^^^^^^^^^^^^^^^^^^^^
ValueError: I/O operation on closed file.
Call stack:
  File "<frozen runpy>", line 198, in _run_module_as_main
  File "<frozen runpy>", line 88, in _run_code
  File "C:\Users\chris\AppData\Roaming\Python\Python314\site-packages\ipykernel_launcher.py", line 18, in <module>
    app.launch_new_instance()
  File "C:\Users\chris\AppData\Roaming\Python\Python314\site-packages\traitlets\config\application.py", line 1082, in launch_instance
    app.start()
  File "C:\Users\chris\AppData\Roaming\Python\Python314\site-packages\ipykernel\kernelapp.py", line 758, in start
    self.io_loop.start()
  File "C:\Users\chris\AppData\Roaming\Python\Python314\site-packages\tornado\platform\asyncio.py", line 211, in start
    self.asyncio_loop.run_forever()
  File "c:\Users\chris\AppData\Local\Programs\Python\Python314\Lib\asyncio\base_events.py", line 677, in run_forever
    self._run_once()
  File "c:\Users\chris\AppData\Local\Programs\Python\Python314\Lib\asyncio\base_events.py", line 2046, in _run_once
    handle._run()
  File "c:\Users\chris\AppData\Local\Programs\Python\Python314\Lib\asyncio\events.py", line 94, in _run
    self._context.run(self._callback, *self._args)
  File "C:\Users\chris\AppData\Roaming\Python\Python314\site-packages\ipykernel\kernelbase.py", line 621, in shell_main
    await self.dispatch_shell(msg, subshell_id=subshell_id)
  File "C:\Users\chris\AppData\Roaming\Python\Python314\site-packages\ipykernel\kernelbase.py", line 478, in dispatch_shell
    await result
  File "C:\Users\chris\AppData\Roaming\Python\Python314\site-packages\ipykernel\ipkernel.py", line 372, in execute_request
    await super().execute_request(stream, ident, parent)
  File "C:\Users\chris\AppData\Roaming\Python\Python314\site-packages\ipykernel\kernelbase.py", line 834, in execute_request
    reply_content = await reply_content
  File "C:\Users\chris\AppData\Roaming\Python\Python314\site-packages\ipykernel\ipkernel.py", line 464, in do_execute
    res = shell.run_cell(
  File "C:\Users\chris\AppData\Roaming\Python\Python314\site-packages\ipykernel\zmqshell.py", line 663, in run_cell
    return super().run_cell(*args, **kwargs)
  File "C:\Users\chris\AppData\Roaming\Python\Python314\site-packages\IPython\core\interactiveshell.py", line 3170, in run_cell
    result = self._run_cell(
  File "C:\Users\chris\AppData\Roaming\Python\Python314\site-packages\IPython\core\interactiveshell.py", line 3225, in _run_cell
    result = runner(coro)
  File "C:\Users\chris\AppData\Roaming\Python\Python314\site-packages\IPython\core\async_helpers.py", line 128, in _pseudo_sync_runner
    coro.send(None)
  File "C:\Users\chris\AppData\Roaming\Python\Python314\site-packages\IPython\core\interactiveshell.py", line 3447, in run_cell_async
    has_raised = await self.run_ast_nodes(code_ast.body, cell_name,
  File "C:\Users\chris\AppData\Roaming\Python\Python314\site-packages\IPython\core\interactiveshell.py", line 3688, in run_ast_nodes
    if await self.run_code(code, result, async_=asy):
  File "C:\Users\chris\AppData\Roaming\Python\Python314\site-packages\IPython\core\interactiveshell.py", line 3748, in run_code
    exec(code_obj, self.user_global_ns, self.user_ns)
  File "C:\Users\chris\AppData\Local\Temp\ipykernel_4436\3007420965.py", line 73, in <module>
    runpy.run_path(str(script_path), run_name="__main__")
  File "<frozen runpy>", line 287, in run_path
  File "<frozen runpy>", line 98, in _run_module_code
  File "<frozen runpy>", line 88, in _run_code
  File "C:\Users\chris\Desktop\Code\TracesPresenter\Traces_presenter\Jupyter\Chaine\scripts_Mirabelle\failed_run_ratio_Mirabelle.py", line 80, in <module>
    main(_read, _write)
  File "C:\Users\chris\Desktop\Code\TracesPresenter\Traces_presenter\Jupyter\Chaine\scripts_Mirabelle\failed_run_ratio_Mirabelle.py", line 65, in main
    out.info(
Message: '  %s : %s = %.3f  (%d Run.Test)'
Arguments: ('avertis.cormoran', 'FailedTestRunRatio', 0.0, 1)
--- Logging error ---
Traceback (most recent call last):
  File "c:\Users\chris\AppData\Local\Programs\Python\Python314\Lib\logging\__init__.py", line 1154, in emit
    stream.write(msg + self.terminator)
    ~~~~~~~~~~~~^^^^^^^^^^^^^^^^^^^^^^^
ValueError: I/O operation on closed file.
Call stack:
  File "<frozen runpy>", line 198, in _run_module_as_main
  File "<frozen runpy>", line 88, in _run_code
  File "C:\Users\chris\AppData\Roaming\Python\Python314\site-packages\ipykernel_launcher.py", line 18, in <module>
    app.launch_new_instance()
  File "C:\Users\chris\AppData\Roaming\Python\Python314\site-packages\traitlets\config\application.py", line 1082, in launch_instance
    app.start()
  File "C:\Users\chris\AppData\Roaming\Python\Python314\site-packages\ipykernel\kernelapp.py", line 758, in start
    self.io_loop.start()
  File "C:\Users\chris\AppData\Roaming\Python\Python314\site-packages\tornado\platform\asyncio.py", line 211, in start
    self.asyncio_loop.run_forever()
  File "c:\Users\chris\AppData\Local\Programs\Python\Python314\Lib\asyncio\base_events.py", line 677, in run_forever
    self._run_once()
  File "c:\Users\chris\AppData\Local\Programs\Python\Python314\Lib\asyncio\base_events.py", line 2046, in _run_once
    handle._run()
  File "c:\Users\chris\AppData\Local\Programs\Python\Python314\Lib\asyncio\events.py", line 94, in _run
    self._context.run(self._callback, *self._args)
  File "C:\Users\chris\AppData\Roaming\Python\Python314\site-packages\ipykernel\kernelbase.py", line 621, in shell_main
    await self.dispatch_shell(msg, subshell_id=subshell_id)
  File "C:\Users\chris\AppData\Roaming\Python\Python314\site-packages\ipykernel\kernelbase.py", line 478, in dispatch_shell
    await result
  File "C:\Users\chris\AppData\Roaming\Python\Python314\site-packages\ipykernel\ipkernel.py", line 372, in execute_request
    await super().execute_request(stream, ident, parent)
  File "C:\Users\chris\AppData\Roaming\Python\Python314\site-packages\ipykernel\kernelbase.py", line 834, in execute_request
    reply_content = await reply_content
  File "C:\Users\chris\AppData\Roaming\Python\Python314\site-packages\ipykernel\ipkernel.py", line 464, in do_execute
    res = shell.run_cell(
  File "C:\Users\chris\AppData\Roaming\Python\Python314\site-packages\ipykernel\zmqshell.py", line 663, in run_cell
    return super().run_cell(*args, **kwargs)
  File "C:\Users\chris\AppData\Roaming\Python\Python314\site-packages\IPython\core\interactiveshell.py", line 3170, in run_cell
    result = self._run_cell(
  File "C:\Users\chris\AppData\Roaming\Python\Python314\site-packages\IPython\core\interactiveshell.py", line 3225, in _run_cell
    result = runner(coro)
  File "C:\Users\chris\AppData\Roaming\Python\Python314\site-packages\IPython\core\async_helpers.py", line 128, in _pseudo_sync_runner
    coro.send(None)
  File "C:\Users\chris\AppData\Roaming\Python\Python314\site-packages\IPython\core\interactiveshell.py", line 3447, in run_cell_async
    has_raised = await self.run_ast_nodes(code_ast.body, cell_name,
  File "C:\Users\chris\AppData\Roaming\Python\Python314\site-packages\IPython\core\interactiveshell.py", line 3688, in run_ast_nodes
    if await self.run_code(code, result, async_=asy):
  File "C:\Users\chris\AppData\Roaming\Python\Python314\site-packages\IPython\core\interactiveshell.py", line 3748, in run_code
    exec(code_obj, self.user_global_ns, self.user_ns)
  File "C:\Users\chris\AppData\Local\Temp\ipykernel_4436\3007420965.py", line 73, in <module>
    runpy.run_path(str(script_path), run_name="__main__")
  File "<frozen runpy>", line 287, in run_path
  File "<frozen runpy>", line 98, in _run_module_code
  File "<frozen runpy>", line 88, in _run_code
  File "C:\Users\chris\Desktop\Code\TracesPresenter\Traces_presenter\Jupyter\Chaine\scripts_Mirabelle\failed_run_ratio_Mirabelle.py", line 80, in <module>
    main(_read, _write)
  File "C:\Users\chris\Desktop\Code\TracesPresenter\Traces_presenter\Jupyter\Chaine\scripts_Mirabelle\failed_run_ratio_Mirabelle.py", line 65, in main
    out.info(
Message: '  %s : %s = %.3f  (%d Run.Test)'
Arguments: ('avouait.happes', 'FailedTestRunRatio', 0.16666666666666666, 7)
--- Logging error ---
Traceback (most recent call last):
  File "c:\Users\chris\AppData\Local\Programs\Python\Python314\Lib\logging\__init__.py", line 1154, in emit
    stream.write(msg + self.terminator)
    ~~~~~~~~~~~~^^^^^^^^^^^^^^^^^^^^^^^
ValueError: I/O operation on closed file.
Call stack:
  File "<frozen runpy>", line 198, in _run_module_as_main
  File "<frozen runpy>", line 88, in _run_code
  File "C:\Users\chris\AppData\Roaming\Python\Python314\site-packages\ipykernel_launcher.py", line 18, in <module>
    app.launch_new_instance()
  File "C:\Users\chris\AppData\Roaming\Python\Python314\site-packages\traitlets\config\application.py", line 1082, in launch_instance
    app.start()
  File "C:\Users\chris\AppData\Roaming\Python\Python314\site-packages\ipykernel\kernelapp.py", line 758, in start
    self.io_loop.start()
  File "C:\Users\chris\AppData\Roaming\Python\Python314\site-packages\tornado\platform\asyncio.py", line 211, in start
    self.asyncio_loop.run_forever()
  File "c:\Users\chris\AppData\Local\Programs\Python\Python314\Lib\asyncio\base_events.py", line 677, in run_forever
    self._run_once()
  File "c:\Users\chris\AppData\Local\Programs\Python\Python314\Lib\asyncio\base_events.py", line 2046, in _run_once
    handle._run()
  File "c:\Users\chris\AppData\Local\Programs\Python\Python314\Lib\asyncio\events.py", line 94, in _run
    self._context.run(self._callback, *self._args)
  File "C:\Users\chris\AppData\Roaming\Python\Python314\site-packages\ipykernel\kernelbase.py", line 621, in shell_main
    await self.dispatch_shell(msg, subshell_id=subshell_id)
  File "C:\Users\chris\AppData\Roaming\Python\Python314\site-packages\ipykernel\kernelbase.py", line 478, in dispatch_shell
    await result
  File "C:\Users\chris\AppData\Roaming\Python\Python314\site-packages\ipykernel\ipkernel.py", line 372, in execute_request
    await super().execute_request(stream, ident, parent)
  File "C:\Users\chris\AppData\Roaming\Python\Python314\site-packages\ipykernel\kernelbase.py", line 834, in execute_request
    reply_content = await reply_content
  File "C:\Users\chris\AppData\Roaming\Python\Python314\site-packages\ipykernel\ipkernel.py", line 464, in do_execute
    res = shell.run_cell(
  File "C:\Users\chris\AppData\Roaming\Python\Python314\site-packages\ipykernel\zmqshell.py", line 663, in run_cell
    return super().run_cell(*args, **kwargs)
  File "C:\Users\chris\AppData\Roaming\Python\Python314\site-packages\IPython\core\interactiveshell.py", line 3170, in run_cell
    result = self._run_cell(
  File "C:\Users\chris\AppData\Roaming\Python\Python314\site-packages\IPython\core\interactiveshell.py", line 3225, in _run_cell
    result = runner(coro)
  File "C:\Users\chris\AppData\Roaming\Python\Python314\site-packages\IPython\core\async_helpers.py", line 128, in _pseudo_sync_runner
    coro.send(None)
  File "C:\Users\chris\AppData\Roaming\Python\Python314\site-packages\IPython\core\interactiveshell.py", line 3447, in run_cell_async
    has_raised = await self.run_ast_nodes(code_ast.body, cell_name,
  File "C:\Users\chris\AppData\Roaming\Python\Python314\site-packages\IPython\core\interactiveshell.py", line 3688, in run_ast_nodes
    if await self.run_code(code, result, async_=asy):
  File "C:\Users\chris\AppData\Roaming\Python\Python314\site-packages\IPython\core\interactiveshell.py", line 3748, in run_code
    exec(code_obj, self.user_global_ns, self.user_ns)
  File "C:\Users\chris\AppData\Local\Temp\ipykernel_4436\3007420965.py", line 73, in <module>
    runpy.run_path(str(script_path), run_name="__main__")
  File "<frozen runpy>", line 287, in run_path
  File "<frozen runpy>", line 98, in _run_module_code
  File "<frozen runpy>", line 88, in _run_code
  File "C:\Users\chris\Desktop\Code\TracesPresenter\Traces_presenter\Jupyter\Chaine\scripts_Mirabelle\failed_run_ratio_Mirabelle.py", line 80, in <module>
    main(_read, _write)
  File "C:\Users\chris\Desktop\Code\TracesPresenter\Traces_presenter\Jupyter\Chaine\scripts_Mirabelle\failed_run_ratio_Mirabelle.py", line 65, in main
    out.info(
Message: '  %s : %s = %.3f  (%d Run.Test)'
Arguments: ('becquee.aerait', 'FailedTestRunRatio', 0.5333333333333333, 16)
--- Logging error ---
Traceback (most recent call last):
  File "c:\Users\chris\AppData\Local\Programs\Python\Python314\Lib\logging\__init__.py", line 1154, in emit
    stream.write(msg + self.terminator)
    ~~~~~~~~~~~~^^^^^^^^^^^^^^^^^^^^^^^
ValueError: I/O operation on closed file.
Call stack:
  File "<frozen runpy>", line 198, in _run_module_as_main
  File "<frozen runpy>", line 88, in _run_code
  File "C:\Users\chris\AppData\Roaming\Python\Python314\site-packages\ipykernel_launcher.py", line 18, in <module>
    app.launch_new_instance()
  File "C:\Users\chris\AppData\Roaming\Python\Python314\site-packages\traitlets\config\application.py", line 1082, in launch_instance
    app.start()
  File "C:\Users\chris\AppData\Roaming\Python\Python314\site-packages\ipykernel\kernelapp.py", line 758, in start
    self.io_loop.start()
  File "C:\Users\chris\AppData\Roaming\Python\Python314\site-packages\tornado\platform\asyncio.py", line 211, in start
    self.asyncio_loop.run_forever()
  File "c:\Users\chris\AppData\Local\Programs\Python\Python314\Lib\asyncio\base_events.py", line 677, in run_forever
    self._run_once()
  File "c:\Users\chris\AppData\Local\Programs\Python\Python314\Lib\asyncio\base_events.py", line 2046, in _run_once
    handle._run()
  File "c:\Users\chris\AppData\Local\Programs\Python\Python314\Lib\asyncio\events.py", line 94, in _run
    self._context.run(self._callback, *self._args)
  File "C:\Users\chris\AppData\Roaming\Python\Python314\site-packages\ipykernel\kernelbase.py", line 621, in shell_main
    await self.dispatch_shell(msg, subshell_id=subshell_id)
  File "C:\Users\chris\AppData\Roaming\Python\Python314\site-packages\ipykernel\kernelbase.py", line 478, in dispatch_shell
    await result
  File "C:\Users\chris\AppData\Roaming\Python\Python314\site-packages\ipykernel\ipkernel.py", line 372, in execute_request
    await super().execute_request(stream, ident, parent)
  File "C:\Users\chris\AppData\Roaming\Python\Python314\site-packages\ipykernel\kernelbase.py", line 834, in execute_request
    reply_content = await reply_content
  File "C:\Users\chris\AppData\Roaming\Python\Python314\site-packages\ipykernel\ipkernel.py", line 464, in do_execute
    res = shell.run_cell(
  File "C:\Users\chris\AppData\Roaming\Python\Python314\site-packages\ipykernel\zmqshell.py", line 663, in run_cell
    return super().run_cell(*args, **kwargs)
  File "C:\Users\chris\AppData\Roaming\Python\Python314\site-packages\IPython\core\interactiveshell.py", line 3170, in run_cell
    result = self._run_cell(
  File "C:\Users\chris\AppData\Roaming\Python\Python314\site-packages\IPython\core\interactiveshell.py", line 3225, in _run_cell
    result = runner(coro)
  File "C:\Users\chris\AppData\Roaming\Python\Python314\site-packages\IPython\core\async_helpers.py", line 128, in _pseudo_sync_runner
    coro.send(None)
  File "C:\Users\chris\AppData\Roaming\Python\Python314\site-packages\IPython\core\interactiveshell.py", line 3447, in run_cell_async
    has_raised = await self.run_ast_nodes(code_ast.body, cell_name,
  File "C:\Users\chris\AppData\Roaming\Python\Python314\site-packages\IPython\core\interactiveshell.py", line 3688, in run_ast_nodes
    if await self.run_code(code, result, async_=asy):
  File "C:\Users\chris\AppData\Roaming\Python\Python314\site-packages\IPython\core\interactiveshell.py", line 3748, in run_code
    exec(code_obj, self.user_global_ns, self.user_ns)
  File "C:\Users\chris\AppData\Local\Temp\ipykernel_4436\3007420965.py", line 73, in <module>
    runpy.run_path(str(script_path), run_name="__main__")
  File "<frozen runpy>", line 287, in run_path
  File "<frozen runpy>", line 98, in _run_module_code
  File "<frozen runpy>", line 88, in _run_code
  File "C:\Users\chris\Desktop\Code\TracesPresenter\Traces_presenter\Jupyter\Chaine\scripts_Mirabelle\failed_run_ratio_Mirabelle.py", line 80, in <module>
    main(_read, _write)
  File "C:\Users\chris\Desktop\Code\TracesPresenter\Traces_presenter\Jupyter\Chaine\scripts_Mirabelle\failed_run_ratio_Mirabelle.py", line 65, in main
    out.info(
Message: '  %s : %s = %.3f  (%d Run.Test)'
Arguments: ('borderais.calmait', 'FailedTestRunRatio', 0.5384615384615384, 13)
--- Logging error ---
Traceback (most recent call last):
  File "c:\Users\chris\AppData\Local\Programs\Python\Python314\Lib\logging\__init__.py", line 1154, in emit
    stream.write(msg + self.terminator)
    ~~~~~~~~~~~~^^^^^^^^^^^^^^^^^^^^^^^
ValueError: I/O operation on closed file.
Call stack:
  File "<frozen runpy>", line 198, in _run_module_as_main
  File "<frozen runpy>", line 88, in _run_code
  File "C:\Users\chris\AppData\Roaming\Python\Python314\site-packages\ipykernel_launcher.py", line 18, in <module>
    app.launch_new_instance()
  File "C:\Users\chris\AppData\Roaming\Python\Python314\site-packages\traitlets\config\application.py", line 1082, in launch_instance
    app.start()
  File "C:\Users\chris\AppData\Roaming\Python\Python314\site-packages\ipykernel\kernelapp.py", line 758, in start
    self.io_loop.start()
  File "C:\Users\chris\AppData\Roaming\Python\Python314\site-packages\tornado\platform\asyncio.py", line 211, in start
    self.asyncio_loop.run_forever()
  File "c:\Users\chris\AppData\Local\Programs\Python\Python314\Lib\asyncio\base_events.py", line 677, in run_forever
    self._run_once()
  File "c:\Users\chris\AppData\Local\Programs\Python\Python314\Lib\asyncio\base_events.py", line 2046, in _run_once
    handle._run()
  File "c:\Users\chris\AppData\Local\Programs\Python\Python314\Lib\asyncio\events.py", line 94, in _run
    self._context.run(self._callback, *self._args)
  File "C:\Users\chris\AppData\Roaming\Python\Python314\site-packages\ipykernel\kernelbase.py", line 621, in shell_main
    await self.dispatch_shell(msg, subshell_id=subshell_id)
  File "C:\Users\chris\AppData\Roaming\Python\Python314\site-packages\ipykernel\kernelbase.py", line 478, in dispatch_shell
    await result
  File "C:\Users\chris\AppData\Roaming\Python\Python314\site-packages\ipykernel\ipkernel.py", line 372, in execute_request
    await super().execute_request(stream, ident, parent)
  File "C:\Users\chris\AppData\Roaming\Python\Python314\site-packages\ipykernel\kernelbase.py", line 834, in execute_request
    reply_content = await reply_content
  File "C:\Users\chris\AppData\Roaming\Python\Python314\site-packages\ipykernel\ipkernel.py", line 464, in do_execute
    res = shell.run_cell(
  File "C:\Users\chris\AppData\Roaming\Python\Python314\site-packages\ipykernel\zmqshell.py", line 663, in run_cell
    return super().run_cell(*args, **kwargs)
  File "C:\Users\chris\AppData\Roaming\Python\Python314\site-packages\IPython\core\interactiveshell.py", line 3170, in run_cell
    result = self._run_cell(
  File "C:\Users\chris\AppData\Roaming\Python\Python314\site-packages\IPython\core\interactiveshell.py", line 3225, in _run_cell
    result = runner(coro)
  File "C:\Users\chris\AppData\Roaming\Python\Python314\site-packages\IPython\core\async_helpers.py", line 128, in _pseudo_sync_runner
    coro.send(None)
  File "C:\Users\chris\AppData\Roaming\Python\Python314\site-packages\IPython\core\interactiveshell.py", line 3447, in run_cell_async
    has_raised = await self.run_ast_nodes(code_ast.body, cell_name,
  File "C:\Users\chris\AppData\Roaming\Python\Python314\site-packages\IPython\core\interactiveshell.py", line 3688, in run_ast_nodes
    if await self.run_code(code, result, async_=asy):
  File "C:\Users\chris\AppData\Roaming\Python\Python314\site-packages\IPython\core\interactiveshell.py", line 3748, in run_code
    exec(code_obj, self.user_global_ns, self.user_ns)
  File "C:\Users\chris\AppData\Local\Temp\ipykernel_4436\3007420965.py", line 73, in <module>
    runpy.run_path(str(script_path), run_name="__main__")
  File "<frozen runpy>", line 287, in run_path
  File "<frozen runpy>", line 98, in _run_module_code
  File "<frozen runpy>", line 88, in _run_code
  File "C:\Users\chris\Desktop\Code\TracesPresenter\Traces_presenter\Jupyter\Chaine\scripts_Mirabelle\failed_run_ratio_Mirabelle.py", line 80, in <module>
    main(_read, _write)
  File "C:\Users\chris\Desktop\Code\TracesPresenter\Traces_presenter\Jupyter\Chaine\scripts_Mirabelle\failed_run_ratio_Mirabelle.py", line 65, in main
    out.info(
Message: '  %s : %s = %.3f  (%d Run.Test)'
Arguments: ('cokefier.survolait', 'FailedTestRunRatio', 0.14285714285714285, 7)
--- Logging error ---
Traceback (most recent call last):
  File "c:\Users\chris\AppData\Local\Programs\Python\Python314\Lib\logging\__init__.py", line 1154, in emit
    stream.write(msg + self.terminator)
    ~~~~~~~~~~~~^^^^^^^^^^^^^^^^^^^^^^^
ValueError: I/O operation on closed file.
Call stack:
  File "<frozen runpy>", line 198, in _run_module_as_main
  File "<frozen runpy>", line 88, in _run_code
  File "C:\Users\chris\AppData\Roaming\Python\Python314\site-packages\ipykernel_launcher.py", line 18, in <module>
    app.launch_new_instance()
  File "C:\Users\chris\AppData\Roaming\Python\Python314\site-packages\traitlets\config\application.py", line 1082, in launch_instance
    app.start()
  File "C:\Users\chris\AppData\Roaming\Python\Python314\site-packages\ipykernel\kernelapp.py", line 758, in start
    self.io_loop.start()
  File "C:\Users\chris\AppData\Roaming\Python\Python314\site-packages\tornado\platform\asyncio.py", line 211, in start
    self.asyncio_loop.run_forever()
  File "c:\Users\chris\AppData\Local\Programs\Python\Python314\Lib\asyncio\base_events.py", line 677, in run_forever
    self._run_once()
  File "c:\Users\chris\AppData\Local\Programs\Python\Python314\Lib\asyncio\base_events.py", line 2046, in _run_once
    handle._run()
  File "c:\Users\chris\AppData\Local\Programs\Python\Python314\Lib\asyncio\events.py", line 94, in _run
    self._context.run(self._callback, *self._args)
  File "C:\Users\chris\AppData\Roaming\Python\Python314\site-packages\ipykernel\kernelbase.py", line 621, in shell_main
    await self.dispatch_shell(msg, subshell_id=subshell_id)
  File "C:\Users\chris\AppData\Roaming\Python\Python314\site-packages\ipykernel\kernelbase.py", line 478, in dispatch_shell
    await result
  File "C:\Users\chris\AppData\Roaming\Python\Python314\site-packages\ipykernel\ipkernel.py", line 372, in execute_request
    await super().execute_request(stream, ident, parent)
  File "C:\Users\chris\AppData\Roaming\Python\Python314\site-packages\ipykernel\kernelbase.py", line 834, in execute_request
    reply_content = await reply_content
  File "C:\Users\chris\AppData\Roaming\Python\Python314\site-packages\ipykernel\ipkernel.py", line 464, in do_execute
    res = shell.run_cell(
  File "C:\Users\chris\AppData\Roaming\Python\Python314\site-packages\ipykernel\zmqshell.py", line 663, in run_cell
    return super().run_cell(*args, **kwargs)
  File "C:\Users\chris\AppData\Roaming\Python\Python314\site-packages\IPython\core\interactiveshell.py", line 3170, in run_cell
    result = self._run_cell(
  File "C:\Users\chris\AppData\Roaming\Python\Python314\site-packages\IPython\core\interactiveshell.py", line 3225, in _run_cell
    result = runner(coro)
  File "C:\Users\chris\AppData\Roaming\Python\Python314\site-packages\IPython\core\async_helpers.py", line 128, in _pseudo_sync_runner
    coro.send(None)
  File "C:\Users\chris\AppData\Roaming\Python\Python314\site-packages\IPython\core\interactiveshell.py", line 3447, in run_cell_async
    has_raised = await self.run_ast_nodes(code_ast.body, cell_name,
  File "C:\Users\chris\AppData\Roaming\Python\Python314\site-packages\IPython\core\interactiveshell.py", line 3688, in run_ast_nodes
    if await self.run_code(code, result, async_=asy):
  File "C:\Users\chris\AppData\Roaming\Python\Python314\site-packages\IPython\core\interactiveshell.py", line 3748, in run_code
    exec(code_obj, self.user_global_ns, self.user_ns)
  File "C:\Users\chris\AppData\Local\Temp\ipykernel_4436\3007420965.py", line 73, in <module>
    runpy.run_path(str(script_path), run_name="__main__")
  File "<frozen runpy>", line 287, in run_path
  File "<frozen runpy>", line 98, in _run_module_code
  File "<frozen runpy>", line 88, in _run_code
  File "C:\Users\chris\Desktop\Code\TracesPresenter\Traces_presenter\Jupyter\Chaine\scripts_Mirabelle\failed_run_ratio_Mirabelle.py", line 80, in <module>
    main(_read, _write)
  File "C:\Users\chris\Desktop\Code\TracesPresenter\Traces_presenter\Jupyter\Chaine\scripts_Mirabelle\failed_run_ratio_Mirabelle.py", line 65, in main
    out.info(
Message: '  %s : %s = %.3f  (%d Run.Test)'
Arguments: ('cougouars.balayes', 'FailedTestRunRatio', 0.0, 2)
--- Logging error ---
Traceback (most recent call last):
  File "c:\Users\chris\AppData\Local\Programs\Python\Python314\Lib\logging\__init__.py", line 1154, in emit
    stream.write(msg + self.terminator)
    ~~~~~~~~~~~~^^^^^^^^^^^^^^^^^^^^^^^
ValueError: I/O operation on closed file.
Call stack:
  File "<frozen runpy>", line 198, in _run_module_as_main
  File "<frozen runpy>", line 88, in _run_code
  File "C:\Users\chris\AppData\Roaming\Python\Python314\site-packages\ipykernel_launcher.py", line 18, in <module>
    app.launch_new_instance()
  File "C:\Users\chris\AppData\Roaming\Python\Python314\site-packages\traitlets\config\application.py", line 1082, in launch_instance
    app.start()
  File "C:\Users\chris\AppData\Roaming\Python\Python314\site-packages\ipykernel\kernelapp.py", line 758, in start
    self.io_loop.start()
  File "C:\Users\chris\AppData\Roaming\Python\Python314\site-packages\tornado\platform\asyncio.py", line 211, in start
    self.asyncio_loop.run_forever()
  File "c:\Users\chris\AppData\Local\Programs\Python\Python314\Lib\asyncio\base_events.py", line 677, in run_forever
    self._run_once()
  File "c:\Users\chris\AppData\Local\Programs\Python\Python314\Lib\asyncio\base_events.py", line 2046, in _run_once
    handle._run()
  File "c:\Users\chris\AppData\Local\Programs\Python\Python314\Lib\asyncio\events.py", line 94, in _run
    self._context.run(self._callback, *self._args)
  File "C:\Users\chris\AppData\Roaming\Python\Python314\site-packages\ipykernel\kernelbase.py", line 621, in shell_main
    await self.dispatch_shell(msg, subshell_id=subshell_id)
  File "C:\Users\chris\AppData\Roaming\Python\Python314\site-packages\ipykernel\kernelbase.py", line 478, in dispatch_shell
    await result
  File "C:\Users\chris\AppData\Roaming\Python\Python314\site-packages\ipykernel\ipkernel.py", line 372, in execute_request
    await super().execute_request(stream, ident, parent)
  File "C:\Users\chris\AppData\Roaming\Python\Python314\site-packages\ipykernel\kernelbase.py", line 834, in execute_request
    reply_content = await reply_content
  File "C:\Users\chris\AppData\Roaming\Python\Python314\site-packages\ipykernel\ipkernel.py", line 464, in do_execute
    res = shell.run_cell(
  File "C:\Users\chris\AppData\Roaming\Python\Python314\site-packages\ipykernel\zmqshell.py", line 663, in run_cell
    return super().run_cell(*args, **kwargs)
  File "C:\Users\chris\AppData\Roaming\Python\Python314\site-packages\IPython\core\interactiveshell.py", line 3170, in run_cell
    result = self._run_cell(
  File "C:\Users\chris\AppData\Roaming\Python\Python314\site-packages\IPython\core\interactiveshell.py", line 3225, in _run_cell
    result = runner(coro)
  File "C:\Users\chris\AppData\Roaming\Python\Python314\site-packages\IPython\core\async_helpers.py", line 128, in _pseudo_sync_runner
    coro.send(None)
  File "C:\Users\chris\AppData\Roaming\Python\Python314\site-packages\IPython\core\interactiveshell.py", line 3447, in run_cell_async
    has_raised = await self.run_ast_nodes(code_ast.body, cell_name,
  File "C:\Users\chris\AppData\Roaming\Python\Python314\site-packages\IPython\core\interactiveshell.py", line 3688, in run_ast_nodes
    if await self.run_code(code, result, async_=asy):
  File "C:\Users\chris\AppData\Roaming\Python\Python314\site-packages\IPython\core\interactiveshell.py", line 3748, in run_code
    exec(code_obj, self.user_global_ns, self.user_ns)
  File "C:\Users\chris\AppData\Local\Temp\ipykernel_4436\3007420965.py", line 73, in <module>
    runpy.run_path(str(script_path), run_name="__main__")
  File "<frozen runpy>", line 287, in run_path
  File "<frozen runpy>", line 98, in _run_module_code
  File "<frozen runpy>", line 88, in _run_code
  File "C:\Users\chris\Desktop\Code\TracesPresenter\Traces_presenter\Jupyter\Chaine\scripts_Mirabelle\failed_run_ratio_Mirabelle.py", line 80, in <module>
    main(_read, _write)
  File "C:\Users\chris\Desktop\Code\TracesPresenter\Traces_presenter\Jupyter\Chaine\scripts_Mirabelle\failed_run_ratio_Mirabelle.py", line 61, in main
    out.warning("  %s : aucun Run.Test non vide — ignoré", actor)
Message: '  %s : aucun Run.Test non vide — ignoré'
Arguments: ('coulerons.elisiez',)
--- Logging error ---
Traceback (most recent call last):
  File "c:\Users\chris\AppData\Local\Programs\Python\Python314\Lib\logging\__init__.py", line 1154, in emit
    stream.write(msg + self.terminator)
    ~~~~~~~~~~~~^^^^^^^^^^^^^^^^^^^^^^^
ValueError: I/O operation on closed file.
Call stack:
  File "<frozen runpy>", line 198, in _run_module_as_main
  File "<frozen runpy>", line 88, in _run_code
  File "C:\Users\chris\AppData\Roaming\Python\Python314\site-packages\ipykernel_launcher.py", line 18, in <module>
    app.launch_new_instance()
  File "C:\Users\chris\AppData\Roaming\Python\Python314\site-packages\traitlets\config\application.py", line 1082, in launch_instance
    app.start()
  File "C:\Users\chris\AppData\Roaming\Python\Python314\site-packages\ipykernel\kernelapp.py", line 758, in start
    self.io_loop.start()
  File "C:\Users\chris\AppData\Roaming\Python\Python314\site-packages\tornado\platform\asyncio.py", line 211, in start
    self.asyncio_loop.run_forever()
  File "c:\Users\chris\AppData\Local\Programs\Python\Python314\Lib\asyncio\base_events.py", line 677, in run_forever
    self._run_once()
  File "c:\Users\chris\AppData\Local\Programs\Python\Python314\Lib\asyncio\base_events.py", line 2046, in _run_once
    handle._run()
  File "c:\Users\chris\AppData\Local\Programs\Python\Python314\Lib\asyncio\events.py", line 94, in _run
    self._context.run(self._callback, *self._args)
  File "C:\Users\chris\AppData\Roaming\Python\Python314\site-packages\ipykernel\kernelbase.py", line 621, in shell_main
    await self.dispatch_shell(msg, subshell_id=subshell_id)
  File "C:\Users\chris\AppData\Roaming\Python\Python314\site-packages\ipykernel\kernelbase.py", line 478, in dispatch_shell
    await result
  File "C:\Users\chris\AppData\Roaming\Python\Python314\site-packages\ipykernel\ipkernel.py", line 372, in execute_request
    await super().execute_request(stream, ident, parent)
  File "C:\Users\chris\AppData\Roaming\Python\Python314\site-packages\ipykernel\kernelbase.py", line 834, in execute_request
    reply_content = await reply_content
  File "C:\Users\chris\AppData\Roaming\Python\Python314\site-packages\ipykernel\ipkernel.py", line 464, in do_execute
    res = shell.run_cell(
  File "C:\Users\chris\AppData\Roaming\Python\Python314\site-packages\ipykernel\zmqshell.py", line 663, in run_cell
    return super().run_cell(*args, **kwargs)
  File "C:\Users\chris\AppData\Roaming\Python\Python314\site-packages\IPython\core\interactiveshell.py", line 3170, in run_cell
    result = self._run_cell(
  File "C:\Users\chris\AppData\Roaming\Python\Python314\site-packages\IPython\core\interactiveshell.py", line 3225, in _run_cell
    result = runner(coro)
  File "C:\Users\chris\AppData\Roaming\Python\Python314\site-packages\IPython\core\async_helpers.py", line 128, in _pseudo_sync_runner
    coro.send(None)
  File "C:\Users\chris\AppData\Roaming\Python\Python314\site-packages\IPython\core\interactiveshell.py", line 3447, in run_cell_async
    has_raised = await self.run_ast_nodes(code_ast.body, cell_name,
  File "C:\Users\chris\AppData\Roaming\Python\Python314\site-packages\IPython\core\interactiveshell.py", line 3688, in run_ast_nodes
    if await self.run_code(code, result, async_=asy):
  File "C:\Users\chris\AppData\Roaming\Python\Python314\site-packages\IPython\core\interactiveshell.py", line 3748, in run_code
    exec(code_obj, self.user_global_ns, self.user_ns)
  File "C:\Users\chris\AppData\Local\Temp\ipykernel_4436\3007420965.py", line 73, in <module>
    runpy.run_path(str(script_path), run_name="__main__")
  File "<frozen runpy>", line 287, in run_path
  File "<frozen runpy>", line 98, in _run_module_code
  File "<frozen runpy>", line 88, in _run_code
  File "C:\Users\chris\Desktop\Code\TracesPresenter\Traces_presenter\Jupyter\Chaine\scripts_Mirabelle\failed_run_ratio_Mirabelle.py", line 80, in <module>
    main(_read, _write)
  File "C:\Users\chris\Desktop\Code\TracesPresenter\Traces_presenter\Jupyter\Chaine\scripts_Mirabelle\failed_run_ratio_Mirabelle.py", line 65, in main
    out.info(
Message: '  %s : %s = %.3f  (%d Run.Test)'
Arguments: ('crantes.mutes', 'FailedTestRunRatio', 0.08333333333333333, 12)
--- Logging error ---
Traceback (most recent call last):
  File "c:\Users\chris\AppData\Local\Programs\Python\Python314\Lib\logging\__init__.py", line 1154, in emit
    stream.write(msg + self.terminator)
    ~~~~~~~~~~~~^^^^^^^^^^^^^^^^^^^^^^^
ValueError: I/O operation on closed file.
Call stack:
  File "<frozen runpy>", line 198, in _run_module_as_main
  File "<frozen runpy>", line 88, in _run_code
  File "C:\Users\chris\AppData\Roaming\Python\Python314\site-packages\ipykernel_launcher.py", line 18, in <module>
    app.launch_new_instance()
  File "C:\Users\chris\AppData\Roaming\Python\Python314\site-packages\traitlets\config\application.py", line 1082, in launch_instance
    app.start()
  File "C:\Users\chris\AppData\Roaming\Python\Python314\site-packages\ipykernel\kernelapp.py", line 758, in start
    self.io_loop.start()
  File "C:\Users\chris\AppData\Roaming\Python\Python314\site-packages\tornado\platform\asyncio.py", line 211, in start
    self.asyncio_loop.run_forever()
  File "c:\Users\chris\AppData\Local\Programs\Python\Python314\Lib\asyncio\base_events.py", line 677, in run_forever
    self._run_once()
  File "c:\Users\chris\AppData\Local\Programs\Python\Python314\Lib\asyncio\base_events.py", line 2046, in _run_once
    handle._run()
  File "c:\Users\chris\AppData\Local\Programs\Python\Python314\Lib\asyncio\events.py", line 94, in _run
    self._context.run(self._callback, *self._args)
  File "C:\Users\chris\AppData\Roaming\Python\Python314\site-packages\ipykernel\kernelbase.py", line 621, in shell_main
    await self.dispatch_shell(msg, subshell_id=subshell_id)
  File "C:\Users\chris\AppData\Roaming\Python\Python314\site-packages\ipykernel\kernelbase.py", line 478, in dispatch_shell
    await result
  File "C:\Users\chris\AppData\Roaming\Python\Python314\site-packages\ipykernel\ipkernel.py", line 372, in execute_request
    await super().execute_request(stream, ident, parent)
  File "C:\Users\chris\AppData\Roaming\Python\Python314\site-packages\ipykernel\kernelbase.py", line 834, in execute_request
    reply_content = await reply_content
  File "C:\Users\chris\AppData\Roaming\Python\Python314\site-packages\ipykernel\ipkernel.py", line 464, in do_execute
    res = shell.run_cell(
  File "C:\Users\chris\AppData\Roaming\Python\Python314\site-packages\ipykernel\zmqshell.py", line 663, in run_cell
    return super().run_cell(*args, **kwargs)
  File "C:\Users\chris\AppData\Roaming\Python\Python314\site-packages\IPython\core\interactiveshell.py", line 3170, in run_cell
    result = self._run_cell(
  File "C:\Users\chris\AppData\Roaming\Python\Python314\site-packages\IPython\core\interactiveshell.py", line 3225, in _run_cell
    result = runner(coro)
  File "C:\Users\chris\AppData\Roaming\Python\Python314\site-packages\IPython\core\async_helpers.py", line 128, in _pseudo_sync_runner
    coro.send(None)
  File "C:\Users\chris\AppData\Roaming\Python\Python314\site-packages\IPython\core\interactiveshell.py", line 3447, in run_cell_async
    has_raised = await self.run_ast_nodes(code_ast.body, cell_name,
  File "C:\Users\chris\AppData\Roaming\Python\Python314\site-packages\IPython\core\interactiveshell.py", line 3688, in run_ast_nodes
    if await self.run_code(code, result, async_=asy):
  File "C:\Users\chris\AppData\Roaming\Python\Python314\site-packages\IPython\core\interactiveshell.py", line 3748, in run_code
    exec(code_obj, self.user_global_ns, self.user_ns)
  File "C:\Users\chris\AppData\Local\Temp\ipykernel_4436\3007420965.py", line 73, in <module>
    runpy.run_path(str(script_path), run_name="__main__")
  File "<frozen runpy>", line 287, in run_path
  File "<frozen runpy>", line 98, in _run_module_code
  File "<frozen runpy>", line 88, in _run_code
  File "C:\Users\chris\Desktop\Code\TracesPresenter\Traces_presenter\Jupyter\Chaine\scripts_Mirabelle\failed_run_ratio_Mirabelle.py", line 80, in <module>
    main(_read, _write)
  File "C:\Users\chris\Desktop\Code\TracesPresenter\Traces_presenter\Jupyter\Chaine\scripts_Mirabelle\failed_run_ratio_Mirabelle.py", line 65, in main
    out.info(
Message: '  %s : %s = %.3f  (%d Run.Test)'
Arguments: ('debacler.decores', 'FailedTestRunRatio', 0.75, 6)
--- Logging error ---
Traceback (most recent call last):
  File "c:\Users\chris\AppData\Local\Programs\Python\Python314\Lib\logging\__init__.py", line 1154, in emit
    stream.write(msg + self.terminator)
    ~~~~~~~~~~~~^^^^^^^^^^^^^^^^^^^^^^^
ValueError: I/O operation on closed file.
Call stack:
  File "<frozen runpy>", line 198, in _run_module_as_main
  File "<frozen runpy>", line 88, in _run_code
  File "C:\Users\chris\AppData\Roaming\Python\Python314\site-packages\ipykernel_launcher.py", line 18, in <module>
    app.launch_new_instance()
  File "C:\Users\chris\AppData\Roaming\Python\Python314\site-packages\traitlets\config\application.py", line 1082, in launch_instance
    app.start()
  File "C:\Users\chris\AppData\Roaming\Python\Python314\site-packages\ipykernel\kernelapp.py", line 758, in start
    self.io_loop.start()
  File "C:\Users\chris\AppData\Roaming\Python\Python314\site-packages\tornado\platform\asyncio.py", line 211, in start
    self.asyncio_loop.run_forever()
  File "c:\Users\chris\AppData\Local\Programs\Python\Python314\Lib\asyncio\base_events.py", line 677, in run_forever
    self._run_once()
  File "c:\Users\chris\AppData\Local\Programs\Python\Python314\Lib\asyncio\base_events.py", line 2046, in _run_once
    handle._run()
  File "c:\Users\chris\AppData\Local\Programs\Python\Python314\Lib\asyncio\events.py", line 94, in _run
    self._context.run(self._callback, *self._args)
  File "C:\Users\chris\AppData\Roaming\Python\Python314\site-packages\ipykernel\kernelbase.py", line 621, in shell_main
    await self.dispatch_shell(msg, subshell_id=subshell_id)
  File "C:\Users\chris\AppData\Roaming\Python\Python314\site-packages\ipykernel\kernelbase.py", line 478, in dispatch_shell
    await result
  File "C:\Users\chris\AppData\Roaming\Python\Python314\site-packages\ipykernel\ipkernel.py", line 372, in execute_request
    await super().execute_request(stream, ident, parent)
  File "C:\Users\chris\AppData\Roaming\Python\Python314\site-packages\ipykernel\kernelbase.py", line 834, in execute_request
    reply_content = await reply_content
  File "C:\Users\chris\AppData\Roaming\Python\Python314\site-packages\ipykernel\ipkernel.py", line 464, in do_execute
    res = shell.run_cell(
  File "C:\Users\chris\AppData\Roaming\Python\Python314\site-packages\ipykernel\zmqshell.py", line 663, in run_cell
    return super().run_cell(*args, **kwargs)
  File "C:\Users\chris\AppData\Roaming\Python\Python314\site-packages\IPython\core\interactiveshell.py", line 3170, in run_cell
    result = self._run_cell(
  File "C:\Users\chris\AppData\Roaming\Python\Python314\site-packages\IPython\core\interactiveshell.py", line 3225, in _run_cell
    result = runner(coro)
  File "C:\Users\chris\AppData\Roaming\Python\Python314\site-packages\IPython\core\async_helpers.py", line 128, in _pseudo_sync_runner
    coro.send(None)
  File "C:\Users\chris\AppData\Roaming\Python\Python314\site-packages\IPython\core\interactiveshell.py", line 3447, in run_cell_async
    has_raised = await self.run_ast_nodes(code_ast.body, cell_name,
  File "C:\Users\chris\AppData\Roaming\Python\Python314\site-packages\IPython\core\interactiveshell.py", line 3688, in run_ast_nodes
    if await self.run_code(code, result, async_=asy):
  File "C:\Users\chris\AppData\Roaming\Python\Python314\site-packages\IPython\core\interactiveshell.py", line 3748, in run_code
    exec(code_obj, self.user_global_ns, self.user_ns)
  File "C:\Users\chris\AppData\Local\Temp\ipykernel_4436\3007420965.py", line 73, in <module>
    runpy.run_path(str(script_path), run_name="__main__")
  File "<frozen runpy>", line 287, in run_path
  File "<frozen runpy>", line 98, in _run_module_code
  File "<frozen runpy>", line 88, in _run_code
  File "C:\Users\chris\Desktop\Code\TracesPresenter\Traces_presenter\Jupyter\Chaine\scripts_Mirabelle\failed_run_ratio_Mirabelle.py", line 80, in <module>
    main(_read, _write)
  File "C:\Users\chris\Desktop\Code\TracesPresenter\Traces_presenter\Jupyter\Chaine\scripts_Mirabelle\failed_run_ratio_Mirabelle.py", line 65, in main
    out.info(
Message: '  %s : %s = %.3f  (%d Run.Test)'
Arguments: ('decalques.avenu', 'FailedTestRunRatio', 0.7333333333333333, 32)
--- Logging error ---
Traceback (most recent call last):
  File "c:\Users\chris\AppData\Local\Programs\Python\Python314\Lib\logging\__init__.py", line 1154, in emit
    stream.write(msg + self.terminator)
    ~~~~~~~~~~~~^^^^^^^^^^^^^^^^^^^^^^^
ValueError: I/O operation on closed file.
Call stack:
  File "<frozen runpy>", line 198, in _run_module_as_main
  File "<frozen runpy>", line 88, in _run_code
  File "C:\Users\chris\AppData\Roaming\Python\Python314\site-packages\ipykernel_launcher.py", line 18, in <module>
    app.launch_new_instance()
  File "C:\Users\chris\AppData\Roaming\Python\Python314\site-packages\traitlets\config\application.py", line 1082, in launch_instance
    app.start()
  File "C:\Users\chris\AppData\Roaming\Python\Python314\site-packages\ipykernel\kernelapp.py", line 758, in start
    self.io_loop.start()
  File "C:\Users\chris\AppData\Roaming\Python\Python314\site-packages\tornado\platform\asyncio.py", line 211, in start
    self.asyncio_loop.run_forever()
  File "c:\Users\chris\AppData\Local\Programs\Python\Python314\Lib\asyncio\base_events.py", line 677, in run_forever
    self._run_once()
  File "c:\Users\chris\AppData\Local\Programs\Python\Python314\Lib\asyncio\base_events.py", line 2046, in _run_once
    handle._run()
  File "c:\Users\chris\AppData\Local\Programs\Python\Python314\Lib\asyncio\events.py", line 94, in _run
    self._context.run(self._callback, *self._args)
  File "C:\Users\chris\AppData\Roaming\Python\Python314\site-packages\ipykernel\kernelbase.py", line 621, in shell_main
    await self.dispatch_shell(msg, subshell_id=subshell_id)
  File "C:\Users\chris\AppData\Roaming\Python\Python314\site-packages\ipykernel\kernelbase.py", line 478, in dispatch_shell
    await result
  File "C:\Users\chris\AppData\Roaming\Python\Python314\site-packages\ipykernel\ipkernel.py", line 372, in execute_request
    await super().execute_request(stream, ident, parent)
  File "C:\Users\chris\AppData\Roaming\Python\Python314\site-packages\ipykernel\kernelbase.py", line 834, in execute_request
    reply_content = await reply_content
  File "C:\Users\chris\AppData\Roaming\Python\Python314\site-packages\ipykernel\ipkernel.py", line 464, in do_execute
    res = shell.run_cell(
  File "C:\Users\chris\AppData\Roaming\Python\Python314\site-packages\ipykernel\zmqshell.py", line 663, in run_cell
    return super().run_cell(*args, **kwargs)
  File "C:\Users\chris\AppData\Roaming\Python\Python314\site-packages\IPython\core\interactiveshell.py", line 3170, in run_cell
    result = self._run_cell(
  File "C:\Users\chris\AppData\Roaming\Python\Python314\site-packages\IPython\core\interactiveshell.py", line 3225, in _run_cell
    result = runner(coro)
  File "C:\Users\chris\AppData\Roaming\Python\Python314\site-packages\IPython\core\async_helpers.py", line 128, in _pseudo_sync_runner
    coro.send(None)
  File "C:\Users\chris\AppData\Roaming\Python\Python314\site-packages\IPython\core\interactiveshell.py", line 3447, in run_cell_async
    has_raised = await self.run_ast_nodes(code_ast.body, cell_name,
  File "C:\Users\chris\AppData\Roaming\Python\Python314\site-packages\IPython\core\interactiveshell.py", line 3688, in run_ast_nodes
    if await self.run_code(code, result, async_=asy):
  File "C:\Users\chris\AppData\Roaming\Python\Python314\site-packages\IPython\core\interactiveshell.py", line 3748, in run_code
    exec(code_obj, self.user_global_ns, self.user_ns)
  File "C:\Users\chris\AppData\Local\Temp\ipykernel_4436\3007420965.py", line 73, in <module>
    runpy.run_path(str(script_path), run_name="__main__")
  File "<frozen runpy>", line 287, in run_path
  File "<frozen runpy>", line 98, in _run_module_code
  File "<frozen runpy>", line 88, in _run_code
  File "C:\Users\chris\Desktop\Code\TracesPresenter\Traces_presenter\Jupyter\Chaine\scripts_Mirabelle\failed_run_ratio_Mirabelle.py", line 80, in <module>
    main(_read, _write)
  File "C:\Users\chris\Desktop\Code\TracesPresenter\Traces_presenter\Jupyter\Chaine\scripts_Mirabelle\failed_run_ratio_Mirabelle.py", line 65, in main
    out.info(
Message: '  %s : %s = %.3f  (%d Run.Test)'
Arguments: ('decernera.promesse', 'FailedTestRunRatio', 0.4, 6)
--- Logging error ---
Traceback (most recent call last):
  File "c:\Users\chris\AppData\Local\Programs\Python\Python314\Lib\logging\__init__.py", line 1154, in emit
    stream.write(msg + self.terminator)
    ~~~~~~~~~~~~^^^^^^^^^^^^^^^^^^^^^^^
ValueError: I/O operation on closed file.
Call stack:
  File "<frozen runpy>", line 198, in _run_module_as_main
  File "<frozen runpy>", line 88, in _run_code
  File "C:\Users\chris\AppData\Roaming\Python\Python314\site-packages\ipykernel_launcher.py", line 18, in <module>
    app.launch_new_instance()
  File "C:\Users\chris\AppData\Roaming\Python\Python314\site-packages\traitlets\config\application.py", line 1082, in launch_instance
    app.start()
  File "C:\Users\chris\AppData\Roaming\Python\Python314\site-packages\ipykernel\kernelapp.py", line 758, in start
    self.io_loop.start()
  File "C:\Users\chris\AppData\Roaming\Python\Python314\site-packages\tornado\platform\asyncio.py", line 211, in start
    self.asyncio_loop.run_forever()
  File "c:\Users\chris\AppData\Local\Programs\Python\Python314\Lib\asyncio\base_events.py", line 677, in run_forever
    self._run_once()
  File "c:\Users\chris\AppData\Local\Programs\Python\Python314\Lib\asyncio\base_events.py", line 2046, in _run_once
    handle._run()
  File "c:\Users\chris\AppData\Local\Programs\Python\Python314\Lib\asyncio\events.py", line 94, in _run
    self._context.run(self._callback, *self._args)
  File "C:\Users\chris\AppData\Roaming\Python\Python314\site-packages\ipykernel\kernelbase.py", line 621, in shell_main
    await self.dispatch_shell(msg, subshell_id=subshell_id)
  File "C:\Users\chris\AppData\Roaming\Python\Python314\site-packages\ipykernel\kernelbase.py", line 478, in dispatch_shell
    await result
  File "C:\Users\chris\AppData\Roaming\Python\Python314\site-packages\ipykernel\ipkernel.py", line 372, in execute_request
    await super().execute_request(stream, ident, parent)
  File "C:\Users\chris\AppData\Roaming\Python\Python314\site-packages\ipykernel\kernelbase.py", line 834, in execute_request
    reply_content = await reply_content
  File "C:\Users\chris\AppData\Roaming\Python\Python314\site-packages\ipykernel\ipkernel.py", line 464, in do_execute
    res = shell.run_cell(
  File "C:\Users\chris\AppData\Roaming\Python\Python314\site-packages\ipykernel\zmqshell.py", line 663, in run_cell
    return super().run_cell(*args, **kwargs)
  File "C:\Users\chris\AppData\Roaming\Python\Python314\site-packages\IPython\core\interactiveshell.py", line 3170, in run_cell
    result = self._run_cell(
  File "C:\Users\chris\AppData\Roaming\Python\Python314\site-packages\IPython\core\interactiveshell.py", line 3225, in _run_cell
    result = runner(coro)
  File "C:\Users\chris\AppData\Roaming\Python\Python314\site-packages\IPython\core\async_helpers.py", line 128, in _pseudo_sync_runner
    coro.send(None)
  File "C:\Users\chris\AppData\Roaming\Python\Python314\site-packages\IPython\core\interactiveshell.py", line 3447, in run_cell_async
    has_raised = await self.run_ast_nodes(code_ast.body, cell_name,
  File "C:\Users\chris\AppData\Roaming\Python\Python314\site-packages\IPython\core\interactiveshell.py", line 3688, in run_ast_nodes
    if await self.run_code(code, result, async_=asy):
  File "C:\Users\chris\AppData\Roaming\Python\Python314\site-packages\IPython\core\interactiveshell.py", line 3748, in run_code
    exec(code_obj, self.user_global_ns, self.user_ns)
  File "C:\Users\chris\AppData\Local\Temp\ipykernel_4436\3007420965.py", line 73, in <module>
    runpy.run_path(str(script_path), run_name="__main__")
  File "<frozen runpy>", line 287, in run_path
  File "<frozen runpy>", line 98, in _run_module_code
  File "<frozen runpy>", line 88, in _run_code
  File "C:\Users\chris\Desktop\Code\TracesPresenter\Traces_presenter\Jupyter\Chaine\scripts_Mirabelle\failed_run_ratio_Mirabelle.py", line 80, in <module>
    main(_read, _write)
  File "C:\Users\chris\Desktop\Code\TracesPresenter\Traces_presenter\Jupyter\Chaine\scripts_Mirabelle\failed_run_ratio_Mirabelle.py", line 65, in main
    out.info(
Message: '  %s : %s = %.3f  (%d Run.Test)'
Arguments: ('deprime.grondions', 'FailedTestRunRatio', 0.5, 2)
--- Logging error ---
Traceback (most recent call last):
  File "c:\Users\chris\AppData\Local\Programs\Python\Python314\Lib\logging\__init__.py", line 1154, in emit
    stream.write(msg + self.terminator)
    ~~~~~~~~~~~~^^^^^^^^^^^^^^^^^^^^^^^
ValueError: I/O operation on closed file.
Call stack:
  File "<frozen runpy>", line 198, in _run_module_as_main
  File "<frozen runpy>", line 88, in _run_code
  File "C:\Users\chris\AppData\Roaming\Python\Python314\site-packages\ipykernel_launcher.py", line 18, in <module>
    app.launch_new_instance()
  File "C:\Users\chris\AppData\Roaming\Python\Python314\site-packages\traitlets\config\application.py", line 1082, in launch_instance
    app.start()
  File "C:\Users\chris\AppData\Roaming\Python\Python314\site-packages\ipykernel\kernelapp.py", line 758, in start
    self.io_loop.start()
  File "C:\Users\chris\AppData\Roaming\Python\Python314\site-packages\tornado\platform\asyncio.py", line 211, in start
    self.asyncio_loop.run_forever()
  File "c:\Users\chris\AppData\Local\Programs\Python\Python314\Lib\asyncio\base_events.py", line 677, in run_forever
    self._run_once()
  File "c:\Users\chris\AppData\Local\Programs\Python\Python314\Lib\asyncio\base_events.py", line 2046, in _run_once
    handle._run()
  File "c:\Users\chris\AppData\Local\Programs\Python\Python314\Lib\asyncio\events.py", line 94, in _run
    self._context.run(self._callback, *self._args)
  File "C:\Users\chris\AppData\Roaming\Python\Python314\site-packages\ipykernel\kernelbase.py", line 621, in shell_main
    await self.dispatch_shell(msg, subshell_id=subshell_id)
  File "C:\Users\chris\AppData\Roaming\Python\Python314\site-packages\ipykernel\kernelbase.py", line 478, in dispatch_shell
    await result
  File "C:\Users\chris\AppData\Roaming\Python\Python314\site-packages\ipykernel\ipkernel.py", line 372, in execute_request
    await super().execute_request(stream, ident, parent)
  File "C:\Users\chris\AppData\Roaming\Python\Python314\site-packages\ipykernel\kernelbase.py", line 834, in execute_request
    reply_content = await reply_content
  File "C:\Users\chris\AppData\Roaming\Python\Python314\site-packages\ipykernel\ipkernel.py", line 464, in do_execute
    res = shell.run_cell(
  File "C:\Users\chris\AppData\Roaming\Python\Python314\site-packages\ipykernel\zmqshell.py", line 663, in run_cell
    return super().run_cell(*args, **kwargs)
  File "C:\Users\chris\AppData\Roaming\Python\Python314\site-packages\IPython\core\interactiveshell.py", line 3170, in run_cell
    result = self._run_cell(
  File "C:\Users\chris\AppData\Roaming\Python\Python314\site-packages\IPython\core\interactiveshell.py", line 3225, in _run_cell
    result = runner(coro)
  File "C:\Users\chris\AppData\Roaming\Python\Python314\site-packages\IPython\core\async_helpers.py", line 128, in _pseudo_sync_runner
    coro.send(None)
  File "C:\Users\chris\AppData\Roaming\Python\Python314\site-packages\IPython\core\interactiveshell.py", line 3447, in run_cell_async
    has_raised = await self.run_ast_nodes(code_ast.body, cell_name,
  File "C:\Users\chris\AppData\Roaming\Python\Python314\site-packages\IPython\core\interactiveshell.py", line 3688, in run_ast_nodes
    if await self.run_code(code, result, async_=asy):
  File "C:\Users\chris\AppData\Roaming\Python\Python314\site-packages\IPython\core\interactiveshell.py", line 3748, in run_code
    exec(code_obj, self.user_global_ns, self.user_ns)
  File "C:\Users\chris\AppData\Local\Temp\ipykernel_4436\3007420965.py", line 73, in <module>
    runpy.run_path(str(script_path), run_name="__main__")
  File "<frozen runpy>", line 287, in run_path
  File "<frozen runpy>", line 98, in _run_module_code
  File "<frozen runpy>", line 88, in _run_code
  File "C:\Users\chris\Desktop\Code\TracesPresenter\Traces_presenter\Jupyter\Chaine\scripts_Mirabelle\failed_run_ratio_Mirabelle.py", line 80, in <module>
    main(_read, _write)
  File "C:\Users\chris\Desktop\Code\TracesPresenter\Traces_presenter\Jupyter\Chaine\scripts_Mirabelle\failed_run_ratio_Mirabelle.py", line 65, in main
    out.info(
Message: '  %s : %s = %.3f  (%d Run.Test)'
Arguments: ('deraser.mouilliez', 'FailedTestRunRatio', 0.6060606060606061, 35)
--- Logging error ---
Traceback (most recent call last):
  File "c:\Users\chris\AppData\Local\Programs\Python\Python314\Lib\logging\__init__.py", line 1154, in emit
    stream.write(msg + self.terminator)
    ~~~~~~~~~~~~^^^^^^^^^^^^^^^^^^^^^^^
ValueError: I/O operation on closed file.
Call stack:
  File "<frozen runpy>", line 198, in _run_module_as_main
  File "<frozen runpy>", line 88, in _run_code
  File "C:\Users\chris\AppData\Roaming\Python\Python314\site-packages\ipykernel_launcher.py", line 18, in <module>
    app.launch_new_instance()
  File "C:\Users\chris\AppData\Roaming\Python\Python314\site-packages\traitlets\config\application.py", line 1082, in launch_instance
    app.start()
  File "C:\Users\chris\AppData\Roaming\Python\Python314\site-packages\ipykernel\kernelapp.py", line 758, in start
    self.io_loop.start()
  File "C:\Users\chris\AppData\Roaming\Python\Python314\site-packages\tornado\platform\asyncio.py", line 211, in start
    self.asyncio_loop.run_forever()
  File "c:\Users\chris\AppData\Local\Programs\Python\Python314\Lib\asyncio\base_events.py", line 677, in run_forever
    self._run_once()
  File "c:\Users\chris\AppData\Local\Programs\Python\Python314\Lib\asyncio\base_events.py", line 2046, in _run_once
    handle._run()
  File "c:\Users\chris\AppData\Local\Programs\Python\Python314\Lib\asyncio\events.py", line 94, in _run
    self._context.run(self._callback, *self._args)
  File "C:\Users\chris\AppData\Roaming\Python\Python314\site-packages\ipykernel\kernelbase.py", line 621, in shell_main
    await self.dispatch_shell(msg, subshell_id=subshell_id)
  File "C:\Users\chris\AppData\Roaming\Python\Python314\site-packages\ipykernel\kernelbase.py", line 478, in dispatch_shell
    await result
  File "C:\Users\chris\AppData\Roaming\Python\Python314\site-packages\ipykernel\ipkernel.py", line 372, in execute_request
    await super().execute_request(stream, ident, parent)
  File "C:\Users\chris\AppData\Roaming\Python\Python314\site-packages\ipykernel\kernelbase.py", line 834, in execute_request
    reply_content = await reply_content
  File "C:\Users\chris\AppData\Roaming\Python\Python314\site-packages\ipykernel\ipkernel.py", line 464, in do_execute
    res = shell.run_cell(
  File "C:\Users\chris\AppData\Roaming\Python\Python314\site-packages\ipykernel\zmqshell.py", line 663, in run_cell
    return super().run_cell(*args, **kwargs)
  File "C:\Users\chris\AppData\Roaming\Python\Python314\site-packages\IPython\core\interactiveshell.py", line 3170, in run_cell
    result = self._run_cell(
  File "C:\Users\chris\AppData\Roaming\Python\Python314\site-packages\IPython\core\interactiveshell.py", line 3225, in _run_cell
    result = runner(coro)
  File "C:\Users\chris\AppData\Roaming\Python\Python314\site-packages\IPython\core\async_helpers.py", line 128, in _pseudo_sync_runner
    coro.send(None)
  File "C:\Users\chris\AppData\Roaming\Python\Python314\site-packages\IPython\core\interactiveshell.py", line 3447, in run_cell_async
    has_raised = await self.run_ast_nodes(code_ast.body, cell_name,
  File "C:\Users\chris\AppData\Roaming\Python\Python314\site-packages\IPython\core\interactiveshell.py", line 3688, in run_ast_nodes
    if await self.run_code(code, result, async_=asy):
  File "C:\Users\chris\AppData\Roaming\Python\Python314\site-packages\IPython\core\interactiveshell.py", line 3748, in run_code
    exec(code_obj, self.user_global_ns, self.user_ns)
  File "C:\Users\chris\AppData\Local\Temp\ipykernel_4436\3007420965.py", line 73, in <module>
    runpy.run_path(str(script_path), run_name="__main__")
  File "<frozen runpy>", line 287, in run_path
  File "<frozen runpy>", line 98, in _run_module_code
  File "<frozen runpy>", line 88, in _run_code
  File "C:\Users\chris\Desktop\Code\TracesPresenter\Traces_presenter\Jupyter\Chaine\scripts_Mirabelle\failed_run_ratio_Mirabelle.py", line 80, in <module>
    main(_read, _write)
  File "C:\Users\chris\Desktop\Code\TracesPresenter\Traces_presenter\Jupyter\Chaine\scripts_Mirabelle\failed_run_ratio_Mirabelle.py", line 65, in main
    out.info(
Message: '  %s : %s = %.3f  (%d Run.Test)'
Arguments: ('dotait.huilerons', 'FailedTestRunRatio', 0.0, 2)
--- Logging error ---
Traceback (most recent call last):
  File "c:\Users\chris\AppData\Local\Programs\Python\Python314\Lib\logging\__init__.py", line 1154, in emit
    stream.write(msg + self.terminator)
    ~~~~~~~~~~~~^^^^^^^^^^^^^^^^^^^^^^^
ValueError: I/O operation on closed file.
Call stack:
  File "<frozen runpy>", line 198, in _run_module_as_main
  File "<frozen runpy>", line 88, in _run_code
  File "C:\Users\chris\AppData\Roaming\Python\Python314\site-packages\ipykernel_launcher.py", line 18, in <module>
    app.launch_new_instance()
  File "C:\Users\chris\AppData\Roaming\Python\Python314\site-packages\traitlets\config\application.py", line 1082, in launch_instance
    app.start()
  File "C:\Users\chris\AppData\Roaming\Python\Python314\site-packages\ipykernel\kernelapp.py", line 758, in start
    self.io_loop.start()
  File "C:\Users\chris\AppData\Roaming\Python\Python314\site-packages\tornado\platform\asyncio.py", line 211, in start
    self.asyncio_loop.run_forever()
  File "c:\Users\chris\AppData\Local\Programs\Python\Python314\Lib\asyncio\base_events.py", line 677, in run_forever
    self._run_once()
  File "c:\Users\chris\AppData\Local\Programs\Python\Python314\Lib\asyncio\base_events.py", line 2046, in _run_once
    handle._run()
  File "c:\Users\chris\AppData\Local\Programs\Python\Python314\Lib\asyncio\events.py", line 94, in _run
    self._context.run(self._callback, *self._args)
  File "C:\Users\chris\AppData\Roaming\Python\Python314\site-packages\ipykernel\kernelbase.py", line 621, in shell_main
    await self.dispatch_shell(msg, subshell_id=subshell_id)
  File "C:\Users\chris\AppData\Roaming\Python\Python314\site-packages\ipykernel\kernelbase.py", line 478, in dispatch_shell
    await result
  File "C:\Users\chris\AppData\Roaming\Python\Python314\site-packages\ipykernel\ipkernel.py", line 372, in execute_request
    await super().execute_request(stream, ident, parent)
  File "C:\Users\chris\AppData\Roaming\Python\Python314\site-packages\ipykernel\kernelbase.py", line 834, in execute_request
    reply_content = await reply_content
  File "C:\Users\chris\AppData\Roaming\Python\Python314\site-packages\ipykernel\ipkernel.py", line 464, in do_execute
    res = shell.run_cell(
  File "C:\Users\chris\AppData\Roaming\Python\Python314\site-packages\ipykernel\zmqshell.py", line 663, in run_cell
    return super().run_cell(*args, **kwargs)
  File "C:\Users\chris\AppData\Roaming\Python\Python314\site-packages\IPython\core\interactiveshell.py", line 3170, in run_cell
    result = self._run_cell(
  File "C:\Users\chris\AppData\Roaming\Python\Python314\site-packages\IPython\core\interactiveshell.py", line 3225, in _run_cell
    result = runner(coro)
  File "C:\Users\chris\AppData\Roaming\Python\Python314\site-packages\IPython\core\async_helpers.py", line 128, in _pseudo_sync_runner
    coro.send(None)
  File "C:\Users\chris\AppData\Roaming\Python\Python314\site-packages\IPython\core\interactiveshell.py", line 3447, in run_cell_async
    has_raised = await self.run_ast_nodes(code_ast.body, cell_name,
  File "C:\Users\chris\AppData\Roaming\Python\Python314\site-packages\IPython\core\interactiveshell.py", line 3688, in run_ast_nodes
    if await self.run_code(code, result, async_=asy):
  File "C:\Users\chris\AppData\Roaming\Python\Python314\site-packages\IPython\core\interactiveshell.py", line 3748, in run_code
    exec(code_obj, self.user_global_ns, self.user_ns)
  File "C:\Users\chris\AppData\Local\Temp\ipykernel_4436\3007420965.py", line 73, in <module>
    runpy.run_path(str(script_path), run_name="__main__")
  File "<frozen runpy>", line 287, in run_path
  File "<frozen runpy>", line 98, in _run_module_code
  File "<frozen runpy>", line 88, in _run_code
  File "C:\Users\chris\Desktop\Code\TracesPresenter\Traces_presenter\Jupyter\Chaine\scripts_Mirabelle\failed_run_ratio_Mirabelle.py", line 80, in <module>
    main(_read, _write)
  File "C:\Users\chris\Desktop\Code\TracesPresenter\Traces_presenter\Jupyter\Chaine\scripts_Mirabelle\failed_run_ratio_Mirabelle.py", line 61, in main
    out.warning("  %s : aucun Run.Test non vide — ignoré", actor)
Message: '  %s : aucun Run.Test non vide — ignoré'
Arguments: ('ecrieriez.indemnes',)
--- Logging error ---
Traceback (most recent call last):
  File "c:\Users\chris\AppData\Local\Programs\Python\Python314\Lib\logging\__init__.py", line 1154, in emit
    stream.write(msg + self.terminator)
    ~~~~~~~~~~~~^^^^^^^^^^^^^^^^^^^^^^^
ValueError: I/O operation on closed file.
Call stack:
  File "<frozen runpy>", line 198, in _run_module_as_main
  File "<frozen runpy>", line 88, in _run_code
  File "C:\Users\chris\AppData\Roaming\Python\Python314\site-packages\ipykernel_launcher.py", line 18, in <module>
    app.launch_new_instance()
  File "C:\Users\chris\AppData\Roaming\Python\Python314\site-packages\traitlets\config\application.py", line 1082, in launch_instance
    app.start()
  File "C:\Users\chris\AppData\Roaming\Python\Python314\site-packages\ipykernel\kernelapp.py", line 758, in start
    self.io_loop.start()
  File "C:\Users\chris\AppData\Roaming\Python\Python314\site-packages\tornado\platform\asyncio.py", line 211, in start
    self.asyncio_loop.run_forever()
  File "c:\Users\chris\AppData\Local\Programs\Python\Python314\Lib\asyncio\base_events.py", line 677, in run_forever
    self._run_once()
  File "c:\Users\chris\AppData\Local\Programs\Python\Python314\Lib\asyncio\base_events.py", line 2046, in _run_once
    handle._run()
  File "c:\Users\chris\AppData\Local\Programs\Python\Python314\Lib\asyncio\events.py", line 94, in _run
    self._context.run(self._callback, *self._args)
  File "C:\Users\chris\AppData\Roaming\Python\Python314\site-packages\ipykernel\kernelbase.py", line 621, in shell_main
    await self.dispatch_shell(msg, subshell_id=subshell_id)
  File "C:\Users\chris\AppData\Roaming\Python\Python314\site-packages\ipykernel\kernelbase.py", line 478, in dispatch_shell
    await result
  File "C:\Users\chris\AppData\Roaming\Python\Python314\site-packages\ipykernel\ipkernel.py", line 372, in execute_request
    await super().execute_request(stream, ident, parent)
  File "C:\Users\chris\AppData\Roaming\Python\Python314\site-packages\ipykernel\kernelbase.py", line 834, in execute_request
    reply_content = await reply_content
  File "C:\Users\chris\AppData\Roaming\Python\Python314\site-packages\ipykernel\ipkernel.py", line 464, in do_execute
    res = shell.run_cell(
  File "C:\Users\chris\AppData\Roaming\Python\Python314\site-packages\ipykernel\zmqshell.py", line 663, in run_cell
    return super().run_cell(*args, **kwargs)
  File "C:\Users\chris\AppData\Roaming\Python\Python314\site-packages\IPython\core\interactiveshell.py", line 3170, in run_cell
    result = self._run_cell(
  File "C:\Users\chris\AppData\Roaming\Python\Python314\site-packages\IPython\core\interactiveshell.py", line 3225, in _run_cell
    result = runner(coro)
  File "C:\Users\chris\AppData\Roaming\Python\Python314\site-packages\IPython\core\async_helpers.py", line 128, in _pseudo_sync_runner
    coro.send(None)
  File "C:\Users\chris\AppData\Roaming\Python\Python314\site-packages\IPython\core\interactiveshell.py", line 3447, in run_cell_async
    has_raised = await self.run_ast_nodes(code_ast.body, cell_name,
  File "C:\Users\chris\AppData\Roaming\Python\Python314\site-packages\IPython\core\interactiveshell.py", line 3688, in run_ast_nodes
    if await self.run_code(code, result, async_=asy):
  File "C:\Users\chris\AppData\Roaming\Python\Python314\site-packages\IPython\core\interactiveshell.py", line 3748, in run_code
    exec(code_obj, self.user_global_ns, self.user_ns)
  File "C:\Users\chris\AppData\Local\Temp\ipykernel_4436\3007420965.py", line 73, in <module>
    runpy.run_path(str(script_path), run_name="__main__")
  File "<frozen runpy>", line 287, in run_path
  File "<frozen runpy>", line 98, in _run_module_code
  File "<frozen runpy>", line 88, in _run_code
  File "C:\Users\chris\Desktop\Code\TracesPresenter\Traces_presenter\Jupyter\Chaine\scripts_Mirabelle\failed_run_ratio_Mirabelle.py", line 80, in <module>
    main(_read, _write)
  File "C:\Users\chris\Desktop\Code\TracesPresenter\Traces_presenter\Jupyter\Chaine\scripts_Mirabelle\failed_run_ratio_Mirabelle.py", line 65, in main
    out.info(
Message: '  %s : %s = %.3f  (%d Run.Test)'
Arguments: ('egalisiez.pendrons', 'FailedTestRunRatio', 0.2, 5)
--- Logging error ---
Traceback (most recent call last):
  File "c:\Users\chris\AppData\Local\Programs\Python\Python314\Lib\logging\__init__.py", line 1154, in emit
    stream.write(msg + self.terminator)
    ~~~~~~~~~~~~^^^^^^^^^^^^^^^^^^^^^^^
ValueError: I/O operation on closed file.
Call stack:
  File "<frozen runpy>", line 198, in _run_module_as_main
  File "<frozen runpy>", line 88, in _run_code
  File "C:\Users\chris\AppData\Roaming\Python\Python314\site-packages\ipykernel_launcher.py", line 18, in <module>
    app.launch_new_instance()
  File "C:\Users\chris\AppData\Roaming\Python\Python314\site-packages\traitlets\config\application.py", line 1082, in launch_instance
    app.start()
  File "C:\Users\chris\AppData\Roaming\Python\Python314\site-packages\ipykernel\kernelapp.py", line 758, in start
    self.io_loop.start()
  File "C:\Users\chris\AppData\Roaming\Python\Python314\site-packages\tornado\platform\asyncio.py", line 211, in start
    self.asyncio_loop.run_forever()
  File "c:\Users\chris\AppData\Local\Programs\Python\Python314\Lib\asyncio\base_events.py", line 677, in run_forever
    self._run_once()
  File "c:\Users\chris\AppData\Local\Programs\Python\Python314\Lib\asyncio\base_events.py", line 2046, in _run_once
    handle._run()
  File "c:\Users\chris\AppData\Local\Programs\Python\Python314\Lib\asyncio\events.py", line 94, in _run
    self._context.run(self._callback, *self._args)
  File "C:\Users\chris\AppData\Roaming\Python\Python314\site-packages\ipykernel\kernelbase.py", line 621, in shell_main
    await self.dispatch_shell(msg, subshell_id=subshell_id)
  File "C:\Users\chris\AppData\Roaming\Python\Python314\site-packages\ipykernel\kernelbase.py", line 478, in dispatch_shell
    await result
  File "C:\Users\chris\AppData\Roaming\Python\Python314\site-packages\ipykernel\ipkernel.py", line 372, in execute_request
    await super().execute_request(stream, ident, parent)
  File "C:\Users\chris\AppData\Roaming\Python\Python314\site-packages\ipykernel\kernelbase.py", line 834, in execute_request
    reply_content = await reply_content
  File "C:\Users\chris\AppData\Roaming\Python\Python314\site-packages\ipykernel\ipkernel.py", line 464, in do_execute
    res = shell.run_cell(
  File "C:\Users\chris\AppData\Roaming\Python\Python314\site-packages\ipykernel\zmqshell.py", line 663, in run_cell
    return super().run_cell(*args, **kwargs)
  File "C:\Users\chris\AppData\Roaming\Python\Python314\site-packages\IPython\core\interactiveshell.py", line 3170, in run_cell
    result = self._run_cell(
  File "C:\Users\chris\AppData\Roaming\Python\Python314\site-packages\IPython\core\interactiveshell.py", line 3225, in _run_cell
    result = runner(coro)
  File "C:\Users\chris\AppData\Roaming\Python\Python314\site-packages\IPython\core\async_helpers.py", line 128, in _pseudo_sync_runner
    coro.send(None)
  File "C:\Users\chris\AppData\Roaming\Python\Python314\site-packages\IPython\core\interactiveshell.py", line 3447, in run_cell_async
    has_raised = await self.run_ast_nodes(code_ast.body, cell_name,
  File "C:\Users\chris\AppData\Roaming\Python\Python314\site-packages\IPython\core\interactiveshell.py", line 3688, in run_ast_nodes
    if await self.run_code(code, result, async_=asy):
  File "C:\Users\chris\AppData\Roaming\Python\Python314\site-packages\IPython\core\interactiveshell.py", line 3748, in run_code
    exec(code_obj, self.user_global_ns, self.user_ns)
  File "C:\Users\chris\AppData\Local\Temp\ipykernel_4436\3007420965.py", line 73, in <module>
    runpy.run_path(str(script_path), run_name="__main__")
  File "<frozen runpy>", line 287, in run_path
  File "<frozen runpy>", line 98, in _run_module_code
  File "<frozen runpy>", line 88, in _run_code
  File "C:\Users\chris\Desktop\Code\TracesPresenter\Traces_presenter\Jupyter\Chaine\scripts_Mirabelle\failed_run_ratio_Mirabelle.py", line 80, in <module>
    main(_read, _write)
  File "C:\Users\chris\Desktop\Code\TracesPresenter\Traces_presenter\Jupyter\Chaine\scripts_Mirabelle\failed_run_ratio_Mirabelle.py", line 61, in main
    out.warning("  %s : aucun Run.Test non vide — ignoré", actor)
Message: '  %s : aucun Run.Test non vide — ignoré'
Arguments: ('epargnent.torpille',)
--- Logging error ---
Traceback (most recent call last):
  File "c:\Users\chris\AppData\Local\Programs\Python\Python314\Lib\logging\__init__.py", line 1154, in emit
    stream.write(msg + self.terminator)
    ~~~~~~~~~~~~^^^^^^^^^^^^^^^^^^^^^^^
ValueError: I/O operation on closed file.
Call stack:
  File "<frozen runpy>", line 198, in _run_module_as_main
  File "<frozen runpy>", line 88, in _run_code
  File "C:\Users\chris\AppData\Roaming\Python\Python314\site-packages\ipykernel_launcher.py", line 18, in <module>
    app.launch_new_instance()
  File "C:\Users\chris\AppData\Roaming\Python\Python314\site-packages\traitlets\config\application.py", line 1082, in launch_instance
    app.start()
  File "C:\Users\chris\AppData\Roaming\Python\Python314\site-packages\ipykernel\kernelapp.py", line 758, in start
    self.io_loop.start()
  File "C:\Users\chris\AppData\Roaming\Python\Python314\site-packages\tornado\platform\asyncio.py", line 211, in start
    self.asyncio_loop.run_forever()
  File "c:\Users\chris\AppData\Local\Programs\Python\Python314\Lib\asyncio\base_events.py", line 677, in run_forever
    self._run_once()
  File "c:\Users\chris\AppData\Local\Programs\Python\Python314\Lib\asyncio\base_events.py", line 2046, in _run_once
    handle._run()
  File "c:\Users\chris\AppData\Local\Programs\Python\Python314\Lib\asyncio\events.py", line 94, in _run
    self._context.run(self._callback, *self._args)
  File "C:\Users\chris\AppData\Roaming\Python\Python314\site-packages\ipykernel\kernelbase.py", line 621, in shell_main
    await self.dispatch_shell(msg, subshell_id=subshell_id)
  File "C:\Users\chris\AppData\Roaming\Python\Python314\site-packages\ipykernel\kernelbase.py", line 478, in dispatch_shell
    await result
  File "C:\Users\chris\AppData\Roaming\Python\Python314\site-packages\ipykernel\ipkernel.py", line 372, in execute_request
    await super().execute_request(stream, ident, parent)
  File "C:\Users\chris\AppData\Roaming\Python\Python314\site-packages\ipykernel\kernelbase.py", line 834, in execute_request
    reply_content = await reply_content
  File "C:\Users\chris\AppData\Roaming\Python\Python314\site-packages\ipykernel\ipkernel.py", line 464, in do_execute
    res = shell.run_cell(
  File "C:\Users\chris\AppData\Roaming\Python\Python314\site-packages\ipykernel\zmqshell.py", line 663, in run_cell
    return super().run_cell(*args, **kwargs)
  File "C:\Users\chris\AppData\Roaming\Python\Python314\site-packages\IPython\core\interactiveshell.py", line 3170, in run_cell
    result = self._run_cell(
  File "C:\Users\chris\AppData\Roaming\Python\Python314\site-packages\IPython\core\interactiveshell.py", line 3225, in _run_cell
    result = runner(coro)
  File "C:\Users\chris\AppData\Roaming\Python\Python314\site-packages\IPython\core\async_helpers.py", line 128, in _pseudo_sync_runner
    coro.send(None)
  File "C:\Users\chris\AppData\Roaming\Python\Python314\site-packages\IPython\core\interactiveshell.py", line 3447, in run_cell_async
    has_raised = await self.run_ast_nodes(code_ast.body, cell_name,
  File "C:\Users\chris\AppData\Roaming\Python\Python314\site-packages\IPython\core\interactiveshell.py", line 3688, in run_ast_nodes
    if await self.run_code(code, result, async_=asy):
  File "C:\Users\chris\AppData\Roaming\Python\Python314\site-packages\IPython\core\interactiveshell.py", line 3748, in run_code
    exec(code_obj, self.user_global_ns, self.user_ns)
  File "C:\Users\chris\AppData\Local\Temp\ipykernel_4436\3007420965.py", line 73, in <module>
    runpy.run_path(str(script_path), run_name="__main__")
  File "<frozen runpy>", line 287, in run_path
  File "<frozen runpy>", line 98, in _run_module_code
  File "<frozen runpy>", line 88, in _run_code
  File "C:\Users\chris\Desktop\Code\TracesPresenter\Traces_presenter\Jupyter\Chaine\scripts_Mirabelle\failed_run_ratio_Mirabelle.py", line 80, in <module>
    main(_read, _write)
  File "C:\Users\chris\Desktop\Code\TracesPresenter\Traces_presenter\Jupyter\Chaine\scripts_Mirabelle\failed_run_ratio_Mirabelle.py", line 65, in main
    out.info(
Message: '  %s : %s = %.3f  (%d Run.Test)'
Arguments: ('estompes.renomme', 'FailedTestRunRatio', 1.0, 2)
--- Logging error ---
Traceback (most recent call last):
  File "c:\Users\chris\AppData\Local\Programs\Python\Python314\Lib\logging\__init__.py", line 1154, in emit
    stream.write(msg + self.terminator)
    ~~~~~~~~~~~~^^^^^^^^^^^^^^^^^^^^^^^
ValueError: I/O operation on closed file.
Call stack:
  File "<frozen runpy>", line 198, in _run_module_as_main
  File "<frozen runpy>", line 88, in _run_code
  File "C:\Users\chris\AppData\Roaming\Python\Python314\site-packages\ipykernel_launcher.py", line 18, in <module>
    app.launch_new_instance()
  File "C:\Users\chris\AppData\Roaming\Python\Python314\site-packages\traitlets\config\application.py", line 1082, in launch_instance
    app.start()
  File "C:\Users\chris\AppData\Roaming\Python\Python314\site-packages\ipykernel\kernelapp.py", line 758, in start
    self.io_loop.start()
  File "C:\Users\chris\AppData\Roaming\Python\Python314\site-packages\tornado\platform\asyncio.py", line 211, in start
    self.asyncio_loop.run_forever()
  File "c:\Users\chris\AppData\Local\Programs\Python\Python314\Lib\asyncio\base_events.py", line 677, in run_forever
    self._run_once()
  File "c:\Users\chris\AppData\Local\Programs\Python\Python314\Lib\asyncio\base_events.py", line 2046, in _run_once
    handle._run()
  File "c:\Users\chris\AppData\Local\Programs\Python\Python314\Lib\asyncio\events.py", line 94, in _run
    self._context.run(self._callback, *self._args)
  File "C:\Users\chris\AppData\Roaming\Python\Python314\site-packages\ipykernel\kernelbase.py", line 621, in shell_main
    await self.dispatch_shell(msg, subshell_id=subshell_id)
  File "C:\Users\chris\AppData\Roaming\Python\Python314\site-packages\ipykernel\kernelbase.py", line 478, in dispatch_shell
    await result
  File "C:\Users\chris\AppData\Roaming\Python\Python314\site-packages\ipykernel\ipkernel.py", line 372, in execute_request
    await super().execute_request(stream, ident, parent)
  File "C:\Users\chris\AppData\Roaming\Python\Python314\site-packages\ipykernel\kernelbase.py", line 834, in execute_request
    reply_content = await reply_content
  File "C:\Users\chris\AppData\Roaming\Python\Python314\site-packages\ipykernel\ipkernel.py", line 464, in do_execute
    res = shell.run_cell(
  File "C:\Users\chris\AppData\Roaming\Python\Python314\site-packages\ipykernel\zmqshell.py", line 663, in run_cell
    return super().run_cell(*args, **kwargs)
  File "C:\Users\chris\AppData\Roaming\Python\Python314\site-packages\IPython\core\interactiveshell.py", line 3170, in run_cell
    result = self._run_cell(
  File "C:\Users\chris\AppData\Roaming\Python\Python314\site-packages\IPython\core\interactiveshell.py", line 3225, in _run_cell
    result = runner(coro)
  File "C:\Users\chris\AppData\Roaming\Python\Python314\site-packages\IPython\core\async_helpers.py", line 128, in _pseudo_sync_runner
    coro.send(None)
  File "C:\Users\chris\AppData\Roaming\Python\Python314\site-packages\IPython\core\interactiveshell.py", line 3447, in run_cell_async
    has_raised = await self.run_ast_nodes(code_ast.body, cell_name,
  File "C:\Users\chris\AppData\Roaming\Python\Python314\site-packages\IPython\core\interactiveshell.py", line 3688, in run_ast_nodes
    if await self.run_code(code, result, async_=asy):
  File "C:\Users\chris\AppData\Roaming\Python\Python314\site-packages\IPython\core\interactiveshell.py", line 3748, in run_code
    exec(code_obj, self.user_global_ns, self.user_ns)
  File "C:\Users\chris\AppData\Local\Temp\ipykernel_4436\3007420965.py", line 73, in <module>
    runpy.run_path(str(script_path), run_name="__main__")
  File "<frozen runpy>", line 287, in run_path
  File "<frozen runpy>", line 98, in _run_module_code
  File "<frozen runpy>", line 88, in _run_code
  File "C:\Users\chris\Desktop\Code\TracesPresenter\Traces_presenter\Jupyter\Chaine\scripts_Mirabelle\failed_run_ratio_Mirabelle.py", line 80, in <module>
    main(_read, _write)
  File "C:\Users\chris\Desktop\Code\TracesPresenter\Traces_presenter\Jupyter\Chaine\scripts_Mirabelle\failed_run_ratio_Mirabelle.py", line 61, in main
    out.warning("  %s : aucun Run.Test non vide — ignoré", actor)
Message: '  %s : aucun Run.Test non vide — ignoré'
Arguments: ('fanees.disserter',)
--- Logging error ---
Traceback (most recent call last):
  File "c:\Users\chris\AppData\Local\Programs\Python\Python314\Lib\logging\__init__.py", line 1154, in emit
    stream.write(msg + self.terminator)
    ~~~~~~~~~~~~^^^^^^^^^^^^^^^^^^^^^^^
ValueError: I/O operation on closed file.
Call stack:
  File "<frozen runpy>", line 198, in _run_module_as_main
  File "<frozen runpy>", line 88, in _run_code
  File "C:\Users\chris\AppData\Roaming\Python\Python314\site-packages\ipykernel_launcher.py", line 18, in <module>
    app.launch_new_instance()
  File "C:\Users\chris\AppData\Roaming\Python\Python314\site-packages\traitlets\config\application.py", line 1082, in launch_instance
    app.start()
  File "C:\Users\chris\AppData\Roaming\Python\Python314\site-packages\ipykernel\kernelapp.py", line 758, in start
    self.io_loop.start()
  File "C:\Users\chris\AppData\Roaming\Python\Python314\site-packages\tornado\platform\asyncio.py", line 211, in start
    self.asyncio_loop.run_forever()
  File "c:\Users\chris\AppData\Local\Programs\Python\Python314\Lib\asyncio\base_events.py", line 677, in run_forever
    self._run_once()
  File "c:\Users\chris\AppData\Local\Programs\Python\Python314\Lib\asyncio\base_events.py", line 2046, in _run_once
    handle._run()
  File "c:\Users\chris\AppData\Local\Programs\Python\Python314\Lib\asyncio\events.py", line 94, in _run
    self._context.run(self._callback, *self._args)
  File "C:\Users\chris\AppData\Roaming\Python\Python314\site-packages\ipykernel\kernelbase.py", line 621, in shell_main
    await self.dispatch_shell(msg, subshell_id=subshell_id)
  File "C:\Users\chris\AppData\Roaming\Python\Python314\site-packages\ipykernel\kernelbase.py", line 478, in dispatch_shell
    await result
  File "C:\Users\chris\AppData\Roaming\Python\Python314\site-packages\ipykernel\ipkernel.py", line 372, in execute_request
    await super().execute_request(stream, ident, parent)
  File "C:\Users\chris\AppData\Roaming\Python\Python314\site-packages\ipykernel\kernelbase.py", line 834, in execute_request
    reply_content = await reply_content
  File "C:\Users\chris\AppData\Roaming\Python\Python314\site-packages\ipykernel\ipkernel.py", line 464, in do_execute
    res = shell.run_cell(
  File "C:\Users\chris\AppData\Roaming\Python\Python314\site-packages\ipykernel\zmqshell.py", line 663, in run_cell
    return super().run_cell(*args, **kwargs)
  File "C:\Users\chris\AppData\Roaming\Python\Python314\site-packages\IPython\core\interactiveshell.py", line 3170, in run_cell
    result = self._run_cell(
  File "C:\Users\chris\AppData\Roaming\Python\Python314\site-packages\IPython\core\interactiveshell.py", line 3225, in _run_cell
    result = runner(coro)
  File "C:\Users\chris\AppData\Roaming\Python\Python314\site-packages\IPython\core\async_helpers.py", line 128, in _pseudo_sync_runner
    coro.send(None)
  File "C:\Users\chris\AppData\Roaming\Python\Python314\site-packages\IPython\core\interactiveshell.py", line 3447, in run_cell_async
    has_raised = await self.run_ast_nodes(code_ast.body, cell_name,
  File "C:\Users\chris\AppData\Roaming\Python\Python314\site-packages\IPython\core\interactiveshell.py", line 3688, in run_ast_nodes
    if await self.run_code(code, result, async_=asy):
  File "C:\Users\chris\AppData\Roaming\Python\Python314\site-packages\IPython\core\interactiveshell.py", line 3748, in run_code
    exec(code_obj, self.user_global_ns, self.user_ns)
  File "C:\Users\chris\AppData\Local\Temp\ipykernel_4436\3007420965.py", line 73, in <module>
    runpy.run_path(str(script_path), run_name="__main__")
  File "<frozen runpy>", line 287, in run_path
  File "<frozen runpy>", line 98, in _run_module_code
  File "<frozen runpy>", line 88, in _run_code
  File "C:\Users\chris\Desktop\Code\TracesPresenter\Traces_presenter\Jupyter\Chaine\scripts_Mirabelle\failed_run_ratio_Mirabelle.py", line 80, in <module>
    main(_read, _write)
  File "C:\Users\chris\Desktop\Code\TracesPresenter\Traces_presenter\Jupyter\Chaine\scripts_Mirabelle\failed_run_ratio_Mirabelle.py", line 61, in main
    out.warning("  %s : aucun Run.Test non vide — ignoré", actor)
Message: '  %s : aucun Run.Test non vide — ignoré'
Arguments: ('flaneras.irriguer',)
--- Logging error ---
Traceback (most recent call last):
  File "c:\Users\chris\AppData\Local\Programs\Python\Python314\Lib\logging\__init__.py", line 1154, in emit
    stream.write(msg + self.terminator)
    ~~~~~~~~~~~~^^^^^^^^^^^^^^^^^^^^^^^
ValueError: I/O operation on closed file.
Call stack:
  File "<frozen runpy>", line 198, in _run_module_as_main
  File "<frozen runpy>", line 88, in _run_code
  File "C:\Users\chris\AppData\Roaming\Python\Python314\site-packages\ipykernel_launcher.py", line 18, in <module>
    app.launch_new_instance()
  File "C:\Users\chris\AppData\Roaming\Python\Python314\site-packages\traitlets\config\application.py", line 1082, in launch_instance
    app.start()
  File "C:\Users\chris\AppData\Roaming\Python\Python314\site-packages\ipykernel\kernelapp.py", line 758, in start
    self.io_loop.start()
  File "C:\Users\chris\AppData\Roaming\Python\Python314\site-packages\tornado\platform\asyncio.py", line 211, in start
    self.asyncio_loop.run_forever()
  File "c:\Users\chris\AppData\Local\Programs\Python\Python314\Lib\asyncio\base_events.py", line 677, in run_forever
    self._run_once()
  File "c:\Users\chris\AppData\Local\Programs\Python\Python314\Lib\asyncio\base_events.py", line 2046, in _run_once
    handle._run()
  File "c:\Users\chris\AppData\Local\Programs\Python\Python314\Lib\asyncio\events.py", line 94, in _run
    self._context.run(self._callback, *self._args)
  File "C:\Users\chris\AppData\Roaming\Python\Python314\site-packages\ipykernel\kernelbase.py", line 621, in shell_main
    await self.dispatch_shell(msg, subshell_id=subshell_id)
  File "C:\Users\chris\AppData\Roaming\Python\Python314\site-packages\ipykernel\kernelbase.py", line 478, in dispatch_shell
    await result
  File "C:\Users\chris\AppData\Roaming\Python\Python314\site-packages\ipykernel\ipkernel.py", line 372, in execute_request
    await super().execute_request(stream, ident, parent)
  File "C:\Users\chris\AppData\Roaming\Python\Python314\site-packages\ipykernel\kernelbase.py", line 834, in execute_request
    reply_content = await reply_content
  File "C:\Users\chris\AppData\Roaming\Python\Python314\site-packages\ipykernel\ipkernel.py", line 464, in do_execute
    res = shell.run_cell(
  File "C:\Users\chris\AppData\Roaming\Python\Python314\site-packages\ipykernel\zmqshell.py", line 663, in run_cell
    return super().run_cell(*args, **kwargs)
  File "C:\Users\chris\AppData\Roaming\Python\Python314\site-packages\IPython\core\interactiveshell.py", line 3170, in run_cell
    result = self._run_cell(
  File "C:\Users\chris\AppData\Roaming\Python\Python314\site-packages\IPython\core\interactiveshell.py", line 3225, in _run_cell
    result = runner(coro)
  File "C:\Users\chris\AppData\Roaming\Python\Python314\site-packages\IPython\core\async_helpers.py", line 128, in _pseudo_sync_runner
    coro.send(None)
  File "C:\Users\chris\AppData\Roaming\Python\Python314\site-packages\IPython\core\interactiveshell.py", line 3447, in run_cell_async
    has_raised = await self.run_ast_nodes(code_ast.body, cell_name,
  File "C:\Users\chris\AppData\Roaming\Python\Python314\site-packages\IPython\core\interactiveshell.py", line 3688, in run_ast_nodes
    if await self.run_code(code, result, async_=asy):
  File "C:\Users\chris\AppData\Roaming\Python\Python314\site-packages\IPython\core\interactiveshell.py", line 3748, in run_code
    exec(code_obj, self.user_global_ns, self.user_ns)
  File "C:\Users\chris\AppData\Local\Temp\ipykernel_4436\3007420965.py", line 73, in <module>
    runpy.run_path(str(script_path), run_name="__main__")
  File "<frozen runpy>", line 287, in run_path
  File "<frozen runpy>", line 98, in _run_module_code
  File "<frozen runpy>", line 88, in _run_code
  File "C:\Users\chris\Desktop\Code\TracesPresenter\Traces_presenter\Jupyter\Chaine\scripts_Mirabelle\failed_run_ratio_Mirabelle.py", line 80, in <module>
    main(_read, _write)
  File "C:\Users\chris\Desktop\Code\TracesPresenter\Traces_presenter\Jupyter\Chaine\scripts_Mirabelle\failed_run_ratio_Mirabelle.py", line 65, in main
    out.info(
Message: '  %s : %s = %.3f  (%d Run.Test)'
Arguments: ('forestier.redonnes', 'FailedTestRunRatio', 0.25, 6)
--- Logging error ---
Traceback (most recent call last):
  File "c:\Users\chris\AppData\Local\Programs\Python\Python314\Lib\logging\__init__.py", line 1154, in emit
    stream.write(msg + self.terminator)
    ~~~~~~~~~~~~^^^^^^^^^^^^^^^^^^^^^^^
ValueError: I/O operation on closed file.
Call stack:
  File "<frozen runpy>", line 198, in _run_module_as_main
  File "<frozen runpy>", line 88, in _run_code
  File "C:\Users\chris\AppData\Roaming\Python\Python314\site-packages\ipykernel_launcher.py", line 18, in <module>
    app.launch_new_instance()
  File "C:\Users\chris\AppData\Roaming\Python\Python314\site-packages\traitlets\config\application.py", line 1082, in launch_instance
    app.start()
  File "C:\Users\chris\AppData\Roaming\Python\Python314\site-packages\ipykernel\kernelapp.py", line 758, in start
    self.io_loop.start()
  File "C:\Users\chris\AppData\Roaming\Python\Python314\site-packages\tornado\platform\asyncio.py", line 211, in start
    self.asyncio_loop.run_forever()
  File "c:\Users\chris\AppData\Local\Programs\Python\Python314\Lib\asyncio\base_events.py", line 677, in run_forever
    self._run_once()
  File "c:\Users\chris\AppData\Local\Programs\Python\Python314\Lib\asyncio\base_events.py", line 2046, in _run_once
    handle._run()
  File "c:\Users\chris\AppData\Local\Programs\Python\Python314\Lib\asyncio\events.py", line 94, in _run
    self._context.run(self._callback, *self._args)
  File "C:\Users\chris\AppData\Roaming\Python\Python314\site-packages\ipykernel\kernelbase.py", line 621, in shell_main
    await self.dispatch_shell(msg, subshell_id=subshell_id)
  File "C:\Users\chris\AppData\Roaming\Python\Python314\site-packages\ipykernel\kernelbase.py", line 478, in dispatch_shell
    await result
  File "C:\Users\chris\AppData\Roaming\Python\Python314\site-packages\ipykernel\ipkernel.py", line 372, in execute_request
    await super().execute_request(stream, ident, parent)
  File "C:\Users\chris\AppData\Roaming\Python\Python314\site-packages\ipykernel\kernelbase.py", line 834, in execute_request
    reply_content = await reply_content
  File "C:\Users\chris\AppData\Roaming\Python\Python314\site-packages\ipykernel\ipkernel.py", line 464, in do_execute
    res = shell.run_cell(
  File "C:\Users\chris\AppData\Roaming\Python\Python314\site-packages\ipykernel\zmqshell.py", line 663, in run_cell
    return super().run_cell(*args, **kwargs)
  File "C:\Users\chris\AppData\Roaming\Python\Python314\site-packages\IPython\core\interactiveshell.py", line 3170, in run_cell
    result = self._run_cell(
  File "C:\Users\chris\AppData\Roaming\Python\Python314\site-packages\IPython\core\interactiveshell.py", line 3225, in _run_cell
    result = runner(coro)
  File "C:\Users\chris\AppData\Roaming\Python\Python314\site-packages\IPython\core\async_helpers.py", line 128, in _pseudo_sync_runner
    coro.send(None)
  File "C:\Users\chris\AppData\Roaming\Python\Python314\site-packages\IPython\core\interactiveshell.py", line 3447, in run_cell_async
    has_raised = await self.run_ast_nodes(code_ast.body, cell_name,
  File "C:\Users\chris\AppData\Roaming\Python\Python314\site-packages\IPython\core\interactiveshell.py", line 3688, in run_ast_nodes
    if await self.run_code(code, result, async_=asy):
  File "C:\Users\chris\AppData\Roaming\Python\Python314\site-packages\IPython\core\interactiveshell.py", line 3748, in run_code
    exec(code_obj, self.user_global_ns, self.user_ns)
  File "C:\Users\chris\AppData\Local\Temp\ipykernel_4436\3007420965.py", line 73, in <module>
    runpy.run_path(str(script_path), run_name="__main__")
  File "<frozen runpy>", line 287, in run_path
  File "<frozen runpy>", line 98, in _run_module_code
  File "<frozen runpy>", line 88, in _run_code
  File "C:\Users\chris\Desktop\Code\TracesPresenter\Traces_presenter\Jupyter\Chaine\scripts_Mirabelle\failed_run_ratio_Mirabelle.py", line 80, in <module>
    main(_read, _write)
  File "C:\Users\chris\Desktop\Code\TracesPresenter\Traces_presenter\Jupyter\Chaine\scripts_Mirabelle\failed_run_ratio_Mirabelle.py", line 61, in main
    out.warning("  %s : aucun Run.Test non vide — ignoré", actor)
Message: '  %s : aucun Run.Test non vide — ignoré'
Arguments: ('formol.resumiez',)
--- Logging error ---
Traceback (most recent call last):
  File "c:\Users\chris\AppData\Local\Programs\Python\Python314\Lib\logging\__init__.py", line 1154, in emit
    stream.write(msg + self.terminator)
    ~~~~~~~~~~~~^^^^^^^^^^^^^^^^^^^^^^^
ValueError: I/O operation on closed file.
Call stack:
  File "<frozen runpy>", line 198, in _run_module_as_main
  File "<frozen runpy>", line 88, in _run_code
  File "C:\Users\chris\AppData\Roaming\Python\Python314\site-packages\ipykernel_launcher.py", line 18, in <module>
    app.launch_new_instance()
  File "C:\Users\chris\AppData\Roaming\Python\Python314\site-packages\traitlets\config\application.py", line 1082, in launch_instance
    app.start()
  File "C:\Users\chris\AppData\Roaming\Python\Python314\site-packages\ipykernel\kernelapp.py", line 758, in start
    self.io_loop.start()
  File "C:\Users\chris\AppData\Roaming\Python\Python314\site-packages\tornado\platform\asyncio.py", line 211, in start
    self.asyncio_loop.run_forever()
  File "c:\Users\chris\AppData\Local\Programs\Python\Python314\Lib\asyncio\base_events.py", line 677, in run_forever
    self._run_once()
  File "c:\Users\chris\AppData\Local\Programs\Python\Python314\Lib\asyncio\base_events.py", line 2046, in _run_once
    handle._run()
  File "c:\Users\chris\AppData\Local\Programs\Python\Python314\Lib\asyncio\events.py", line 94, in _run
    self._context.run(self._callback, *self._args)
  File "C:\Users\chris\AppData\Roaming\Python\Python314\site-packages\ipykernel\kernelbase.py", line 621, in shell_main
    await self.dispatch_shell(msg, subshell_id=subshell_id)
  File "C:\Users\chris\AppData\Roaming\Python\Python314\site-packages\ipykernel\kernelbase.py", line 478, in dispatch_shell
    await result
  File "C:\Users\chris\AppData\Roaming\Python\Python314\site-packages\ipykernel\ipkernel.py", line 372, in execute_request
    await super().execute_request(stream, ident, parent)
  File "C:\Users\chris\AppData\Roaming\Python\Python314\site-packages\ipykernel\kernelbase.py", line 834, in execute_request
    reply_content = await reply_content
  File "C:\Users\chris\AppData\Roaming\Python\Python314\site-packages\ipykernel\ipkernel.py", line 464, in do_execute
    res = shell.run_cell(
  File "C:\Users\chris\AppData\Roaming\Python\Python314\site-packages\ipykernel\zmqshell.py", line 663, in run_cell
    return super().run_cell(*args, **kwargs)
  File "C:\Users\chris\AppData\Roaming\Python\Python314\site-packages\IPython\core\interactiveshell.py", line 3170, in run_cell
    result = self._run_cell(
  File "C:\Users\chris\AppData\Roaming\Python\Python314\site-packages\IPython\core\interactiveshell.py", line 3225, in _run_cell
    result = runner(coro)
  File "C:\Users\chris\AppData\Roaming\Python\Python314\site-packages\IPython\core\async_helpers.py", line 128, in _pseudo_sync_runner
    coro.send(None)
  File "C:\Users\chris\AppData\Roaming\Python\Python314\site-packages\IPython\core\interactiveshell.py", line 3447, in run_cell_async
    has_raised = await self.run_ast_nodes(code_ast.body, cell_name,
  File "C:\Users\chris\AppData\Roaming\Python\Python314\site-packages\IPython\core\interactiveshell.py", line 3688, in run_ast_nodes
    if await self.run_code(code, result, async_=asy):
  File "C:\Users\chris\AppData\Roaming\Python\Python314\site-packages\IPython\core\interactiveshell.py", line 3748, in run_code
    exec(code_obj, self.user_global_ns, self.user_ns)
  File "C:\Users\chris\AppData\Local\Temp\ipykernel_4436\3007420965.py", line 73, in <module>
    runpy.run_path(str(script_path), run_name="__main__")
  File "<frozen runpy>", line 287, in run_path
  File "<frozen runpy>", line 98, in _run_module_code
  File "<frozen runpy>", line 88, in _run_code
  File "C:\Users\chris\Desktop\Code\TracesPresenter\Traces_presenter\Jupyter\Chaine\scripts_Mirabelle\failed_run_ratio_Mirabelle.py", line 80, in <module>
    main(_read, _write)
  File "C:\Users\chris\Desktop\Code\TracesPresenter\Traces_presenter\Jupyter\Chaine\scripts_Mirabelle\failed_run_ratio_Mirabelle.py", line 65, in main
    out.info(
Message: '  %s : %s = %.3f  (%d Run.Test)'
Arguments: ('fouinez.superflu', 'FailedTestRunRatio', 0.4444444444444444, 12)
--- Logging error ---
Traceback (most recent call last):
  File "c:\Users\chris\AppData\Local\Programs\Python\Python314\Lib\logging\__init__.py", line 1154, in emit
    stream.write(msg + self.terminator)
    ~~~~~~~~~~~~^^^^^^^^^^^^^^^^^^^^^^^
ValueError: I/O operation on closed file.
Call stack:
  File "<frozen runpy>", line 198, in _run_module_as_main
  File "<frozen runpy>", line 88, in _run_code
  File "C:\Users\chris\AppData\Roaming\Python\Python314\site-packages\ipykernel_launcher.py", line 18, in <module>
    app.launch_new_instance()
  File "C:\Users\chris\AppData\Roaming\Python\Python314\site-packages\traitlets\config\application.py", line 1082, in launch_instance
    app.start()
  File "C:\Users\chris\AppData\Roaming\Python\Python314\site-packages\ipykernel\kernelapp.py", line 758, in start
    self.io_loop.start()
  File "C:\Users\chris\AppData\Roaming\Python\Python314\site-packages\tornado\platform\asyncio.py", line 211, in start
    self.asyncio_loop.run_forever()
  File "c:\Users\chris\AppData\Local\Programs\Python\Python314\Lib\asyncio\base_events.py", line 677, in run_forever
    self._run_once()
  File "c:\Users\chris\AppData\Local\Programs\Python\Python314\Lib\asyncio\base_events.py", line 2046, in _run_once
    handle._run()
  File "c:\Users\chris\AppData\Local\Programs\Python\Python314\Lib\asyncio\events.py", line 94, in _run
    self._context.run(self._callback, *self._args)
  File "C:\Users\chris\AppData\Roaming\Python\Python314\site-packages\ipykernel\kernelbase.py", line 621, in shell_main
    await self.dispatch_shell(msg, subshell_id=subshell_id)
  File "C:\Users\chris\AppData\Roaming\Python\Python314\site-packages\ipykernel\kernelbase.py", line 478, in dispatch_shell
    await result
  File "C:\Users\chris\AppData\Roaming\Python\Python314\site-packages\ipykernel\ipkernel.py", line 372, in execute_request
    await super().execute_request(stream, ident, parent)
  File "C:\Users\chris\AppData\Roaming\Python\Python314\site-packages\ipykernel\kernelbase.py", line 834, in execute_request
    reply_content = await reply_content
  File "C:\Users\chris\AppData\Roaming\Python\Python314\site-packages\ipykernel\ipkernel.py", line 464, in do_execute
    res = shell.run_cell(
  File "C:\Users\chris\AppData\Roaming\Python\Python314\site-packages\ipykernel\zmqshell.py", line 663, in run_cell
    return super().run_cell(*args, **kwargs)
  File "C:\Users\chris\AppData\Roaming\Python\Python314\site-packages\IPython\core\interactiveshell.py", line 3170, in run_cell
    result = self._run_cell(
  File "C:\Users\chris\AppData\Roaming\Python\Python314\site-packages\IPython\core\interactiveshell.py", line 3225, in _run_cell
    result = runner(coro)
  File "C:\Users\chris\AppData\Roaming\Python\Python314\site-packages\IPython\core\async_helpers.py", line 128, in _pseudo_sync_runner
    coro.send(None)
  File "C:\Users\chris\AppData\Roaming\Python\Python314\site-packages\IPython\core\interactiveshell.py", line 3447, in run_cell_async
    has_raised = await self.run_ast_nodes(code_ast.body, cell_name,
  File "C:\Users\chris\AppData\Roaming\Python\Python314\site-packages\IPython\core\interactiveshell.py", line 3688, in run_ast_nodes
    if await self.run_code(code, result, async_=asy):
  File "C:\Users\chris\AppData\Roaming\Python\Python314\site-packages\IPython\core\interactiveshell.py", line 3748, in run_code
    exec(code_obj, self.user_global_ns, self.user_ns)
  File "C:\Users\chris\AppData\Local\Temp\ipykernel_4436\3007420965.py", line 73, in <module>
    runpy.run_path(str(script_path), run_name="__main__")
  File "<frozen runpy>", line 287, in run_path
  File "<frozen runpy>", line 98, in _run_module_code
  File "<frozen runpy>", line 88, in _run_code
  File "C:\Users\chris\Desktop\Code\TracesPresenter\Traces_presenter\Jupyter\Chaine\scripts_Mirabelle\failed_run_ratio_Mirabelle.py", line 80, in <module>
    main(_read, _write)
  File "C:\Users\chris\Desktop\Code\TracesPresenter\Traces_presenter\Jupyter\Chaine\scripts_Mirabelle\failed_run_ratio_Mirabelle.py", line 61, in main
    out.warning("  %s : aucun Run.Test non vide — ignoré", actor)
Message: '  %s : aucun Run.Test non vide — ignoré'
Arguments: ('fraisures.culinaire',)
--- Logging error ---
Traceback (most recent call last):
  File "c:\Users\chris\AppData\Local\Programs\Python\Python314\Lib\logging\__init__.py", line 1154, in emit
    stream.write(msg + self.terminator)
    ~~~~~~~~~~~~^^^^^^^^^^^^^^^^^^^^^^^
ValueError: I/O operation on closed file.
Call stack:
  File "<frozen runpy>", line 198, in _run_module_as_main
  File "<frozen runpy>", line 88, in _run_code
  File "C:\Users\chris\AppData\Roaming\Python\Python314\site-packages\ipykernel_launcher.py", line 18, in <module>
    app.launch_new_instance()
  File "C:\Users\chris\AppData\Roaming\Python\Python314\site-packages\traitlets\config\application.py", line 1082, in launch_instance
    app.start()
  File "C:\Users\chris\AppData\Roaming\Python\Python314\site-packages\ipykernel\kernelapp.py", line 758, in start
    self.io_loop.start()
  File "C:\Users\chris\AppData\Roaming\Python\Python314\site-packages\tornado\platform\asyncio.py", line 211, in start
    self.asyncio_loop.run_forever()
  File "c:\Users\chris\AppData\Local\Programs\Python\Python314\Lib\asyncio\base_events.py", line 677, in run_forever
    self._run_once()
  File "c:\Users\chris\AppData\Local\Programs\Python\Python314\Lib\asyncio\base_events.py", line 2046, in _run_once
    handle._run()
  File "c:\Users\chris\AppData\Local\Programs\Python\Python314\Lib\asyncio\events.py", line 94, in _run
    self._context.run(self._callback, *self._args)
  File "C:\Users\chris\AppData\Roaming\Python\Python314\site-packages\ipykernel\kernelbase.py", line 621, in shell_main
    await self.dispatch_shell(msg, subshell_id=subshell_id)
  File "C:\Users\chris\AppData\Roaming\Python\Python314\site-packages\ipykernel\kernelbase.py", line 478, in dispatch_shell
    await result
  File "C:\Users\chris\AppData\Roaming\Python\Python314\site-packages\ipykernel\ipkernel.py", line 372, in execute_request
    await super().execute_request(stream, ident, parent)
  File "C:\Users\chris\AppData\Roaming\Python\Python314\site-packages\ipykernel\kernelbase.py", line 834, in execute_request
    reply_content = await reply_content
  File "C:\Users\chris\AppData\Roaming\Python\Python314\site-packages\ipykernel\ipkernel.py", line 464, in do_execute
    res = shell.run_cell(
  File "C:\Users\chris\AppData\Roaming\Python\Python314\site-packages\ipykernel\zmqshell.py", line 663, in run_cell
    return super().run_cell(*args, **kwargs)
  File "C:\Users\chris\AppData\Roaming\Python\Python314\site-packages\IPython\core\interactiveshell.py", line 3170, in run_cell
    result = self._run_cell(
  File "C:\Users\chris\AppData\Roaming\Python\Python314\site-packages\IPython\core\interactiveshell.py", line 3225, in _run_cell
    result = runner(coro)
  File "C:\Users\chris\AppData\Roaming\Python\Python314\site-packages\IPython\core\async_helpers.py", line 128, in _pseudo_sync_runner
    coro.send(None)
  File "C:\Users\chris\AppData\Roaming\Python\Python314\site-packages\IPython\core\interactiveshell.py", line 3447, in run_cell_async
    has_raised = await self.run_ast_nodes(code_ast.body, cell_name,
  File "C:\Users\chris\AppData\Roaming\Python\Python314\site-packages\IPython\core\interactiveshell.py", line 3688, in run_ast_nodes
    if await self.run_code(code, result, async_=asy):
  File "C:\Users\chris\AppData\Roaming\Python\Python314\site-packages\IPython\core\interactiveshell.py", line 3748, in run_code
    exec(code_obj, self.user_global_ns, self.user_ns)
  File "C:\Users\chris\AppData\Local\Temp\ipykernel_4436\3007420965.py", line 73, in <module>
    runpy.run_path(str(script_path), run_name="__main__")
  File "<frozen runpy>", line 287, in run_path
  File "<frozen runpy>", line 98, in _run_module_code
  File "<frozen runpy>", line 88, in _run_code
  File "C:\Users\chris\Desktop\Code\TracesPresenter\Traces_presenter\Jupyter\Chaine\scripts_Mirabelle\failed_run_ratio_Mirabelle.py", line 80, in <module>
    main(_read, _write)
  File "C:\Users\chris\Desktop\Code\TracesPresenter\Traces_presenter\Jupyter\Chaine\scripts_Mirabelle\failed_run_ratio_Mirabelle.py", line 65, in main
    out.info(
Message: '  %s : %s = %.3f  (%d Run.Test)'
Arguments: ('gueules.bouderons', 'FailedTestRunRatio', 0.7142857142857143, 17)
--- Logging error ---
Traceback (most recent call last):
  File "c:\Users\chris\AppData\Local\Programs\Python\Python314\Lib\logging\__init__.py", line 1154, in emit
    stream.write(msg + self.terminator)
    ~~~~~~~~~~~~^^^^^^^^^^^^^^^^^^^^^^^
ValueError: I/O operation on closed file.
Call stack:
  File "<frozen runpy>", line 198, in _run_module_as_main
  File "<frozen runpy>", line 88, in _run_code
  File "C:\Users\chris\AppData\Roaming\Python\Python314\site-packages\ipykernel_launcher.py", line 18, in <module>
    app.launch_new_instance()
  File "C:\Users\chris\AppData\Roaming\Python\Python314\site-packages\traitlets\config\application.py", line 1082, in launch_instance
    app.start()
  File "C:\Users\chris\AppData\Roaming\Python\Python314\site-packages\ipykernel\kernelapp.py", line 758, in start
    self.io_loop.start()
  File "C:\Users\chris\AppData\Roaming\Python\Python314\site-packages\tornado\platform\asyncio.py", line 211, in start
    self.asyncio_loop.run_forever()
  File "c:\Users\chris\AppData\Local\Programs\Python\Python314\Lib\asyncio\base_events.py", line 677, in run_forever
    self._run_once()
  File "c:\Users\chris\AppData\Local\Programs\Python\Python314\Lib\asyncio\base_events.py", line 2046, in _run_once
    handle._run()
  File "c:\Users\chris\AppData\Local\Programs\Python\Python314\Lib\asyncio\events.py", line 94, in _run
    self._context.run(self._callback, *self._args)
  File "C:\Users\chris\AppData\Roaming\Python\Python314\site-packages\ipykernel\kernelbase.py", line 621, in shell_main
    await self.dispatch_shell(msg, subshell_id=subshell_id)
  File "C:\Users\chris\AppData\Roaming\Python\Python314\site-packages\ipykernel\kernelbase.py", line 478, in dispatch_shell
    await result
  File "C:\Users\chris\AppData\Roaming\Python\Python314\site-packages\ipykernel\ipkernel.py", line 372, in execute_request
    await super().execute_request(stream, ident, parent)
  File "C:\Users\chris\AppData\Roaming\Python\Python314\site-packages\ipykernel\kernelbase.py", line 834, in execute_request
    reply_content = await reply_content
  File "C:\Users\chris\AppData\Roaming\Python\Python314\site-packages\ipykernel\ipkernel.py", line 464, in do_execute
    res = shell.run_cell(
  File "C:\Users\chris\AppData\Roaming\Python\Python314\site-packages\ipykernel\zmqshell.py", line 663, in run_cell
    return super().run_cell(*args, **kwargs)
  File "C:\Users\chris\AppData\Roaming\Python\Python314\site-packages\IPython\core\interactiveshell.py", line 3170, in run_cell
    result = self._run_cell(
  File "C:\Users\chris\AppData\Roaming\Python\Python314\site-packages\IPython\core\interactiveshell.py", line 3225, in _run_cell
    result = runner(coro)
  File "C:\Users\chris\AppData\Roaming\Python\Python314\site-packages\IPython\core\async_helpers.py", line 128, in _pseudo_sync_runner
    coro.send(None)
  File "C:\Users\chris\AppData\Roaming\Python\Python314\site-packages\IPython\core\interactiveshell.py", line 3447, in run_cell_async
    has_raised = await self.run_ast_nodes(code_ast.body, cell_name,
  File "C:\Users\chris\AppData\Roaming\Python\Python314\site-packages\IPython\core\interactiveshell.py", line 3688, in run_ast_nodes
    if await self.run_code(code, result, async_=asy):
  File "C:\Users\chris\AppData\Roaming\Python\Python314\site-packages\IPython\core\interactiveshell.py", line 3748, in run_code
    exec(code_obj, self.user_global_ns, self.user_ns)
  File "C:\Users\chris\AppData\Local\Temp\ipykernel_4436\3007420965.py", line 73, in <module>
    runpy.run_path(str(script_path), run_name="__main__")
  File "<frozen runpy>", line 287, in run_path
  File "<frozen runpy>", line 98, in _run_module_code
  File "<frozen runpy>", line 88, in _run_code
  File "C:\Users\chris\Desktop\Code\TracesPresenter\Traces_presenter\Jupyter\Chaine\scripts_Mirabelle\failed_run_ratio_Mirabelle.py", line 80, in <module>
    main(_read, _write)
  File "C:\Users\chris\Desktop\Code\TracesPresenter\Traces_presenter\Jupyter\Chaine\scripts_Mirabelle\failed_run_ratio_Mirabelle.py", line 65, in main
    out.info(
Message: '  %s : %s = %.3f  (%d Run.Test)'
Arguments: ('haschich.ecoeurait', 'FailedTestRunRatio', 0.2222222222222222, 10)
--- Logging error ---
Traceback (most recent call last):
  File "c:\Users\chris\AppData\Local\Programs\Python\Python314\Lib\logging\__init__.py", line 1154, in emit
    stream.write(msg + self.terminator)
    ~~~~~~~~~~~~^^^^^^^^^^^^^^^^^^^^^^^
ValueError: I/O operation on closed file.
Call stack:
  File "<frozen runpy>", line 198, in _run_module_as_main
  File "<frozen runpy>", line 88, in _run_code
  File "C:\Users\chris\AppData\Roaming\Python\Python314\site-packages\ipykernel_launcher.py", line 18, in <module>
    app.launch_new_instance()
  File "C:\Users\chris\AppData\Roaming\Python\Python314\site-packages\traitlets\config\application.py", line 1082, in launch_instance
    app.start()
  File "C:\Users\chris\AppData\Roaming\Python\Python314\site-packages\ipykernel\kernelapp.py", line 758, in start
    self.io_loop.start()
  File "C:\Users\chris\AppData\Roaming\Python\Python314\site-packages\tornado\platform\asyncio.py", line 211, in start
    self.asyncio_loop.run_forever()
  File "c:\Users\chris\AppData\Local\Programs\Python\Python314\Lib\asyncio\base_events.py", line 677, in run_forever
    self._run_once()
  File "c:\Users\chris\AppData\Local\Programs\Python\Python314\Lib\asyncio\base_events.py", line 2046, in _run_once
    handle._run()
  File "c:\Users\chris\AppData\Local\Programs\Python\Python314\Lib\asyncio\events.py", line 94, in _run
    self._context.run(self._callback, *self._args)
  File "C:\Users\chris\AppData\Roaming\Python\Python314\site-packages\ipykernel\kernelbase.py", line 621, in shell_main
    await self.dispatch_shell(msg, subshell_id=subshell_id)
  File "C:\Users\chris\AppData\Roaming\Python\Python314\site-packages\ipykernel\kernelbase.py", line 478, in dispatch_shell
    await result
  File "C:\Users\chris\AppData\Roaming\Python\Python314\site-packages\ipykernel\ipkernel.py", line 372, in execute_request
    await super().execute_request(stream, ident, parent)
  File "C:\Users\chris\AppData\Roaming\Python\Python314\site-packages\ipykernel\kernelbase.py", line 834, in execute_request
    reply_content = await reply_content
  File "C:\Users\chris\AppData\Roaming\Python\Python314\site-packages\ipykernel\ipkernel.py", line 464, in do_execute
    res = shell.run_cell(
  File "C:\Users\chris\AppData\Roaming\Python\Python314\site-packages\ipykernel\zmqshell.py", line 663, in run_cell
    return super().run_cell(*args, **kwargs)
  File "C:\Users\chris\AppData\Roaming\Python\Python314\site-packages\IPython\core\interactiveshell.py", line 3170, in run_cell
    result = self._run_cell(
  File "C:\Users\chris\AppData\Roaming\Python\Python314\site-packages\IPython\core\interactiveshell.py", line 3225, in _run_cell
    result = runner(coro)
  File "C:\Users\chris\AppData\Roaming\Python\Python314\site-packages\IPython\core\async_helpers.py", line 128, in _pseudo_sync_runner
    coro.send(None)
  File "C:\Users\chris\AppData\Roaming\Python\Python314\site-packages\IPython\core\interactiveshell.py", line 3447, in run_cell_async
    has_raised = await self.run_ast_nodes(code_ast.body, cell_name,
  File "C:\Users\chris\AppData\Roaming\Python\Python314\site-packages\IPython\core\interactiveshell.py", line 3688, in run_ast_nodes
    if await self.run_code(code, result, async_=asy):
  File "C:\Users\chris\AppData\Roaming\Python\Python314\site-packages\IPython\core\interactiveshell.py", line 3748, in run_code
    exec(code_obj, self.user_global_ns, self.user_ns)
  File "C:\Users\chris\AppData\Local\Temp\ipykernel_4436\3007420965.py", line 73, in <module>
    runpy.run_path(str(script_path), run_name="__main__")
  File "<frozen runpy>", line 287, in run_path
  File "<frozen runpy>", line 98, in _run_module_code
  File "<frozen runpy>", line 88, in _run_code
  File "C:\Users\chris\Desktop\Code\TracesPresenter\Traces_presenter\Jupyter\Chaine\scripts_Mirabelle\failed_run_ratio_Mirabelle.py", line 80, in <module>
    main(_read, _write)
  File "C:\Users\chris\Desktop\Code\TracesPresenter\Traces_presenter\Jupyter\Chaine\scripts_Mirabelle\failed_run_ratio_Mirabelle.py", line 65, in main
    out.info(
Message: '  %s : %s = %.3f  (%d Run.Test)'
Arguments: ('importons.boulaie', 'FailedTestRunRatio', 1.0, 5)
--- Logging error ---
Traceback (most recent call last):
  File "c:\Users\chris\AppData\Local\Programs\Python\Python314\Lib\logging\__init__.py", line 1154, in emit
    stream.write(msg + self.terminator)
    ~~~~~~~~~~~~^^^^^^^^^^^^^^^^^^^^^^^
ValueError: I/O operation on closed file.
Call stack:
  File "<frozen runpy>", line 198, in _run_module_as_main
  File "<frozen runpy>", line 88, in _run_code
  File "C:\Users\chris\AppData\Roaming\Python\Python314\site-packages\ipykernel_launcher.py", line 18, in <module>
    app.launch_new_instance()
  File "C:\Users\chris\AppData\Roaming\Python\Python314\site-packages\traitlets\config\application.py", line 1082, in launch_instance
    app.start()
  File "C:\Users\chris\AppData\Roaming\Python\Python314\site-packages\ipykernel\kernelapp.py", line 758, in start
    self.io_loop.start()
  File "C:\Users\chris\AppData\Roaming\Python\Python314\site-packages\tornado\platform\asyncio.py", line 211, in start
    self.asyncio_loop.run_forever()
  File "c:\Users\chris\AppData\Local\Programs\Python\Python314\Lib\asyncio\base_events.py", line 677, in run_forever
    self._run_once()
  File "c:\Users\chris\AppData\Local\Programs\Python\Python314\Lib\asyncio\base_events.py", line 2046, in _run_once
    handle._run()
  File "c:\Users\chris\AppData\Local\Programs\Python\Python314\Lib\asyncio\events.py", line 94, in _run
    self._context.run(self._callback, *self._args)
  File "C:\Users\chris\AppData\Roaming\Python\Python314\site-packages\ipykernel\kernelbase.py", line 621, in shell_main
    await self.dispatch_shell(msg, subshell_id=subshell_id)
  File "C:\Users\chris\AppData\Roaming\Python\Python314\site-packages\ipykernel\kernelbase.py", line 478, in dispatch_shell
    await result
  File "C:\Users\chris\AppData\Roaming\Python\Python314\site-packages\ipykernel\ipkernel.py", line 372, in execute_request
    await super().execute_request(stream, ident, parent)
  File "C:\Users\chris\AppData\Roaming\Python\Python314\site-packages\ipykernel\kernelbase.py", line 834, in execute_request
    reply_content = await reply_content
  File "C:\Users\chris\AppData\Roaming\Python\Python314\site-packages\ipykernel\ipkernel.py", line 464, in do_execute
    res = shell.run_cell(
  File "C:\Users\chris\AppData\Roaming\Python\Python314\site-packages\ipykernel\zmqshell.py", line 663, in run_cell
    return super().run_cell(*args, **kwargs)
  File "C:\Users\chris\AppData\Roaming\Python\Python314\site-packages\IPython\core\interactiveshell.py", line 3170, in run_cell
    result = self._run_cell(
  File "C:\Users\chris\AppData\Roaming\Python\Python314\site-packages\IPython\core\interactiveshell.py", line 3225, in _run_cell
    result = runner(coro)
  File "C:\Users\chris\AppData\Roaming\Python\Python314\site-packages\IPython\core\async_helpers.py", line 128, in _pseudo_sync_runner
    coro.send(None)
  File "C:\Users\chris\AppData\Roaming\Python\Python314\site-packages\IPython\core\interactiveshell.py", line 3447, in run_cell_async
    has_raised = await self.run_ast_nodes(code_ast.body, cell_name,
  File "C:\Users\chris\AppData\Roaming\Python\Python314\site-packages\IPython\core\interactiveshell.py", line 3688, in run_ast_nodes
    if await self.run_code(code, result, async_=asy):
  File "C:\Users\chris\AppData\Roaming\Python\Python314\site-packages\IPython\core\interactiveshell.py", line 3748, in run_code
    exec(code_obj, self.user_global_ns, self.user_ns)
  File "C:\Users\chris\AppData\Local\Temp\ipykernel_4436\3007420965.py", line 73, in <module>
    runpy.run_path(str(script_path), run_name="__main__")
  File "<frozen runpy>", line 287, in run_path
  File "<frozen runpy>", line 98, in _run_module_code
  File "<frozen runpy>", line 88, in _run_code
  File "C:\Users\chris\Desktop\Code\TracesPresenter\Traces_presenter\Jupyter\Chaine\scripts_Mirabelle\failed_run_ratio_Mirabelle.py", line 80, in <module>
    main(_read, _write)
  File "C:\Users\chris\Desktop\Code\TracesPresenter\Traces_presenter\Jupyter\Chaine\scripts_Mirabelle\failed_run_ratio_Mirabelle.py", line 65, in main
    out.info(
Message: '  %s : %s = %.3f  (%d Run.Test)'
Arguments: ('irriteras.taquinant', 'FailedTestRunRatio', 0.3333333333333333, 18)
--- Logging error ---
Traceback (most recent call last):
  File "c:\Users\chris\AppData\Local\Programs\Python\Python314\Lib\logging\__init__.py", line 1154, in emit
    stream.write(msg + self.terminator)
    ~~~~~~~~~~~~^^^^^^^^^^^^^^^^^^^^^^^
ValueError: I/O operation on closed file.
Call stack:
  File "<frozen runpy>", line 198, in _run_module_as_main
  File "<frozen runpy>", line 88, in _run_code
  File "C:\Users\chris\AppData\Roaming\Python\Python314\site-packages\ipykernel_launcher.py", line 18, in <module>
    app.launch_new_instance()
  File "C:\Users\chris\AppData\Roaming\Python\Python314\site-packages\traitlets\config\application.py", line 1082, in launch_instance
    app.start()
  File "C:\Users\chris\AppData\Roaming\Python\Python314\site-packages\ipykernel\kernelapp.py", line 758, in start
    self.io_loop.start()
  File "C:\Users\chris\AppData\Roaming\Python\Python314\site-packages\tornado\platform\asyncio.py", line 211, in start
    self.asyncio_loop.run_forever()
  File "c:\Users\chris\AppData\Local\Programs\Python\Python314\Lib\asyncio\base_events.py", line 677, in run_forever
    self._run_once()
  File "c:\Users\chris\AppData\Local\Programs\Python\Python314\Lib\asyncio\base_events.py", line 2046, in _run_once
    handle._run()
  File "c:\Users\chris\AppData\Local\Programs\Python\Python314\Lib\asyncio\events.py", line 94, in _run
    self._context.run(self._callback, *self._args)
  File "C:\Users\chris\AppData\Roaming\Python\Python314\site-packages\ipykernel\kernelbase.py", line 621, in shell_main
    await self.dispatch_shell(msg, subshell_id=subshell_id)
  File "C:\Users\chris\AppData\Roaming\Python\Python314\site-packages\ipykernel\kernelbase.py", line 478, in dispatch_shell
    await result
  File "C:\Users\chris\AppData\Roaming\Python\Python314\site-packages\ipykernel\ipkernel.py", line 372, in execute_request
    await super().execute_request(stream, ident, parent)
  File "C:\Users\chris\AppData\Roaming\Python\Python314\site-packages\ipykernel\kernelbase.py", line 834, in execute_request
    reply_content = await reply_content
  File "C:\Users\chris\AppData\Roaming\Python\Python314\site-packages\ipykernel\ipkernel.py", line 464, in do_execute
    res = shell.run_cell(
  File "C:\Users\chris\AppData\Roaming\Python\Python314\site-packages\ipykernel\zmqshell.py", line 663, in run_cell
    return super().run_cell(*args, **kwargs)
  File "C:\Users\chris\AppData\Roaming\Python\Python314\site-packages\IPython\core\interactiveshell.py", line 3170, in run_cell
    result = self._run_cell(
  File "C:\Users\chris\AppData\Roaming\Python\Python314\site-packages\IPython\core\interactiveshell.py", line 3225, in _run_cell
    result = runner(coro)
  File "C:\Users\chris\AppData\Roaming\Python\Python314\site-packages\IPython\core\async_helpers.py", line 128, in _pseudo_sync_runner
    coro.send(None)
  File "C:\Users\chris\AppData\Roaming\Python\Python314\site-packages\IPython\core\interactiveshell.py", line 3447, in run_cell_async
    has_raised = await self.run_ast_nodes(code_ast.body, cell_name,
  File "C:\Users\chris\AppData\Roaming\Python\Python314\site-packages\IPython\core\interactiveshell.py", line 3688, in run_ast_nodes
    if await self.run_code(code, result, async_=asy):
  File "C:\Users\chris\AppData\Roaming\Python\Python314\site-packages\IPython\core\interactiveshell.py", line 3748, in run_code
    exec(code_obj, self.user_global_ns, self.user_ns)
  File "C:\Users\chris\AppData\Local\Temp\ipykernel_4436\3007420965.py", line 73, in <module>
    runpy.run_path(str(script_path), run_name="__main__")
  File "<frozen runpy>", line 287, in run_path
  File "<frozen runpy>", line 98, in _run_module_code
  File "<frozen runpy>", line 88, in _run_code
  File "C:\Users\chris\Desktop\Code\TracesPresenter\Traces_presenter\Jupyter\Chaine\scripts_Mirabelle\failed_run_ratio_Mirabelle.py", line 80, in <module>
    main(_read, _write)
  File "C:\Users\chris\Desktop\Code\TracesPresenter\Traces_presenter\Jupyter\Chaine\scripts_Mirabelle\failed_run_ratio_Mirabelle.py", line 65, in main
    out.info(
Message: '  %s : %s = %.3f  (%d Run.Test)'
Arguments: ('lamineurs.etatisees', 'FailedTestRunRatio', 0.6, 11)
--- Logging error ---
Traceback (most recent call last):
  File "c:\Users\chris\AppData\Local\Programs\Python\Python314\Lib\logging\__init__.py", line 1154, in emit
    stream.write(msg + self.terminator)
    ~~~~~~~~~~~~^^^^^^^^^^^^^^^^^^^^^^^
ValueError: I/O operation on closed file.
Call stack:
  File "<frozen runpy>", line 198, in _run_module_as_main
  File "<frozen runpy>", line 88, in _run_code
  File "C:\Users\chris\AppData\Roaming\Python\Python314\site-packages\ipykernel_launcher.py", line 18, in <module>
    app.launch_new_instance()
  File "C:\Users\chris\AppData\Roaming\Python\Python314\site-packages\traitlets\config\application.py", line 1082, in launch_instance
    app.start()
  File "C:\Users\chris\AppData\Roaming\Python\Python314\site-packages\ipykernel\kernelapp.py", line 758, in start
    self.io_loop.start()
  File "C:\Users\chris\AppData\Roaming\Python\Python314\site-packages\tornado\platform\asyncio.py", line 211, in start
    self.asyncio_loop.run_forever()
  File "c:\Users\chris\AppData\Local\Programs\Python\Python314\Lib\asyncio\base_events.py", line 677, in run_forever
    self._run_once()
  File "c:\Users\chris\AppData\Local\Programs\Python\Python314\Lib\asyncio\base_events.py", line 2046, in _run_once
    handle._run()
  File "c:\Users\chris\AppData\Local\Programs\Python\Python314\Lib\asyncio\events.py", line 94, in _run
    self._context.run(self._callback, *self._args)
  File "C:\Users\chris\AppData\Roaming\Python\Python314\site-packages\ipykernel\kernelbase.py", line 621, in shell_main
    await self.dispatch_shell(msg, subshell_id=subshell_id)
  File "C:\Users\chris\AppData\Roaming\Python\Python314\site-packages\ipykernel\kernelbase.py", line 478, in dispatch_shell
    await result
  File "C:\Users\chris\AppData\Roaming\Python\Python314\site-packages\ipykernel\ipkernel.py", line 372, in execute_request
    await super().execute_request(stream, ident, parent)
  File "C:\Users\chris\AppData\Roaming\Python\Python314\site-packages\ipykernel\kernelbase.py", line 834, in execute_request
    reply_content = await reply_content
  File "C:\Users\chris\AppData\Roaming\Python\Python314\site-packages\ipykernel\ipkernel.py", line 464, in do_execute
    res = shell.run_cell(
  File "C:\Users\chris\AppData\Roaming\Python\Python314\site-packages\ipykernel\zmqshell.py", line 663, in run_cell
    return super().run_cell(*args, **kwargs)
  File "C:\Users\chris\AppData\Roaming\Python\Python314\site-packages\IPython\core\interactiveshell.py", line 3170, in run_cell
    result = self._run_cell(
  File "C:\Users\chris\AppData\Roaming\Python\Python314\site-packages\IPython\core\interactiveshell.py", line 3225, in _run_cell
    result = runner(coro)
  File "C:\Users\chris\AppData\Roaming\Python\Python314\site-packages\IPython\core\async_helpers.py", line 128, in _pseudo_sync_runner
    coro.send(None)
  File "C:\Users\chris\AppData\Roaming\Python\Python314\site-packages\IPython\core\interactiveshell.py", line 3447, in run_cell_async
    has_raised = await self.run_ast_nodes(code_ast.body, cell_name,
  File "C:\Users\chris\AppData\Roaming\Python\Python314\site-packages\IPython\core\interactiveshell.py", line 3688, in run_ast_nodes
    if await self.run_code(code, result, async_=asy):
  File "C:\Users\chris\AppData\Roaming\Python\Python314\site-packages\IPython\core\interactiveshell.py", line 3748, in run_code
    exec(code_obj, self.user_global_ns, self.user_ns)
  File "C:\Users\chris\AppData\Local\Temp\ipykernel_4436\3007420965.py", line 73, in <module>
    runpy.run_path(str(script_path), run_name="__main__")
  File "<frozen runpy>", line 287, in run_path
  File "<frozen runpy>", line 98, in _run_module_code
  File "<frozen runpy>", line 88, in _run_code
  File "C:\Users\chris\Desktop\Code\TracesPresenter\Traces_presenter\Jupyter\Chaine\scripts_Mirabelle\failed_run_ratio_Mirabelle.py", line 80, in <module>
    main(_read, _write)
  File "C:\Users\chris\Desktop\Code\TracesPresenter\Traces_presenter\Jupyter\Chaine\scripts_Mirabelle\failed_run_ratio_Mirabelle.py", line 61, in main
    out.warning("  %s : aucun Run.Test non vide — ignoré", actor)
Message: '  %s : aucun Run.Test non vide — ignoré'
Arguments: ('loriot.puzzle',)
--- Logging error ---
Traceback (most recent call last):
  File "c:\Users\chris\AppData\Local\Programs\Python\Python314\Lib\logging\__init__.py", line 1154, in emit
    stream.write(msg + self.terminator)
    ~~~~~~~~~~~~^^^^^^^^^^^^^^^^^^^^^^^
ValueError: I/O operation on closed file.
Call stack:
  File "<frozen runpy>", line 198, in _run_module_as_main
  File "<frozen runpy>", line 88, in _run_code
  File "C:\Users\chris\AppData\Roaming\Python\Python314\site-packages\ipykernel_launcher.py", line 18, in <module>
    app.launch_new_instance()
  File "C:\Users\chris\AppData\Roaming\Python\Python314\site-packages\traitlets\config\application.py", line 1082, in launch_instance
    app.start()
  File "C:\Users\chris\AppData\Roaming\Python\Python314\site-packages\ipykernel\kernelapp.py", line 758, in start
    self.io_loop.start()
  File "C:\Users\chris\AppData\Roaming\Python\Python314\site-packages\tornado\platform\asyncio.py", line 211, in start
    self.asyncio_loop.run_forever()
  File "c:\Users\chris\AppData\Local\Programs\Python\Python314\Lib\asyncio\base_events.py", line 677, in run_forever
    self._run_once()
  File "c:\Users\chris\AppData\Local\Programs\Python\Python314\Lib\asyncio\base_events.py", line 2046, in _run_once
    handle._run()
  File "c:\Users\chris\AppData\Local\Programs\Python\Python314\Lib\asyncio\events.py", line 94, in _run
    self._context.run(self._callback, *self._args)
  File "C:\Users\chris\AppData\Roaming\Python\Python314\site-packages\ipykernel\kernelbase.py", line 621, in shell_main
    await self.dispatch_shell(msg, subshell_id=subshell_id)
  File "C:\Users\chris\AppData\Roaming\Python\Python314\site-packages\ipykernel\kernelbase.py", line 478, in dispatch_shell
    await result
  File "C:\Users\chris\AppData\Roaming\Python\Python314\site-packages\ipykernel\ipkernel.py", line 372, in execute_request
    await super().execute_request(stream, ident, parent)
  File "C:\Users\chris\AppData\Roaming\Python\Python314\site-packages\ipykernel\kernelbase.py", line 834, in execute_request
    reply_content = await reply_content
  File "C:\Users\chris\AppData\Roaming\Python\Python314\site-packages\ipykernel\ipkernel.py", line 464, in do_execute
    res = shell.run_cell(
  File "C:\Users\chris\AppData\Roaming\Python\Python314\site-packages\ipykernel\zmqshell.py", line 663, in run_cell
    return super().run_cell(*args, **kwargs)
  File "C:\Users\chris\AppData\Roaming\Python\Python314\site-packages\IPython\core\interactiveshell.py", line 3170, in run_cell
    result = self._run_cell(
  File "C:\Users\chris\AppData\Roaming\Python\Python314\site-packages\IPython\core\interactiveshell.py", line 3225, in _run_cell
    result = runner(coro)
  File "C:\Users\chris\AppData\Roaming\Python\Python314\site-packages\IPython\core\async_helpers.py", line 128, in _pseudo_sync_runner
    coro.send(None)
  File "C:\Users\chris\AppData\Roaming\Python\Python314\site-packages\IPython\core\interactiveshell.py", line 3447, in run_cell_async
    has_raised = await self.run_ast_nodes(code_ast.body, cell_name,
  File "C:\Users\chris\AppData\Roaming\Python\Python314\site-packages\IPython\core\interactiveshell.py", line 3688, in run_ast_nodes
    if await self.run_code(code, result, async_=asy):
  File "C:\Users\chris\AppData\Roaming\Python\Python314\site-packages\IPython\core\interactiveshell.py", line 3748, in run_code
    exec(code_obj, self.user_global_ns, self.user_ns)
  File "C:\Users\chris\AppData\Local\Temp\ipykernel_4436\3007420965.py", line 73, in <module>
    runpy.run_path(str(script_path), run_name="__main__")
  File "<frozen runpy>", line 287, in run_path
  File "<frozen runpy>", line 98, in _run_module_code
  File "<frozen runpy>", line 88, in _run_code
  File "C:\Users\chris\Desktop\Code\TracesPresenter\Traces_presenter\Jupyter\Chaine\scripts_Mirabelle\failed_run_ratio_Mirabelle.py", line 80, in <module>
    main(_read, _write)
  File "C:\Users\chris\Desktop\Code\TracesPresenter\Traces_presenter\Jupyter\Chaine\scripts_Mirabelle\failed_run_ratio_Mirabelle.py", line 65, in main
    out.info(
Message: '  %s : %s = %.3f  (%d Run.Test)'
Arguments: ('matraque.ramier', 'FailedTestRunRatio', 0.0, 7)
--- Logging error ---
Traceback (most recent call last):
  File "c:\Users\chris\AppData\Local\Programs\Python\Python314\Lib\logging\__init__.py", line 1154, in emit
    stream.write(msg + self.terminator)
    ~~~~~~~~~~~~^^^^^^^^^^^^^^^^^^^^^^^
ValueError: I/O operation on closed file.
Call stack:
  File "<frozen runpy>", line 198, in _run_module_as_main
  File "<frozen runpy>", line 88, in _run_code
  File "C:\Users\chris\AppData\Roaming\Python\Python314\site-packages\ipykernel_launcher.py", line 18, in <module>
    app.launch_new_instance()
  File "C:\Users\chris\AppData\Roaming\Python\Python314\site-packages\traitlets\config\application.py", line 1082, in launch_instance
    app.start()
  File "C:\Users\chris\AppData\Roaming\Python\Python314\site-packages\ipykernel\kernelapp.py", line 758, in start
    self.io_loop.start()
  File "C:\Users\chris\AppData\Roaming\Python\Python314\site-packages\tornado\platform\asyncio.py", line 211, in start
    self.asyncio_loop.run_forever()
  File "c:\Users\chris\AppData\Local\Programs\Python\Python314\Lib\asyncio\base_events.py", line 677, in run_forever
    self._run_once()
  File "c:\Users\chris\AppData\Local\Programs\Python\Python314\Lib\asyncio\base_events.py", line 2046, in _run_once
    handle._run()
  File "c:\Users\chris\AppData\Local\Programs\Python\Python314\Lib\asyncio\events.py", line 94, in _run
    self._context.run(self._callback, *self._args)
  File "C:\Users\chris\AppData\Roaming\Python\Python314\site-packages\ipykernel\kernelbase.py", line 621, in shell_main
    await self.dispatch_shell(msg, subshell_id=subshell_id)
  File "C:\Users\chris\AppData\Roaming\Python\Python314\site-packages\ipykernel\kernelbase.py", line 478, in dispatch_shell
    await result
  File "C:\Users\chris\AppData\Roaming\Python\Python314\site-packages\ipykernel\ipkernel.py", line 372, in execute_request
    await super().execute_request(stream, ident, parent)
  File "C:\Users\chris\AppData\Roaming\Python\Python314\site-packages\ipykernel\kernelbase.py", line 834, in execute_request
    reply_content = await reply_content
  File "C:\Users\chris\AppData\Roaming\Python\Python314\site-packages\ipykernel\ipkernel.py", line 464, in do_execute
    res = shell.run_cell(
  File "C:\Users\chris\AppData\Roaming\Python\Python314\site-packages\ipykernel\zmqshell.py", line 663, in run_cell
    return super().run_cell(*args, **kwargs)
  File "C:\Users\chris\AppData\Roaming\Python\Python314\site-packages\IPython\core\interactiveshell.py", line 3170, in run_cell
    result = self._run_cell(
  File "C:\Users\chris\AppData\Roaming\Python\Python314\site-packages\IPython\core\interactiveshell.py", line 3225, in _run_cell
    result = runner(coro)
  File "C:\Users\chris\AppData\Roaming\Python\Python314\site-packages\IPython\core\async_helpers.py", line 128, in _pseudo_sync_runner
    coro.send(None)
  File "C:\Users\chris\AppData\Roaming\Python\Python314\site-packages\IPython\core\interactiveshell.py", line 3447, in run_cell_async
    has_raised = await self.run_ast_nodes(code_ast.body, cell_name,
  File "C:\Users\chris\AppData\Roaming\Python\Python314\site-packages\IPython\core\interactiveshell.py", line 3688, in run_ast_nodes
    if await self.run_code(code, result, async_=asy):
  File "C:\Users\chris\AppData\Roaming\Python\Python314\site-packages\IPython\core\interactiveshell.py", line 3748, in run_code
    exec(code_obj, self.user_global_ns, self.user_ns)
  File "C:\Users\chris\AppData\Local\Temp\ipykernel_4436\3007420965.py", line 73, in <module>
    runpy.run_path(str(script_path), run_name="__main__")
  File "<frozen runpy>", line 287, in run_path
  File "<frozen runpy>", line 98, in _run_module_code
  File "<frozen runpy>", line 88, in _run_code
  File "C:\Users\chris\Desktop\Code\TracesPresenter\Traces_presenter\Jupyter\Chaine\scripts_Mirabelle\failed_run_ratio_Mirabelle.py", line 80, in <module>
    main(_read, _write)
  File "C:\Users\chris\Desktop\Code\TracesPresenter\Traces_presenter\Jupyter\Chaine\scripts_Mirabelle\failed_run_ratio_Mirabelle.py", line 61, in main
    out.warning("  %s : aucun Run.Test non vide — ignoré", actor)
Message: '  %s : aucun Run.Test non vide — ignoré'
Arguments: ('native.colosses',)
--- Logging error ---
Traceback (most recent call last):
  File "c:\Users\chris\AppData\Local\Programs\Python\Python314\Lib\logging\__init__.py", line 1154, in emit
    stream.write(msg + self.terminator)
    ~~~~~~~~~~~~^^^^^^^^^^^^^^^^^^^^^^^
ValueError: I/O operation on closed file.
Call stack:
  File "<frozen runpy>", line 198, in _run_module_as_main
  File "<frozen runpy>", line 88, in _run_code
  File "C:\Users\chris\AppData\Roaming\Python\Python314\site-packages\ipykernel_launcher.py", line 18, in <module>
    app.launch_new_instance()
  File "C:\Users\chris\AppData\Roaming\Python\Python314\site-packages\traitlets\config\application.py", line 1082, in launch_instance
    app.start()
  File "C:\Users\chris\AppData\Roaming\Python\Python314\site-packages\ipykernel\kernelapp.py", line 758, in start
    self.io_loop.start()
  File "C:\Users\chris\AppData\Roaming\Python\Python314\site-packages\tornado\platform\asyncio.py", line 211, in start
    self.asyncio_loop.run_forever()
  File "c:\Users\chris\AppData\Local\Programs\Python\Python314\Lib\asyncio\base_events.py", line 677, in run_forever
    self._run_once()
  File "c:\Users\chris\AppData\Local\Programs\Python\Python314\Lib\asyncio\base_events.py", line 2046, in _run_once
    handle._run()
  File "c:\Users\chris\AppData\Local\Programs\Python\Python314\Lib\asyncio\events.py", line 94, in _run
    self._context.run(self._callback, *self._args)
  File "C:\Users\chris\AppData\Roaming\Python\Python314\site-packages\ipykernel\kernelbase.py", line 621, in shell_main
    await self.dispatch_shell(msg, subshell_id=subshell_id)
  File "C:\Users\chris\AppData\Roaming\Python\Python314\site-packages\ipykernel\kernelbase.py", line 478, in dispatch_shell
    await result
  File "C:\Users\chris\AppData\Roaming\Python\Python314\site-packages\ipykernel\ipkernel.py", line 372, in execute_request
    await super().execute_request(stream, ident, parent)
  File "C:\Users\chris\AppData\Roaming\Python\Python314\site-packages\ipykernel\kernelbase.py", line 834, in execute_request
    reply_content = await reply_content
  File "C:\Users\chris\AppData\Roaming\Python\Python314\site-packages\ipykernel\ipkernel.py", line 464, in do_execute
    res = shell.run_cell(
  File "C:\Users\chris\AppData\Roaming\Python\Python314\site-packages\ipykernel\zmqshell.py", line 663, in run_cell
    return super().run_cell(*args, **kwargs)
  File "C:\Users\chris\AppData\Roaming\Python\Python314\site-packages\IPython\core\interactiveshell.py", line 3170, in run_cell
    result = self._run_cell(
  File "C:\Users\chris\AppData\Roaming\Python\Python314\site-packages\IPython\core\interactiveshell.py", line 3225, in _run_cell
    result = runner(coro)
  File "C:\Users\chris\AppData\Roaming\Python\Python314\site-packages\IPython\core\async_helpers.py", line 128, in _pseudo_sync_runner
    coro.send(None)
  File "C:\Users\chris\AppData\Roaming\Python\Python314\site-packages\IPython\core\interactiveshell.py", line 3447, in run_cell_async
    has_raised = await self.run_ast_nodes(code_ast.body, cell_name,
  File "C:\Users\chris\AppData\Roaming\Python\Python314\site-packages\IPython\core\interactiveshell.py", line 3688, in run_ast_nodes
    if await self.run_code(code, result, async_=asy):
  File "C:\Users\chris\AppData\Roaming\Python\Python314\site-packages\IPython\core\interactiveshell.py", line 3748, in run_code
    exec(code_obj, self.user_global_ns, self.user_ns)
  File "C:\Users\chris\AppData\Local\Temp\ipykernel_4436\3007420965.py", line 73, in <module>
    runpy.run_path(str(script_path), run_name="__main__")
  File "<frozen runpy>", line 287, in run_path
  File "<frozen runpy>", line 98, in _run_module_code
  File "<frozen runpy>", line 88, in _run_code
  File "C:\Users\chris\Desktop\Code\TracesPresenter\Traces_presenter\Jupyter\Chaine\scripts_Mirabelle\failed_run_ratio_Mirabelle.py", line 80, in <module>
    main(_read, _write)
  File "C:\Users\chris\Desktop\Code\TracesPresenter\Traces_presenter\Jupyter\Chaine\scripts_Mirabelle\failed_run_ratio_Mirabelle.py", line 65, in main
    out.info(
Message: '  %s : %s = %.3f  (%d Run.Test)'
Arguments: ('neuviemes.doperiez', 'FailedTestRunRatio', 0.6, 6)
--- Logging error ---
Traceback (most recent call last):
  File "c:\Users\chris\AppData\Local\Programs\Python\Python314\Lib\logging\__init__.py", line 1154, in emit
    stream.write(msg + self.terminator)
    ~~~~~~~~~~~~^^^^^^^^^^^^^^^^^^^^^^^
ValueError: I/O operation on closed file.
Call stack:
  File "<frozen runpy>", line 198, in _run_module_as_main
  File "<frozen runpy>", line 88, in _run_code
  File "C:\Users\chris\AppData\Roaming\Python\Python314\site-packages\ipykernel_launcher.py", line 18, in <module>
    app.launch_new_instance()
  File "C:\Users\chris\AppData\Roaming\Python\Python314\site-packages\traitlets\config\application.py", line 1082, in launch_instance
    app.start()
  File "C:\Users\chris\AppData\Roaming\Python\Python314\site-packages\ipykernel\kernelapp.py", line 758, in start
    self.io_loop.start()
  File "C:\Users\chris\AppData\Roaming\Python\Python314\site-packages\tornado\platform\asyncio.py", line 211, in start
    self.asyncio_loop.run_forever()
  File "c:\Users\chris\AppData\Local\Programs\Python\Python314\Lib\asyncio\base_events.py", line 677, in run_forever
    self._run_once()
  File "c:\Users\chris\AppData\Local\Programs\Python\Python314\Lib\asyncio\base_events.py", line 2046, in _run_once
    handle._run()
  File "c:\Users\chris\AppData\Local\Programs\Python\Python314\Lib\asyncio\events.py", line 94, in _run
    self._context.run(self._callback, *self._args)
  File "C:\Users\chris\AppData\Roaming\Python\Python314\site-packages\ipykernel\kernelbase.py", line 621, in shell_main
    await self.dispatch_shell(msg, subshell_id=subshell_id)
  File "C:\Users\chris\AppData\Roaming\Python\Python314\site-packages\ipykernel\kernelbase.py", line 478, in dispatch_shell
    await result
  File "C:\Users\chris\AppData\Roaming\Python\Python314\site-packages\ipykernel\ipkernel.py", line 372, in execute_request
    await super().execute_request(stream, ident, parent)
  File "C:\Users\chris\AppData\Roaming\Python\Python314\site-packages\ipykernel\kernelbase.py", line 834, in execute_request
    reply_content = await reply_content
  File "C:\Users\chris\AppData\Roaming\Python\Python314\site-packages\ipykernel\ipkernel.py", line 464, in do_execute
    res = shell.run_cell(
  File "C:\Users\chris\AppData\Roaming\Python\Python314\site-packages\ipykernel\zmqshell.py", line 663, in run_cell
    return super().run_cell(*args, **kwargs)
  File "C:\Users\chris\AppData\Roaming\Python\Python314\site-packages\IPython\core\interactiveshell.py", line 3170, in run_cell
    result = self._run_cell(
  File "C:\Users\chris\AppData\Roaming\Python\Python314\site-packages\IPython\core\interactiveshell.py", line 3225, in _run_cell
    result = runner(coro)
  File "C:\Users\chris\AppData\Roaming\Python\Python314\site-packages\IPython\core\async_helpers.py", line 128, in _pseudo_sync_runner
    coro.send(None)
  File "C:\Users\chris\AppData\Roaming\Python\Python314\site-packages\IPython\core\interactiveshell.py", line 3447, in run_cell_async
    has_raised = await self.run_ast_nodes(code_ast.body, cell_name,
  File "C:\Users\chris\AppData\Roaming\Python\Python314\site-packages\IPython\core\interactiveshell.py", line 3688, in run_ast_nodes
    if await self.run_code(code, result, async_=asy):
  File "C:\Users\chris\AppData\Roaming\Python\Python314\site-packages\IPython\core\interactiveshell.py", line 3748, in run_code
    exec(code_obj, self.user_global_ns, self.user_ns)
  File "C:\Users\chris\AppData\Local\Temp\ipykernel_4436\3007420965.py", line 73, in <module>
    runpy.run_path(str(script_path), run_name="__main__")
  File "<frozen runpy>", line 287, in run_path
  File "<frozen runpy>", line 98, in _run_module_code
  File "<frozen runpy>", line 88, in _run_code
  File "C:\Users\chris\Desktop\Code\TracesPresenter\Traces_presenter\Jupyter\Chaine\scripts_Mirabelle\failed_run_ratio_Mirabelle.py", line 80, in <module>
    main(_read, _write)
  File "C:\Users\chris\Desktop\Code\TracesPresenter\Traces_presenter\Jupyter\Chaine\scripts_Mirabelle\failed_run_ratio_Mirabelle.py", line 65, in main
    out.info(
Message: '  %s : %s = %.3f  (%d Run.Test)'
Arguments: ('offrirait.rendors', 'FailedTestRunRatio', 0.7857142857142857, 14)
--- Logging error ---
Traceback (most recent call last):
  File "c:\Users\chris\AppData\Local\Programs\Python\Python314\Lib\logging\__init__.py", line 1154, in emit
    stream.write(msg + self.terminator)
    ~~~~~~~~~~~~^^^^^^^^^^^^^^^^^^^^^^^
ValueError: I/O operation on closed file.
Call stack:
  File "<frozen runpy>", line 198, in _run_module_as_main
  File "<frozen runpy>", line 88, in _run_code
  File "C:\Users\chris\AppData\Roaming\Python\Python314\site-packages\ipykernel_launcher.py", line 18, in <module>
    app.launch_new_instance()
  File "C:\Users\chris\AppData\Roaming\Python\Python314\site-packages\traitlets\config\application.py", line 1082, in launch_instance
    app.start()
  File "C:\Users\chris\AppData\Roaming\Python\Python314\site-packages\ipykernel\kernelapp.py", line 758, in start
    self.io_loop.start()
  File "C:\Users\chris\AppData\Roaming\Python\Python314\site-packages\tornado\platform\asyncio.py", line 211, in start
    self.asyncio_loop.run_forever()
  File "c:\Users\chris\AppData\Local\Programs\Python\Python314\Lib\asyncio\base_events.py", line 677, in run_forever
    self._run_once()
  File "c:\Users\chris\AppData\Local\Programs\Python\Python314\Lib\asyncio\base_events.py", line 2046, in _run_once
    handle._run()
  File "c:\Users\chris\AppData\Local\Programs\Python\Python314\Lib\asyncio\events.py", line 94, in _run
    self._context.run(self._callback, *self._args)
  File "C:\Users\chris\AppData\Roaming\Python\Python314\site-packages\ipykernel\kernelbase.py", line 621, in shell_main
    await self.dispatch_shell(msg, subshell_id=subshell_id)
  File "C:\Users\chris\AppData\Roaming\Python\Python314\site-packages\ipykernel\kernelbase.py", line 478, in dispatch_shell
    await result
  File "C:\Users\chris\AppData\Roaming\Python\Python314\site-packages\ipykernel\ipkernel.py", line 372, in execute_request
    await super().execute_request(stream, ident, parent)
  File "C:\Users\chris\AppData\Roaming\Python\Python314\site-packages\ipykernel\kernelbase.py", line 834, in execute_request
    reply_content = await reply_content
  File "C:\Users\chris\AppData\Roaming\Python\Python314\site-packages\ipykernel\ipkernel.py", line 464, in do_execute
    res = shell.run_cell(
  File "C:\Users\chris\AppData\Roaming\Python\Python314\site-packages\ipykernel\zmqshell.py", line 663, in run_cell
    return super().run_cell(*args, **kwargs)
  File "C:\Users\chris\AppData\Roaming\Python\Python314\site-packages\IPython\core\interactiveshell.py", line 3170, in run_cell
    result = self._run_cell(
  File "C:\Users\chris\AppData\Roaming\Python\Python314\site-packages\IPython\core\interactiveshell.py", line 3225, in _run_cell
    result = runner(coro)
  File "C:\Users\chris\AppData\Roaming\Python\Python314\site-packages\IPython\core\async_helpers.py", line 128, in _pseudo_sync_runner
    coro.send(None)
  File "C:\Users\chris\AppData\Roaming\Python\Python314\site-packages\IPython\core\interactiveshell.py", line 3447, in run_cell_async
    has_raised = await self.run_ast_nodes(code_ast.body, cell_name,
  File "C:\Users\chris\AppData\Roaming\Python\Python314\site-packages\IPython\core\interactiveshell.py", line 3688, in run_ast_nodes
    if await self.run_code(code, result, async_=asy):
  File "C:\Users\chris\AppData\Roaming\Python\Python314\site-packages\IPython\core\interactiveshell.py", line 3748, in run_code
    exec(code_obj, self.user_global_ns, self.user_ns)
  File "C:\Users\chris\AppData\Local\Temp\ipykernel_4436\3007420965.py", line 73, in <module>
    runpy.run_path(str(script_path), run_name="__main__")
  File "<frozen runpy>", line 287, in run_path
  File "<frozen runpy>", line 98, in _run_module_code
  File "<frozen runpy>", line 88, in _run_code
  File "C:\Users\chris\Desktop\Code\TracesPresenter\Traces_presenter\Jupyter\Chaine\scripts_Mirabelle\failed_run_ratio_Mirabelle.py", line 80, in <module>
    main(_read, _write)
  File "C:\Users\chris\Desktop\Code\TracesPresenter\Traces_presenter\Jupyter\Chaine\scripts_Mirabelle\failed_run_ratio_Mirabelle.py", line 65, in main
    out.info(
Message: '  %s : %s = %.3f  (%d Run.Test)'
Arguments: ('penombres.intermede', 'FailedTestRunRatio', 1.0, 1)
--- Logging error ---
Traceback (most recent call last):
  File "c:\Users\chris\AppData\Local\Programs\Python\Python314\Lib\logging\__init__.py", line 1154, in emit
    stream.write(msg + self.terminator)
    ~~~~~~~~~~~~^^^^^^^^^^^^^^^^^^^^^^^
ValueError: I/O operation on closed file.
Call stack:
  File "<frozen runpy>", line 198, in _run_module_as_main
  File "<frozen runpy>", line 88, in _run_code
  File "C:\Users\chris\AppData\Roaming\Python\Python314\site-packages\ipykernel_launcher.py", line 18, in <module>
    app.launch_new_instance()
  File "C:\Users\chris\AppData\Roaming\Python\Python314\site-packages\traitlets\config\application.py", line 1082, in launch_instance
    app.start()
  File "C:\Users\chris\AppData\Roaming\Python\Python314\site-packages\ipykernel\kernelapp.py", line 758, in start
    self.io_loop.start()
  File "C:\Users\chris\AppData\Roaming\Python\Python314\site-packages\tornado\platform\asyncio.py", line 211, in start
    self.asyncio_loop.run_forever()
  File "c:\Users\chris\AppData\Local\Programs\Python\Python314\Lib\asyncio\base_events.py", line 677, in run_forever
    self._run_once()
  File "c:\Users\chris\AppData\Local\Programs\Python\Python314\Lib\asyncio\base_events.py", line 2046, in _run_once
    handle._run()
  File "c:\Users\chris\AppData\Local\Programs\Python\Python314\Lib\asyncio\events.py", line 94, in _run
    self._context.run(self._callback, *self._args)
  File "C:\Users\chris\AppData\Roaming\Python\Python314\site-packages\ipykernel\kernelbase.py", line 621, in shell_main
    await self.dispatch_shell(msg, subshell_id=subshell_id)
  File "C:\Users\chris\AppData\Roaming\Python\Python314\site-packages\ipykernel\kernelbase.py", line 478, in dispatch_shell
    await result
  File "C:\Users\chris\AppData\Roaming\Python\Python314\site-packages\ipykernel\ipkernel.py", line 372, in execute_request
    await super().execute_request(stream, ident, parent)
  File "C:\Users\chris\AppData\Roaming\Python\Python314\site-packages\ipykernel\kernelbase.py", line 834, in execute_request
    reply_content = await reply_content
  File "C:\Users\chris\AppData\Roaming\Python\Python314\site-packages\ipykernel\ipkernel.py", line 464, in do_execute
    res = shell.run_cell(
  File "C:\Users\chris\AppData\Roaming\Python\Python314\site-packages\ipykernel\zmqshell.py", line 663, in run_cell
    return super().run_cell(*args, **kwargs)
  File "C:\Users\chris\AppData\Roaming\Python\Python314\site-packages\IPython\core\interactiveshell.py", line 3170, in run_cell
    result = self._run_cell(
  File "C:\Users\chris\AppData\Roaming\Python\Python314\site-packages\IPython\core\interactiveshell.py", line 3225, in _run_cell
    result = runner(coro)
  File "C:\Users\chris\AppData\Roaming\Python\Python314\site-packages\IPython\core\async_helpers.py", line 128, in _pseudo_sync_runner
    coro.send(None)
  File "C:\Users\chris\AppData\Roaming\Python\Python314\site-packages\IPython\core\interactiveshell.py", line 3447, in run_cell_async
    has_raised = await self.run_ast_nodes(code_ast.body, cell_name,
  File "C:\Users\chris\AppData\Roaming\Python\Python314\site-packages\IPython\core\interactiveshell.py", line 3688, in run_ast_nodes
    if await self.run_code(code, result, async_=asy):
  File "C:\Users\chris\AppData\Roaming\Python\Python314\site-packages\IPython\core\interactiveshell.py", line 3748, in run_code
    exec(code_obj, self.user_global_ns, self.user_ns)
  File "C:\Users\chris\AppData\Local\Temp\ipykernel_4436\3007420965.py", line 73, in <module>
    runpy.run_path(str(script_path), run_name="__main__")
  File "<frozen runpy>", line 287, in run_path
  File "<frozen runpy>", line 98, in _run_module_code
  File "<frozen runpy>", line 88, in _run_code
  File "C:\Users\chris\Desktop\Code\TracesPresenter\Traces_presenter\Jupyter\Chaine\scripts_Mirabelle\failed_run_ratio_Mirabelle.py", line 80, in <module>
    main(_read, _write)
  File "C:\Users\chris\Desktop\Code\TracesPresenter\Traces_presenter\Jupyter\Chaine\scripts_Mirabelle\failed_run_ratio_Mirabelle.py", line 65, in main
    out.info(
Message: '  %s : %s = %.3f  (%d Run.Test)'
Arguments: ('pervenche.saturera', 'FailedTestRunRatio', 1.0, 2)
--- Logging error ---
Traceback (most recent call last):
  File "c:\Users\chris\AppData\Local\Programs\Python\Python314\Lib\logging\__init__.py", line 1154, in emit
    stream.write(msg + self.terminator)
    ~~~~~~~~~~~~^^^^^^^^^^^^^^^^^^^^^^^
ValueError: I/O operation on closed file.
Call stack:
  File "<frozen runpy>", line 198, in _run_module_as_main
  File "<frozen runpy>", line 88, in _run_code
  File "C:\Users\chris\AppData\Roaming\Python\Python314\site-packages\ipykernel_launcher.py", line 18, in <module>
    app.launch_new_instance()
  File "C:\Users\chris\AppData\Roaming\Python\Python314\site-packages\traitlets\config\application.py", line 1082, in launch_instance
    app.start()
  File "C:\Users\chris\AppData\Roaming\Python\Python314\site-packages\ipykernel\kernelapp.py", line 758, in start
    self.io_loop.start()
  File "C:\Users\chris\AppData\Roaming\Python\Python314\site-packages\tornado\platform\asyncio.py", line 211, in start
    self.asyncio_loop.run_forever()
  File "c:\Users\chris\AppData\Local\Programs\Python\Python314\Lib\asyncio\base_events.py", line 677, in run_forever
    self._run_once()
  File "c:\Users\chris\AppData\Local\Programs\Python\Python314\Lib\asyncio\base_events.py", line 2046, in _run_once
    handle._run()
  File "c:\Users\chris\AppData\Local\Programs\Python\Python314\Lib\asyncio\events.py", line 94, in _run
    self._context.run(self._callback, *self._args)
  File "C:\Users\chris\AppData\Roaming\Python\Python314\site-packages\ipykernel\kernelbase.py", line 621, in shell_main
    await self.dispatch_shell(msg, subshell_id=subshell_id)
  File "C:\Users\chris\AppData\Roaming\Python\Python314\site-packages\ipykernel\kernelbase.py", line 478, in dispatch_shell
    await result
  File "C:\Users\chris\AppData\Roaming\Python\Python314\site-packages\ipykernel\ipkernel.py", line 372, in execute_request
    await super().execute_request(stream, ident, parent)
  File "C:\Users\chris\AppData\Roaming\Python\Python314\site-packages\ipykernel\kernelbase.py", line 834, in execute_request
    reply_content = await reply_content
  File "C:\Users\chris\AppData\Roaming\Python\Python314\site-packages\ipykernel\ipkernel.py", line 464, in do_execute
    res = shell.run_cell(
  File "C:\Users\chris\AppData\Roaming\Python\Python314\site-packages\ipykernel\zmqshell.py", line 663, in run_cell
    return super().run_cell(*args, **kwargs)
  File "C:\Users\chris\AppData\Roaming\Python\Python314\site-packages\IPython\core\interactiveshell.py", line 3170, in run_cell
    result = self._run_cell(
  File "C:\Users\chris\AppData\Roaming\Python\Python314\site-packages\IPython\core\interactiveshell.py", line 3225, in _run_cell
    result = runner(coro)
  File "C:\Users\chris\AppData\Roaming\Python\Python314\site-packages\IPython\core\async_helpers.py", line 128, in _pseudo_sync_runner
    coro.send(None)
  File "C:\Users\chris\AppData\Roaming\Python\Python314\site-packages\IPython\core\interactiveshell.py", line 3447, in run_cell_async
    has_raised = await self.run_ast_nodes(code_ast.body, cell_name,
  File "C:\Users\chris\AppData\Roaming\Python\Python314\site-packages\IPython\core\interactiveshell.py", line 3688, in run_ast_nodes
    if await self.run_code(code, result, async_=asy):
  File "C:\Users\chris\AppData\Roaming\Python\Python314\site-packages\IPython\core\interactiveshell.py", line 3748, in run_code
    exec(code_obj, self.user_global_ns, self.user_ns)
  File "C:\Users\chris\AppData\Local\Temp\ipykernel_4436\3007420965.py", line 73, in <module>
    runpy.run_path(str(script_path), run_name="__main__")
  File "<frozen runpy>", line 287, in run_path
  File "<frozen runpy>", line 98, in _run_module_code
  File "<frozen runpy>", line 88, in _run_code
  File "C:\Users\chris\Desktop\Code\TracesPresenter\Traces_presenter\Jupyter\Chaine\scripts_Mirabelle\failed_run_ratio_Mirabelle.py", line 80, in <module>
    main(_read, _write)
  File "C:\Users\chris\Desktop\Code\TracesPresenter\Traces_presenter\Jupyter\Chaine\scripts_Mirabelle\failed_run_ratio_Mirabelle.py", line 65, in main
    out.info(
Message: '  %s : %s = %.3f  (%d Run.Test)'
Arguments: ('plastique.ratatines', 'FailedTestRunRatio', 0.7777777777777778, 15)
--- Logging error ---
Traceback (most recent call last):
  File "c:\Users\chris\AppData\Local\Programs\Python\Python314\Lib\logging\__init__.py", line 1154, in emit
    stream.write(msg + self.terminator)
    ~~~~~~~~~~~~^^^^^^^^^^^^^^^^^^^^^^^
ValueError: I/O operation on closed file.
Call stack:
  File "<frozen runpy>", line 198, in _run_module_as_main
  File "<frozen runpy>", line 88, in _run_code
  File "C:\Users\chris\AppData\Roaming\Python\Python314\site-packages\ipykernel_launcher.py", line 18, in <module>
    app.launch_new_instance()
  File "C:\Users\chris\AppData\Roaming\Python\Python314\site-packages\traitlets\config\application.py", line 1082, in launch_instance
    app.start()
  File "C:\Users\chris\AppData\Roaming\Python\Python314\site-packages\ipykernel\kernelapp.py", line 758, in start
    self.io_loop.start()
  File "C:\Users\chris\AppData\Roaming\Python\Python314\site-packages\tornado\platform\asyncio.py", line 211, in start
    self.asyncio_loop.run_forever()
  File "c:\Users\chris\AppData\Local\Programs\Python\Python314\Lib\asyncio\base_events.py", line 677, in run_forever
    self._run_once()
  File "c:\Users\chris\AppData\Local\Programs\Python\Python314\Lib\asyncio\base_events.py", line 2046, in _run_once
    handle._run()
  File "c:\Users\chris\AppData\Local\Programs\Python\Python314\Lib\asyncio\events.py", line 94, in _run
    self._context.run(self._callback, *self._args)
  File "C:\Users\chris\AppData\Roaming\Python\Python314\site-packages\ipykernel\kernelbase.py", line 621, in shell_main
    await self.dispatch_shell(msg, subshell_id=subshell_id)
  File "C:\Users\chris\AppData\Roaming\Python\Python314\site-packages\ipykernel\kernelbase.py", line 478, in dispatch_shell
    await result
  File "C:\Users\chris\AppData\Roaming\Python\Python314\site-packages\ipykernel\ipkernel.py", line 372, in execute_request
    await super().execute_request(stream, ident, parent)
  File "C:\Users\chris\AppData\Roaming\Python\Python314\site-packages\ipykernel\kernelbase.py", line 834, in execute_request
    reply_content = await reply_content
  File "C:\Users\chris\AppData\Roaming\Python\Python314\site-packages\ipykernel\ipkernel.py", line 464, in do_execute
    res = shell.run_cell(
  File "C:\Users\chris\AppData\Roaming\Python\Python314\site-packages\ipykernel\zmqshell.py", line 663, in run_cell
    return super().run_cell(*args, **kwargs)
  File "C:\Users\chris\AppData\Roaming\Python\Python314\site-packages\IPython\core\interactiveshell.py", line 3170, in run_cell
    result = self._run_cell(
  File "C:\Users\chris\AppData\Roaming\Python\Python314\site-packages\IPython\core\interactiveshell.py", line 3225, in _run_cell
    result = runner(coro)
  File "C:\Users\chris\AppData\Roaming\Python\Python314\site-packages\IPython\core\async_helpers.py", line 128, in _pseudo_sync_runner
    coro.send(None)
  File "C:\Users\chris\AppData\Roaming\Python\Python314\site-packages\IPython\core\interactiveshell.py", line 3447, in run_cell_async
    has_raised = await self.run_ast_nodes(code_ast.body, cell_name,
  File "C:\Users\chris\AppData\Roaming\Python\Python314\site-packages\IPython\core\interactiveshell.py", line 3688, in run_ast_nodes
    if await self.run_code(code, result, async_=asy):
  File "C:\Users\chris\AppData\Roaming\Python\Python314\site-packages\IPython\core\interactiveshell.py", line 3748, in run_code
    exec(code_obj, self.user_global_ns, self.user_ns)
  File "C:\Users\chris\AppData\Local\Temp\ipykernel_4436\3007420965.py", line 73, in <module>
    runpy.run_path(str(script_path), run_name="__main__")
  File "<frozen runpy>", line 287, in run_path
  File "<frozen runpy>", line 98, in _run_module_code
  File "<frozen runpy>", line 88, in _run_code
  File "C:\Users\chris\Desktop\Code\TracesPresenter\Traces_presenter\Jupyter\Chaine\scripts_Mirabelle\failed_run_ratio_Mirabelle.py", line 80, in <module>
    main(_read, _write)
  File "C:\Users\chris\Desktop\Code\TracesPresenter\Traces_presenter\Jupyter\Chaine\scripts_Mirabelle\failed_run_ratio_Mirabelle.py", line 65, in main
    out.info(
Message: '  %s : %s = %.3f  (%d Run.Test)'
Arguments: ('postuler.petrifie', 'FailedTestRunRatio', 0.2857142857142857, 10)
--- Logging error ---
Traceback (most recent call last):
  File "c:\Users\chris\AppData\Local\Programs\Python\Python314\Lib\logging\__init__.py", line 1154, in emit
    stream.write(msg + self.terminator)
    ~~~~~~~~~~~~^^^^^^^^^^^^^^^^^^^^^^^
ValueError: I/O operation on closed file.
Call stack:
  File "<frozen runpy>", line 198, in _run_module_as_main
  File "<frozen runpy>", line 88, in _run_code
  File "C:\Users\chris\AppData\Roaming\Python\Python314\site-packages\ipykernel_launcher.py", line 18, in <module>
    app.launch_new_instance()
  File "C:\Users\chris\AppData\Roaming\Python\Python314\site-packages\traitlets\config\application.py", line 1082, in launch_instance
    app.start()
  File "C:\Users\chris\AppData\Roaming\Python\Python314\site-packages\ipykernel\kernelapp.py", line 758, in start
    self.io_loop.start()
  File "C:\Users\chris\AppData\Roaming\Python\Python314\site-packages\tornado\platform\asyncio.py", line 211, in start
    self.asyncio_loop.run_forever()
  File "c:\Users\chris\AppData\Local\Programs\Python\Python314\Lib\asyncio\base_events.py", line 677, in run_forever
    self._run_once()
  File "c:\Users\chris\AppData\Local\Programs\Python\Python314\Lib\asyncio\base_events.py", line 2046, in _run_once
    handle._run()
  File "c:\Users\chris\AppData\Local\Programs\Python\Python314\Lib\asyncio\events.py", line 94, in _run
    self._context.run(self._callback, *self._args)
  File "C:\Users\chris\AppData\Roaming\Python\Python314\site-packages\ipykernel\kernelbase.py", line 621, in shell_main
    await self.dispatch_shell(msg, subshell_id=subshell_id)
  File "C:\Users\chris\AppData\Roaming\Python\Python314\site-packages\ipykernel\kernelbase.py", line 478, in dispatch_shell
    await result
  File "C:\Users\chris\AppData\Roaming\Python\Python314\site-packages\ipykernel\ipkernel.py", line 372, in execute_request
    await super().execute_request(stream, ident, parent)
  File "C:\Users\chris\AppData\Roaming\Python\Python314\site-packages\ipykernel\kernelbase.py", line 834, in execute_request
    reply_content = await reply_content
  File "C:\Users\chris\AppData\Roaming\Python\Python314\site-packages\ipykernel\ipkernel.py", line 464, in do_execute
    res = shell.run_cell(
  File "C:\Users\chris\AppData\Roaming\Python\Python314\site-packages\ipykernel\zmqshell.py", line 663, in run_cell
    return super().run_cell(*args, **kwargs)
  File "C:\Users\chris\AppData\Roaming\Python\Python314\site-packages\IPython\core\interactiveshell.py", line 3170, in run_cell
    result = self._run_cell(
  File "C:\Users\chris\AppData\Roaming\Python\Python314\site-packages\IPython\core\interactiveshell.py", line 3225, in _run_cell
    result = runner(coro)
  File "C:\Users\chris\AppData\Roaming\Python\Python314\site-packages\IPython\core\async_helpers.py", line 128, in _pseudo_sync_runner
    coro.send(None)
  File "C:\Users\chris\AppData\Roaming\Python\Python314\site-packages\IPython\core\interactiveshell.py", line 3447, in run_cell_async
    has_raised = await self.run_ast_nodes(code_ast.body, cell_name,
  File "C:\Users\chris\AppData\Roaming\Python\Python314\site-packages\IPython\core\interactiveshell.py", line 3688, in run_ast_nodes
    if await self.run_code(code, result, async_=asy):
  File "C:\Users\chris\AppData\Roaming\Python\Python314\site-packages\IPython\core\interactiveshell.py", line 3748, in run_code
    exec(code_obj, self.user_global_ns, self.user_ns)
  File "C:\Users\chris\AppData\Local\Temp\ipykernel_4436\3007420965.py", line 73, in <module>
    runpy.run_path(str(script_path), run_name="__main__")
  File "<frozen runpy>", line 287, in run_path
  File "<frozen runpy>", line 98, in _run_module_code
  File "<frozen runpy>", line 88, in _run_code
  File "C:\Users\chris\Desktop\Code\TracesPresenter\Traces_presenter\Jupyter\Chaine\scripts_Mirabelle\failed_run_ratio_Mirabelle.py", line 80, in <module>
    main(_read, _write)
  File "C:\Users\chris\Desktop\Code\TracesPresenter\Traces_presenter\Jupyter\Chaine\scripts_Mirabelle\failed_run_ratio_Mirabelle.py", line 61, in main
    out.warning("  %s : aucun Run.Test non vide — ignoré", actor)
Message: '  %s : aucun Run.Test non vide — ignoré'
Arguments: ('purifiera.tenonner',)
--- Logging error ---
Traceback (most recent call last):
  File "c:\Users\chris\AppData\Local\Programs\Python\Python314\Lib\logging\__init__.py", line 1154, in emit
    stream.write(msg + self.terminator)
    ~~~~~~~~~~~~^^^^^^^^^^^^^^^^^^^^^^^
ValueError: I/O operation on closed file.
Call stack:
  File "<frozen runpy>", line 198, in _run_module_as_main
  File "<frozen runpy>", line 88, in _run_code
  File "C:\Users\chris\AppData\Roaming\Python\Python314\site-packages\ipykernel_launcher.py", line 18, in <module>
    app.launch_new_instance()
  File "C:\Users\chris\AppData\Roaming\Python\Python314\site-packages\traitlets\config\application.py", line 1082, in launch_instance
    app.start()
  File "C:\Users\chris\AppData\Roaming\Python\Python314\site-packages\ipykernel\kernelapp.py", line 758, in start
    self.io_loop.start()
  File "C:\Users\chris\AppData\Roaming\Python\Python314\site-packages\tornado\platform\asyncio.py", line 211, in start
    self.asyncio_loop.run_forever()
  File "c:\Users\chris\AppData\Local\Programs\Python\Python314\Lib\asyncio\base_events.py", line 677, in run_forever
    self._run_once()
  File "c:\Users\chris\AppData\Local\Programs\Python\Python314\Lib\asyncio\base_events.py", line 2046, in _run_once
    handle._run()
  File "c:\Users\chris\AppData\Local\Programs\Python\Python314\Lib\asyncio\events.py", line 94, in _run
    self._context.run(self._callback, *self._args)
  File "C:\Users\chris\AppData\Roaming\Python\Python314\site-packages\ipykernel\kernelbase.py", line 621, in shell_main
    await self.dispatch_shell(msg, subshell_id=subshell_id)
  File "C:\Users\chris\AppData\Roaming\Python\Python314\site-packages\ipykernel\kernelbase.py", line 478, in dispatch_shell
    await result
  File "C:\Users\chris\AppData\Roaming\Python\Python314\site-packages\ipykernel\ipkernel.py", line 372, in execute_request
    await super().execute_request(stream, ident, parent)
  File "C:\Users\chris\AppData\Roaming\Python\Python314\site-packages\ipykernel\kernelbase.py", line 834, in execute_request
    reply_content = await reply_content
  File "C:\Users\chris\AppData\Roaming\Python\Python314\site-packages\ipykernel\ipkernel.py", line 464, in do_execute
    res = shell.run_cell(
  File "C:\Users\chris\AppData\Roaming\Python\Python314\site-packages\ipykernel\zmqshell.py", line 663, in run_cell
    return super().run_cell(*args, **kwargs)
  File "C:\Users\chris\AppData\Roaming\Python\Python314\site-packages\IPython\core\interactiveshell.py", line 3170, in run_cell
    result = self._run_cell(
  File "C:\Users\chris\AppData\Roaming\Python\Python314\site-packages\IPython\core\interactiveshell.py", line 3225, in _run_cell
    result = runner(coro)
  File "C:\Users\chris\AppData\Roaming\Python\Python314\site-packages\IPython\core\async_helpers.py", line 128, in _pseudo_sync_runner
    coro.send(None)
  File "C:\Users\chris\AppData\Roaming\Python\Python314\site-packages\IPython\core\interactiveshell.py", line 3447, in run_cell_async
    has_raised = await self.run_ast_nodes(code_ast.body, cell_name,
  File "C:\Users\chris\AppData\Roaming\Python\Python314\site-packages\IPython\core\interactiveshell.py", line 3688, in run_ast_nodes
    if await self.run_code(code, result, async_=asy):
  File "C:\Users\chris\AppData\Roaming\Python\Python314\site-packages\IPython\core\interactiveshell.py", line 3748, in run_code
    exec(code_obj, self.user_global_ns, self.user_ns)
  File "C:\Users\chris\AppData\Local\Temp\ipykernel_4436\3007420965.py", line 73, in <module>
    runpy.run_path(str(script_path), run_name="__main__")
  File "<frozen runpy>", line 287, in run_path
  File "<frozen runpy>", line 98, in _run_module_code
  File "<frozen runpy>", line 88, in _run_code
  File "C:\Users\chris\Desktop\Code\TracesPresenter\Traces_presenter\Jupyter\Chaine\scripts_Mirabelle\failed_run_ratio_Mirabelle.py", line 80, in <module>
    main(_read, _write)
  File "C:\Users\chris\Desktop\Code\TracesPresenter\Traces_presenter\Jupyter\Chaine\scripts_Mirabelle\failed_run_ratio_Mirabelle.py", line 65, in main
    out.info(
Message: '  %s : %s = %.3f  (%d Run.Test)'
Arguments: ('rayonnage.atterrait', 'FailedTestRunRatio', 0.0, 6)
--- Logging error ---
Traceback (most recent call last):
  File "c:\Users\chris\AppData\Local\Programs\Python\Python314\Lib\logging\__init__.py", line 1154, in emit
    stream.write(msg + self.terminator)
    ~~~~~~~~~~~~^^^^^^^^^^^^^^^^^^^^^^^
ValueError: I/O operation on closed file.
Call stack:
  File "<frozen runpy>", line 198, in _run_module_as_main
  File "<frozen runpy>", line 88, in _run_code
  File "C:\Users\chris\AppData\Roaming\Python\Python314\site-packages\ipykernel_launcher.py", line 18, in <module>
    app.launch_new_instance()
  File "C:\Users\chris\AppData\Roaming\Python\Python314\site-packages\traitlets\config\application.py", line 1082, in launch_instance
    app.start()
  File "C:\Users\chris\AppData\Roaming\Python\Python314\site-packages\ipykernel\kernelapp.py", line 758, in start
    self.io_loop.start()
  File "C:\Users\chris\AppData\Roaming\Python\Python314\site-packages\tornado\platform\asyncio.py", line 211, in start
    self.asyncio_loop.run_forever()
  File "c:\Users\chris\AppData\Local\Programs\Python\Python314\Lib\asyncio\base_events.py", line 677, in run_forever
    self._run_once()
  File "c:\Users\chris\AppData\Local\Programs\Python\Python314\Lib\asyncio\base_events.py", line 2046, in _run_once
    handle._run()
  File "c:\Users\chris\AppData\Local\Programs\Python\Python314\Lib\asyncio\events.py", line 94, in _run
    self._context.run(self._callback, *self._args)
  File "C:\Users\chris\AppData\Roaming\Python\Python314\site-packages\ipykernel\kernelbase.py", line 621, in shell_main
    await self.dispatch_shell(msg, subshell_id=subshell_id)
  File "C:\Users\chris\AppData\Roaming\Python\Python314\site-packages\ipykernel\kernelbase.py", line 478, in dispatch_shell
    await result
  File "C:\Users\chris\AppData\Roaming\Python\Python314\site-packages\ipykernel\ipkernel.py", line 372, in execute_request
    await super().execute_request(stream, ident, parent)
  File "C:\Users\chris\AppData\Roaming\Python\Python314\site-packages\ipykernel\kernelbase.py", line 834, in execute_request
    reply_content = await reply_content
  File "C:\Users\chris\AppData\Roaming\Python\Python314\site-packages\ipykernel\ipkernel.py", line 464, in do_execute
    res = shell.run_cell(
  File "C:\Users\chris\AppData\Roaming\Python\Python314\site-packages\ipykernel\zmqshell.py", line 663, in run_cell
    return super().run_cell(*args, **kwargs)
  File "C:\Users\chris\AppData\Roaming\Python\Python314\site-packages\IPython\core\interactiveshell.py", line 3170, in run_cell
    result = self._run_cell(
  File "C:\Users\chris\AppData\Roaming\Python\Python314\site-packages\IPython\core\interactiveshell.py", line 3225, in _run_cell
    result = runner(coro)
  File "C:\Users\chris\AppData\Roaming\Python\Python314\site-packages\IPython\core\async_helpers.py", line 128, in _pseudo_sync_runner
    coro.send(None)
  File "C:\Users\chris\AppData\Roaming\Python\Python314\site-packages\IPython\core\interactiveshell.py", line 3447, in run_cell_async
    has_raised = await self.run_ast_nodes(code_ast.body, cell_name,
  File "C:\Users\chris\AppData\Roaming\Python\Python314\site-packages\IPython\core\interactiveshell.py", line 3688, in run_ast_nodes
    if await self.run_code(code, result, async_=asy):
  File "C:\Users\chris\AppData\Roaming\Python\Python314\site-packages\IPython\core\interactiveshell.py", line 3748, in run_code
    exec(code_obj, self.user_global_ns, self.user_ns)
  File "C:\Users\chris\AppData\Local\Temp\ipykernel_4436\3007420965.py", line 73, in <module>
    runpy.run_path(str(script_path), run_name="__main__")
  File "<frozen runpy>", line 287, in run_path
  File "<frozen runpy>", line 98, in _run_module_code
  File "<frozen runpy>", line 88, in _run_code
  File "C:\Users\chris\Desktop\Code\TracesPresenter\Traces_presenter\Jupyter\Chaine\scripts_Mirabelle\failed_run_ratio_Mirabelle.py", line 80, in <module>
    main(_read, _write)
  File "C:\Users\chris\Desktop\Code\TracesPresenter\Traces_presenter\Jupyter\Chaine\scripts_Mirabelle\failed_run_ratio_Mirabelle.py", line 61, in main
    out.warning("  %s : aucun Run.Test non vide — ignoré", actor)
Message: '  %s : aucun Run.Test non vide — ignoré'
Arguments: ('reclus.ridee',)
--- Logging error ---
Traceback (most recent call last):
  File "c:\Users\chris\AppData\Local\Programs\Python\Python314\Lib\logging\__init__.py", line 1154, in emit
    stream.write(msg + self.terminator)
    ~~~~~~~~~~~~^^^^^^^^^^^^^^^^^^^^^^^
ValueError: I/O operation on closed file.
Call stack:
  File "<frozen runpy>", line 198, in _run_module_as_main
  File "<frozen runpy>", line 88, in _run_code
  File "C:\Users\chris\AppData\Roaming\Python\Python314\site-packages\ipykernel_launcher.py", line 18, in <module>
    app.launch_new_instance()
  File "C:\Users\chris\AppData\Roaming\Python\Python314\site-packages\traitlets\config\application.py", line 1082, in launch_instance
    app.start()
  File "C:\Users\chris\AppData\Roaming\Python\Python314\site-packages\ipykernel\kernelapp.py", line 758, in start
    self.io_loop.start()
  File "C:\Users\chris\AppData\Roaming\Python\Python314\site-packages\tornado\platform\asyncio.py", line 211, in start
    self.asyncio_loop.run_forever()
  File "c:\Users\chris\AppData\Local\Programs\Python\Python314\Lib\asyncio\base_events.py", line 677, in run_forever
    self._run_once()
  File "c:\Users\chris\AppData\Local\Programs\Python\Python314\Lib\asyncio\base_events.py", line 2046, in _run_once
    handle._run()
  File "c:\Users\chris\AppData\Local\Programs\Python\Python314\Lib\asyncio\events.py", line 94, in _run
    self._context.run(self._callback, *self._args)
  File "C:\Users\chris\AppData\Roaming\Python\Python314\site-packages\ipykernel\kernelbase.py", line 621, in shell_main
    await self.dispatch_shell(msg, subshell_id=subshell_id)
  File "C:\Users\chris\AppData\Roaming\Python\Python314\site-packages\ipykernel\kernelbase.py", line 478, in dispatch_shell
    await result
  File "C:\Users\chris\AppData\Roaming\Python\Python314\site-packages\ipykernel\ipkernel.py", line 372, in execute_request
    await super().execute_request(stream, ident, parent)
  File "C:\Users\chris\AppData\Roaming\Python\Python314\site-packages\ipykernel\kernelbase.py", line 834, in execute_request
    reply_content = await reply_content
  File "C:\Users\chris\AppData\Roaming\Python\Python314\site-packages\ipykernel\ipkernel.py", line 464, in do_execute
    res = shell.run_cell(
  File "C:\Users\chris\AppData\Roaming\Python\Python314\site-packages\ipykernel\zmqshell.py", line 663, in run_cell
    return super().run_cell(*args, **kwargs)
  File "C:\Users\chris\AppData\Roaming\Python\Python314\site-packages\IPython\core\interactiveshell.py", line 3170, in run_cell
    result = self._run_cell(
  File "C:\Users\chris\AppData\Roaming\Python\Python314\site-packages\IPython\core\interactiveshell.py", line 3225, in _run_cell
    result = runner(coro)
  File "C:\Users\chris\AppData\Roaming\Python\Python314\site-packages\IPython\core\async_helpers.py", line 128, in _pseudo_sync_runner
    coro.send(None)
  File "C:\Users\chris\AppData\Roaming\Python\Python314\site-packages\IPython\core\interactiveshell.py", line 3447, in run_cell_async
    has_raised = await self.run_ast_nodes(code_ast.body, cell_name,
  File "C:\Users\chris\AppData\Roaming\Python\Python314\site-packages\IPython\core\interactiveshell.py", line 3688, in run_ast_nodes
    if await self.run_code(code, result, async_=asy):
  File "C:\Users\chris\AppData\Roaming\Python\Python314\site-packages\IPython\core\interactiveshell.py", line 3748, in run_code
    exec(code_obj, self.user_global_ns, self.user_ns)
  File "C:\Users\chris\AppData\Local\Temp\ipykernel_4436\3007420965.py", line 73, in <module>
    runpy.run_path(str(script_path), run_name="__main__")
  File "<frozen runpy>", line 287, in run_path
  File "<frozen runpy>", line 98, in _run_module_code
  File "<frozen runpy>", line 88, in _run_code
  File "C:\Users\chris\Desktop\Code\TracesPresenter\Traces_presenter\Jupyter\Chaine\scripts_Mirabelle\failed_run_ratio_Mirabelle.py", line 80, in <module>
    main(_read, _write)
  File "C:\Users\chris\Desktop\Code\TracesPresenter\Traces_presenter\Jupyter\Chaine\scripts_Mirabelle\failed_run_ratio_Mirabelle.py", line 61, in main
    out.warning("  %s : aucun Run.Test non vide — ignoré", actor)
Message: '  %s : aucun Run.Test non vide — ignoré'
Arguments: ('recousons.faisais',)
--- Logging error ---
Traceback (most recent call last):
  File "c:\Users\chris\AppData\Local\Programs\Python\Python314\Lib\logging\__init__.py", line 1154, in emit
    stream.write(msg + self.terminator)
    ~~~~~~~~~~~~^^^^^^^^^^^^^^^^^^^^^^^
ValueError: I/O operation on closed file.
Call stack:
  File "<frozen runpy>", line 198, in _run_module_as_main
  File "<frozen runpy>", line 88, in _run_code
  File "C:\Users\chris\AppData\Roaming\Python\Python314\site-packages\ipykernel_launcher.py", line 18, in <module>
    app.launch_new_instance()
  File "C:\Users\chris\AppData\Roaming\Python\Python314\site-packages\traitlets\config\application.py", line 1082, in launch_instance
    app.start()
  File "C:\Users\chris\AppData\Roaming\Python\Python314\site-packages\ipykernel\kernelapp.py", line 758, in start
    self.io_loop.start()
  File "C:\Users\chris\AppData\Roaming\Python\Python314\site-packages\tornado\platform\asyncio.py", line 211, in start
    self.asyncio_loop.run_forever()
  File "c:\Users\chris\AppData\Local\Programs\Python\Python314\Lib\asyncio\base_events.py", line 677, in run_forever
    self._run_once()
  File "c:\Users\chris\AppData\Local\Programs\Python\Python314\Lib\asyncio\base_events.py", line 2046, in _run_once
    handle._run()
  File "c:\Users\chris\AppData\Local\Programs\Python\Python314\Lib\asyncio\events.py", line 94, in _run
    self._context.run(self._callback, *self._args)
  File "C:\Users\chris\AppData\Roaming\Python\Python314\site-packages\ipykernel\kernelbase.py", line 621, in shell_main
    await self.dispatch_shell(msg, subshell_id=subshell_id)
  File "C:\Users\chris\AppData\Roaming\Python\Python314\site-packages\ipykernel\kernelbase.py", line 478, in dispatch_shell
    await result
  File "C:\Users\chris\AppData\Roaming\Python\Python314\site-packages\ipykernel\ipkernel.py", line 372, in execute_request
    await super().execute_request(stream, ident, parent)
  File "C:\Users\chris\AppData\Roaming\Python\Python314\site-packages\ipykernel\kernelbase.py", line 834, in execute_request
    reply_content = await reply_content
  File "C:\Users\chris\AppData\Roaming\Python\Python314\site-packages\ipykernel\ipkernel.py", line 464, in do_execute
    res = shell.run_cell(
  File "C:\Users\chris\AppData\Roaming\Python\Python314\site-packages\ipykernel\zmqshell.py", line 663, in run_cell
    return super().run_cell(*args, **kwargs)
  File "C:\Users\chris\AppData\Roaming\Python\Python314\site-packages\IPython\core\interactiveshell.py", line 3170, in run_cell
    result = self._run_cell(
  File "C:\Users\chris\AppData\Roaming\Python\Python314\site-packages\IPython\core\interactiveshell.py", line 3225, in _run_cell
    result = runner(coro)
  File "C:\Users\chris\AppData\Roaming\Python\Python314\site-packages\IPython\core\async_helpers.py", line 128, in _pseudo_sync_runner
    coro.send(None)
  File "C:\Users\chris\AppData\Roaming\Python\Python314\site-packages\IPython\core\interactiveshell.py", line 3447, in run_cell_async
    has_raised = await self.run_ast_nodes(code_ast.body, cell_name,
  File "C:\Users\chris\AppData\Roaming\Python\Python314\site-packages\IPython\core\interactiveshell.py", line 3688, in run_ast_nodes
    if await self.run_code(code, result, async_=asy):
  File "C:\Users\chris\AppData\Roaming\Python\Python314\site-packages\IPython\core\interactiveshell.py", line 3748, in run_code
    exec(code_obj, self.user_global_ns, self.user_ns)
  File "C:\Users\chris\AppData\Local\Temp\ipykernel_4436\3007420965.py", line 73, in <module>
    runpy.run_path(str(script_path), run_name="__main__")
  File "<frozen runpy>", line 287, in run_path
  File "<frozen runpy>", line 98, in _run_module_code
  File "<frozen runpy>", line 88, in _run_code
  File "C:\Users\chris\Desktop\Code\TracesPresenter\Traces_presenter\Jupyter\Chaine\scripts_Mirabelle\failed_run_ratio_Mirabelle.py", line 80, in <module>
    main(_read, _write)
  File "C:\Users\chris\Desktop\Code\TracesPresenter\Traces_presenter\Jupyter\Chaine\scripts_Mirabelle\failed_run_ratio_Mirabelle.py", line 61, in main
    out.warning("  %s : aucun Run.Test non vide — ignoré", actor)
Message: '  %s : aucun Run.Test non vide — ignoré'
Arguments: ('reculs.levais',)
--- Logging error ---
Traceback (most recent call last):
  File "c:\Users\chris\AppData\Local\Programs\Python\Python314\Lib\logging\__init__.py", line 1154, in emit
    stream.write(msg + self.terminator)
    ~~~~~~~~~~~~^^^^^^^^^^^^^^^^^^^^^^^
ValueError: I/O operation on closed file.
Call stack:
  File "<frozen runpy>", line 198, in _run_module_as_main
  File "<frozen runpy>", line 88, in _run_code
  File "C:\Users\chris\AppData\Roaming\Python\Python314\site-packages\ipykernel_launcher.py", line 18, in <module>
    app.launch_new_instance()
  File "C:\Users\chris\AppData\Roaming\Python\Python314\site-packages\traitlets\config\application.py", line 1082, in launch_instance
    app.start()
  File "C:\Users\chris\AppData\Roaming\Python\Python314\site-packages\ipykernel\kernelapp.py", line 758, in start
    self.io_loop.start()
  File "C:\Users\chris\AppData\Roaming\Python\Python314\site-packages\tornado\platform\asyncio.py", line 211, in start
    self.asyncio_loop.run_forever()
  File "c:\Users\chris\AppData\Local\Programs\Python\Python314\Lib\asyncio\base_events.py", line 677, in run_forever
    self._run_once()
  File "c:\Users\chris\AppData\Local\Programs\Python\Python314\Lib\asyncio\base_events.py", line 2046, in _run_once
    handle._run()
  File "c:\Users\chris\AppData\Local\Programs\Python\Python314\Lib\asyncio\events.py", line 94, in _run
    self._context.run(self._callback, *self._args)
  File "C:\Users\chris\AppData\Roaming\Python\Python314\site-packages\ipykernel\kernelbase.py", line 621, in shell_main
    await self.dispatch_shell(msg, subshell_id=subshell_id)
  File "C:\Users\chris\AppData\Roaming\Python\Python314\site-packages\ipykernel\kernelbase.py", line 478, in dispatch_shell
    await result
  File "C:\Users\chris\AppData\Roaming\Python\Python314\site-packages\ipykernel\ipkernel.py", line 372, in execute_request
    await super().execute_request(stream, ident, parent)
  File "C:\Users\chris\AppData\Roaming\Python\Python314\site-packages\ipykernel\kernelbase.py", line 834, in execute_request
    reply_content = await reply_content
  File "C:\Users\chris\AppData\Roaming\Python\Python314\site-packages\ipykernel\ipkernel.py", line 464, in do_execute
    res = shell.run_cell(
  File "C:\Users\chris\AppData\Roaming\Python\Python314\site-packages\ipykernel\zmqshell.py", line 663, in run_cell
    return super().run_cell(*args, **kwargs)
  File "C:\Users\chris\AppData\Roaming\Python\Python314\site-packages\IPython\core\interactiveshell.py", line 3170, in run_cell
    result = self._run_cell(
  File "C:\Users\chris\AppData\Roaming\Python\Python314\site-packages\IPython\core\interactiveshell.py", line 3225, in _run_cell
    result = runner(coro)
  File "C:\Users\chris\AppData\Roaming\Python\Python314\site-packages\IPython\core\async_helpers.py", line 128, in _pseudo_sync_runner
    coro.send(None)
  File "C:\Users\chris\AppData\Roaming\Python\Python314\site-packages\IPython\core\interactiveshell.py", line 3447, in run_cell_async
    has_raised = await self.run_ast_nodes(code_ast.body, cell_name,
  File "C:\Users\chris\AppData\Roaming\Python\Python314\site-packages\IPython\core\interactiveshell.py", line 3688, in run_ast_nodes
    if await self.run_code(code, result, async_=asy):
  File "C:\Users\chris\AppData\Roaming\Python\Python314\site-packages\IPython\core\interactiveshell.py", line 3748, in run_code
    exec(code_obj, self.user_global_ns, self.user_ns)
  File "C:\Users\chris\AppData\Local\Temp\ipykernel_4436\3007420965.py", line 73, in <module>
    runpy.run_path(str(script_path), run_name="__main__")
  File "<frozen runpy>", line 287, in run_path
  File "<frozen runpy>", line 98, in _run_module_code
  File "<frozen runpy>", line 88, in _run_code
  File "C:\Users\chris\Desktop\Code\TracesPresenter\Traces_presenter\Jupyter\Chaine\scripts_Mirabelle\failed_run_ratio_Mirabelle.py", line 80, in <module>
    main(_read, _write)
  File "C:\Users\chris\Desktop\Code\TracesPresenter\Traces_presenter\Jupyter\Chaine\scripts_Mirabelle\failed_run_ratio_Mirabelle.py", line 61, in main
    out.warning("  %s : aucun Run.Test non vide — ignoré", actor)
Message: '  %s : aucun Run.Test non vide — ignoré'
Arguments: ('refondrez.purifies',)
--- Logging error ---
Traceback (most recent call last):
  File "c:\Users\chris\AppData\Local\Programs\Python\Python314\Lib\logging\__init__.py", line 1154, in emit
    stream.write(msg + self.terminator)
    ~~~~~~~~~~~~^^^^^^^^^^^^^^^^^^^^^^^
ValueError: I/O operation on closed file.
Call stack:
  File "<frozen runpy>", line 198, in _run_module_as_main
  File "<frozen runpy>", line 88, in _run_code
  File "C:\Users\chris\AppData\Roaming\Python\Python314\site-packages\ipykernel_launcher.py", line 18, in <module>
    app.launch_new_instance()
  File "C:\Users\chris\AppData\Roaming\Python\Python314\site-packages\traitlets\config\application.py", line 1082, in launch_instance
    app.start()
  File "C:\Users\chris\AppData\Roaming\Python\Python314\site-packages\ipykernel\kernelapp.py", line 758, in start
    self.io_loop.start()
  File "C:\Users\chris\AppData\Roaming\Python\Python314\site-packages\tornado\platform\asyncio.py", line 211, in start
    self.asyncio_loop.run_forever()
  File "c:\Users\chris\AppData\Local\Programs\Python\Python314\Lib\asyncio\base_events.py", line 677, in run_forever
    self._run_once()
  File "c:\Users\chris\AppData\Local\Programs\Python\Python314\Lib\asyncio\base_events.py", line 2046, in _run_once
    handle._run()
  File "c:\Users\chris\AppData\Local\Programs\Python\Python314\Lib\asyncio\events.py", line 94, in _run
    self._context.run(self._callback, *self._args)
  File "C:\Users\chris\AppData\Roaming\Python\Python314\site-packages\ipykernel\kernelbase.py", line 621, in shell_main
    await self.dispatch_shell(msg, subshell_id=subshell_id)
  File "C:\Users\chris\AppData\Roaming\Python\Python314\site-packages\ipykernel\kernelbase.py", line 478, in dispatch_shell
    await result
  File "C:\Users\chris\AppData\Roaming\Python\Python314\site-packages\ipykernel\ipkernel.py", line 372, in execute_request
    await super().execute_request(stream, ident, parent)
  File "C:\Users\chris\AppData\Roaming\Python\Python314\site-packages\ipykernel\kernelbase.py", line 834, in execute_request
    reply_content = await reply_content
  File "C:\Users\chris\AppData\Roaming\Python\Python314\site-packages\ipykernel\ipkernel.py", line 464, in do_execute
    res = shell.run_cell(
  File "C:\Users\chris\AppData\Roaming\Python\Python314\site-packages\ipykernel\zmqshell.py", line 663, in run_cell
    return super().run_cell(*args, **kwargs)
  File "C:\Users\chris\AppData\Roaming\Python\Python314\site-packages\IPython\core\interactiveshell.py", line 3170, in run_cell
    result = self._run_cell(
  File "C:\Users\chris\AppData\Roaming\Python\Python314\site-packages\IPython\core\interactiveshell.py", line 3225, in _run_cell
    result = runner(coro)
  File "C:\Users\chris\AppData\Roaming\Python\Python314\site-packages\IPython\core\async_helpers.py", line 128, in _pseudo_sync_runner
    coro.send(None)
  File "C:\Users\chris\AppData\Roaming\Python\Python314\site-packages\IPython\core\interactiveshell.py", line 3447, in run_cell_async
    has_raised = await self.run_ast_nodes(code_ast.body, cell_name,
  File "C:\Users\chris\AppData\Roaming\Python\Python314\site-packages\IPython\core\interactiveshell.py", line 3688, in run_ast_nodes
    if await self.run_code(code, result, async_=asy):
  File "C:\Users\chris\AppData\Roaming\Python\Python314\site-packages\IPython\core\interactiveshell.py", line 3748, in run_code
    exec(code_obj, self.user_global_ns, self.user_ns)
  File "C:\Users\chris\AppData\Local\Temp\ipykernel_4436\3007420965.py", line 73, in <module>
    runpy.run_path(str(script_path), run_name="__main__")
  File "<frozen runpy>", line 287, in run_path
  File "<frozen runpy>", line 98, in _run_module_code
  File "<frozen runpy>", line 88, in _run_code
  File "C:\Users\chris\Desktop\Code\TracesPresenter\Traces_presenter\Jupyter\Chaine\scripts_Mirabelle\failed_run_ratio_Mirabelle.py", line 80, in <module>
    main(_read, _write)
  File "C:\Users\chris\Desktop\Code\TracesPresenter\Traces_presenter\Jupyter\Chaine\scripts_Mirabelle\failed_run_ratio_Mirabelle.py", line 65, in main
    out.info(
Message: '  %s : %s = %.3f  (%d Run.Test)'
Arguments: ('reformais.glissais', 'FailedTestRunRatio', 0.1111111111111111, 11)
--- Logging error ---
Traceback (most recent call last):
  File "c:\Users\chris\AppData\Local\Programs\Python\Python314\Lib\logging\__init__.py", line 1154, in emit
    stream.write(msg + self.terminator)
    ~~~~~~~~~~~~^^^^^^^^^^^^^^^^^^^^^^^
ValueError: I/O operation on closed file.
Call stack:
  File "<frozen runpy>", line 198, in _run_module_as_main
  File "<frozen runpy>", line 88, in _run_code
  File "C:\Users\chris\AppData\Roaming\Python\Python314\site-packages\ipykernel_launcher.py", line 18, in <module>
    app.launch_new_instance()
  File "C:\Users\chris\AppData\Roaming\Python\Python314\site-packages\traitlets\config\application.py", line 1082, in launch_instance
    app.start()
  File "C:\Users\chris\AppData\Roaming\Python\Python314\site-packages\ipykernel\kernelapp.py", line 758, in start
    self.io_loop.start()
  File "C:\Users\chris\AppData\Roaming\Python\Python314\site-packages\tornado\platform\asyncio.py", line 211, in start
    self.asyncio_loop.run_forever()
  File "c:\Users\chris\AppData\Local\Programs\Python\Python314\Lib\asyncio\base_events.py", line 677, in run_forever
    self._run_once()
  File "c:\Users\chris\AppData\Local\Programs\Python\Python314\Lib\asyncio\base_events.py", line 2046, in _run_once
    handle._run()
  File "c:\Users\chris\AppData\Local\Programs\Python\Python314\Lib\asyncio\events.py", line 94, in _run
    self._context.run(self._callback, *self._args)
  File "C:\Users\chris\AppData\Roaming\Python\Python314\site-packages\ipykernel\kernelbase.py", line 621, in shell_main
    await self.dispatch_shell(msg, subshell_id=subshell_id)
  File "C:\Users\chris\AppData\Roaming\Python\Python314\site-packages\ipykernel\kernelbase.py", line 478, in dispatch_shell
    await result
  File "C:\Users\chris\AppData\Roaming\Python\Python314\site-packages\ipykernel\ipkernel.py", line 372, in execute_request
    await super().execute_request(stream, ident, parent)
  File "C:\Users\chris\AppData\Roaming\Python\Python314\site-packages\ipykernel\kernelbase.py", line 834, in execute_request
    reply_content = await reply_content
  File "C:\Users\chris\AppData\Roaming\Python\Python314\site-packages\ipykernel\ipkernel.py", line 464, in do_execute
    res = shell.run_cell(
  File "C:\Users\chris\AppData\Roaming\Python\Python314\site-packages\ipykernel\zmqshell.py", line 663, in run_cell
    return super().run_cell(*args, **kwargs)
  File "C:\Users\chris\AppData\Roaming\Python\Python314\site-packages\IPython\core\interactiveshell.py", line 3170, in run_cell
    result = self._run_cell(
  File "C:\Users\chris\AppData\Roaming\Python\Python314\site-packages\IPython\core\interactiveshell.py", line 3225, in _run_cell
    result = runner(coro)
  File "C:\Users\chris\AppData\Roaming\Python\Python314\site-packages\IPython\core\async_helpers.py", line 128, in _pseudo_sync_runner
    coro.send(None)
  File "C:\Users\chris\AppData\Roaming\Python\Python314\site-packages\IPython\core\interactiveshell.py", line 3447, in run_cell_async
    has_raised = await self.run_ast_nodes(code_ast.body, cell_name,
  File "C:\Users\chris\AppData\Roaming\Python\Python314\site-packages\IPython\core\interactiveshell.py", line 3688, in run_ast_nodes
    if await self.run_code(code, result, async_=asy):
  File "C:\Users\chris\AppData\Roaming\Python\Python314\site-packages\IPython\core\interactiveshell.py", line 3748, in run_code
    exec(code_obj, self.user_global_ns, self.user_ns)
  File "C:\Users\chris\AppData\Local\Temp\ipykernel_4436\3007420965.py", line 73, in <module>
    runpy.run_path(str(script_path), run_name="__main__")
  File "<frozen runpy>", line 287, in run_path
  File "<frozen runpy>", line 98, in _run_module_code
  File "<frozen runpy>", line 88, in _run_code
  File "C:\Users\chris\Desktop\Code\TracesPresenter\Traces_presenter\Jupyter\Chaine\scripts_Mirabelle\failed_run_ratio_Mirabelle.py", line 80, in <module>
    main(_read, _write)
  File "C:\Users\chris\Desktop\Code\TracesPresenter\Traces_presenter\Jupyter\Chaine\scripts_Mirabelle\failed_run_ratio_Mirabelle.py", line 61, in main
    out.warning("  %s : aucun Run.Test non vide — ignoré", actor)
Message: '  %s : aucun Run.Test non vide — ignoré'
Arguments: ('regreer.editee',)
--- Logging error ---
Traceback (most recent call last):
  File "c:\Users\chris\AppData\Local\Programs\Python\Python314\Lib\logging\__init__.py", line 1154, in emit
    stream.write(msg + self.terminator)
    ~~~~~~~~~~~~^^^^^^^^^^^^^^^^^^^^^^^
ValueError: I/O operation on closed file.
Call stack:
  File "<frozen runpy>", line 198, in _run_module_as_main
  File "<frozen runpy>", line 88, in _run_code
  File "C:\Users\chris\AppData\Roaming\Python\Python314\site-packages\ipykernel_launcher.py", line 18, in <module>
    app.launch_new_instance()
  File "C:\Users\chris\AppData\Roaming\Python\Python314\site-packages\traitlets\config\application.py", line 1082, in launch_instance
    app.start()
  File "C:\Users\chris\AppData\Roaming\Python\Python314\site-packages\ipykernel\kernelapp.py", line 758, in start
    self.io_loop.start()
  File "C:\Users\chris\AppData\Roaming\Python\Python314\site-packages\tornado\platform\asyncio.py", line 211, in start
    self.asyncio_loop.run_forever()
  File "c:\Users\chris\AppData\Local\Programs\Python\Python314\Lib\asyncio\base_events.py", line 677, in run_forever
    self._run_once()
  File "c:\Users\chris\AppData\Local\Programs\Python\Python314\Lib\asyncio\base_events.py", line 2046, in _run_once
    handle._run()
  File "c:\Users\chris\AppData\Local\Programs\Python\Python314\Lib\asyncio\events.py", line 94, in _run
    self._context.run(self._callback, *self._args)
  File "C:\Users\chris\AppData\Roaming\Python\Python314\site-packages\ipykernel\kernelbase.py", line 621, in shell_main
    await self.dispatch_shell(msg, subshell_id=subshell_id)
  File "C:\Users\chris\AppData\Roaming\Python\Python314\site-packages\ipykernel\kernelbase.py", line 478, in dispatch_shell
    await result
  File "C:\Users\chris\AppData\Roaming\Python\Python314\site-packages\ipykernel\ipkernel.py", line 372, in execute_request
    await super().execute_request(stream, ident, parent)
  File "C:\Users\chris\AppData\Roaming\Python\Python314\site-packages\ipykernel\kernelbase.py", line 834, in execute_request
    reply_content = await reply_content
  File "C:\Users\chris\AppData\Roaming\Python\Python314\site-packages\ipykernel\ipkernel.py", line 464, in do_execute
    res = shell.run_cell(
  File "C:\Users\chris\AppData\Roaming\Python\Python314\site-packages\ipykernel\zmqshell.py", line 663, in run_cell
    return super().run_cell(*args, **kwargs)
  File "C:\Users\chris\AppData\Roaming\Python\Python314\site-packages\IPython\core\interactiveshell.py", line 3170, in run_cell
    result = self._run_cell(
  File "C:\Users\chris\AppData\Roaming\Python\Python314\site-packages\IPython\core\interactiveshell.py", line 3225, in _run_cell
    result = runner(coro)
  File "C:\Users\chris\AppData\Roaming\Python\Python314\site-packages\IPython\core\async_helpers.py", line 128, in _pseudo_sync_runner
    coro.send(None)
  File "C:\Users\chris\AppData\Roaming\Python\Python314\site-packages\IPython\core\interactiveshell.py", line 3447, in run_cell_async
    has_raised = await self.run_ast_nodes(code_ast.body, cell_name,
  File "C:\Users\chris\AppData\Roaming\Python\Python314\site-packages\IPython\core\interactiveshell.py", line 3688, in run_ast_nodes
    if await self.run_code(code, result, async_=asy):
  File "C:\Users\chris\AppData\Roaming\Python\Python314\site-packages\IPython\core\interactiveshell.py", line 3748, in run_code
    exec(code_obj, self.user_global_ns, self.user_ns)
  File "C:\Users\chris\AppData\Local\Temp\ipykernel_4436\3007420965.py", line 73, in <module>
    runpy.run_path(str(script_path), run_name="__main__")
  File "<frozen runpy>", line 287, in run_path
  File "<frozen runpy>", line 98, in _run_module_code
  File "<frozen runpy>", line 88, in _run_code
  File "C:\Users\chris\Desktop\Code\TracesPresenter\Traces_presenter\Jupyter\Chaine\scripts_Mirabelle\failed_run_ratio_Mirabelle.py", line 80, in <module>
    main(_read, _write)
  File "C:\Users\chris\Desktop\Code\TracesPresenter\Traces_presenter\Jupyter\Chaine\scripts_Mirabelle\failed_run_ratio_Mirabelle.py", line 61, in main
    out.warning("  %s : aucun Run.Test non vide — ignoré", actor)
Message: '  %s : aucun Run.Test non vide — ignoré'
Arguments: ('rigidites.refais',)
--- Logging error ---
Traceback (most recent call last):
  File "c:\Users\chris\AppData\Local\Programs\Python\Python314\Lib\logging\__init__.py", line 1154, in emit
    stream.write(msg + self.terminator)
    ~~~~~~~~~~~~^^^^^^^^^^^^^^^^^^^^^^^
ValueError: I/O operation on closed file.
Call stack:
  File "<frozen runpy>", line 198, in _run_module_as_main
  File "<frozen runpy>", line 88, in _run_code
  File "C:\Users\chris\AppData\Roaming\Python\Python314\site-packages\ipykernel_launcher.py", line 18, in <module>
    app.launch_new_instance()
  File "C:\Users\chris\AppData\Roaming\Python\Python314\site-packages\traitlets\config\application.py", line 1082, in launch_instance
    app.start()
  File "C:\Users\chris\AppData\Roaming\Python\Python314\site-packages\ipykernel\kernelapp.py", line 758, in start
    self.io_loop.start()
  File "C:\Users\chris\AppData\Roaming\Python\Python314\site-packages\tornado\platform\asyncio.py", line 211, in start
    self.asyncio_loop.run_forever()
  File "c:\Users\chris\AppData\Local\Programs\Python\Python314\Lib\asyncio\base_events.py", line 677, in run_forever
    self._run_once()
  File "c:\Users\chris\AppData\Local\Programs\Python\Python314\Lib\asyncio\base_events.py", line 2046, in _run_once
    handle._run()
  File "c:\Users\chris\AppData\Local\Programs\Python\Python314\Lib\asyncio\events.py", line 94, in _run
    self._context.run(self._callback, *self._args)
  File "C:\Users\chris\AppData\Roaming\Python\Python314\site-packages\ipykernel\kernelbase.py", line 621, in shell_main
    await self.dispatch_shell(msg, subshell_id=subshell_id)
  File "C:\Users\chris\AppData\Roaming\Python\Python314\site-packages\ipykernel\kernelbase.py", line 478, in dispatch_shell
    await result
  File "C:\Users\chris\AppData\Roaming\Python\Python314\site-packages\ipykernel\ipkernel.py", line 372, in execute_request
    await super().execute_request(stream, ident, parent)
  File "C:\Users\chris\AppData\Roaming\Python\Python314\site-packages\ipykernel\kernelbase.py", line 834, in execute_request
    reply_content = await reply_content
  File "C:\Users\chris\AppData\Roaming\Python\Python314\site-packages\ipykernel\ipkernel.py", line 464, in do_execute
    res = shell.run_cell(
  File "C:\Users\chris\AppData\Roaming\Python\Python314\site-packages\ipykernel\zmqshell.py", line 663, in run_cell
    return super().run_cell(*args, **kwargs)
  File "C:\Users\chris\AppData\Roaming\Python\Python314\site-packages\IPython\core\interactiveshell.py", line 3170, in run_cell
    result = self._run_cell(
  File "C:\Users\chris\AppData\Roaming\Python\Python314\site-packages\IPython\core\interactiveshell.py", line 3225, in _run_cell
    result = runner(coro)
  File "C:\Users\chris\AppData\Roaming\Python\Python314\site-packages\IPython\core\async_helpers.py", line 128, in _pseudo_sync_runner
    coro.send(None)
  File "C:\Users\chris\AppData\Roaming\Python\Python314\site-packages\IPython\core\interactiveshell.py", line 3447, in run_cell_async
    has_raised = await self.run_ast_nodes(code_ast.body, cell_name,
  File "C:\Users\chris\AppData\Roaming\Python\Python314\site-packages\IPython\core\interactiveshell.py", line 3688, in run_ast_nodes
    if await self.run_code(code, result, async_=asy):
  File "C:\Users\chris\AppData\Roaming\Python\Python314\site-packages\IPython\core\interactiveshell.py", line 3748, in run_code
    exec(code_obj, self.user_global_ns, self.user_ns)
  File "C:\Users\chris\AppData\Local\Temp\ipykernel_4436\3007420965.py", line 73, in <module>
    runpy.run_path(str(script_path), run_name="__main__")
  File "<frozen runpy>", line 287, in run_path
  File "<frozen runpy>", line 98, in _run_module_code
  File "<frozen runpy>", line 88, in _run_code
  File "C:\Users\chris\Desktop\Code\TracesPresenter\Traces_presenter\Jupyter\Chaine\scripts_Mirabelle\failed_run_ratio_Mirabelle.py", line 80, in <module>
    main(_read, _write)
  File "C:\Users\chris\Desktop\Code\TracesPresenter\Traces_presenter\Jupyter\Chaine\scripts_Mirabelle\failed_run_ratio_Mirabelle.py", line 61, in main
    out.warning("  %s : aucun Run.Test non vide — ignoré", actor)
Message: '  %s : aucun Run.Test non vide — ignoré'
Arguments: ('roulant.vrilla',)
--- Logging error ---
Traceback (most recent call last):
  File "c:\Users\chris\AppData\Local\Programs\Python\Python314\Lib\logging\__init__.py", line 1154, in emit
    stream.write(msg + self.terminator)
    ~~~~~~~~~~~~^^^^^^^^^^^^^^^^^^^^^^^
ValueError: I/O operation on closed file.
Call stack:
  File "<frozen runpy>", line 198, in _run_module_as_main
  File "<frozen runpy>", line 88, in _run_code
  File "C:\Users\chris\AppData\Roaming\Python\Python314\site-packages\ipykernel_launcher.py", line 18, in <module>
    app.launch_new_instance()
  File "C:\Users\chris\AppData\Roaming\Python\Python314\site-packages\traitlets\config\application.py", line 1082, in launch_instance
    app.start()
  File "C:\Users\chris\AppData\Roaming\Python\Python314\site-packages\ipykernel\kernelapp.py", line 758, in start
    self.io_loop.start()
  File "C:\Users\chris\AppData\Roaming\Python\Python314\site-packages\tornado\platform\asyncio.py", line 211, in start
    self.asyncio_loop.run_forever()
  File "c:\Users\chris\AppData\Local\Programs\Python\Python314\Lib\asyncio\base_events.py", line 677, in run_forever
    self._run_once()
  File "c:\Users\chris\AppData\Local\Programs\Python\Python314\Lib\asyncio\base_events.py", line 2046, in _run_once
    handle._run()
  File "c:\Users\chris\AppData\Local\Programs\Python\Python314\Lib\asyncio\events.py", line 94, in _run
    self._context.run(self._callback, *self._args)
  File "C:\Users\chris\AppData\Roaming\Python\Python314\site-packages\ipykernel\kernelbase.py", line 621, in shell_main
    await self.dispatch_shell(msg, subshell_id=subshell_id)
  File "C:\Users\chris\AppData\Roaming\Python\Python314\site-packages\ipykernel\kernelbase.py", line 478, in dispatch_shell
    await result
  File "C:\Users\chris\AppData\Roaming\Python\Python314\site-packages\ipykernel\ipkernel.py", line 372, in execute_request
    await super().execute_request(stream, ident, parent)
  File "C:\Users\chris\AppData\Roaming\Python\Python314\site-packages\ipykernel\kernelbase.py", line 834, in execute_request
    reply_content = await reply_content
  File "C:\Users\chris\AppData\Roaming\Python\Python314\site-packages\ipykernel\ipkernel.py", line 464, in do_execute
    res = shell.run_cell(
  File "C:\Users\chris\AppData\Roaming\Python\Python314\site-packages\ipykernel\zmqshell.py", line 663, in run_cell
    return super().run_cell(*args, **kwargs)
  File "C:\Users\chris\AppData\Roaming\Python\Python314\site-packages\IPython\core\interactiveshell.py", line 3170, in run_cell
    result = self._run_cell(
  File "C:\Users\chris\AppData\Roaming\Python\Python314\site-packages\IPython\core\interactiveshell.py", line 3225, in _run_cell
    result = runner(coro)
  File "C:\Users\chris\AppData\Roaming\Python\Python314\site-packages\IPython\core\async_helpers.py", line 128, in _pseudo_sync_runner
    coro.send(None)
  File "C:\Users\chris\AppData\Roaming\Python\Python314\site-packages\IPython\core\interactiveshell.py", line 3447, in run_cell_async
    has_raised = await self.run_ast_nodes(code_ast.body, cell_name,
  File "C:\Users\chris\AppData\Roaming\Python\Python314\site-packages\IPython\core\interactiveshell.py", line 3688, in run_ast_nodes
    if await self.run_code(code, result, async_=asy):
  File "C:\Users\chris\AppData\Roaming\Python\Python314\site-packages\IPython\core\interactiveshell.py", line 3748, in run_code
    exec(code_obj, self.user_global_ns, self.user_ns)
  File "C:\Users\chris\AppData\Local\Temp\ipykernel_4436\3007420965.py", line 73, in <module>
    runpy.run_path(str(script_path), run_name="__main__")
  File "<frozen runpy>", line 287, in run_path
  File "<frozen runpy>", line 98, in _run_module_code
  File "<frozen runpy>", line 88, in _run_code
  File "C:\Users\chris\Desktop\Code\TracesPresenter\Traces_presenter\Jupyter\Chaine\scripts_Mirabelle\failed_run_ratio_Mirabelle.py", line 80, in <module>
    main(_read, _write)
  File "C:\Users\chris\Desktop\Code\TracesPresenter\Traces_presenter\Jupyter\Chaine\scripts_Mirabelle\failed_run_ratio_Mirabelle.py", line 65, in main
    out.info(
Message: '  %s : %s = %.3f  (%d Run.Test)'
Arguments: ('sachent.gares', 'FailedTestRunRatio', 0.0, 3)
--- Logging error ---
Traceback (most recent call last):
  File "c:\Users\chris\AppData\Local\Programs\Python\Python314\Lib\logging\__init__.py", line 1154, in emit
    stream.write(msg + self.terminator)
    ~~~~~~~~~~~~^^^^^^^^^^^^^^^^^^^^^^^
ValueError: I/O operation on closed file.
Call stack:
  File "<frozen runpy>", line 198, in _run_module_as_main
  File "<frozen runpy>", line 88, in _run_code
  File "C:\Users\chris\AppData\Roaming\Python\Python314\site-packages\ipykernel_launcher.py", line 18, in <module>
    app.launch_new_instance()
  File "C:\Users\chris\AppData\Roaming\Python\Python314\site-packages\traitlets\config\application.py", line 1082, in launch_instance
    app.start()
  File "C:\Users\chris\AppData\Roaming\Python\Python314\site-packages\ipykernel\kernelapp.py", line 758, in start
    self.io_loop.start()
  File "C:\Users\chris\AppData\Roaming\Python\Python314\site-packages\tornado\platform\asyncio.py", line 211, in start
    self.asyncio_loop.run_forever()
  File "c:\Users\chris\AppData\Local\Programs\Python\Python314\Lib\asyncio\base_events.py", line 677, in run_forever
    self._run_once()
  File "c:\Users\chris\AppData\Local\Programs\Python\Python314\Lib\asyncio\base_events.py", line 2046, in _run_once
    handle._run()
  File "c:\Users\chris\AppData\Local\Programs\Python\Python314\Lib\asyncio\events.py", line 94, in _run
    self._context.run(self._callback, *self._args)
  File "C:\Users\chris\AppData\Roaming\Python\Python314\site-packages\ipykernel\kernelbase.py", line 621, in shell_main
    await self.dispatch_shell(msg, subshell_id=subshell_id)
  File "C:\Users\chris\AppData\Roaming\Python\Python314\site-packages\ipykernel\kernelbase.py", line 478, in dispatch_shell
    await result
  File "C:\Users\chris\AppData\Roaming\Python\Python314\site-packages\ipykernel\ipkernel.py", line 372, in execute_request
    await super().execute_request(stream, ident, parent)
  File "C:\Users\chris\AppData\Roaming\Python\Python314\site-packages\ipykernel\kernelbase.py", line 834, in execute_request
    reply_content = await reply_content
  File "C:\Users\chris\AppData\Roaming\Python\Python314\site-packages\ipykernel\ipkernel.py", line 464, in do_execute
    res = shell.run_cell(
  File "C:\Users\chris\AppData\Roaming\Python\Python314\site-packages\ipykernel\zmqshell.py", line 663, in run_cell
    return super().run_cell(*args, **kwargs)
  File "C:\Users\chris\AppData\Roaming\Python\Python314\site-packages\IPython\core\interactiveshell.py", line 3170, in run_cell
    result = self._run_cell(
  File "C:\Users\chris\AppData\Roaming\Python\Python314\site-packages\IPython\core\interactiveshell.py", line 3225, in _run_cell
    result = runner(coro)
  File "C:\Users\chris\AppData\Roaming\Python\Python314\site-packages\IPython\core\async_helpers.py", line 128, in _pseudo_sync_runner
    coro.send(None)
  File "C:\Users\chris\AppData\Roaming\Python\Python314\site-packages\IPython\core\interactiveshell.py", line 3447, in run_cell_async
    has_raised = await self.run_ast_nodes(code_ast.body, cell_name,
  File "C:\Users\chris\AppData\Roaming\Python\Python314\site-packages\IPython\core\interactiveshell.py", line 3688, in run_ast_nodes
    if await self.run_code(code, result, async_=asy):
  File "C:\Users\chris\AppData\Roaming\Python\Python314\site-packages\IPython\core\interactiveshell.py", line 3748, in run_code
    exec(code_obj, self.user_global_ns, self.user_ns)
  File "C:\Users\chris\AppData\Local\Temp\ipykernel_4436\3007420965.py", line 73, in <module>
    runpy.run_path(str(script_path), run_name="__main__")
  File "<frozen runpy>", line 287, in run_path
  File "<frozen runpy>", line 98, in _run_module_code
  File "<frozen runpy>", line 88, in _run_code
  File "C:\Users\chris\Desktop\Code\TracesPresenter\Traces_presenter\Jupyter\Chaine\scripts_Mirabelle\failed_run_ratio_Mirabelle.py", line 80, in <module>
    main(_read, _write)
  File "C:\Users\chris\Desktop\Code\TracesPresenter\Traces_presenter\Jupyter\Chaine\scripts_Mirabelle\failed_run_ratio_Mirabelle.py", line 61, in main
    out.warning("  %s : aucun Run.Test non vide — ignoré", actor)
Message: '  %s : aucun Run.Test non vide — ignoré'
Arguments: ('seconds.etagerais',)
--- Logging error ---
Traceback (most recent call last):
  File "c:\Users\chris\AppData\Local\Programs\Python\Python314\Lib\logging\__init__.py", line 1154, in emit
    stream.write(msg + self.terminator)
    ~~~~~~~~~~~~^^^^^^^^^^^^^^^^^^^^^^^
ValueError: I/O operation on closed file.
Call stack:
  File "<frozen runpy>", line 198, in _run_module_as_main
  File "<frozen runpy>", line 88, in _run_code
  File "C:\Users\chris\AppData\Roaming\Python\Python314\site-packages\ipykernel_launcher.py", line 18, in <module>
    app.launch_new_instance()
  File "C:\Users\chris\AppData\Roaming\Python\Python314\site-packages\traitlets\config\application.py", line 1082, in launch_instance
    app.start()
  File "C:\Users\chris\AppData\Roaming\Python\Python314\site-packages\ipykernel\kernelapp.py", line 758, in start
    self.io_loop.start()
  File "C:\Users\chris\AppData\Roaming\Python\Python314\site-packages\tornado\platform\asyncio.py", line 211, in start
    self.asyncio_loop.run_forever()
  File "c:\Users\chris\AppData\Local\Programs\Python\Python314\Lib\asyncio\base_events.py", line 677, in run_forever
    self._run_once()
  File "c:\Users\chris\AppData\Local\Programs\Python\Python314\Lib\asyncio\base_events.py", line 2046, in _run_once
    handle._run()
  File "c:\Users\chris\AppData\Local\Programs\Python\Python314\Lib\asyncio\events.py", line 94, in _run
    self._context.run(self._callback, *self._args)
  File "C:\Users\chris\AppData\Roaming\Python\Python314\site-packages\ipykernel\kernelbase.py", line 621, in shell_main
    await self.dispatch_shell(msg, subshell_id=subshell_id)
  File "C:\Users\chris\AppData\Roaming\Python\Python314\site-packages\ipykernel\kernelbase.py", line 478, in dispatch_shell
    await result
  File "C:\Users\chris\AppData\Roaming\Python\Python314\site-packages\ipykernel\ipkernel.py", line 372, in execute_request
    await super().execute_request(stream, ident, parent)
  File "C:\Users\chris\AppData\Roaming\Python\Python314\site-packages\ipykernel\kernelbase.py", line 834, in execute_request
    reply_content = await reply_content
  File "C:\Users\chris\AppData\Roaming\Python\Python314\site-packages\ipykernel\ipkernel.py", line 464, in do_execute
    res = shell.run_cell(
  File "C:\Users\chris\AppData\Roaming\Python\Python314\site-packages\ipykernel\zmqshell.py", line 663, in run_cell
    return super().run_cell(*args, **kwargs)
  File "C:\Users\chris\AppData\Roaming\Python\Python314\site-packages\IPython\core\interactiveshell.py", line 3170, in run_cell
    result = self._run_cell(
  File "C:\Users\chris\AppData\Roaming\Python\Python314\site-packages\IPython\core\interactiveshell.py", line 3225, in _run_cell
    result = runner(coro)
  File "C:\Users\chris\AppData\Roaming\Python\Python314\site-packages\IPython\core\async_helpers.py", line 128, in _pseudo_sync_runner
    coro.send(None)
  File "C:\Users\chris\AppData\Roaming\Python\Python314\site-packages\IPython\core\interactiveshell.py", line 3447, in run_cell_async
    has_raised = await self.run_ast_nodes(code_ast.body, cell_name,
  File "C:\Users\chris\AppData\Roaming\Python\Python314\site-packages\IPython\core\interactiveshell.py", line 3688, in run_ast_nodes
    if await self.run_code(code, result, async_=asy):
  File "C:\Users\chris\AppData\Roaming\Python\Python314\site-packages\IPython\core\interactiveshell.py", line 3748, in run_code
    exec(code_obj, self.user_global_ns, self.user_ns)
  File "C:\Users\chris\AppData\Local\Temp\ipykernel_4436\3007420965.py", line 73, in <module>
    runpy.run_path(str(script_path), run_name="__main__")
  File "<frozen runpy>", line 287, in run_path
  File "<frozen runpy>", line 98, in _run_module_code
  File "<frozen runpy>", line 88, in _run_code
  File "C:\Users\chris\Desktop\Code\TracesPresenter\Traces_presenter\Jupyter\Chaine\scripts_Mirabelle\failed_run_ratio_Mirabelle.py", line 80, in <module>
    main(_read, _write)
  File "C:\Users\chris\Desktop\Code\TracesPresenter\Traces_presenter\Jupyter\Chaine\scripts_Mirabelle\failed_run_ratio_Mirabelle.py", line 65, in main
    out.info(
Message: '  %s : %s = %.3f  (%d Run.Test)'
Arguments: ('sommes.leveras', 'FailedTestRunRatio', 0.2857142857142857, 7)
--- Logging error ---
Traceback (most recent call last):
  File "c:\Users\chris\AppData\Local\Programs\Python\Python314\Lib\logging\__init__.py", line 1154, in emit
    stream.write(msg + self.terminator)
    ~~~~~~~~~~~~^^^^^^^^^^^^^^^^^^^^^^^
ValueError: I/O operation on closed file.
Call stack:
  File "<frozen runpy>", line 198, in _run_module_as_main
  File "<frozen runpy>", line 88, in _run_code
  File "C:\Users\chris\AppData\Roaming\Python\Python314\site-packages\ipykernel_launcher.py", line 18, in <module>
    app.launch_new_instance()
  File "C:\Users\chris\AppData\Roaming\Python\Python314\site-packages\traitlets\config\application.py", line 1082, in launch_instance
    app.start()
  File "C:\Users\chris\AppData\Roaming\Python\Python314\site-packages\ipykernel\kernelapp.py", line 758, in start
    self.io_loop.start()
  File "C:\Users\chris\AppData\Roaming\Python\Python314\site-packages\tornado\platform\asyncio.py", line 211, in start
    self.asyncio_loop.run_forever()
  File "c:\Users\chris\AppData\Local\Programs\Python\Python314\Lib\asyncio\base_events.py", line 677, in run_forever
    self._run_once()
  File "c:\Users\chris\AppData\Local\Programs\Python\Python314\Lib\asyncio\base_events.py", line 2046, in _run_once
    handle._run()
  File "c:\Users\chris\AppData\Local\Programs\Python\Python314\Lib\asyncio\events.py", line 94, in _run
    self._context.run(self._callback, *self._args)
  File "C:\Users\chris\AppData\Roaming\Python\Python314\site-packages\ipykernel\kernelbase.py", line 621, in shell_main
    await self.dispatch_shell(msg, subshell_id=subshell_id)
  File "C:\Users\chris\AppData\Roaming\Python\Python314\site-packages\ipykernel\kernelbase.py", line 478, in dispatch_shell
    await result
  File "C:\Users\chris\AppData\Roaming\Python\Python314\site-packages\ipykernel\ipkernel.py", line 372, in execute_request
    await super().execute_request(stream, ident, parent)
  File "C:\Users\chris\AppData\Roaming\Python\Python314\site-packages\ipykernel\kernelbase.py", line 834, in execute_request
    reply_content = await reply_content
  File "C:\Users\chris\AppData\Roaming\Python\Python314\site-packages\ipykernel\ipkernel.py", line 464, in do_execute
    res = shell.run_cell(
  File "C:\Users\chris\AppData\Roaming\Python\Python314\site-packages\ipykernel\zmqshell.py", line 663, in run_cell
    return super().run_cell(*args, **kwargs)
  File "C:\Users\chris\AppData\Roaming\Python\Python314\site-packages\IPython\core\interactiveshell.py", line 3170, in run_cell
    result = self._run_cell(
  File "C:\Users\chris\AppData\Roaming\Python\Python314\site-packages\IPython\core\interactiveshell.py", line 3225, in _run_cell
    result = runner(coro)
  File "C:\Users\chris\AppData\Roaming\Python\Python314\site-packages\IPython\core\async_helpers.py", line 128, in _pseudo_sync_runner
    coro.send(None)
  File "C:\Users\chris\AppData\Roaming\Python\Python314\site-packages\IPython\core\interactiveshell.py", line 3447, in run_cell_async
    has_raised = await self.run_ast_nodes(code_ast.body, cell_name,
  File "C:\Users\chris\AppData\Roaming\Python\Python314\site-packages\IPython\core\interactiveshell.py", line 3688, in run_ast_nodes
    if await self.run_code(code, result, async_=asy):
  File "C:\Users\chris\AppData\Roaming\Python\Python314\site-packages\IPython\core\interactiveshell.py", line 3748, in run_code
    exec(code_obj, self.user_global_ns, self.user_ns)
  File "C:\Users\chris\AppData\Local\Temp\ipykernel_4436\3007420965.py", line 73, in <module>
    runpy.run_path(str(script_path), run_name="__main__")
  File "<frozen runpy>", line 287, in run_path
  File "<frozen runpy>", line 98, in _run_module_code
  File "<frozen runpy>", line 88, in _run_code
  File "C:\Users\chris\Desktop\Code\TracesPresenter\Traces_presenter\Jupyter\Chaine\scripts_Mirabelle\failed_run_ratio_Mirabelle.py", line 80, in <module>
    main(_read, _write)
  File "C:\Users\chris\Desktop\Code\TracesPresenter\Traces_presenter\Jupyter\Chaine\scripts_Mirabelle\failed_run_ratio_Mirabelle.py", line 65, in main
    out.info(
Message: '  %s : %s = %.3f  (%d Run.Test)'
Arguments: ('sondez.diligence', 'FailedTestRunRatio', 0.4, 21)
--- Logging error ---
Traceback (most recent call last):
  File "c:\Users\chris\AppData\Local\Programs\Python\Python314\Lib\logging\__init__.py", line 1154, in emit
    stream.write(msg + self.terminator)
    ~~~~~~~~~~~~^^^^^^^^^^^^^^^^^^^^^^^
ValueError: I/O operation on closed file.
Call stack:
  File "<frozen runpy>", line 198, in _run_module_as_main
  File "<frozen runpy>", line 88, in _run_code
  File "C:\Users\chris\AppData\Roaming\Python\Python314\site-packages\ipykernel_launcher.py", line 18, in <module>
    app.launch_new_instance()
  File "C:\Users\chris\AppData\Roaming\Python\Python314\site-packages\traitlets\config\application.py", line 1082, in launch_instance
    app.start()
  File "C:\Users\chris\AppData\Roaming\Python\Python314\site-packages\ipykernel\kernelapp.py", line 758, in start
    self.io_loop.start()
  File "C:\Users\chris\AppData\Roaming\Python\Python314\site-packages\tornado\platform\asyncio.py", line 211, in start
    self.asyncio_loop.run_forever()
  File "c:\Users\chris\AppData\Local\Programs\Python\Python314\Lib\asyncio\base_events.py", line 677, in run_forever
    self._run_once()
  File "c:\Users\chris\AppData\Local\Programs\Python\Python314\Lib\asyncio\base_events.py", line 2046, in _run_once
    handle._run()
  File "c:\Users\chris\AppData\Local\Programs\Python\Python314\Lib\asyncio\events.py", line 94, in _run
    self._context.run(self._callback, *self._args)
  File "C:\Users\chris\AppData\Roaming\Python\Python314\site-packages\ipykernel\kernelbase.py", line 621, in shell_main
    await self.dispatch_shell(msg, subshell_id=subshell_id)
  File "C:\Users\chris\AppData\Roaming\Python\Python314\site-packages\ipykernel\kernelbase.py", line 478, in dispatch_shell
    await result
  File "C:\Users\chris\AppData\Roaming\Python\Python314\site-packages\ipykernel\ipkernel.py", line 372, in execute_request
    await super().execute_request(stream, ident, parent)
  File "C:\Users\chris\AppData\Roaming\Python\Python314\site-packages\ipykernel\kernelbase.py", line 834, in execute_request
    reply_content = await reply_content
  File "C:\Users\chris\AppData\Roaming\Python\Python314\site-packages\ipykernel\ipkernel.py", line 464, in do_execute
    res = shell.run_cell(
  File "C:\Users\chris\AppData\Roaming\Python\Python314\site-packages\ipykernel\zmqshell.py", line 663, in run_cell
    return super().run_cell(*args, **kwargs)
  File "C:\Users\chris\AppData\Roaming\Python\Python314\site-packages\IPython\core\interactiveshell.py", line 3170, in run_cell
    result = self._run_cell(
  File "C:\Users\chris\AppData\Roaming\Python\Python314\site-packages\IPython\core\interactiveshell.py", line 3225, in _run_cell
    result = runner(coro)
  File "C:\Users\chris\AppData\Roaming\Python\Python314\site-packages\IPython\core\async_helpers.py", line 128, in _pseudo_sync_runner
    coro.send(None)
  File "C:\Users\chris\AppData\Roaming\Python\Python314\site-packages\IPython\core\interactiveshell.py", line 3447, in run_cell_async
    has_raised = await self.run_ast_nodes(code_ast.body, cell_name,
  File "C:\Users\chris\AppData\Roaming\Python\Python314\site-packages\IPython\core\interactiveshell.py", line 3688, in run_ast_nodes
    if await self.run_code(code, result, async_=asy):
  File "C:\Users\chris\AppData\Roaming\Python\Python314\site-packages\IPython\core\interactiveshell.py", line 3748, in run_code
    exec(code_obj, self.user_global_ns, self.user_ns)
  File "C:\Users\chris\AppData\Local\Temp\ipykernel_4436\3007420965.py", line 73, in <module>
    runpy.run_path(str(script_path), run_name="__main__")
  File "<frozen runpy>", line 287, in run_path
  File "<frozen runpy>", line 98, in _run_module_code
  File "<frozen runpy>", line 88, in _run_code
  File "C:\Users\chris\Desktop\Code\TracesPresenter\Traces_presenter\Jupyter\Chaine\scripts_Mirabelle\failed_run_ratio_Mirabelle.py", line 80, in <module>
    main(_read, _write)
  File "C:\Users\chris\Desktop\Code\TracesPresenter\Traces_presenter\Jupyter\Chaine\scripts_Mirabelle\failed_run_ratio_Mirabelle.py", line 61, in main
    out.warning("  %s : aucun Run.Test non vide — ignoré", actor)
Message: '  %s : aucun Run.Test non vide — ignoré'
Arguments: ('sportif.oculiste',)
--- Logging error ---
Traceback (most recent call last):
  File "c:\Users\chris\AppData\Local\Programs\Python\Python314\Lib\logging\__init__.py", line 1154, in emit
    stream.write(msg + self.terminator)
    ~~~~~~~~~~~~^^^^^^^^^^^^^^^^^^^^^^^
ValueError: I/O operation on closed file.
Call stack:
  File "<frozen runpy>", line 198, in _run_module_as_main
  File "<frozen runpy>", line 88, in _run_code
  File "C:\Users\chris\AppData\Roaming\Python\Python314\site-packages\ipykernel_launcher.py", line 18, in <module>
    app.launch_new_instance()
  File "C:\Users\chris\AppData\Roaming\Python\Python314\site-packages\traitlets\config\application.py", line 1082, in launch_instance
    app.start()
  File "C:\Users\chris\AppData\Roaming\Python\Python314\site-packages\ipykernel\kernelapp.py", line 758, in start
    self.io_loop.start()
  File "C:\Users\chris\AppData\Roaming\Python\Python314\site-packages\tornado\platform\asyncio.py", line 211, in start
    self.asyncio_loop.run_forever()
  File "c:\Users\chris\AppData\Local\Programs\Python\Python314\Lib\asyncio\base_events.py", line 677, in run_forever
    self._run_once()
  File "c:\Users\chris\AppData\Local\Programs\Python\Python314\Lib\asyncio\base_events.py", line 2046, in _run_once
    handle._run()
  File "c:\Users\chris\AppData\Local\Programs\Python\Python314\Lib\asyncio\events.py", line 94, in _run
    self._context.run(self._callback, *self._args)
  File "C:\Users\chris\AppData\Roaming\Python\Python314\site-packages\ipykernel\kernelbase.py", line 621, in shell_main
    await self.dispatch_shell(msg, subshell_id=subshell_id)
  File "C:\Users\chris\AppData\Roaming\Python\Python314\site-packages\ipykernel\kernelbase.py", line 478, in dispatch_shell
    await result
  File "C:\Users\chris\AppData\Roaming\Python\Python314\site-packages\ipykernel\ipkernel.py", line 372, in execute_request
    await super().execute_request(stream, ident, parent)
  File "C:\Users\chris\AppData\Roaming\Python\Python314\site-packages\ipykernel\kernelbase.py", line 834, in execute_request
    reply_content = await reply_content
  File "C:\Users\chris\AppData\Roaming\Python\Python314\site-packages\ipykernel\ipkernel.py", line 464, in do_execute
    res = shell.run_cell(
  File "C:\Users\chris\AppData\Roaming\Python\Python314\site-packages\ipykernel\zmqshell.py", line 663, in run_cell
    return super().run_cell(*args, **kwargs)
  File "C:\Users\chris\AppData\Roaming\Python\Python314\site-packages\IPython\core\interactiveshell.py", line 3170, in run_cell
    result = self._run_cell(
  File "C:\Users\chris\AppData\Roaming\Python\Python314\site-packages\IPython\core\interactiveshell.py", line 3225, in _run_cell
    result = runner(coro)
  File "C:\Users\chris\AppData\Roaming\Python\Python314\site-packages\IPython\core\async_helpers.py", line 128, in _pseudo_sync_runner
    coro.send(None)
  File "C:\Users\chris\AppData\Roaming\Python\Python314\site-packages\IPython\core\interactiveshell.py", line 3447, in run_cell_async
    has_raised = await self.run_ast_nodes(code_ast.body, cell_name,
  File "C:\Users\chris\AppData\Roaming\Python\Python314\site-packages\IPython\core\interactiveshell.py", line 3688, in run_ast_nodes
    if await self.run_code(code, result, async_=asy):
  File "C:\Users\chris\AppData\Roaming\Python\Python314\site-packages\IPython\core\interactiveshell.py", line 3748, in run_code
    exec(code_obj, self.user_global_ns, self.user_ns)
  File "C:\Users\chris\AppData\Local\Temp\ipykernel_4436\3007420965.py", line 73, in <module>
    runpy.run_path(str(script_path), run_name="__main__")
  File "<frozen runpy>", line 287, in run_path
  File "<frozen runpy>", line 98, in _run_module_code
  File "<frozen runpy>", line 88, in _run_code
  File "C:\Users\chris\Desktop\Code\TracesPresenter\Traces_presenter\Jupyter\Chaine\scripts_Mirabelle\failed_run_ratio_Mirabelle.py", line 80, in <module>
    main(_read, _write)
  File "C:\Users\chris\Desktop\Code\TracesPresenter\Traces_presenter\Jupyter\Chaine\scripts_Mirabelle\failed_run_ratio_Mirabelle.py", line 65, in main
    out.info(
Message: '  %s : %s = %.3f  (%d Run.Test)'
Arguments: ('sulfatees.frisa', 'FailedTestRunRatio', 0.6666666666666666, 20)
--- Logging error ---
Traceback (most recent call last):
  File "c:\Users\chris\AppData\Local\Programs\Python\Python314\Lib\logging\__init__.py", line 1154, in emit
    stream.write(msg + self.terminator)
    ~~~~~~~~~~~~^^^^^^^^^^^^^^^^^^^^^^^
ValueError: I/O operation on closed file.
Call stack:
  File "<frozen runpy>", line 198, in _run_module_as_main
  File "<frozen runpy>", line 88, in _run_code
  File "C:\Users\chris\AppData\Roaming\Python\Python314\site-packages\ipykernel_launcher.py", line 18, in <module>
    app.launch_new_instance()
  File "C:\Users\chris\AppData\Roaming\Python\Python314\site-packages\traitlets\config\application.py", line 1082, in launch_instance
    app.start()
  File "C:\Users\chris\AppData\Roaming\Python\Python314\site-packages\ipykernel\kernelapp.py", line 758, in start
    self.io_loop.start()
  File "C:\Users\chris\AppData\Roaming\Python\Python314\site-packages\tornado\platform\asyncio.py", line 211, in start
    self.asyncio_loop.run_forever()
  File "c:\Users\chris\AppData\Local\Programs\Python\Python314\Lib\asyncio\base_events.py", line 677, in run_forever
    self._run_once()
  File "c:\Users\chris\AppData\Local\Programs\Python\Python314\Lib\asyncio\base_events.py", line 2046, in _run_once
    handle._run()
  File "c:\Users\chris\AppData\Local\Programs\Python\Python314\Lib\asyncio\events.py", line 94, in _run
    self._context.run(self._callback, *self._args)
  File "C:\Users\chris\AppData\Roaming\Python\Python314\site-packages\ipykernel\kernelbase.py", line 621, in shell_main
    await self.dispatch_shell(msg, subshell_id=subshell_id)
  File "C:\Users\chris\AppData\Roaming\Python\Python314\site-packages\ipykernel\kernelbase.py", line 478, in dispatch_shell
    await result
  File "C:\Users\chris\AppData\Roaming\Python\Python314\site-packages\ipykernel\ipkernel.py", line 372, in execute_request
    await super().execute_request(stream, ident, parent)
  File "C:\Users\chris\AppData\Roaming\Python\Python314\site-packages\ipykernel\kernelbase.py", line 834, in execute_request
    reply_content = await reply_content
  File "C:\Users\chris\AppData\Roaming\Python\Python314\site-packages\ipykernel\ipkernel.py", line 464, in do_execute
    res = shell.run_cell(
  File "C:\Users\chris\AppData\Roaming\Python\Python314\site-packages\ipykernel\zmqshell.py", line 663, in run_cell
    return super().run_cell(*args, **kwargs)
  File "C:\Users\chris\AppData\Roaming\Python\Python314\site-packages\IPython\core\interactiveshell.py", line 3170, in run_cell
    result = self._run_cell(
  File "C:\Users\chris\AppData\Roaming\Python\Python314\site-packages\IPython\core\interactiveshell.py", line 3225, in _run_cell
    result = runner(coro)
  File "C:\Users\chris\AppData\Roaming\Python\Python314\site-packages\IPython\core\async_helpers.py", line 128, in _pseudo_sync_runner
    coro.send(None)
  File "C:\Users\chris\AppData\Roaming\Python\Python314\site-packages\IPython\core\interactiveshell.py", line 3447, in run_cell_async
    has_raised = await self.run_ast_nodes(code_ast.body, cell_name,
  File "C:\Users\chris\AppData\Roaming\Python\Python314\site-packages\IPython\core\interactiveshell.py", line 3688, in run_ast_nodes
    if await self.run_code(code, result, async_=asy):
  File "C:\Users\chris\AppData\Roaming\Python\Python314\site-packages\IPython\core\interactiveshell.py", line 3748, in run_code
    exec(code_obj, self.user_global_ns, self.user_ns)
  File "C:\Users\chris\AppData\Local\Temp\ipykernel_4436\3007420965.py", line 73, in <module>
    runpy.run_path(str(script_path), run_name="__main__")
  File "<frozen runpy>", line 287, in run_path
  File "<frozen runpy>", line 98, in _run_module_code
  File "<frozen runpy>", line 88, in _run_code
  File "C:\Users\chris\Desktop\Code\TracesPresenter\Traces_presenter\Jupyter\Chaine\scripts_Mirabelle\failed_run_ratio_Mirabelle.py", line 80, in <module>
    main(_read, _write)
  File "C:\Users\chris\Desktop\Code\TracesPresenter\Traces_presenter\Jupyter\Chaine\scripts_Mirabelle\failed_run_ratio_Mirabelle.py", line 65, in main
    out.info(
Message: '  %s : %s = %.3f  (%d Run.Test)'
Arguments: ('targuions.detaille', 'FailedTestRunRatio', 1.0, 1)
--- Logging error ---
Traceback (most recent call last):
  File "c:\Users\chris\AppData\Local\Programs\Python\Python314\Lib\logging\__init__.py", line 1154, in emit
    stream.write(msg + self.terminator)
    ~~~~~~~~~~~~^^^^^^^^^^^^^^^^^^^^^^^
ValueError: I/O operation on closed file.
Call stack:
  File "<frozen runpy>", line 198, in _run_module_as_main
  File "<frozen runpy>", line 88, in _run_code
  File "C:\Users\chris\AppData\Roaming\Python\Python314\site-packages\ipykernel_launcher.py", line 18, in <module>
    app.launch_new_instance()
  File "C:\Users\chris\AppData\Roaming\Python\Python314\site-packages\traitlets\config\application.py", line 1082, in launch_instance
    app.start()
  File "C:\Users\chris\AppData\Roaming\Python\Python314\site-packages\ipykernel\kernelapp.py", line 758, in start
    self.io_loop.start()
  File "C:\Users\chris\AppData\Roaming\Python\Python314\site-packages\tornado\platform\asyncio.py", line 211, in start
    self.asyncio_loop.run_forever()
  File "c:\Users\chris\AppData\Local\Programs\Python\Python314\Lib\asyncio\base_events.py", line 677, in run_forever
    self._run_once()
  File "c:\Users\chris\AppData\Local\Programs\Python\Python314\Lib\asyncio\base_events.py", line 2046, in _run_once
    handle._run()
  File "c:\Users\chris\AppData\Local\Programs\Python\Python314\Lib\asyncio\events.py", line 94, in _run
    self._context.run(self._callback, *self._args)
  File "C:\Users\chris\AppData\Roaming\Python\Python314\site-packages\ipykernel\kernelbase.py", line 621, in shell_main
    await self.dispatch_shell(msg, subshell_id=subshell_id)
  File "C:\Users\chris\AppData\Roaming\Python\Python314\site-packages\ipykernel\kernelbase.py", line 478, in dispatch_shell
    await result
  File "C:\Users\chris\AppData\Roaming\Python\Python314\site-packages\ipykernel\ipkernel.py", line 372, in execute_request
    await super().execute_request(stream, ident, parent)
  File "C:\Users\chris\AppData\Roaming\Python\Python314\site-packages\ipykernel\kernelbase.py", line 834, in execute_request
    reply_content = await reply_content
  File "C:\Users\chris\AppData\Roaming\Python\Python314\site-packages\ipykernel\ipkernel.py", line 464, in do_execute
    res = shell.run_cell(
  File "C:\Users\chris\AppData\Roaming\Python\Python314\site-packages\ipykernel\zmqshell.py", line 663, in run_cell
    return super().run_cell(*args, **kwargs)
  File "C:\Users\chris\AppData\Roaming\Python\Python314\site-packages\IPython\core\interactiveshell.py", line 3170, in run_cell
    result = self._run_cell(
  File "C:\Users\chris\AppData\Roaming\Python\Python314\site-packages\IPython\core\interactiveshell.py", line 3225, in _run_cell
    result = runner(coro)
  File "C:\Users\chris\AppData\Roaming\Python\Python314\site-packages\IPython\core\async_helpers.py", line 128, in _pseudo_sync_runner
    coro.send(None)
  File "C:\Users\chris\AppData\Roaming\Python\Python314\site-packages\IPython\core\interactiveshell.py", line 3447, in run_cell_async
    has_raised = await self.run_ast_nodes(code_ast.body, cell_name,
  File "C:\Users\chris\AppData\Roaming\Python\Python314\site-packages\IPython\core\interactiveshell.py", line 3688, in run_ast_nodes
    if await self.run_code(code, result, async_=asy):
  File "C:\Users\chris\AppData\Roaming\Python\Python314\site-packages\IPython\core\interactiveshell.py", line 3748, in run_code
    exec(code_obj, self.user_global_ns, self.user_ns)
  File "C:\Users\chris\AppData\Local\Temp\ipykernel_4436\3007420965.py", line 73, in <module>
    runpy.run_path(str(script_path), run_name="__main__")
  File "<frozen runpy>", line 287, in run_path
  File "<frozen runpy>", line 98, in _run_module_code
  File "<frozen runpy>", line 88, in _run_code
  File "C:\Users\chris\Desktop\Code\TracesPresenter\Traces_presenter\Jupyter\Chaine\scripts_Mirabelle\failed_run_ratio_Mirabelle.py", line 80, in <module>
    main(_read, _write)
  File "C:\Users\chris\Desktop\Code\TracesPresenter\Traces_presenter\Jupyter\Chaine\scripts_Mirabelle\failed_run_ratio_Mirabelle.py", line 65, in main
    out.info(
Message: '  %s : %s = %.3f  (%d Run.Test)'
Arguments: ('tisses.indolent', 'FailedTestRunRatio', 0.5333333333333333, 18)
--- Logging error ---
Traceback (most recent call last):
  File "c:\Users\chris\AppData\Local\Programs\Python\Python314\Lib\logging\__init__.py", line 1154, in emit
    stream.write(msg + self.terminator)
    ~~~~~~~~~~~~^^^^^^^^^^^^^^^^^^^^^^^
ValueError: I/O operation on closed file.
Call stack:
  File "<frozen runpy>", line 198, in _run_module_as_main
  File "<frozen runpy>", line 88, in _run_code
  File "C:\Users\chris\AppData\Roaming\Python\Python314\site-packages\ipykernel_launcher.py", line 18, in <module>
    app.launch_new_instance()
  File "C:\Users\chris\AppData\Roaming\Python\Python314\site-packages\traitlets\config\application.py", line 1082, in launch_instance
    app.start()
  File "C:\Users\chris\AppData\Roaming\Python\Python314\site-packages\ipykernel\kernelapp.py", line 758, in start
    self.io_loop.start()
  File "C:\Users\chris\AppData\Roaming\Python\Python314\site-packages\tornado\platform\asyncio.py", line 211, in start
    self.asyncio_loop.run_forever()
  File "c:\Users\chris\AppData\Local\Programs\Python\Python314\Lib\asyncio\base_events.py", line 677, in run_forever
    self._run_once()
  File "c:\Users\chris\AppData\Local\Programs\Python\Python314\Lib\asyncio\base_events.py", line 2046, in _run_once
    handle._run()
  File "c:\Users\chris\AppData\Local\Programs\Python\Python314\Lib\asyncio\events.py", line 94, in _run
    self._context.run(self._callback, *self._args)
  File "C:\Users\chris\AppData\Roaming\Python\Python314\site-packages\ipykernel\kernelbase.py", line 621, in shell_main
    await self.dispatch_shell(msg, subshell_id=subshell_id)
  File "C:\Users\chris\AppData\Roaming\Python\Python314\site-packages\ipykernel\kernelbase.py", line 478, in dispatch_shell
    await result
  File "C:\Users\chris\AppData\Roaming\Python\Python314\site-packages\ipykernel\ipkernel.py", line 372, in execute_request
    await super().execute_request(stream, ident, parent)
  File "C:\Users\chris\AppData\Roaming\Python\Python314\site-packages\ipykernel\kernelbase.py", line 834, in execute_request
    reply_content = await reply_content
  File "C:\Users\chris\AppData\Roaming\Python\Python314\site-packages\ipykernel\ipkernel.py", line 464, in do_execute
    res = shell.run_cell(
  File "C:\Users\chris\AppData\Roaming\Python\Python314\site-packages\ipykernel\zmqshell.py", line 663, in run_cell
    return super().run_cell(*args, **kwargs)
  File "C:\Users\chris\AppData\Roaming\Python\Python314\site-packages\IPython\core\interactiveshell.py", line 3170, in run_cell
    result = self._run_cell(
  File "C:\Users\chris\AppData\Roaming\Python\Python314\site-packages\IPython\core\interactiveshell.py", line 3225, in _run_cell
    result = runner(coro)
  File "C:\Users\chris\AppData\Roaming\Python\Python314\site-packages\IPython\core\async_helpers.py", line 128, in _pseudo_sync_runner
    coro.send(None)
  File "C:\Users\chris\AppData\Roaming\Python\Python314\site-packages\IPython\core\interactiveshell.py", line 3447, in run_cell_async
    has_raised = await self.run_ast_nodes(code_ast.body, cell_name,
  File "C:\Users\chris\AppData\Roaming\Python\Python314\site-packages\IPython\core\interactiveshell.py", line 3688, in run_ast_nodes
    if await self.run_code(code, result, async_=asy):
  File "C:\Users\chris\AppData\Roaming\Python\Python314\site-packages\IPython\core\interactiveshell.py", line 3748, in run_code
    exec(code_obj, self.user_global_ns, self.user_ns)
  File "C:\Users\chris\AppData\Local\Temp\ipykernel_4436\3007420965.py", line 73, in <module>
    runpy.run_path(str(script_path), run_name="__main__")
  File "<frozen runpy>", line 287, in run_path
  File "<frozen runpy>", line 98, in _run_module_code
  File "<frozen runpy>", line 88, in _run_code
  File "C:\Users\chris\Desktop\Code\TracesPresenter\Traces_presenter\Jupyter\Chaine\scripts_Mirabelle\failed_run_ratio_Mirabelle.py", line 80, in <module>
    main(_read, _write)
  File "C:\Users\chris\Desktop\Code\TracesPresenter\Traces_presenter\Jupyter\Chaine\scripts_Mirabelle\failed_run_ratio_Mirabelle.py", line 65, in main
    out.info(
Message: '  %s : %s = %.3f  (%d Run.Test)'
Arguments: ('tonifiais.tour', 'FailedTestRunRatio', 0.8333333333333334, 12)
--- Logging error ---
Traceback (most recent call last):
  File "c:\Users\chris\AppData\Local\Programs\Python\Python314\Lib\logging\__init__.py", line 1154, in emit
    stream.write(msg + self.terminator)
    ~~~~~~~~~~~~^^^^^^^^^^^^^^^^^^^^^^^
ValueError: I/O operation on closed file.
Call stack:
  File "<frozen runpy>", line 198, in _run_module_as_main
  File "<frozen runpy>", line 88, in _run_code
  File "C:\Users\chris\AppData\Roaming\Python\Python314\site-packages\ipykernel_launcher.py", line 18, in <module>
    app.launch_new_instance()
  File "C:\Users\chris\AppData\Roaming\Python\Python314\site-packages\traitlets\config\application.py", line 1082, in launch_instance
    app.start()
  File "C:\Users\chris\AppData\Roaming\Python\Python314\site-packages\ipykernel\kernelapp.py", line 758, in start
    self.io_loop.start()
  File "C:\Users\chris\AppData\Roaming\Python\Python314\site-packages\tornado\platform\asyncio.py", line 211, in start
    self.asyncio_loop.run_forever()
  File "c:\Users\chris\AppData\Local\Programs\Python\Python314\Lib\asyncio\base_events.py", line 677, in run_forever
    self._run_once()
  File "c:\Users\chris\AppData\Local\Programs\Python\Python314\Lib\asyncio\base_events.py", line 2046, in _run_once
    handle._run()
  File "c:\Users\chris\AppData\Local\Programs\Python\Python314\Lib\asyncio\events.py", line 94, in _run
    self._context.run(self._callback, *self._args)
  File "C:\Users\chris\AppData\Roaming\Python\Python314\site-packages\ipykernel\kernelbase.py", line 621, in shell_main
    await self.dispatch_shell(msg, subshell_id=subshell_id)
  File "C:\Users\chris\AppData\Roaming\Python\Python314\site-packages\ipykernel\kernelbase.py", line 478, in dispatch_shell
    await result
  File "C:\Users\chris\AppData\Roaming\Python\Python314\site-packages\ipykernel\ipkernel.py", line 372, in execute_request
    await super().execute_request(stream, ident, parent)
  File "C:\Users\chris\AppData\Roaming\Python\Python314\site-packages\ipykernel\kernelbase.py", line 834, in execute_request
    reply_content = await reply_content
  File "C:\Users\chris\AppData\Roaming\Python\Python314\site-packages\ipykernel\ipkernel.py", line 464, in do_execute
    res = shell.run_cell(
  File "C:\Users\chris\AppData\Roaming\Python\Python314\site-packages\ipykernel\zmqshell.py", line 663, in run_cell
    return super().run_cell(*args, **kwargs)
  File "C:\Users\chris\AppData\Roaming\Python\Python314\site-packages\IPython\core\interactiveshell.py", line 3170, in run_cell
    result = self._run_cell(
  File "C:\Users\chris\AppData\Roaming\Python\Python314\site-packages\IPython\core\interactiveshell.py", line 3225, in _run_cell
    result = runner(coro)
  File "C:\Users\chris\AppData\Roaming\Python\Python314\site-packages\IPython\core\async_helpers.py", line 128, in _pseudo_sync_runner
    coro.send(None)
  File "C:\Users\chris\AppData\Roaming\Python\Python314\site-packages\IPython\core\interactiveshell.py", line 3447, in run_cell_async
    has_raised = await self.run_ast_nodes(code_ast.body, cell_name,
  File "C:\Users\chris\AppData\Roaming\Python\Python314\site-packages\IPython\core\interactiveshell.py", line 3688, in run_ast_nodes
    if await self.run_code(code, result, async_=asy):
  File "C:\Users\chris\AppData\Roaming\Python\Python314\site-packages\IPython\core\interactiveshell.py", line 3748, in run_code
    exec(code_obj, self.user_global_ns, self.user_ns)
  File "C:\Users\chris\AppData\Local\Temp\ipykernel_4436\3007420965.py", line 73, in <module>
    runpy.run_path(str(script_path), run_name="__main__")
  File "<frozen runpy>", line 287, in run_path
  File "<frozen runpy>", line 98, in _run_module_code
  File "<frozen runpy>", line 88, in _run_code
  File "C:\Users\chris\Desktop\Code\TracesPresenter\Traces_presenter\Jupyter\Chaine\scripts_Mirabelle\failed_run_ratio_Mirabelle.py", line 80, in <module>
    main(_read, _write)
  File "C:\Users\chris\Desktop\Code\TracesPresenter\Traces_presenter\Jupyter\Chaine\scripts_Mirabelle\failed_run_ratio_Mirabelle.py", line 65, in main
    out.info(
Message: '  %s : %s = %.3f  (%d Run.Test)'
Arguments: ('tribunes.carrosse', 'FailedTestRunRatio', 1.0, 1)
--- Logging error ---
Traceback (most recent call last):
  File "c:\Users\chris\AppData\Local\Programs\Python\Python314\Lib\logging\__init__.py", line 1154, in emit
    stream.write(msg + self.terminator)
    ~~~~~~~~~~~~^^^^^^^^^^^^^^^^^^^^^^^
ValueError: I/O operation on closed file.
Call stack:
  File "<frozen runpy>", line 198, in _run_module_as_main
  File "<frozen runpy>", line 88, in _run_code
  File "C:\Users\chris\AppData\Roaming\Python\Python314\site-packages\ipykernel_launcher.py", line 18, in <module>
    app.launch_new_instance()
  File "C:\Users\chris\AppData\Roaming\Python\Python314\site-packages\traitlets\config\application.py", line 1082, in launch_instance
    app.start()
  File "C:\Users\chris\AppData\Roaming\Python\Python314\site-packages\ipykernel\kernelapp.py", line 758, in start
    self.io_loop.start()
  File "C:\Users\chris\AppData\Roaming\Python\Python314\site-packages\tornado\platform\asyncio.py", line 211, in start
    self.asyncio_loop.run_forever()
  File "c:\Users\chris\AppData\Local\Programs\Python\Python314\Lib\asyncio\base_events.py", line 677, in run_forever
    self._run_once()
  File "c:\Users\chris\AppData\Local\Programs\Python\Python314\Lib\asyncio\base_events.py", line 2046, in _run_once
    handle._run()
  File "c:\Users\chris\AppData\Local\Programs\Python\Python314\Lib\asyncio\events.py", line 94, in _run
    self._context.run(self._callback, *self._args)
  File "C:\Users\chris\AppData\Roaming\Python\Python314\site-packages\ipykernel\kernelbase.py", line 621, in shell_main
    await self.dispatch_shell(msg, subshell_id=subshell_id)
  File "C:\Users\chris\AppData\Roaming\Python\Python314\site-packages\ipykernel\kernelbase.py", line 478, in dispatch_shell
    await result
  File "C:\Users\chris\AppData\Roaming\Python\Python314\site-packages\ipykernel\ipkernel.py", line 372, in execute_request
    await super().execute_request(stream, ident, parent)
  File "C:\Users\chris\AppData\Roaming\Python\Python314\site-packages\ipykernel\kernelbase.py", line 834, in execute_request
    reply_content = await reply_content
  File "C:\Users\chris\AppData\Roaming\Python\Python314\site-packages\ipykernel\ipkernel.py", line 464, in do_execute
    res = shell.run_cell(
  File "C:\Users\chris\AppData\Roaming\Python\Python314\site-packages\ipykernel\zmqshell.py", line 663, in run_cell
    return super().run_cell(*args, **kwargs)
  File "C:\Users\chris\AppData\Roaming\Python\Python314\site-packages\IPython\core\interactiveshell.py", line 3170, in run_cell
    result = self._run_cell(
  File "C:\Users\chris\AppData\Roaming\Python\Python314\site-packages\IPython\core\interactiveshell.py", line 3225, in _run_cell
    result = runner(coro)
  File "C:\Users\chris\AppData\Roaming\Python\Python314\site-packages\IPython\core\async_helpers.py", line 128, in _pseudo_sync_runner
    coro.send(None)
  File "C:\Users\chris\AppData\Roaming\Python\Python314\site-packages\IPython\core\interactiveshell.py", line 3447, in run_cell_async
    has_raised = await self.run_ast_nodes(code_ast.body, cell_name,
  File "C:\Users\chris\AppData\Roaming\Python\Python314\site-packages\IPython\core\interactiveshell.py", line 3688, in run_ast_nodes
    if await self.run_code(code, result, async_=asy):
  File "C:\Users\chris\AppData\Roaming\Python\Python314\site-packages\IPython\core\interactiveshell.py", line 3748, in run_code
    exec(code_obj, self.user_global_ns, self.user_ns)
  File "C:\Users\chris\AppData\Local\Temp\ipykernel_4436\3007420965.py", line 73, in <module>
    runpy.run_path(str(script_path), run_name="__main__")
  File "<frozen runpy>", line 287, in run_path
  File "<frozen runpy>", line 98, in _run_module_code
  File "<frozen runpy>", line 88, in _run_code
  File "C:\Users\chris\Desktop\Code\TracesPresenter\Traces_presenter\Jupyter\Chaine\scripts_Mirabelle\failed_run_ratio_Mirabelle.py", line 80, in <module>
    main(_read, _write)
  File "C:\Users\chris\Desktop\Code\TracesPresenter\Traces_presenter\Jupyter\Chaine\scripts_Mirabelle\failed_run_ratio_Mirabelle.py", line 65, in main
    out.info(
Message: '  %s : %s = %.3f  (%d Run.Test)'
Arguments: ('triplais.allonge', 'FailedTestRunRatio', 1.0, 3)
--- Logging error ---
Traceback (most recent call last):
  File "c:\Users\chris\AppData\Local\Programs\Python\Python314\Lib\logging\__init__.py", line 1154, in emit
    stream.write(msg + self.terminator)
    ~~~~~~~~~~~~^^^^^^^^^^^^^^^^^^^^^^^
ValueError: I/O operation on closed file.
Call stack:
  File "<frozen runpy>", line 198, in _run_module_as_main
  File "<frozen runpy>", line 88, in _run_code
  File "C:\Users\chris\AppData\Roaming\Python\Python314\site-packages\ipykernel_launcher.py", line 18, in <module>
    app.launch_new_instance()
  File "C:\Users\chris\AppData\Roaming\Python\Python314\site-packages\traitlets\config\application.py", line 1082, in launch_instance
    app.start()
  File "C:\Users\chris\AppData\Roaming\Python\Python314\site-packages\ipykernel\kernelapp.py", line 758, in start
    self.io_loop.start()
  File "C:\Users\chris\AppData\Roaming\Python\Python314\site-packages\tornado\platform\asyncio.py", line 211, in start
    self.asyncio_loop.run_forever()
  File "c:\Users\chris\AppData\Local\Programs\Python\Python314\Lib\asyncio\base_events.py", line 677, in run_forever
    self._run_once()
  File "c:\Users\chris\AppData\Local\Programs\Python\Python314\Lib\asyncio\base_events.py", line 2046, in _run_once
    handle._run()
  File "c:\Users\chris\AppData\Local\Programs\Python\Python314\Lib\asyncio\events.py", line 94, in _run
    self._context.run(self._callback, *self._args)
  File "C:\Users\chris\AppData\Roaming\Python\Python314\site-packages\ipykernel\kernelbase.py", line 621, in shell_main
    await self.dispatch_shell(msg, subshell_id=subshell_id)
  File "C:\Users\chris\AppData\Roaming\Python\Python314\site-packages\ipykernel\kernelbase.py", line 478, in dispatch_shell
    await result
  File "C:\Users\chris\AppData\Roaming\Python\Python314\site-packages\ipykernel\ipkernel.py", line 372, in execute_request
    await super().execute_request(stream, ident, parent)
  File "C:\Users\chris\AppData\Roaming\Python\Python314\site-packages\ipykernel\kernelbase.py", line 834, in execute_request
    reply_content = await reply_content
  File "C:\Users\chris\AppData\Roaming\Python\Python314\site-packages\ipykernel\ipkernel.py", line 464, in do_execute
    res = shell.run_cell(
  File "C:\Users\chris\AppData\Roaming\Python\Python314\site-packages\ipykernel\zmqshell.py", line 663, in run_cell
    return super().run_cell(*args, **kwargs)
  File "C:\Users\chris\AppData\Roaming\Python\Python314\site-packages\IPython\core\interactiveshell.py", line 3170, in run_cell
    result = self._run_cell(
  File "C:\Users\chris\AppData\Roaming\Python\Python314\site-packages\IPython\core\interactiveshell.py", line 3225, in _run_cell
    result = runner(coro)
  File "C:\Users\chris\AppData\Roaming\Python\Python314\site-packages\IPython\core\async_helpers.py", line 128, in _pseudo_sync_runner
    coro.send(None)
  File "C:\Users\chris\AppData\Roaming\Python\Python314\site-packages\IPython\core\interactiveshell.py", line 3447, in run_cell_async
    has_raised = await self.run_ast_nodes(code_ast.body, cell_name,
  File "C:\Users\chris\AppData\Roaming\Python\Python314\site-packages\IPython\core\interactiveshell.py", line 3688, in run_ast_nodes
    if await self.run_code(code, result, async_=asy):
  File "C:\Users\chris\AppData\Roaming\Python\Python314\site-packages\IPython\core\interactiveshell.py", line 3748, in run_code
    exec(code_obj, self.user_global_ns, self.user_ns)
  File "C:\Users\chris\AppData\Local\Temp\ipykernel_4436\3007420965.py", line 73, in <module>
    runpy.run_path(str(script_path), run_name="__main__")
  File "<frozen runpy>", line 287, in run_path
  File "<frozen runpy>", line 98, in _run_module_code
  File "<frozen runpy>", line 88, in _run_code
  File "C:\Users\chris\Desktop\Code\TracesPresenter\Traces_presenter\Jupyter\Chaine\scripts_Mirabelle\failed_run_ratio_Mirabelle.py", line 80, in <module>
    main(_read, _write)
  File "C:\Users\chris\Desktop\Code\TracesPresenter\Traces_presenter\Jupyter\Chaine\scripts_Mirabelle\failed_run_ratio_Mirabelle.py", line 65, in main
    out.info(
Message: '  %s : %s = %.3f  (%d Run.Test)'
Arguments: ('vaches.recopiera', 'FailedTestRunRatio', 0.5, 4)
--- Logging error ---
Traceback (most recent call last):
  File "c:\Users\chris\AppData\Local\Programs\Python\Python314\Lib\logging\__init__.py", line 1154, in emit
    stream.write(msg + self.terminator)
    ~~~~~~~~~~~~^^^^^^^^^^^^^^^^^^^^^^^
ValueError: I/O operation on closed file.
Call stack:
  File "<frozen runpy>", line 198, in _run_module_as_main
  File "<frozen runpy>", line 88, in _run_code
  File "C:\Users\chris\AppData\Roaming\Python\Python314\site-packages\ipykernel_launcher.py", line 18, in <module>
    app.launch_new_instance()
  File "C:\Users\chris\AppData\Roaming\Python\Python314\site-packages\traitlets\config\application.py", line 1082, in launch_instance
    app.start()
  File "C:\Users\chris\AppData\Roaming\Python\Python314\site-packages\ipykernel\kernelapp.py", line 758, in start
    self.io_loop.start()
  File "C:\Users\chris\AppData\Roaming\Python\Python314\site-packages\tornado\platform\asyncio.py", line 211, in start
    self.asyncio_loop.run_forever()
  File "c:\Users\chris\AppData\Local\Programs\Python\Python314\Lib\asyncio\base_events.py", line 677, in run_forever
    self._run_once()
  File "c:\Users\chris\AppData\Local\Programs\Python\Python314\Lib\asyncio\base_events.py", line 2046, in _run_once
    handle._run()
  File "c:\Users\chris\AppData\Local\Programs\Python\Python314\Lib\asyncio\events.py", line 94, in _run
    self._context.run(self._callback, *self._args)
  File "C:\Users\chris\AppData\Roaming\Python\Python314\site-packages\ipykernel\kernelbase.py", line 621, in shell_main
    await self.dispatch_shell(msg, subshell_id=subshell_id)
  File "C:\Users\chris\AppData\Roaming\Python\Python314\site-packages\ipykernel\kernelbase.py", line 478, in dispatch_shell
    await result
  File "C:\Users\chris\AppData\Roaming\Python\Python314\site-packages\ipykernel\ipkernel.py", line 372, in execute_request
    await super().execute_request(stream, ident, parent)
  File "C:\Users\chris\AppData\Roaming\Python\Python314\site-packages\ipykernel\kernelbase.py", line 834, in execute_request
    reply_content = await reply_content
  File "C:\Users\chris\AppData\Roaming\Python\Python314\site-packages\ipykernel\ipkernel.py", line 464, in do_execute
    res = shell.run_cell(
  File "C:\Users\chris\AppData\Roaming\Python\Python314\site-packages\ipykernel\zmqshell.py", line 663, in run_cell
    return super().run_cell(*args, **kwargs)
  File "C:\Users\chris\AppData\Roaming\Python\Python314\site-packages\IPython\core\interactiveshell.py", line 3170, in run_cell
    result = self._run_cell(
  File "C:\Users\chris\AppData\Roaming\Python\Python314\site-packages\IPython\core\interactiveshell.py", line 3225, in _run_cell
    result = runner(coro)
  File "C:\Users\chris\AppData\Roaming\Python\Python314\site-packages\IPython\core\async_helpers.py", line 128, in _pseudo_sync_runner
    coro.send(None)
  File "C:\Users\chris\AppData\Roaming\Python\Python314\site-packages\IPython\core\interactiveshell.py", line 3447, in run_cell_async
    has_raised = await self.run_ast_nodes(code_ast.body, cell_name,
  File "C:\Users\chris\AppData\Roaming\Python\Python314\site-packages\IPython\core\interactiveshell.py", line 3688, in run_ast_nodes
    if await self.run_code(code, result, async_=asy):
  File "C:\Users\chris\AppData\Roaming\Python\Python314\site-packages\IPython\core\interactiveshell.py", line 3748, in run_code
    exec(code_obj, self.user_global_ns, self.user_ns)
  File "C:\Users\chris\AppData\Local\Temp\ipykernel_4436\3007420965.py", line 73, in <module>
    runpy.run_path(str(script_path), run_name="__main__")
  File "<frozen runpy>", line 287, in run_path
  File "<frozen runpy>", line 98, in _run_module_code
  File "<frozen runpy>", line 88, in _run_code
  File "C:\Users\chris\Desktop\Code\TracesPresenter\Traces_presenter\Jupyter\Chaine\scripts_Mirabelle\failed_run_ratio_Mirabelle.py", line 80, in <module>
    main(_read, _write)
  File "C:\Users\chris\Desktop\Code\TracesPresenter\Traces_presenter\Jupyter\Chaine\scripts_Mirabelle\failed_run_ratio_Mirabelle.py", line 65, in main
    out.info(
Message: '  %s : %s = %.3f  (%d Run.Test)'
Arguments: ('verrues.clamais', 'FailedTestRunRatio', 0.2, 16)
--- Logging error ---
Traceback (most recent call last):
  File "c:\Users\chris\AppData\Local\Programs\Python\Python314\Lib\logging\__init__.py", line 1154, in emit
    stream.write(msg + self.terminator)
    ~~~~~~~~~~~~^^^^^^^^^^^^^^^^^^^^^^^
ValueError: I/O operation on closed file.
Call stack:
  File "<frozen runpy>", line 198, in _run_module_as_main
  File "<frozen runpy>", line 88, in _run_code
  File "C:\Users\chris\AppData\Roaming\Python\Python314\site-packages\ipykernel_launcher.py", line 18, in <module>
    app.launch_new_instance()
  File "C:\Users\chris\AppData\Roaming\Python\Python314\site-packages\traitlets\config\application.py", line 1082, in launch_instance
    app.start()
  File "C:\Users\chris\AppData\Roaming\Python\Python314\site-packages\ipykernel\kernelapp.py", line 758, in start
    self.io_loop.start()
  File "C:\Users\chris\AppData\Roaming\Python\Python314\site-packages\tornado\platform\asyncio.py", line 211, in start
    self.asyncio_loop.run_forever()
  File "c:\Users\chris\AppData\Local\Programs\Python\Python314\Lib\asyncio\base_events.py", line 677, in run_forever
    self._run_once()
  File "c:\Users\chris\AppData\Local\Programs\Python\Python314\Lib\asyncio\base_events.py", line 2046, in _run_once
    handle._run()
  File "c:\Users\chris\AppData\Local\Programs\Python\Python314\Lib\asyncio\events.py", line 94, in _run
    self._context.run(self._callback, *self._args)
  File "C:\Users\chris\AppData\Roaming\Python\Python314\site-packages\ipykernel\kernelbase.py", line 621, in shell_main
    await self.dispatch_shell(msg, subshell_id=subshell_id)
  File "C:\Users\chris\AppData\Roaming\Python\Python314\site-packages\ipykernel\kernelbase.py", line 478, in dispatch_shell
    await result
  File "C:\Users\chris\AppData\Roaming\Python\Python314\site-packages\ipykernel\ipkernel.py", line 372, in execute_request
    await super().execute_request(stream, ident, parent)
  File "C:\Users\chris\AppData\Roaming\Python\Python314\site-packages\ipykernel\kernelbase.py", line 834, in execute_request
    reply_content = await reply_content
  File "C:\Users\chris\AppData\Roaming\Python\Python314\site-packages\ipykernel\ipkernel.py", line 464, in do_execute
    res = shell.run_cell(
  File "C:\Users\chris\AppData\Roaming\Python\Python314\site-packages\ipykernel\zmqshell.py", line 663, in run_cell
    return super().run_cell(*args, **kwargs)
  File "C:\Users\chris\AppData\Roaming\Python\Python314\site-packages\IPython\core\interactiveshell.py", line 3170, in run_cell
    result = self._run_cell(
  File "C:\Users\chris\AppData\Roaming\Python\Python314\site-packages\IPython\core\interactiveshell.py", line 3225, in _run_cell
    result = runner(coro)
  File "C:\Users\chris\AppData\Roaming\Python\Python314\site-packages\IPython\core\async_helpers.py", line 128, in _pseudo_sync_runner
    coro.send(None)
  File "C:\Users\chris\AppData\Roaming\Python\Python314\site-packages\IPython\core\interactiveshell.py", line 3447, in run_cell_async
    has_raised = await self.run_ast_nodes(code_ast.body, cell_name,
  File "C:\Users\chris\AppData\Roaming\Python\Python314\site-packages\IPython\core\interactiveshell.py", line 3688, in run_ast_nodes
    if await self.run_code(code, result, async_=asy):
  File "C:\Users\chris\AppData\Roaming\Python\Python314\site-packages\IPython\core\interactiveshell.py", line 3748, in run_code
    exec(code_obj, self.user_global_ns, self.user_ns)
  File "C:\Users\chris\AppData\Local\Temp\ipykernel_4436\3007420965.py", line 73, in <module>
    runpy.run_path(str(script_path), run_name="__main__")
  File "<frozen runpy>", line 287, in run_path
  File "<frozen runpy>", line 98, in _run_module_code
  File "<frozen runpy>", line 88, in _run_code
  File "C:\Users\chris\Desktop\Code\TracesPresenter\Traces_presenter\Jupyter\Chaine\scripts_Mirabelle\failed_run_ratio_Mirabelle.py", line 80, in <module>
    main(_read, _write)
  File "C:\Users\chris\Desktop\Code\TracesPresenter\Traces_presenter\Jupyter\Chaine\scripts_Mirabelle\failed_run_ratio_Mirabelle.py", line 73, in main
    out.info("%d étudiant(s) ignoré(s) (aucun Run.Test non vide)", dropped)
Message: '%d étudiant(s) ignoré(s) (aucun Run.Test non vide)'
Arguments: (20,)
--- Logging error ---
Traceback (most recent call last):
  File "c:\Users\chris\AppData\Local\Programs\Python\Python314\Lib\logging\__init__.py", line 1154, in emit
    stream.write(msg + self.terminator)
    ~~~~~~~~~~~~^^^^^^^^^^^^^^^^^^^^^^^
ValueError: I/O operation on closed file.
Call stack:
  File "<frozen runpy>", line 198, in _run_module_as_main
  File "<frozen runpy>", line 88, in _run_code
  File "C:\Users\chris\AppData\Roaming\Python\Python314\site-packages\ipykernel_launcher.py", line 18, in <module>
    app.launch_new_instance()
  File "C:\Users\chris\AppData\Roaming\Python\Python314\site-packages\traitlets\config\application.py", line 1082, in launch_instance
    app.start()
  File "C:\Users\chris\AppData\Roaming\Python\Python314\site-packages\ipykernel\kernelapp.py", line 758, in start
    self.io_loop.start()
  File "C:\Users\chris\AppData\Roaming\Python\Python314\site-packages\tornado\platform\asyncio.py", line 211, in start
    self.asyncio_loop.run_forever()
  File "c:\Users\chris\AppData\Local\Programs\Python\Python314\Lib\asyncio\base_events.py", line 677, in run_forever
    self._run_once()
  File "c:\Users\chris\AppData\Local\Programs\Python\Python314\Lib\asyncio\base_events.py", line 2046, in _run_once
    handle._run()
  File "c:\Users\chris\AppData\Local\Programs\Python\Python314\Lib\asyncio\events.py", line 94, in _run
    self._context.run(self._callback, *self._args)
  File "C:\Users\chris\AppData\Roaming\Python\Python314\site-packages\ipykernel\kernelbase.py", line 621, in shell_main
    await self.dispatch_shell(msg, subshell_id=subshell_id)
  File "C:\Users\chris\AppData\Roaming\Python\Python314\site-packages\ipykernel\kernelbase.py", line 478, in dispatch_shell
    await result
  File "C:\Users\chris\AppData\Roaming\Python\Python314\site-packages\ipykernel\ipkernel.py", line 372, in execute_request
    await super().execute_request(stream, ident, parent)
  File "C:\Users\chris\AppData\Roaming\Python\Python314\site-packages\ipykernel\kernelbase.py", line 834, in execute_request
    reply_content = await reply_content
  File "C:\Users\chris\AppData\Roaming\Python\Python314\site-packages\ipykernel\ipkernel.py", line 464, in do_execute
    res = shell.run_cell(
  File "C:\Users\chris\AppData\Roaming\Python\Python314\site-packages\ipykernel\zmqshell.py", line 663, in run_cell
    return super().run_cell(*args, **kwargs)
  File "C:\Users\chris\AppData\Roaming\Python\Python314\site-packages\IPython\core\interactiveshell.py", line 3170, in run_cell
    result = self._run_cell(
  File "C:\Users\chris\AppData\Roaming\Python\Python314\site-packages\IPython\core\interactiveshell.py", line 3225, in _run_cell
    result = runner(coro)
  File "C:\Users\chris\AppData\Roaming\Python\Python314\site-packages\IPython\core\async_helpers.py", line 128, in _pseudo_sync_runner
    coro.send(None)
  File "C:\Users\chris\AppData\Roaming\Python\Python314\site-packages\IPython\core\interactiveshell.py", line 3447, in run_cell_async
    has_raised = await self.run_ast_nodes(code_ast.body, cell_name,
  File "C:\Users\chris\AppData\Roaming\Python\Python314\site-packages\IPython\core\interactiveshell.py", line 3688, in run_ast_nodes
    if await self.run_code(code, result, async_=asy):
  File "C:\Users\chris\AppData\Roaming\Python\Python314\site-packages\IPython\core\interactiveshell.py", line 3748, in run_code
    exec(code_obj, self.user_global_ns, self.user_ns)
  File "C:\Users\chris\AppData\Local\Temp\ipykernel_4436\3007420965.py", line 73, in <module>
    runpy.run_path(str(script_path), run_name="__main__")
  File "<frozen runpy>", line 287, in run_path
  File "<frozen runpy>", line 98, in _run_module_code
  File "<frozen runpy>", line 88, in _run_code
  File "C:\Users\chris\Desktop\Code\TracesPresenter\Traces_presenter\Jupyter\Chaine\scripts_Mirabelle\failed_run_ratio_Mirabelle.py", line 80, in <module>
    main(_read, _write)
  File "C:\Users\chris\Desktop\Code\TracesPresenter\Traces_presenter\Jupyter\Chaine\scripts_Mirabelle\failed_run_ratio_Mirabelle.py", line 74, in main
    um.write_metric(METRIC_NAME, metric_map, write_path)
  File "C:\Users\chris\Desktop\Code\TracesPresenter\Traces_presenter\Jupyter\Chaine\scripts_Mirabelle\utils_Mirabelle.py", line 268, in write_metric
    out.info("Résultat écrit dans %s  (%d étudiant(s))", path, len(metric_map))
Message: 'Résultat écrit dans %s  (%d étudiant(s))'
Arguments: ('C:\\Users\\chris\\Desktop\\Code\\TracesPresenter\\Traces_presenter\\Jupyter\\Chaine\\csv\\failed_run_ratio.csv', 46)
