COMMANDE LOGIQUE
python C:\Users\chris\Desktop\Code\TracesPresenter\Traces_presenter\Jupyter\Chaine\scripts_Mirabelle\function_coverage_Mirabelle.py C:\Users\chris\Desktop\Code\TracesPresenter\Traces_presenter\Jupyter\Chaine\data\traces_20_sept_10_11.csv C:\Users\chris\Desktop\Code\TracesPresenter\Traces_presenter\Jupyter\Chaine\csv\FunctionCoverage.csv

SORTIE DU SCRIPT
--- Logging error ---
Traceback (most recent call last):
  File "c:\Users\chris\AppData\Local\Programs\Python\Python314\Lib\logging\__init__.py", line 1154, in emit
    stream.write(msg + self.terminator)
    ~~~~~~~~~~~~^^^^^^^^^^^^^^^^^^^^^^^
ValueError: I/O operation on closed file.
Call stack:
  File "<frozen runpy>", line 198, in _run_module_as_main
  File "<frozen runpy>", line 88, in _run_code
  File "C:\Users\chris\AppData\Roaming\Python\Python314\site-packages\ipykernel_launcher.py", line 18, in <module>
    app.launch_new_instance()
  File "C:\Users\chris\AppData\Roaming\Python\Python314\site-packages\traitlets\config\application.py", line 1082, in launch_instance
    app.start()
  File "C:\Users\chris\AppData\Roaming\Python\Python314\site-packages\ipykernel\kernelapp.py", line 758, in start
    self.io_loop.start()
  File "C:\Users\chris\AppData\Roaming\Python\Python314\site-packages\tornado\platform\asyncio.py", line 211, in start
    self.asyncio_loop.run_forever()
  File "c:\Users\chris\AppData\Local\Programs\Python\Python314\Lib\asyncio\base_events.py", line 677, in run_forever
    self._run_once()
  File "c:\Users\chris\AppData\Local\Programs\Python\Python314\Lib\asyncio\base_events.py", line 2046, in _run_once
    handle._run()
  File "c:\Users\chris\AppData\Local\Programs\Python\Python314\Lib\asyncio\events.py", line 94, in _run
    self._context.run(self._callback, *self._args)
  File "C:\Users\chris\AppData\Roaming\Python\Python314\site-packages\ipykernel\kernelbase.py", line 621, in shell_main
    await self.dispatch_shell(msg, subshell_id=subshell_id)
  File "C:\Users\chris\AppData\Roaming\Python\Python314\site-packages\ipykernel\kernelbase.py", line 478, in dispatch_shell
    await result
  File "C:\Users\chris\AppData\Roaming\Python\Python314\site-packages\ipykernel\ipkernel.py", line 372, in execute_request
    await super().execute_request(stream, ident, parent)
  File "C:\Users\chris\AppData\Roaming\Python\Python314\site-packages\ipykernel\kernelbase.py", line 834, in execute_request
    reply_content = await reply_content
  File "C:\Users\chris\AppData\Roaming\Python\Python314\site-packages\ipykernel\ipkernel.py", line 464, in do_execute
    res = shell.run_cell(
  File "C:\Users\chris\AppData\Roaming\Python\Python314\site-packages\ipykernel\zmqshell.py", line 663, in run_cell
    return super().run_cell(*args, **kwargs)
  File "C:\Users\chris\AppData\Roaming\Python\Python314\site-packages\IPython\core\interactiveshell.py", line 3170, in run_cell
    result = self._run_cell(
  File "C:\Users\chris\AppData\Roaming\Python\Python314\site-packages\IPython\core\interactiveshell.py", line 3225, in _run_cell
    result = runner(coro)
  File "C:\Users\chris\AppData\Roaming\Python\Python314\site-packages\IPython\core\async_helpers.py", line 128, in _pseudo_sync_runner
    coro.send(None)
  File "C:\Users\chris\AppData\Roaming\Python\Python314\site-packages\IPython\core\interactiveshell.py", line 3447, in run_cell_async
    has_raised = await self.run_ast_nodes(code_ast.body, cell_name,
  File "C:\Users\chris\AppData\Roaming\Python\Python314\site-packages\IPython\core\interactiveshell.py", line 3688, in run_ast_nodes
    if await self.run_code(code, result, async_=asy):
  File "C:\Users\chris\AppData\Roaming\Python\Python314\site-packages\IPython\core\interactiveshell.py", line 3748, in run_code
    exec(code_obj, self.user_global_ns, self.user_ns)
  File "C:\Users\chris\AppData\Local\Temp\ipykernel_4436\3007420965.py", line 73, in <module>
    runpy.run_path(str(script_path), run_name="__main__")
  File "<frozen runpy>", line 287, in run_path
  File "<frozen runpy>", line 98, in _run_module_code
  File "<frozen runpy>", line 88, in _run_code
  File "C:\Users\chris\Desktop\Code\TracesPresenter\Traces_presenter\Jupyter\Chaine\scripts_Mirabelle\function_coverage_Mirabelle.py", line 303, in <module>
    main(input_path, output_path, code_state_col=code_state_column)
  File "C:\Users\chris\Desktop\Code\TracesPresenter\Traces_presenter\Jupyter\Chaine\scripts_Mirabelle\function_coverage_Mirabelle.py", line 238, in main
    df = um.load_csv(read_path)
  File "C:\Users\chris\Desktop\Code\TracesPresenter\Traces_presenter\Jupyter\Chaine\scripts_Mirabelle\utils_Mirabelle.py", line 247, in load_csv
    out.info("Chargement de %s …", path)
Message: 'Chargement de %s …'
Arguments: ('C:\\Users\\chris\\Desktop\\Code\\TracesPresenter\\Traces_presenter\\Jupyter\\Chaine\\data\\traces_20_sept_10_11.csv',)
--- Logging error ---
Traceback (most recent call last):
  File "c:\Users\chris\AppData\Local\Programs\Python\Python314\Lib\logging\__init__.py", line 1154, in emit
    stream.write(msg + self.terminator)
    ~~~~~~~~~~~~^^^^^^^^^^^^^^^^^^^^^^^
ValueError: I/O operation on closed file.
Call stack:
  File "<frozen runpy>", line 198, in _run_module_as_main
  File "<frozen runpy>", line 88, in _run_code
  File "C:\Users\chris\AppData\Roaming\Python\Python314\site-packages\ipykernel_launcher.py", line 18, in <module>
    app.launch_new_instance()
  File "C:\Users\chris\AppData\Roaming\Python\Python314\site-packages\traitlets\config\application.py", line 1082, in launch_instance
    app.start()
  File "C:\Users\chris\AppData\Roaming\Python\Python314\site-packages\ipykernel\kernelapp.py", line 758, in start
    self.io_loop.start()
  File "C:\Users\chris\AppData\Roaming\Python\Python314\site-packages\tornado\platform\asyncio.py", line 211, in start
    self.asyncio_loop.run_forever()
  File "c:\Users\chris\AppData\Local\Programs\Python\Python314\Lib\asyncio\base_events.py", line 677, in run_forever
    self._run_once()
  File "c:\Users\chris\AppData\Local\Programs\Python\Python314\Lib\asyncio\base_events.py", line 2046, in _run_once
    handle._run()
  File "c:\Users\chris\AppData\Local\Programs\Python\Python314\Lib\asyncio\events.py", line 94, in _run
    self._context.run(self._callback, *self._args)
  File "C:\Users\chris\AppData\Roaming\Python\Python314\site-packages\ipykernel\kernelbase.py", line 621, in shell_main
    await self.dispatch_shell(msg, subshell_id=subshell_id)
  File "C:\Users\chris\AppData\Roaming\Python\Python314\site-packages\ipykernel\kernelbase.py", line 478, in dispatch_shell
    await result
  File "C:\Users\chris\AppData\Roaming\Python\Python314\site-packages\ipykernel\ipkernel.py", line 372, in execute_request
    await super().execute_request(stream, ident, parent)
  File "C:\Users\chris\AppData\Roaming\Python\Python314\site-packages\ipykernel\kernelbase.py", line 834, in execute_request
    reply_content = await reply_content
  File "C:\Users\chris\AppData\Roaming\Python\Python314\site-packages\ipykernel\ipkernel.py", line 464, in do_execute
    res = shell.run_cell(
  File "C:\Users\chris\AppData\Roaming\Python\Python314\site-packages\ipykernel\zmqshell.py", line 663, in run_cell
    return super().run_cell(*args, **kwargs)
  File "C:\Users\chris\AppData\Roaming\Python\Python314\site-packages\IPython\core\interactiveshell.py", line 3170, in run_cell
    result = self._run_cell(
  File "C:\Users\chris\AppData\Roaming\Python\Python314\site-packages\IPython\core\interactiveshell.py", line 3225, in _run_cell
    result = runner(coro)
  File "C:\Users\chris\AppData\Roaming\Python\Python314\site-packages\IPython\core\async_helpers.py", line 128, in _pseudo_sync_runner
    coro.send(None)
  File "C:\Users\chris\AppData\Roaming\Python\Python314\site-packages\IPython\core\interactiveshell.py", line 3447, in run_cell_async
    has_raised = await self.run_ast_nodes(code_ast.body, cell_name,
  File "C:\Users\chris\AppData\Roaming\Python\Python314\site-packages\IPython\core\interactiveshell.py", line 3688, in run_ast_nodes
    if await self.run_code(code, result, async_=asy):
  File "C:\Users\chris\AppData\Roaming\Python\Python314\site-packages\IPython\core\interactiveshell.py", line 3748, in run_code
    exec(code_obj, self.user_global_ns, self.user_ns)
  File "C:\Users\chris\AppData\Local\Temp\ipykernel_4436\3007420965.py", line 73, in <module>
    runpy.run_path(str(script_path), run_name="__main__")
  File "<frozen runpy>", line 287, in run_path
  File "<frozen runpy>", line 98, in _run_module_code
  File "<frozen runpy>", line 88, in _run_code
  File "C:\Users\chris\Desktop\Code\TracesPresenter\Traces_presenter\Jupyter\Chaine\scripts_Mirabelle\function_coverage_Mirabelle.py", line 303, in <module>
    main(input_path, output_path, code_state_col=code_state_column)
  File "C:\Users\chris\Desktop\Code\TracesPresenter\Traces_presenter\Jupyter\Chaine\scripts_Mirabelle\function_coverage_Mirabelle.py", line 238, in main
    df = um.load_csv(read_path)
  File "C:\Users\chris\Desktop\Code\TracesPresenter\Traces_presenter\Jupyter\Chaine\scripts_Mirabelle\utils_Mirabelle.py", line 249, in load_csv
    out.info("  %d lignes, %d colonnes", len(df), len(df.columns))
Message: '  %d lignes, %d colonnes'
Arguments: (1836, 34)
--- Logging error ---
Traceback (most recent call last):
  File "c:\Users\chris\AppData\Local\Programs\Python\Python314\Lib\logging\__init__.py", line 1154, in emit
    stream.write(msg + self.terminator)
    ~~~~~~~~~~~~^^^^^^^^^^^^^^^^^^^^^^^
ValueError: I/O operation on closed file.
Call stack:
  File "<frozen runpy>", line 198, in _run_module_as_main
  File "<frozen runpy>", line 88, in _run_code
  File "C:\Users\chris\AppData\Roaming\Python\Python314\site-packages\ipykernel_launcher.py", line 18, in <module>
    app.launch_new_instance()
  File "C:\Users\chris\AppData\Roaming\Python\Python314\site-packages\traitlets\config\application.py", line 1082, in launch_instance
    app.start()
  File "C:\Users\chris\AppData\Roaming\Python\Python314\site-packages\ipykernel\kernelapp.py", line 758, in start
    self.io_loop.start()
  File "C:\Users\chris\AppData\Roaming\Python\Python314\site-packages\tornado\platform\asyncio.py", line 211, in start
    self.asyncio_loop.run_forever()
  File "c:\Users\chris\AppData\Local\Programs\Python\Python314\Lib\asyncio\base_events.py", line 677, in run_forever
    self._run_once()
  File "c:\Users\chris\AppData\Local\Programs\Python\Python314\Lib\asyncio\base_events.py", line 2046, in _run_once
    handle._run()
  File "c:\Users\chris\AppData\Local\Programs\Python\Python314\Lib\asyncio\events.py", line 94, in _run
    self._context.run(self._callback, *self._args)
  File "C:\Users\chris\AppData\Roaming\Python\Python314\site-packages\ipykernel\kernelbase.py", line 621, in shell_main
    await self.dispatch_shell(msg, subshell_id=subshell_id)
  File "C:\Users\chris\AppData\Roaming\Python\Python314\site-packages\ipykernel\kernelbase.py", line 478, in dispatch_shell
    await result
  File "C:\Users\chris\AppData\Roaming\Python\Python314\site-packages\ipykernel\ipkernel.py", line 372, in execute_request
    await super().execute_request(stream, ident, parent)
  File "C:\Users\chris\AppData\Roaming\Python\Python314\site-packages\ipykernel\kernelbase.py", line 834, in execute_request
    reply_content = await reply_content
  File "C:\Users\chris\AppData\Roaming\Python\Python314\site-packages\ipykernel\ipkernel.py", line 464, in do_execute
    res = shell.run_cell(
  File "C:\Users\chris\AppData\Roaming\Python\Python314\site-packages\ipykernel\zmqshell.py", line 663, in run_cell
    return super().run_cell(*args, **kwargs)
  File "C:\Users\chris\AppData\Roaming\Python\Python314\site-packages\IPython\core\interactiveshell.py", line 3170, in run_cell
    result = self._run_cell(
  File "C:\Users\chris\AppData\Roaming\Python\Python314\site-packages\IPython\core\interactiveshell.py", line 3225, in _run_cell
    result = runner(coro)
  File "C:\Users\chris\AppData\Roaming\Python\Python314\site-packages\IPython\core\async_helpers.py", line 128, in _pseudo_sync_runner
    coro.send(None)
  File "C:\Users\chris\AppData\Roaming\Python\Python314\site-packages\IPython\core\interactiveshell.py", line 3447, in run_cell_async
    has_raised = await self.run_ast_nodes(code_ast.body, cell_name,
  File "C:\Users\chris\AppData\Roaming\Python\Python314\site-packages\IPython\core\interactiveshell.py", line 3688, in run_ast_nodes
    if await self.run_code(code, result, async_=asy):
  File "C:\Users\chris\AppData\Roaming\Python\Python314\site-packages\IPython\core\interactiveshell.py", line 3748, in run_code
    exec(code_obj, self.user_global_ns, self.user_ns)
  File "C:\Users\chris\AppData\Local\Temp\ipykernel_4436\3007420965.py", line 73, in <module>
    runpy.run_path(str(script_path), run_name="__main__")
  File "<frozen runpy>", line 287, in run_path
  File "<frozen runpy>", line 98, in _run_module_code
  File "<frozen runpy>", line 88, in _run_code
  File "C:\Users\chris\Desktop\Code\TracesPresenter\Traces_presenter\Jupyter\Chaine\scripts_Mirabelle\function_coverage_Mirabelle.py", line 303, in <module>
    main(input_path, output_path, code_state_col=code_state_column)
  File "C:\Users\chris\Desktop\Code\TracesPresenter\Traces_presenter\Jupyter\Chaine\scripts_Mirabelle\function_coverage_Mirabelle.py", line 260, in main
    function_attempts = prepare_function_attempts(df, code_state_col)
  File "C:\Users\chris\Desktop\Code\TracesPresenter\Traces_presenter\Jupyter\Chaine\scripts_Mirabelle\function_coverage_Mirabelle.py", line 177, in prepare_function_attempts
    out.warning(
Message: '%d Run.Test sans cas de test exploitable ont été ignorés'
Arguments: (64,)
--- Logging error ---
Traceback (most recent call last):
  File "c:\Users\chris\AppData\Local\Programs\Python\Python314\Lib\logging\__init__.py", line 1154, in emit
    stream.write(msg + self.terminator)
    ~~~~~~~~~~~~^^^^^^^^^^^^^^^^^^^^^^^
ValueError: I/O operation on closed file.
Call stack:
  File "<frozen runpy>", line 198, in _run_module_as_main
  File "<frozen runpy>", line 88, in _run_code
  File "C:\Users\chris\AppData\Roaming\Python\Python314\site-packages\ipykernel_launcher.py", line 18, in <module>
    app.launch_new_instance()
  File "C:\Users\chris\AppData\Roaming\Python\Python314\site-packages\traitlets\config\application.py", line 1082, in launch_instance
    app.start()
  File "C:\Users\chris\AppData\Roaming\Python\Python314\site-packages\ipykernel\kernelapp.py", line 758, in start
    self.io_loop.start()
  File "C:\Users\chris\AppData\Roaming\Python\Python314\site-packages\tornado\platform\asyncio.py", line 211, in start
    self.asyncio_loop.run_forever()
  File "c:\Users\chris\AppData\Local\Programs\Python\Python314\Lib\asyncio\base_events.py", line 677, in run_forever
    self._run_once()
  File "c:\Users\chris\AppData\Local\Programs\Python\Python314\Lib\asyncio\base_events.py", line 2046, in _run_once
    handle._run()
  File "c:\Users\chris\AppData\Local\Programs\Python\Python314\Lib\asyncio\events.py", line 94, in _run
    self._context.run(self._callback, *self._args)
  File "C:\Users\chris\AppData\Roaming\Python\Python314\site-packages\ipykernel\kernelbase.py", line 621, in shell_main
    await self.dispatch_shell(msg, subshell_id=subshell_id)
  File "C:\Users\chris\AppData\Roaming\Python\Python314\site-packages\ipykernel\kernelbase.py", line 478, in dispatch_shell
    await result
  File "C:\Users\chris\AppData\Roaming\Python\Python314\site-packages\ipykernel\ipkernel.py", line 372, in execute_request
    await super().execute_request(stream, ident, parent)
  File "C:\Users\chris\AppData\Roaming\Python\Python314\site-packages\ipykernel\kernelbase.py", line 834, in execute_request
    reply_content = await reply_content
  File "C:\Users\chris\AppData\Roaming\Python\Python314\site-packages\ipykernel\ipkernel.py", line 464, in do_execute
    res = shell.run_cell(
  File "C:\Users\chris\AppData\Roaming\Python\Python314\site-packages\ipykernel\zmqshell.py", line 663, in run_cell
    return super().run_cell(*args, **kwargs)
  File "C:\Users\chris\AppData\Roaming\Python\Python314\site-packages\IPython\core\interactiveshell.py", line 3170, in run_cell
    result = self._run_cell(
  File "C:\Users\chris\AppData\Roaming\Python\Python314\site-packages\IPython\core\interactiveshell.py", line 3225, in _run_cell
    result = runner(coro)
  File "C:\Users\chris\AppData\Roaming\Python\Python314\site-packages\IPython\core\async_helpers.py", line 128, in _pseudo_sync_runner
    coro.send(None)
  File "C:\Users\chris\AppData\Roaming\Python\Python314\site-packages\IPython\core\interactiveshell.py", line 3447, in run_cell_async
    has_raised = await self.run_ast_nodes(code_ast.body, cell_name,
  File "C:\Users\chris\AppData\Roaming\Python\Python314\site-packages\IPython\core\interactiveshell.py", line 3688, in run_ast_nodes
    if await self.run_code(code, result, async_=asy):
  File "C:\Users\chris\AppData\Roaming\Python\Python314\site-packages\IPython\core\interactiveshell.py", line 3748, in run_code
    exec(code_obj, self.user_global_ns, self.user_ns)
  File "C:\Users\chris\AppData\Local\Temp\ipykernel_4436\3007420965.py", line 73, in <module>
    runpy.run_path(str(script_path), run_name="__main__")
  File "<frozen runpy>", line 287, in run_path
  File "<frozen runpy>", line 98, in _run_module_code
  File "<frozen runpy>", line 88, in _run_code
  File "C:\Users\chris\Desktop\Code\TracesPresenter\Traces_presenter\Jupyter\Chaine\scripts_Mirabelle\function_coverage_Mirabelle.py", line 303, in <module>
    main(input_path, output_path, code_state_col=code_state_column)
  File "C:\Users\chris\Desktop\Code\TracesPresenter\Traces_presenter\Jupyter\Chaine\scripts_Mirabelle\function_coverage_Mirabelle.py", line 261, in main
    out.info(
Message: '%d étudiant(s), %d association(s) Run.Test/fonction exploitable(s)'
Arguments: (66, 3504)
--- Logging error ---
Traceback (most recent call last):
  File "c:\Users\chris\AppData\Local\Programs\Python\Python314\Lib\logging\__init__.py", line 1154, in emit
    stream.write(msg + self.terminator)
    ~~~~~~~~~~~~^^^^^^^^^^^^^^^^^^^^^^^
ValueError: I/O operation on closed file.
Call stack:
  File "<frozen runpy>", line 198, in _run_module_as_main
  File "<frozen runpy>", line 88, in _run_code
  File "C:\Users\chris\AppData\Roaming\Python\Python314\site-packages\ipykernel_launcher.py", line 18, in <module>
    app.launch_new_instance()
  File "C:\Users\chris\AppData\Roaming\Python\Python314\site-packages\traitlets\config\application.py", line 1082, in launch_instance
    app.start()
  File "C:\Users\chris\AppData\Roaming\Python\Python314\site-packages\ipykernel\kernelapp.py", line 758, in start
    self.io_loop.start()
  File "C:\Users\chris\AppData\Roaming\Python\Python314\site-packages\tornado\platform\asyncio.py", line 211, in start
    self.asyncio_loop.run_forever()
  File "c:\Users\chris\AppData\Local\Programs\Python\Python314\Lib\asyncio\base_events.py", line 677, in run_forever
    self._run_once()
  File "c:\Users\chris\AppData\Local\Programs\Python\Python314\Lib\asyncio\base_events.py", line 2046, in _run_once
    handle._run()
  File "c:\Users\chris\AppData\Local\Programs\Python\Python314\Lib\asyncio\events.py", line 94, in _run
    self._context.run(self._callback, *self._args)
  File "C:\Users\chris\AppData\Roaming\Python\Python314\site-packages\ipykernel\kernelbase.py", line 621, in shell_main
    await self.dispatch_shell(msg, subshell_id=subshell_id)
  File "C:\Users\chris\AppData\Roaming\Python\Python314\site-packages\ipykernel\kernelbase.py", line 478, in dispatch_shell
    await result
  File "C:\Users\chris\AppData\Roaming\Python\Python314\site-packages\ipykernel\ipkernel.py", line 372, in execute_request
    await super().execute_request(stream, ident, parent)
  File "C:\Users\chris\AppData\Roaming\Python\Python314\site-packages\ipykernel\kernelbase.py", line 834, in execute_request
    reply_content = await reply_content
  File "C:\Users\chris\AppData\Roaming\Python\Python314\site-packages\ipykernel\ipkernel.py", line 464, in do_execute
    res = shell.run_cell(
  File "C:\Users\chris\AppData\Roaming\Python\Python314\site-packages\ipykernel\zmqshell.py", line 663, in run_cell
    return super().run_cell(*args, **kwargs)
  File "C:\Users\chris\AppData\Roaming\Python\Python314\site-packages\IPython\core\interactiveshell.py", line 3170, in run_cell
    result = self._run_cell(
  File "C:\Users\chris\AppData\Roaming\Python\Python314\site-packages\IPython\core\interactiveshell.py", line 3225, in _run_cell
    result = runner(coro)
  File "C:\Users\chris\AppData\Roaming\Python\Python314\site-packages\IPython\core\async_helpers.py", line 128, in _pseudo_sync_runner
    coro.send(None)
  File "C:\Users\chris\AppData\Roaming\Python\Python314\site-packages\IPython\core\interactiveshell.py", line 3447, in run_cell_async
    has_raised = await self.run_ast_nodes(code_ast.body, cell_name,
  File "C:\Users\chris\AppData\Roaming\Python\Python314\site-packages\IPython\core\interactiveshell.py", line 3688, in run_ast_nodes
    if await self.run_code(code, result, async_=asy):
  File "C:\Users\chris\AppData\Roaming\Python\Python314\site-packages\IPython\core\interactiveshell.py", line 3748, in run_code
    exec(code_obj, self.user_global_ns, self.user_ns)
  File "C:\Users\chris\AppData\Local\Temp\ipykernel_4436\3007420965.py", line 73, in <module>
    runpy.run_path(str(script_path), run_name="__main__")
  File "<frozen runpy>", line 287, in run_path
  File "<frozen runpy>", line 98, in _run_module_code
  File "<frozen runpy>", line 88, in _run_code
  File "C:\Users\chris\Desktop\Code\TracesPresenter\Traces_presenter\Jupyter\Chaine\scripts_Mirabelle\function_coverage_Mirabelle.py", line 303, in <module>
    main(input_path, output_path, code_state_col=code_state_column)
  File "C:\Users\chris\Desktop\Code\TracesPresenter\Traces_presenter\Jupyter\Chaine\scripts_Mirabelle\function_coverage_Mirabelle.py", line 277, in main
    out.info(
Message: '  %s : %d fonction(s) traitée(s) (%d avec au moins un test réussi, %d par états de code distincts uniquement)'
Arguments: ('alimente.cadriez', 5, 5, 0)
--- Logging error ---
Traceback (most recent call last):
  File "c:\Users\chris\AppData\Local\Programs\Python\Python314\Lib\logging\__init__.py", line 1154, in emit
    stream.write(msg + self.terminator)
    ~~~~~~~~~~~~^^^^^^^^^^^^^^^^^^^^^^^
ValueError: I/O operation on closed file.
Call stack:
  File "<frozen runpy>", line 198, in _run_module_as_main
  File "<frozen runpy>", line 88, in _run_code
  File "C:\Users\chris\AppData\Roaming\Python\Python314\site-packages\ipykernel_launcher.py", line 18, in <module>
    app.launch_new_instance()
  File "C:\Users\chris\AppData\Roaming\Python\Python314\site-packages\traitlets\config\application.py", line 1082, in launch_instance
    app.start()
  File "C:\Users\chris\AppData\Roaming\Python\Python314\site-packages\ipykernel\kernelapp.py", line 758, in start
    self.io_loop.start()
  File "C:\Users\chris\AppData\Roaming\Python\Python314\site-packages\tornado\platform\asyncio.py", line 211, in start
    self.asyncio_loop.run_forever()
  File "c:\Users\chris\AppData\Local\Programs\Python\Python314\Lib\asyncio\base_events.py", line 677, in run_forever
    self._run_once()
  File "c:\Users\chris\AppData\Local\Programs\Python\Python314\Lib\asyncio\base_events.py", line 2046, in _run_once
    handle._run()
  File "c:\Users\chris\AppData\Local\Programs\Python\Python314\Lib\asyncio\events.py", line 94, in _run
    self._context.run(self._callback, *self._args)
  File "C:\Users\chris\AppData\Roaming\Python\Python314\site-packages\ipykernel\kernelbase.py", line 621, in shell_main
    await self.dispatch_shell(msg, subshell_id=subshell_id)
  File "C:\Users\chris\AppData\Roaming\Python\Python314\site-packages\ipykernel\kernelbase.py", line 478, in dispatch_shell
    await result
  File "C:\Users\chris\AppData\Roaming\Python\Python314\site-packages\ipykernel\ipkernel.py", line 372, in execute_request
    await super().execute_request(stream, ident, parent)
  File "C:\Users\chris\AppData\Roaming\Python\Python314\site-packages\ipykernel\kernelbase.py", line 834, in execute_request
    reply_content = await reply_content
  File "C:\Users\chris\AppData\Roaming\Python\Python314\site-packages\ipykernel\ipkernel.py", line 464, in do_execute
    res = shell.run_cell(
  File "C:\Users\chris\AppData\Roaming\Python\Python314\site-packages\ipykernel\zmqshell.py", line 663, in run_cell
    return super().run_cell(*args, **kwargs)
  File "C:\Users\chris\AppData\Roaming\Python\Python314\site-packages\IPython\core\interactiveshell.py", line 3170, in run_cell
    result = self._run_cell(
  File "C:\Users\chris\AppData\Roaming\Python\Python314\site-packages\IPython\core\interactiveshell.py", line 3225, in _run_cell
    result = runner(coro)
  File "C:\Users\chris\AppData\Roaming\Python\Python314\site-packages\IPython\core\async_helpers.py", line 128, in _pseudo_sync_runner
    coro.send(None)
  File "C:\Users\chris\AppData\Roaming\Python\Python314\site-packages\IPython\core\interactiveshell.py", line 3447, in run_cell_async
    has_raised = await self.run_ast_nodes(code_ast.body, cell_name,
  File "C:\Users\chris\AppData\Roaming\Python\Python314\site-packages\IPython\core\interactiveshell.py", line 3688, in run_ast_nodes
    if await self.run_code(code, result, async_=asy):
  File "C:\Users\chris\AppData\Roaming\Python\Python314\site-packages\IPython\core\interactiveshell.py", line 3748, in run_code
    exec(code_obj, self.user_global_ns, self.user_ns)
  File "C:\Users\chris\AppData\Local\Temp\ipykernel_4436\3007420965.py", line 73, in <module>
    runpy.run_path(str(script_path), run_name="__main__")
  File "<frozen runpy>", line 287, in run_path
  File "<frozen runpy>", line 98, in _run_module_code
  File "<frozen runpy>", line 88, in _run_code
  File "C:\Users\chris\Desktop\Code\TracesPresenter\Traces_presenter\Jupyter\Chaine\scripts_Mirabelle\function_coverage_Mirabelle.py", line 303, in <module>
    main(input_path, output_path, code_state_col=code_state_column)
  File "C:\Users\chris\Desktop\Code\TracesPresenter\Traces_presenter\Jupyter\Chaine\scripts_Mirabelle\function_coverage_Mirabelle.py", line 277, in main
    out.info(
Message: '  %s : %d fonction(s) traitée(s) (%d avec au moins un test réussi, %d par états de code distincts uniquement)'
Arguments: ('apercevra.conter', 7, 7, 0)
--- Logging error ---
Traceback (most recent call last):
  File "c:\Users\chris\AppData\Local\Programs\Python\Python314\Lib\logging\__init__.py", line 1154, in emit
    stream.write(msg + self.terminator)
    ~~~~~~~~~~~~^^^^^^^^^^^^^^^^^^^^^^^
ValueError: I/O operation on closed file.
Call stack:
  File "<frozen runpy>", line 198, in _run_module_as_main
  File "<frozen runpy>", line 88, in _run_code
  File "C:\Users\chris\AppData\Roaming\Python\Python314\site-packages\ipykernel_launcher.py", line 18, in <module>
    app.launch_new_instance()
  File "C:\Users\chris\AppData\Roaming\Python\Python314\site-packages\traitlets\config\application.py", line 1082, in launch_instance
    app.start()
  File "C:\Users\chris\AppData\Roaming\Python\Python314\site-packages\ipykernel\kernelapp.py", line 758, in start
    self.io_loop.start()
  File "C:\Users\chris\AppData\Roaming\Python\Python314\site-packages\tornado\platform\asyncio.py", line 211, in start
    self.asyncio_loop.run_forever()
  File "c:\Users\chris\AppData\Local\Programs\Python\Python314\Lib\asyncio\base_events.py", line 677, in run_forever
    self._run_once()
  File "c:\Users\chris\AppData\Local\Programs\Python\Python314\Lib\asyncio\base_events.py", line 2046, in _run_once
    handle._run()
  File "c:\Users\chris\AppData\Local\Programs\Python\Python314\Lib\asyncio\events.py", line 94, in _run
    self._context.run(self._callback, *self._args)
  File "C:\Users\chris\AppData\Roaming\Python\Python314\site-packages\ipykernel\kernelbase.py", line 621, in shell_main
    await self.dispatch_shell(msg, subshell_id=subshell_id)
  File "C:\Users\chris\AppData\Roaming\Python\Python314\site-packages\ipykernel\kernelbase.py", line 478, in dispatch_shell
    await result
  File "C:\Users\chris\AppData\Roaming\Python\Python314\site-packages\ipykernel\ipkernel.py", line 372, in execute_request
    await super().execute_request(stream, ident, parent)
  File "C:\Users\chris\AppData\Roaming\Python\Python314\site-packages\ipykernel\kernelbase.py", line 834, in execute_request
    reply_content = await reply_content
  File "C:\Users\chris\AppData\Roaming\Python\Python314\site-packages\ipykernel\ipkernel.py", line 464, in do_execute
    res = shell.run_cell(
  File "C:\Users\chris\AppData\Roaming\Python\Python314\site-packages\ipykernel\zmqshell.py", line 663, in run_cell
    return super().run_cell(*args, **kwargs)
  File "C:\Users\chris\AppData\Roaming\Python\Python314\site-packages\IPython\core\interactiveshell.py", line 3170, in run_cell
    result = self._run_cell(
  File "C:\Users\chris\AppData\Roaming\Python\Python314\site-packages\IPython\core\interactiveshell.py", line 3225, in _run_cell
    result = runner(coro)
  File "C:\Users\chris\AppData\Roaming\Python\Python314\site-packages\IPython\core\async_helpers.py", line 128, in _pseudo_sync_runner
    coro.send(None)
  File "C:\Users\chris\AppData\Roaming\Python\Python314\site-packages\IPython\core\interactiveshell.py", line 3447, in run_cell_async
    has_raised = await self.run_ast_nodes(code_ast.body, cell_name,
  File "C:\Users\chris\AppData\Roaming\Python\Python314\site-packages\IPython\core\interactiveshell.py", line 3688, in run_ast_nodes
    if await self.run_code(code, result, async_=asy):
  File "C:\Users\chris\AppData\Roaming\Python\Python314\site-packages\IPython\core\interactiveshell.py", line 3748, in run_code
    exec(code_obj, self.user_global_ns, self.user_ns)
  File "C:\Users\chris\AppData\Local\Temp\ipykernel_4436\3007420965.py", line 73, in <module>
    runpy.run_path(str(script_path), run_name="__main__")
  File "<frozen runpy>", line 287, in run_path
  File "<frozen runpy>", line 98, in _run_module_code
  File "<frozen runpy>", line 88, in _run_code
  File "C:\Users\chris\Desktop\Code\TracesPresenter\Traces_presenter\Jupyter\Chaine\scripts_Mirabelle\function_coverage_Mirabelle.py", line 303, in <module>
    main(input_path, output_path, code_state_col=code_state_column)
  File "C:\Users\chris\Desktop\Code\TracesPresenter\Traces_presenter\Jupyter\Chaine\scripts_Mirabelle\function_coverage_Mirabelle.py", line 277, in main
    out.info(
Message: '  %s : %d fonction(s) traitée(s) (%d avec au moins un test réussi, %d par états de code distincts uniquement)'
Arguments: ('atroce.adjugerez', 15, 15, 0)
--- Logging error ---
Traceback (most recent call last):
  File "c:\Users\chris\AppData\Local\Programs\Python\Python314\Lib\logging\__init__.py", line 1154, in emit
    stream.write(msg + self.terminator)
    ~~~~~~~~~~~~^^^^^^^^^^^^^^^^^^^^^^^
ValueError: I/O operation on closed file.
Call stack:
  File "<frozen runpy>", line 198, in _run_module_as_main
  File "<frozen runpy>", line 88, in _run_code
  File "C:\Users\chris\AppData\Roaming\Python\Python314\site-packages\ipykernel_launcher.py", line 18, in <module>
    app.launch_new_instance()
  File "C:\Users\chris\AppData\Roaming\Python\Python314\site-packages\traitlets\config\application.py", line 1082, in launch_instance
    app.start()
  File "C:\Users\chris\AppData\Roaming\Python\Python314\site-packages\ipykernel\kernelapp.py", line 758, in start
    self.io_loop.start()
  File "C:\Users\chris\AppData\Roaming\Python\Python314\site-packages\tornado\platform\asyncio.py", line 211, in start
    self.asyncio_loop.run_forever()
  File "c:\Users\chris\AppData\Local\Programs\Python\Python314\Lib\asyncio\base_events.py", line 677, in run_forever
    self._run_once()
  File "c:\Users\chris\AppData\Local\Programs\Python\Python314\Lib\asyncio\base_events.py", line 2046, in _run_once
    handle._run()
  File "c:\Users\chris\AppData\Local\Programs\Python\Python314\Lib\asyncio\events.py", line 94, in _run
    self._context.run(self._callback, *self._args)
  File "C:\Users\chris\AppData\Roaming\Python\Python314\site-packages\ipykernel\kernelbase.py", line 621, in shell_main
    await self.dispatch_shell(msg, subshell_id=subshell_id)
  File "C:\Users\chris\AppData\Roaming\Python\Python314\site-packages\ipykernel\kernelbase.py", line 478, in dispatch_shell
    await result
  File "C:\Users\chris\AppData\Roaming\Python\Python314\site-packages\ipykernel\ipkernel.py", line 372, in execute_request
    await super().execute_request(stream, ident, parent)
  File "C:\Users\chris\AppData\Roaming\Python\Python314\site-packages\ipykernel\kernelbase.py", line 834, in execute_request
    reply_content = await reply_content
  File "C:\Users\chris\AppData\Roaming\Python\Python314\site-packages\ipykernel\ipkernel.py", line 464, in do_execute
    res = shell.run_cell(
  File "C:\Users\chris\AppData\Roaming\Python\Python314\site-packages\ipykernel\zmqshell.py", line 663, in run_cell
    return super().run_cell(*args, **kwargs)
  File "C:\Users\chris\AppData\Roaming\Python\Python314\site-packages\IPython\core\interactiveshell.py", line 3170, in run_cell
    result = self._run_cell(
  File "C:\Users\chris\AppData\Roaming\Python\Python314\site-packages\IPython\core\interactiveshell.py", line 3225, in _run_cell
    result = runner(coro)
  File "C:\Users\chris\AppData\Roaming\Python\Python314\site-packages\IPython\core\async_helpers.py", line 128, in _pseudo_sync_runner
    coro.send(None)
  File "C:\Users\chris\AppData\Roaming\Python\Python314\site-packages\IPython\core\interactiveshell.py", line 3447, in run_cell_async
    has_raised = await self.run_ast_nodes(code_ast.body, cell_name,
  File "C:\Users\chris\AppData\Roaming\Python\Python314\site-packages\IPython\core\interactiveshell.py", line 3688, in run_ast_nodes
    if await self.run_code(code, result, async_=asy):
  File "C:\Users\chris\AppData\Roaming\Python\Python314\site-packages\IPython\core\interactiveshell.py", line 3748, in run_code
    exec(code_obj, self.user_global_ns, self.user_ns)
  File "C:\Users\chris\AppData\Local\Temp\ipykernel_4436\3007420965.py", line 73, in <module>
    runpy.run_path(str(script_path), run_name="__main__")
  File "<frozen runpy>", line 287, in run_path
  File "<frozen runpy>", line 98, in _run_module_code
  File "<frozen runpy>", line 88, in _run_code
  File "C:\Users\chris\Desktop\Code\TracesPresenter\Traces_presenter\Jupyter\Chaine\scripts_Mirabelle\function_coverage_Mirabelle.py", line 303, in <module>
    main(input_path, output_path, code_state_col=code_state_column)
  File "C:\Users\chris\Desktop\Code\TracesPresenter\Traces_presenter\Jupyter\Chaine\scripts_Mirabelle\function_coverage_Mirabelle.py", line 277, in main
    out.info(
Message: '  %s : %d fonction(s) traitée(s) (%d avec au moins un test réussi, %d par états de code distincts uniquement)'
Arguments: ('auspices.heurtoir', 0, 0, 0)
--- Logging error ---
Traceback (most recent call last):
  File "c:\Users\chris\AppData\Local\Programs\Python\Python314\Lib\logging\__init__.py", line 1154, in emit
    stream.write(msg + self.terminator)
    ~~~~~~~~~~~~^^^^^^^^^^^^^^^^^^^^^^^
ValueError: I/O operation on closed file.
Call stack:
  File "<frozen runpy>", line 198, in _run_module_as_main
  File "<frozen runpy>", line 88, in _run_code
  File "C:\Users\chris\AppData\Roaming\Python\Python314\site-packages\ipykernel_launcher.py", line 18, in <module>
    app.launch_new_instance()
  File "C:\Users\chris\AppData\Roaming\Python\Python314\site-packages\traitlets\config\application.py", line 1082, in launch_instance
    app.start()
  File "C:\Users\chris\AppData\Roaming\Python\Python314\site-packages\ipykernel\kernelapp.py", line 758, in start
    self.io_loop.start()
  File "C:\Users\chris\AppData\Roaming\Python\Python314\site-packages\tornado\platform\asyncio.py", line 211, in start
    self.asyncio_loop.run_forever()
  File "c:\Users\chris\AppData\Local\Programs\Python\Python314\Lib\asyncio\base_events.py", line 677, in run_forever
    self._run_once()
  File "c:\Users\chris\AppData\Local\Programs\Python\Python314\Lib\asyncio\base_events.py", line 2046, in _run_once
    handle._run()
  File "c:\Users\chris\AppData\Local\Programs\Python\Python314\Lib\asyncio\events.py", line 94, in _run
    self._context.run(self._callback, *self._args)
  File "C:\Users\chris\AppData\Roaming\Python\Python314\site-packages\ipykernel\kernelbase.py", line 621, in shell_main
    await self.dispatch_shell(msg, subshell_id=subshell_id)
  File "C:\Users\chris\AppData\Roaming\Python\Python314\site-packages\ipykernel\kernelbase.py", line 478, in dispatch_shell
    await result
  File "C:\Users\chris\AppData\Roaming\Python\Python314\site-packages\ipykernel\ipkernel.py", line 372, in execute_request
    await super().execute_request(stream, ident, parent)
  File "C:\Users\chris\AppData\Roaming\Python\Python314\site-packages\ipykernel\kernelbase.py", line 834, in execute_request
    reply_content = await reply_content
  File "C:\Users\chris\AppData\Roaming\Python\Python314\site-packages\ipykernel\ipkernel.py", line 464, in do_execute
    res = shell.run_cell(
  File "C:\Users\chris\AppData\Roaming\Python\Python314\site-packages\ipykernel\zmqshell.py", line 663, in run_cell
    return super().run_cell(*args, **kwargs)
  File "C:\Users\chris\AppData\Roaming\Python\Python314\site-packages\IPython\core\interactiveshell.py", line 3170, in run_cell
    result = self._run_cell(
  File "C:\Users\chris\AppData\Roaming\Python\Python314\site-packages\IPython\core\interactiveshell.py", line 3225, in _run_cell
    result = runner(coro)
  File "C:\Users\chris\AppData\Roaming\Python\Python314\site-packages\IPython\core\async_helpers.py", line 128, in _pseudo_sync_runner
    coro.send(None)
  File "C:\Users\chris\AppData\Roaming\Python\Python314\site-packages\IPython\core\interactiveshell.py", line 3447, in run_cell_async
    has_raised = await self.run_ast_nodes(code_ast.body, cell_name,
  File "C:\Users\chris\AppData\Roaming\Python\Python314\site-packages\IPython\core\interactiveshell.py", line 3688, in run_ast_nodes
    if await self.run_code(code, result, async_=asy):
  File "C:\Users\chris\AppData\Roaming\Python\Python314\site-packages\IPython\core\interactiveshell.py", line 3748, in run_code
    exec(code_obj, self.user_global_ns, self.user_ns)
  File "C:\Users\chris\AppData\Local\Temp\ipykernel_4436\3007420965.py", line 73, in <module>
    runpy.run_path(str(script_path), run_name="__main__")
  File "<frozen runpy>", line 287, in run_path
  File "<frozen runpy>", line 98, in _run_module_code
  File "<frozen runpy>", line 88, in _run_code
  File "C:\Users\chris\Desktop\Code\TracesPresenter\Traces_presenter\Jupyter\Chaine\scripts_Mirabelle\function_coverage_Mirabelle.py", line 303, in <module>
    main(input_path, output_path, code_state_col=code_state_column)
  File "C:\Users\chris\Desktop\Code\TracesPresenter\Traces_presenter\Jupyter\Chaine\scripts_Mirabelle\function_coverage_Mirabelle.py", line 277, in main
    out.info(
Message: '  %s : %d fonction(s) traitée(s) (%d avec au moins un test réussi, %d par états de code distincts uniquement)'
Arguments: ('avereront.vouees', 12, 12, 0)
--- Logging error ---
Traceback (most recent call last):
  File "c:\Users\chris\AppData\Local\Programs\Python\Python314\Lib\logging\__init__.py", line 1154, in emit
    stream.write(msg + self.terminator)
    ~~~~~~~~~~~~^^^^^^^^^^^^^^^^^^^^^^^
ValueError: I/O operation on closed file.
Call stack:
  File "<frozen runpy>", line 198, in _run_module_as_main
  File "<frozen runpy>", line 88, in _run_code
  File "C:\Users\chris\AppData\Roaming\Python\Python314\site-packages\ipykernel_launcher.py", line 18, in <module>
    app.launch_new_instance()
  File "C:\Users\chris\AppData\Roaming\Python\Python314\site-packages\traitlets\config\application.py", line 1082, in launch_instance
    app.start()
  File "C:\Users\chris\AppData\Roaming\Python\Python314\site-packages\ipykernel\kernelapp.py", line 758, in start
    self.io_loop.start()
  File "C:\Users\chris\AppData\Roaming\Python\Python314\site-packages\tornado\platform\asyncio.py", line 211, in start
    self.asyncio_loop.run_forever()
  File "c:\Users\chris\AppData\Local\Programs\Python\Python314\Lib\asyncio\base_events.py", line 677, in run_forever
    self._run_once()
  File "c:\Users\chris\AppData\Local\Programs\Python\Python314\Lib\asyncio\base_events.py", line 2046, in _run_once
    handle._run()
  File "c:\Users\chris\AppData\Local\Programs\Python\Python314\Lib\asyncio\events.py", line 94, in _run
    self._context.run(self._callback, *self._args)
  File "C:\Users\chris\AppData\Roaming\Python\Python314\site-packages\ipykernel\kernelbase.py", line 621, in shell_main
    await self.dispatch_shell(msg, subshell_id=subshell_id)
  File "C:\Users\chris\AppData\Roaming\Python\Python314\site-packages\ipykernel\kernelbase.py", line 478, in dispatch_shell
    await result
  File "C:\Users\chris\AppData\Roaming\Python\Python314\site-packages\ipykernel\ipkernel.py", line 372, in execute_request
    await super().execute_request(stream, ident, parent)
  File "C:\Users\chris\AppData\Roaming\Python\Python314\site-packages\ipykernel\kernelbase.py", line 834, in execute_request
    reply_content = await reply_content
  File "C:\Users\chris\AppData\Roaming\Python\Python314\site-packages\ipykernel\ipkernel.py", line 464, in do_execute
    res = shell.run_cell(
  File "C:\Users\chris\AppData\Roaming\Python\Python314\site-packages\ipykernel\zmqshell.py", line 663, in run_cell
    return super().run_cell(*args, **kwargs)
  File "C:\Users\chris\AppData\Roaming\Python\Python314\site-packages\IPython\core\interactiveshell.py", line 3170, in run_cell
    result = self._run_cell(
  File "C:\Users\chris\AppData\Roaming\Python\Python314\site-packages\IPython\core\interactiveshell.py", line 3225, in _run_cell
    result = runner(coro)
  File "C:\Users\chris\AppData\Roaming\Python\Python314\site-packages\IPython\core\async_helpers.py", line 128, in _pseudo_sync_runner
    coro.send(None)
  File "C:\Users\chris\AppData\Roaming\Python\Python314\site-packages\IPython\core\interactiveshell.py", line 3447, in run_cell_async
    has_raised = await self.run_ast_nodes(code_ast.body, cell_name,
  File "C:\Users\chris\AppData\Roaming\Python\Python314\site-packages\IPython\core\interactiveshell.py", line 3688, in run_ast_nodes
    if await self.run_code(code, result, async_=asy):
  File "C:\Users\chris\AppData\Roaming\Python\Python314\site-packages\IPython\core\interactiveshell.py", line 3748, in run_code
    exec(code_obj, self.user_global_ns, self.user_ns)
  File "C:\Users\chris\AppData\Local\Temp\ipykernel_4436\3007420965.py", line 73, in <module>
    runpy.run_path(str(script_path), run_name="__main__")
  File "<frozen runpy>", line 287, in run_path
  File "<frozen runpy>", line 98, in _run_module_code
  File "<frozen runpy>", line 88, in _run_code
  File "C:\Users\chris\Desktop\Code\TracesPresenter\Traces_presenter\Jupyter\Chaine\scripts_Mirabelle\function_coverage_Mirabelle.py", line 303, in <module>
    main(input_path, output_path, code_state_col=code_state_column)
  File "C:\Users\chris\Desktop\Code\TracesPresenter\Traces_presenter\Jupyter\Chaine\scripts_Mirabelle\function_coverage_Mirabelle.py", line 277, in main
    out.info(
Message: '  %s : %d fonction(s) traitée(s) (%d avec au moins un test réussi, %d par états de code distincts uniquement)'
Arguments: ('avertis.cormoran', 1, 1, 0)
--- Logging error ---
Traceback (most recent call last):
  File "c:\Users\chris\AppData\Local\Programs\Python\Python314\Lib\logging\__init__.py", line 1154, in emit
    stream.write(msg + self.terminator)
    ~~~~~~~~~~~~^^^^^^^^^^^^^^^^^^^^^^^
ValueError: I/O operation on closed file.
Call stack:
  File "<frozen runpy>", line 198, in _run_module_as_main
  File "<frozen runpy>", line 88, in _run_code
  File "C:\Users\chris\AppData\Roaming\Python\Python314\site-packages\ipykernel_launcher.py", line 18, in <module>
    app.launch_new_instance()
  File "C:\Users\chris\AppData\Roaming\Python\Python314\site-packages\traitlets\config\application.py", line 1082, in launch_instance
    app.start()
  File "C:\Users\chris\AppData\Roaming\Python\Python314\site-packages\ipykernel\kernelapp.py", line 758, in start
    self.io_loop.start()
  File "C:\Users\chris\AppData\Roaming\Python\Python314\site-packages\tornado\platform\asyncio.py", line 211, in start
    self.asyncio_loop.run_forever()
  File "c:\Users\chris\AppData\Local\Programs\Python\Python314\Lib\asyncio\base_events.py", line 677, in run_forever
    self._run_once()
  File "c:\Users\chris\AppData\Local\Programs\Python\Python314\Lib\asyncio\base_events.py", line 2046, in _run_once
    handle._run()
  File "c:\Users\chris\AppData\Local\Programs\Python\Python314\Lib\asyncio\events.py", line 94, in _run
    self._context.run(self._callback, *self._args)
  File "C:\Users\chris\AppData\Roaming\Python\Python314\site-packages\ipykernel\kernelbase.py", line 621, in shell_main
    await self.dispatch_shell(msg, subshell_id=subshell_id)
  File "C:\Users\chris\AppData\Roaming\Python\Python314\site-packages\ipykernel\kernelbase.py", line 478, in dispatch_shell
    await result
  File "C:\Users\chris\AppData\Roaming\Python\Python314\site-packages\ipykernel\ipkernel.py", line 372, in execute_request
    await super().execute_request(stream, ident, parent)
  File "C:\Users\chris\AppData\Roaming\Python\Python314\site-packages\ipykernel\kernelbase.py", line 834, in execute_request
    reply_content = await reply_content
  File "C:\Users\chris\AppData\Roaming\Python\Python314\site-packages\ipykernel\ipkernel.py", line 464, in do_execute
    res = shell.run_cell(
  File "C:\Users\chris\AppData\Roaming\Python\Python314\site-packages\ipykernel\zmqshell.py", line 663, in run_cell
    return super().run_cell(*args, **kwargs)
  File "C:\Users\chris\AppData\Roaming\Python\Python314\site-packages\IPython\core\interactiveshell.py", line 3170, in run_cell
    result = self._run_cell(
  File "C:\Users\chris\AppData\Roaming\Python\Python314\site-packages\IPython\core\interactiveshell.py", line 3225, in _run_cell
    result = runner(coro)
  File "C:\Users\chris\AppData\Roaming\Python\Python314\site-packages\IPython\core\async_helpers.py", line 128, in _pseudo_sync_runner
    coro.send(None)
  File "C:\Users\chris\AppData\Roaming\Python\Python314\site-packages\IPython\core\interactiveshell.py", line 3447, in run_cell_async
    has_raised = await self.run_ast_nodes(code_ast.body, cell_name,
  File "C:\Users\chris\AppData\Roaming\Python\Python314\site-packages\IPython\core\interactiveshell.py", line 3688, in run_ast_nodes
    if await self.run_code(code, result, async_=asy):
  File "C:\Users\chris\AppData\Roaming\Python\Python314\site-packages\IPython\core\interactiveshell.py", line 3748, in run_code
    exec(code_obj, self.user_global_ns, self.user_ns)
  File "C:\Users\chris\AppData\Local\Temp\ipykernel_4436\3007420965.py", line 73, in <module>
    runpy.run_path(str(script_path), run_name="__main__")
  File "<frozen runpy>", line 287, in run_path
  File "<frozen runpy>", line 98, in _run_module_code
  File "<frozen runpy>", line 88, in _run_code
  File "C:\Users\chris\Desktop\Code\TracesPresenter\Traces_presenter\Jupyter\Chaine\scripts_Mirabelle\function_coverage_Mirabelle.py", line 303, in <module>
    main(input_path, output_path, code_state_col=code_state_column)
  File "C:\Users\chris\Desktop\Code\TracesPresenter\Traces_presenter\Jupyter\Chaine\scripts_Mirabelle\function_coverage_Mirabelle.py", line 277, in main
    out.info(
Message: '  %s : %d fonction(s) traitée(s) (%d avec au moins un test réussi, %d par états de code distincts uniquement)'
Arguments: ('avouait.happes', 9, 9, 0)
--- Logging error ---
Traceback (most recent call last):
  File "c:\Users\chris\AppData\Local\Programs\Python\Python314\Lib\logging\__init__.py", line 1154, in emit
    stream.write(msg + self.terminator)
    ~~~~~~~~~~~~^^^^^^^^^^^^^^^^^^^^^^^
ValueError: I/O operation on closed file.
Call stack:
  File "<frozen runpy>", line 198, in _run_module_as_main
  File "<frozen runpy>", line 88, in _run_code
  File "C:\Users\chris\AppData\Roaming\Python\Python314\site-packages\ipykernel_launcher.py", line 18, in <module>
    app.launch_new_instance()
  File "C:\Users\chris\AppData\Roaming\Python\Python314\site-packages\traitlets\config\application.py", line 1082, in launch_instance
    app.start()
  File "C:\Users\chris\AppData\Roaming\Python\Python314\site-packages\ipykernel\kernelapp.py", line 758, in start
    self.io_loop.start()
  File "C:\Users\chris\AppData\Roaming\Python\Python314\site-packages\tornado\platform\asyncio.py", line 211, in start
    self.asyncio_loop.run_forever()
  File "c:\Users\chris\AppData\Local\Programs\Python\Python314\Lib\asyncio\base_events.py", line 677, in run_forever
    self._run_once()
  File "c:\Users\chris\AppData\Local\Programs\Python\Python314\Lib\asyncio\base_events.py", line 2046, in _run_once
    handle._run()
  File "c:\Users\chris\AppData\Local\Programs\Python\Python314\Lib\asyncio\events.py", line 94, in _run
    self._context.run(self._callback, *self._args)
  File "C:\Users\chris\AppData\Roaming\Python\Python314\site-packages\ipykernel\kernelbase.py", line 621, in shell_main
    await self.dispatch_shell(msg, subshell_id=subshell_id)
  File "C:\Users\chris\AppData\Roaming\Python\Python314\site-packages\ipykernel\kernelbase.py", line 478, in dispatch_shell
    await result
  File "C:\Users\chris\AppData\Roaming\Python\Python314\site-packages\ipykernel\ipkernel.py", line 372, in execute_request
    await super().execute_request(stream, ident, parent)
  File "C:\Users\chris\AppData\Roaming\Python\Python314\site-packages\ipykernel\kernelbase.py", line 834, in execute_request
    reply_content = await reply_content
  File "C:\Users\chris\AppData\Roaming\Python\Python314\site-packages\ipykernel\ipkernel.py", line 464, in do_execute
    res = shell.run_cell(
  File "C:\Users\chris\AppData\Roaming\Python\Python314\site-packages\ipykernel\zmqshell.py", line 663, in run_cell
    return super().run_cell(*args, **kwargs)
  File "C:\Users\chris\AppData\Roaming\Python\Python314\site-packages\IPython\core\interactiveshell.py", line 3170, in run_cell
    result = self._run_cell(
  File "C:\Users\chris\AppData\Roaming\Python\Python314\site-packages\IPython\core\interactiveshell.py", line 3225, in _run_cell
    result = runner(coro)
  File "C:\Users\chris\AppData\Roaming\Python\Python314\site-packages\IPython\core\async_helpers.py", line 128, in _pseudo_sync_runner
    coro.send(None)
  File "C:\Users\chris\AppData\Roaming\Python\Python314\site-packages\IPython\core\interactiveshell.py", line 3447, in run_cell_async
    has_raised = await self.run_ast_nodes(code_ast.body, cell_name,
  File "C:\Users\chris\AppData\Roaming\Python\Python314\site-packages\IPython\core\interactiveshell.py", line 3688, in run_ast_nodes
    if await self.run_code(code, result, async_=asy):
  File "C:\Users\chris\AppData\Roaming\Python\Python314\site-packages\IPython\core\interactiveshell.py", line 3748, in run_code
    exec(code_obj, self.user_global_ns, self.user_ns)
  File "C:\Users\chris\AppData\Local\Temp\ipykernel_4436\3007420965.py", line 73, in <module>
    runpy.run_path(str(script_path), run_name="__main__")
  File "<frozen runpy>", line 287, in run_path
  File "<frozen runpy>", line 98, in _run_module_code
  File "<frozen runpy>", line 88, in _run_code
  File "C:\Users\chris\Desktop\Code\TracesPresenter\Traces_presenter\Jupyter\Chaine\scripts_Mirabelle\function_coverage_Mirabelle.py", line 303, in <module>
    main(input_path, output_path, code_state_col=code_state_column)
  File "C:\Users\chris\Desktop\Code\TracesPresenter\Traces_presenter\Jupyter\Chaine\scripts_Mirabelle\function_coverage_Mirabelle.py", line 277, in main
    out.info(
Message: '  %s : %d fonction(s) traitée(s) (%d avec au moins un test réussi, %d par états de code distincts uniquement)'
Arguments: ('becquee.aerait', 14, 14, 0)
--- Logging error ---
Traceback (most recent call last):
  File "c:\Users\chris\AppData\Local\Programs\Python\Python314\Lib\logging\__init__.py", line 1154, in emit
    stream.write(msg + self.terminator)
    ~~~~~~~~~~~~^^^^^^^^^^^^^^^^^^^^^^^
ValueError: I/O operation on closed file.
Call stack:
  File "<frozen runpy>", line 198, in _run_module_as_main
  File "<frozen runpy>", line 88, in _run_code
  File "C:\Users\chris\AppData\Roaming\Python\Python314\site-packages\ipykernel_launcher.py", line 18, in <module>
    app.launch_new_instance()
  File "C:\Users\chris\AppData\Roaming\Python\Python314\site-packages\traitlets\config\application.py", line 1082, in launch_instance
    app.start()
  File "C:\Users\chris\AppData\Roaming\Python\Python314\site-packages\ipykernel\kernelapp.py", line 758, in start
    self.io_loop.start()
  File "C:\Users\chris\AppData\Roaming\Python\Python314\site-packages\tornado\platform\asyncio.py", line 211, in start
    self.asyncio_loop.run_forever()
  File "c:\Users\chris\AppData\Local\Programs\Python\Python314\Lib\asyncio\base_events.py", line 677, in run_forever
    self._run_once()
  File "c:\Users\chris\AppData\Local\Programs\Python\Python314\Lib\asyncio\base_events.py", line 2046, in _run_once
    handle._run()
  File "c:\Users\chris\AppData\Local\Programs\Python\Python314\Lib\asyncio\events.py", line 94, in _run
    self._context.run(self._callback, *self._args)
  File "C:\Users\chris\AppData\Roaming\Python\Python314\site-packages\ipykernel\kernelbase.py", line 621, in shell_main
    await self.dispatch_shell(msg, subshell_id=subshell_id)
  File "C:\Users\chris\AppData\Roaming\Python\Python314\site-packages\ipykernel\kernelbase.py", line 478, in dispatch_shell
    await result
  File "C:\Users\chris\AppData\Roaming\Python\Python314\site-packages\ipykernel\ipkernel.py", line 372, in execute_request
    await super().execute_request(stream, ident, parent)
  File "C:\Users\chris\AppData\Roaming\Python\Python314\site-packages\ipykernel\kernelbase.py", line 834, in execute_request
    reply_content = await reply_content
  File "C:\Users\chris\AppData\Roaming\Python\Python314\site-packages\ipykernel\ipkernel.py", line 464, in do_execute
    res = shell.run_cell(
  File "C:\Users\chris\AppData\Roaming\Python\Python314\site-packages\ipykernel\zmqshell.py", line 663, in run_cell
    return super().run_cell(*args, **kwargs)
  File "C:\Users\chris\AppData\Roaming\Python\Python314\site-packages\IPython\core\interactiveshell.py", line 3170, in run_cell
    result = self._run_cell(
  File "C:\Users\chris\AppData\Roaming\Python\Python314\site-packages\IPython\core\interactiveshell.py", line 3225, in _run_cell
    result = runner(coro)
  File "C:\Users\chris\AppData\Roaming\Python\Python314\site-packages\IPython\core\async_helpers.py", line 128, in _pseudo_sync_runner
    coro.send(None)
  File "C:\Users\chris\AppData\Roaming\Python\Python314\site-packages\IPython\core\interactiveshell.py", line 3447, in run_cell_async
    has_raised = await self.run_ast_nodes(code_ast.body, cell_name,
  File "C:\Users\chris\AppData\Roaming\Python\Python314\site-packages\IPython\core\interactiveshell.py", line 3688, in run_ast_nodes
    if await self.run_code(code, result, async_=asy):
  File "C:\Users\chris\AppData\Roaming\Python\Python314\site-packages\IPython\core\interactiveshell.py", line 3748, in run_code
    exec(code_obj, self.user_global_ns, self.user_ns)
  File "C:\Users\chris\AppData\Local\Temp\ipykernel_4436\3007420965.py", line 73, in <module>
    runpy.run_path(str(script_path), run_name="__main__")
  File "<frozen runpy>", line 287, in run_path
  File "<frozen runpy>", line 98, in _run_module_code
  File "<frozen runpy>", line 88, in _run_code
  File "C:\Users\chris\Desktop\Code\TracesPresenter\Traces_presenter\Jupyter\Chaine\scripts_Mirabelle\function_coverage_Mirabelle.py", line 303, in <module>
    main(input_path, output_path, code_state_col=code_state_column)
  File "C:\Users\chris\Desktop\Code\TracesPresenter\Traces_presenter\Jupyter\Chaine\scripts_Mirabelle\function_coverage_Mirabelle.py", line 277, in main
    out.info(
Message: '  %s : %d fonction(s) traitée(s) (%d avec au moins un test réussi, %d par états de code distincts uniquement)'
Arguments: ('borderais.calmait', 7, 7, 0)
--- Logging error ---
Traceback (most recent call last):
  File "c:\Users\chris\AppData\Local\Programs\Python\Python314\Lib\logging\__init__.py", line 1154, in emit
    stream.write(msg + self.terminator)
    ~~~~~~~~~~~~^^^^^^^^^^^^^^^^^^^^^^^
ValueError: I/O operation on closed file.
Call stack:
  File "<frozen runpy>", line 198, in _run_module_as_main
  File "<frozen runpy>", line 88, in _run_code
  File "C:\Users\chris\AppData\Roaming\Python\Python314\site-packages\ipykernel_launcher.py", line 18, in <module>
    app.launch_new_instance()
  File "C:\Users\chris\AppData\Roaming\Python\Python314\site-packages\traitlets\config\application.py", line 1082, in launch_instance
    app.start()
  File "C:\Users\chris\AppData\Roaming\Python\Python314\site-packages\ipykernel\kernelapp.py", line 758, in start
    self.io_loop.start()
  File "C:\Users\chris\AppData\Roaming\Python\Python314\site-packages\tornado\platform\asyncio.py", line 211, in start
    self.asyncio_loop.run_forever()
  File "c:\Users\chris\AppData\Local\Programs\Python\Python314\Lib\asyncio\base_events.py", line 677, in run_forever
    self._run_once()
  File "c:\Users\chris\AppData\Local\Programs\Python\Python314\Lib\asyncio\base_events.py", line 2046, in _run_once
    handle._run()
  File "c:\Users\chris\AppData\Local\Programs\Python\Python314\Lib\asyncio\events.py", line 94, in _run
    self._context.run(self._callback, *self._args)
  File "C:\Users\chris\AppData\Roaming\Python\Python314\site-packages\ipykernel\kernelbase.py", line 621, in shell_main
    await self.dispatch_shell(msg, subshell_id=subshell_id)
  File "C:\Users\chris\AppData\Roaming\Python\Python314\site-packages\ipykernel\kernelbase.py", line 478, in dispatch_shell
    await result
  File "C:\Users\chris\AppData\Roaming\Python\Python314\site-packages\ipykernel\ipkernel.py", line 372, in execute_request
    await super().execute_request(stream, ident, parent)
  File "C:\Users\chris\AppData\Roaming\Python\Python314\site-packages\ipykernel\kernelbase.py", line 834, in execute_request
    reply_content = await reply_content
  File "C:\Users\chris\AppData\Roaming\Python\Python314\site-packages\ipykernel\ipkernel.py", line 464, in do_execute
    res = shell.run_cell(
  File "C:\Users\chris\AppData\Roaming\Python\Python314\site-packages\ipykernel\zmqshell.py", line 663, in run_cell
    return super().run_cell(*args, **kwargs)
  File "C:\Users\chris\AppData\Roaming\Python\Python314\site-packages\IPython\core\interactiveshell.py", line 3170, in run_cell
    result = self._run_cell(
  File "C:\Users\chris\AppData\Roaming\Python\Python314\site-packages\IPython\core\interactiveshell.py", line 3225, in _run_cell
    result = runner(coro)
  File "C:\Users\chris\AppData\Roaming\Python\Python314\site-packages\IPython\core\async_helpers.py", line 128, in _pseudo_sync_runner
    coro.send(None)
  File "C:\Users\chris\AppData\Roaming\Python\Python314\site-packages\IPython\core\interactiveshell.py", line 3447, in run_cell_async
    has_raised = await self.run_ast_nodes(code_ast.body, cell_name,
  File "C:\Users\chris\AppData\Roaming\Python\Python314\site-packages\IPython\core\interactiveshell.py", line 3688, in run_ast_nodes
    if await self.run_code(code, result, async_=asy):
  File "C:\Users\chris\AppData\Roaming\Python\Python314\site-packages\IPython\core\interactiveshell.py", line 3748, in run_code
    exec(code_obj, self.user_global_ns, self.user_ns)
  File "C:\Users\chris\AppData\Local\Temp\ipykernel_4436\3007420965.py", line 73, in <module>
    runpy.run_path(str(script_path), run_name="__main__")
  File "<frozen runpy>", line 287, in run_path
  File "<frozen runpy>", line 98, in _run_module_code
  File "<frozen runpy>", line 88, in _run_code
  File "C:\Users\chris\Desktop\Code\TracesPresenter\Traces_presenter\Jupyter\Chaine\scripts_Mirabelle\function_coverage_Mirabelle.py", line 303, in <module>
    main(input_path, output_path, code_state_col=code_state_column)
  File "C:\Users\chris\Desktop\Code\TracesPresenter\Traces_presenter\Jupyter\Chaine\scripts_Mirabelle\function_coverage_Mirabelle.py", line 277, in main
    out.info(
Message: '  %s : %d fonction(s) traitée(s) (%d avec au moins un test réussi, %d par états de code distincts uniquement)'
Arguments: ('cokefier.survolait', 15, 15, 0)
--- Logging error ---
Traceback (most recent call last):
  File "c:\Users\chris\AppData\Local\Programs\Python\Python314\Lib\logging\__init__.py", line 1154, in emit
    stream.write(msg + self.terminator)
    ~~~~~~~~~~~~^^^^^^^^^^^^^^^^^^^^^^^
ValueError: I/O operation on closed file.
Call stack:
  File "<frozen runpy>", line 198, in _run_module_as_main
  File "<frozen runpy>", line 88, in _run_code
  File "C:\Users\chris\AppData\Roaming\Python\Python314\site-packages\ipykernel_launcher.py", line 18, in <module>
    app.launch_new_instance()
  File "C:\Users\chris\AppData\Roaming\Python\Python314\site-packages\traitlets\config\application.py", line 1082, in launch_instance
    app.start()
  File "C:\Users\chris\AppData\Roaming\Python\Python314\site-packages\ipykernel\kernelapp.py", line 758, in start
    self.io_loop.start()
  File "C:\Users\chris\AppData\Roaming\Python\Python314\site-packages\tornado\platform\asyncio.py", line 211, in start
    self.asyncio_loop.run_forever()
  File "c:\Users\chris\AppData\Local\Programs\Python\Python314\Lib\asyncio\base_events.py", line 677, in run_forever
    self._run_once()
  File "c:\Users\chris\AppData\Local\Programs\Python\Python314\Lib\asyncio\base_events.py", line 2046, in _run_once
    handle._run()
  File "c:\Users\chris\AppData\Local\Programs\Python\Python314\Lib\asyncio\events.py", line 94, in _run
    self._context.run(self._callback, *self._args)
  File "C:\Users\chris\AppData\Roaming\Python\Python314\site-packages\ipykernel\kernelbase.py", line 621, in shell_main
    await self.dispatch_shell(msg, subshell_id=subshell_id)
  File "C:\Users\chris\AppData\Roaming\Python\Python314\site-packages\ipykernel\kernelbase.py", line 478, in dispatch_shell
    await result
  File "C:\Users\chris\AppData\Roaming\Python\Python314\site-packages\ipykernel\ipkernel.py", line 372, in execute_request
    await super().execute_request(stream, ident, parent)
  File "C:\Users\chris\AppData\Roaming\Python\Python314\site-packages\ipykernel\kernelbase.py", line 834, in execute_request
    reply_content = await reply_content
  File "C:\Users\chris\AppData\Roaming\Python\Python314\site-packages\ipykernel\ipkernel.py", line 464, in do_execute
    res = shell.run_cell(
  File "C:\Users\chris\AppData\Roaming\Python\Python314\site-packages\ipykernel\zmqshell.py", line 663, in run_cell
    return super().run_cell(*args, **kwargs)
  File "C:\Users\chris\AppData\Roaming\Python\Python314\site-packages\IPython\core\interactiveshell.py", line 3170, in run_cell
    result = self._run_cell(
  File "C:\Users\chris\AppData\Roaming\Python\Python314\site-packages\IPython\core\interactiveshell.py", line 3225, in _run_cell
    result = runner(coro)
  File "C:\Users\chris\AppData\Roaming\Python\Python314\site-packages\IPython\core\async_helpers.py", line 128, in _pseudo_sync_runner
    coro.send(None)
  File "C:\Users\chris\AppData\Roaming\Python\Python314\site-packages\IPython\core\interactiveshell.py", line 3447, in run_cell_async
    has_raised = await self.run_ast_nodes(code_ast.body, cell_name,
  File "C:\Users\chris\AppData\Roaming\Python\Python314\site-packages\IPython\core\interactiveshell.py", line 3688, in run_ast_nodes
    if await self.run_code(code, result, async_=asy):
  File "C:\Users\chris\AppData\Roaming\Python\Python314\site-packages\IPython\core\interactiveshell.py", line 3748, in run_code
    exec(code_obj, self.user_global_ns, self.user_ns)
  File "C:\Users\chris\AppData\Local\Temp\ipykernel_4436\3007420965.py", line 73, in <module>
    runpy.run_path(str(script_path), run_name="__main__")
  File "<frozen runpy>", line 287, in run_path
  File "<frozen runpy>", line 98, in _run_module_code
  File "<frozen runpy>", line 88, in _run_code
  File "C:\Users\chris\Desktop\Code\TracesPresenter\Traces_presenter\Jupyter\Chaine\scripts_Mirabelle\function_coverage_Mirabelle.py", line 303, in <module>
    main(input_path, output_path, code_state_col=code_state_column)
  File "C:\Users\chris\Desktop\Code\TracesPresenter\Traces_presenter\Jupyter\Chaine\scripts_Mirabelle\function_coverage_Mirabelle.py", line 277, in main
    out.info(
Message: '  %s : %d fonction(s) traitée(s) (%d avec au moins un test réussi, %d par états de code distincts uniquement)'
Arguments: ('cougouars.balayes', 7, 7, 0)
--- Logging error ---
Traceback (most recent call last):
  File "c:\Users\chris\AppData\Local\Programs\Python\Python314\Lib\logging\__init__.py", line 1154, in emit
    stream.write(msg + self.terminator)
    ~~~~~~~~~~~~^^^^^^^^^^^^^^^^^^^^^^^
ValueError: I/O operation on closed file.
Call stack:
  File "<frozen runpy>", line 198, in _run_module_as_main
  File "<frozen runpy>", line 88, in _run_code
  File "C:\Users\chris\AppData\Roaming\Python\Python314\site-packages\ipykernel_launcher.py", line 18, in <module>
    app.launch_new_instance()
  File "C:\Users\chris\AppData\Roaming\Python\Python314\site-packages\traitlets\config\application.py", line 1082, in launch_instance
    app.start()
  File "C:\Users\chris\AppData\Roaming\Python\Python314\site-packages\ipykernel\kernelapp.py", line 758, in start
    self.io_loop.start()
  File "C:\Users\chris\AppData\Roaming\Python\Python314\site-packages\tornado\platform\asyncio.py", line 211, in start
    self.asyncio_loop.run_forever()
  File "c:\Users\chris\AppData\Local\Programs\Python\Python314\Lib\asyncio\base_events.py", line 677, in run_forever
    self._run_once()
  File "c:\Users\chris\AppData\Local\Programs\Python\Python314\Lib\asyncio\base_events.py", line 2046, in _run_once
    handle._run()
  File "c:\Users\chris\AppData\Local\Programs\Python\Python314\Lib\asyncio\events.py", line 94, in _run
    self._context.run(self._callback, *self._args)
  File "C:\Users\chris\AppData\Roaming\Python\Python314\site-packages\ipykernel\kernelbase.py", line 621, in shell_main
    await self.dispatch_shell(msg, subshell_id=subshell_id)
  File "C:\Users\chris\AppData\Roaming\Python\Python314\site-packages\ipykernel\kernelbase.py", line 478, in dispatch_shell
    await result
  File "C:\Users\chris\AppData\Roaming\Python\Python314\site-packages\ipykernel\ipkernel.py", line 372, in execute_request
    await super().execute_request(stream, ident, parent)
  File "C:\Users\chris\AppData\Roaming\Python\Python314\site-packages\ipykernel\kernelbase.py", line 834, in execute_request
    reply_content = await reply_content
  File "C:\Users\chris\AppData\Roaming\Python\Python314\site-packages\ipykernel\ipkernel.py", line 464, in do_execute
    res = shell.run_cell(
  File "C:\Users\chris\AppData\Roaming\Python\Python314\site-packages\ipykernel\zmqshell.py", line 663, in run_cell
    return super().run_cell(*args, **kwargs)
  File "C:\Users\chris\AppData\Roaming\Python\Python314\site-packages\IPython\core\interactiveshell.py", line 3170, in run_cell
    result = self._run_cell(
  File "C:\Users\chris\AppData\Roaming\Python\Python314\site-packages\IPython\core\interactiveshell.py", line 3225, in _run_cell
    result = runner(coro)
  File "C:\Users\chris\AppData\Roaming\Python\Python314\site-packages\IPython\core\async_helpers.py", line 128, in _pseudo_sync_runner
    coro.send(None)
  File "C:\Users\chris\AppData\Roaming\Python\Python314\site-packages\IPython\core\interactiveshell.py", line 3447, in run_cell_async
    has_raised = await self.run_ast_nodes(code_ast.body, cell_name,
  File "C:\Users\chris\AppData\Roaming\Python\Python314\site-packages\IPython\core\interactiveshell.py", line 3688, in run_ast_nodes
    if await self.run_code(code, result, async_=asy):
  File "C:\Users\chris\AppData\Roaming\Python\Python314\site-packages\IPython\core\interactiveshell.py", line 3748, in run_code
    exec(code_obj, self.user_global_ns, self.user_ns)
  File "C:\Users\chris\AppData\Local\Temp\ipykernel_4436\3007420965.py", line 73, in <module>
    runpy.run_path(str(script_path), run_name="__main__")
  File "<frozen runpy>", line 287, in run_path
  File "<frozen runpy>", line 98, in _run_module_code
  File "<frozen runpy>", line 88, in _run_code
  File "C:\Users\chris\Desktop\Code\TracesPresenter\Traces_presenter\Jupyter\Chaine\scripts_Mirabelle\function_coverage_Mirabelle.py", line 303, in <module>
    main(input_path, output_path, code_state_col=code_state_column)
  File "C:\Users\chris\Desktop\Code\TracesPresenter\Traces_presenter\Jupyter\Chaine\scripts_Mirabelle\function_coverage_Mirabelle.py", line 277, in main
    out.info(
Message: '  %s : %d fonction(s) traitée(s) (%d avec au moins un test réussi, %d par états de code distincts uniquement)'
Arguments: ('coulerons.elisiez', 0, 0, 0)
--- Logging error ---
Traceback (most recent call last):
  File "c:\Users\chris\AppData\Local\Programs\Python\Python314\Lib\logging\__init__.py", line 1154, in emit
    stream.write(msg + self.terminator)
    ~~~~~~~~~~~~^^^^^^^^^^^^^^^^^^^^^^^
ValueError: I/O operation on closed file.
Call stack:
  File "<frozen runpy>", line 198, in _run_module_as_main
  File "<frozen runpy>", line 88, in _run_code
  File "C:\Users\chris\AppData\Roaming\Python\Python314\site-packages\ipykernel_launcher.py", line 18, in <module>
    app.launch_new_instance()
  File "C:\Users\chris\AppData\Roaming\Python\Python314\site-packages\traitlets\config\application.py", line 1082, in launch_instance
    app.start()
  File "C:\Users\chris\AppData\Roaming\Python\Python314\site-packages\ipykernel\kernelapp.py", line 758, in start
    self.io_loop.start()
  File "C:\Users\chris\AppData\Roaming\Python\Python314\site-packages\tornado\platform\asyncio.py", line 211, in start
    self.asyncio_loop.run_forever()
  File "c:\Users\chris\AppData\Local\Programs\Python\Python314\Lib\asyncio\base_events.py", line 677, in run_forever
    self._run_once()
  File "c:\Users\chris\AppData\Local\Programs\Python\Python314\Lib\asyncio\base_events.py", line 2046, in _run_once
    handle._run()
  File "c:\Users\chris\AppData\Local\Programs\Python\Python314\Lib\asyncio\events.py", line 94, in _run
    self._context.run(self._callback, *self._args)
  File "C:\Users\chris\AppData\Roaming\Python\Python314\site-packages\ipykernel\kernelbase.py", line 621, in shell_main
    await self.dispatch_shell(msg, subshell_id=subshell_id)
  File "C:\Users\chris\AppData\Roaming\Python\Python314\site-packages\ipykernel\kernelbase.py", line 478, in dispatch_shell
    await result
  File "C:\Users\chris\AppData\Roaming\Python\Python314\site-packages\ipykernel\ipkernel.py", line 372, in execute_request
    await super().execute_request(stream, ident, parent)
  File "C:\Users\chris\AppData\Roaming\Python\Python314\site-packages\ipykernel\kernelbase.py", line 834, in execute_request
    reply_content = await reply_content
  File "C:\Users\chris\AppData\Roaming\Python\Python314\site-packages\ipykernel\ipkernel.py", line 464, in do_execute
    res = shell.run_cell(
  File "C:\Users\chris\AppData\Roaming\Python\Python314\site-packages\ipykernel\zmqshell.py", line 663, in run_cell
    return super().run_cell(*args, **kwargs)
  File "C:\Users\chris\AppData\Roaming\Python\Python314\site-packages\IPython\core\interactiveshell.py", line 3170, in run_cell
    result = self._run_cell(
  File "C:\Users\chris\AppData\Roaming\Python\Python314\site-packages\IPython\core\interactiveshell.py", line 3225, in _run_cell
    result = runner(coro)
  File "C:\Users\chris\AppData\Roaming\Python\Python314\site-packages\IPython\core\async_helpers.py", line 128, in _pseudo_sync_runner
    coro.send(None)
  File "C:\Users\chris\AppData\Roaming\Python\Python314\site-packages\IPython\core\interactiveshell.py", line 3447, in run_cell_async
    has_raised = await self.run_ast_nodes(code_ast.body, cell_name,
  File "C:\Users\chris\AppData\Roaming\Python\Python314\site-packages\IPython\core\interactiveshell.py", line 3688, in run_ast_nodes
    if await self.run_code(code, result, async_=asy):
  File "C:\Users\chris\AppData\Roaming\Python\Python314\site-packages\IPython\core\interactiveshell.py", line 3748, in run_code
    exec(code_obj, self.user_global_ns, self.user_ns)
  File "C:\Users\chris\AppData\Local\Temp\ipykernel_4436\3007420965.py", line 73, in <module>
    runpy.run_path(str(script_path), run_name="__main__")
  File "<frozen runpy>", line 287, in run_path
  File "<frozen runpy>", line 98, in _run_module_code
  File "<frozen runpy>", line 88, in _run_code
  File "C:\Users\chris\Desktop\Code\TracesPresenter\Traces_presenter\Jupyter\Chaine\scripts_Mirabelle\function_coverage_Mirabelle.py", line 303, in <module>
    main(input_path, output_path, code_state_col=code_state_column)
  File "C:\Users\chris\Desktop\Code\TracesPresenter\Traces_presenter\Jupyter\Chaine\scripts_Mirabelle\function_coverage_Mirabelle.py", line 277, in main
    out.info(
Message: '  %s : %d fonction(s) traitée(s) (%d avec au moins un test réussi, %d par états de code distincts uniquement)'
Arguments: ('crantes.mutes', 9, 9, 0)
--- Logging error ---
Traceback (most recent call last):
  File "c:\Users\chris\AppData\Local\Programs\Python\Python314\Lib\logging\__init__.py", line 1154, in emit
    stream.write(msg + self.terminator)
    ~~~~~~~~~~~~^^^^^^^^^^^^^^^^^^^^^^^
ValueError: I/O operation on closed file.
Call stack:
  File "<frozen runpy>", line 198, in _run_module_as_main
  File "<frozen runpy>", line 88, in _run_code
  File "C:\Users\chris\AppData\Roaming\Python\Python314\site-packages\ipykernel_launcher.py", line 18, in <module>
    app.launch_new_instance()
  File "C:\Users\chris\AppData\Roaming\Python\Python314\site-packages\traitlets\config\application.py", line 1082, in launch_instance
    app.start()
  File "C:\Users\chris\AppData\Roaming\Python\Python314\site-packages\ipykernel\kernelapp.py", line 758, in start
    self.io_loop.start()
  File "C:\Users\chris\AppData\Roaming\Python\Python314\site-packages\tornado\platform\asyncio.py", line 211, in start
    self.asyncio_loop.run_forever()
  File "c:\Users\chris\AppData\Local\Programs\Python\Python314\Lib\asyncio\base_events.py", line 677, in run_forever
    self._run_once()
  File "c:\Users\chris\AppData\Local\Programs\Python\Python314\Lib\asyncio\base_events.py", line 2046, in _run_once
    handle._run()
  File "c:\Users\chris\AppData\Local\Programs\Python\Python314\Lib\asyncio\events.py", line 94, in _run
    self._context.run(self._callback, *self._args)
  File "C:\Users\chris\AppData\Roaming\Python\Python314\site-packages\ipykernel\kernelbase.py", line 621, in shell_main
    await self.dispatch_shell(msg, subshell_id=subshell_id)
  File "C:\Users\chris\AppData\Roaming\Python\Python314\site-packages\ipykernel\kernelbase.py", line 478, in dispatch_shell
    await result
  File "C:\Users\chris\AppData\Roaming\Python\Python314\site-packages\ipykernel\ipkernel.py", line 372, in execute_request
    await super().execute_request(stream, ident, parent)
  File "C:\Users\chris\AppData\Roaming\Python\Python314\site-packages\ipykernel\kernelbase.py", line 834, in execute_request
    reply_content = await reply_content
  File "C:\Users\chris\AppData\Roaming\Python\Python314\site-packages\ipykernel\ipkernel.py", line 464, in do_execute
    res = shell.run_cell(
  File "C:\Users\chris\AppData\Roaming\Python\Python314\site-packages\ipykernel\zmqshell.py", line 663, in run_cell
    return super().run_cell(*args, **kwargs)
  File "C:\Users\chris\AppData\Roaming\Python\Python314\site-packages\IPython\core\interactiveshell.py", line 3170, in run_cell
    result = self._run_cell(
  File "C:\Users\chris\AppData\Roaming\Python\Python314\site-packages\IPython\core\interactiveshell.py", line 3225, in _run_cell
    result = runner(coro)
  File "C:\Users\chris\AppData\Roaming\Python\Python314\site-packages\IPython\core\async_helpers.py", line 128, in _pseudo_sync_runner
    coro.send(None)
  File "C:\Users\chris\AppData\Roaming\Python\Python314\site-packages\IPython\core\interactiveshell.py", line 3447, in run_cell_async
    has_raised = await self.run_ast_nodes(code_ast.body, cell_name,
  File "C:\Users\chris\AppData\Roaming\Python\Python314\site-packages\IPython\core\interactiveshell.py", line 3688, in run_ast_nodes
    if await self.run_code(code, result, async_=asy):
  File "C:\Users\chris\AppData\Roaming\Python\Python314\site-packages\IPython\core\interactiveshell.py", line 3748, in run_code
    exec(code_obj, self.user_global_ns, self.user_ns)
  File "C:\Users\chris\AppData\Local\Temp\ipykernel_4436\3007420965.py", line 73, in <module>
    runpy.run_path(str(script_path), run_name="__main__")
  File "<frozen runpy>", line 287, in run_path
  File "<frozen runpy>", line 98, in _run_module_code
  File "<frozen runpy>", line 88, in _run_code
  File "C:\Users\chris\Desktop\Code\TracesPresenter\Traces_presenter\Jupyter\Chaine\scripts_Mirabelle\function_coverage_Mirabelle.py", line 303, in <module>
    main(input_path, output_path, code_state_col=code_state_column)
  File "C:\Users\chris\Desktop\Code\TracesPresenter\Traces_presenter\Jupyter\Chaine\scripts_Mirabelle\function_coverage_Mirabelle.py", line 277, in main
    out.info(
Message: '  %s : %d fonction(s) traitée(s) (%d avec au moins un test réussi, %d par états de code distincts uniquement)'
Arguments: ('debacler.decores', 5, 5, 0)
--- Logging error ---
Traceback (most recent call last):
  File "c:\Users\chris\AppData\Local\Programs\Python\Python314\Lib\logging\__init__.py", line 1154, in emit
    stream.write(msg + self.terminator)
    ~~~~~~~~~~~~^^^^^^^^^^^^^^^^^^^^^^^
ValueError: I/O operation on closed file.
Call stack:
  File "<frozen runpy>", line 198, in _run_module_as_main
  File "<frozen runpy>", line 88, in _run_code
  File "C:\Users\chris\AppData\Roaming\Python\Python314\site-packages\ipykernel_launcher.py", line 18, in <module>
    app.launch_new_instance()
  File "C:\Users\chris\AppData\Roaming\Python\Python314\site-packages\traitlets\config\application.py", line 1082, in launch_instance
    app.start()
  File "C:\Users\chris\AppData\Roaming\Python\Python314\site-packages\ipykernel\kernelapp.py", line 758, in start
    self.io_loop.start()
  File "C:\Users\chris\AppData\Roaming\Python\Python314\site-packages\tornado\platform\asyncio.py", line 211, in start
    self.asyncio_loop.run_forever()
  File "c:\Users\chris\AppData\Local\Programs\Python\Python314\Lib\asyncio\base_events.py", line 677, in run_forever
    self._run_once()
  File "c:\Users\chris\AppData\Local\Programs\Python\Python314\Lib\asyncio\base_events.py", line 2046, in _run_once
    handle._run()
  File "c:\Users\chris\AppData\Local\Programs\Python\Python314\Lib\asyncio\events.py", line 94, in _run
    self._context.run(self._callback, *self._args)
  File "C:\Users\chris\AppData\Roaming\Python\Python314\site-packages\ipykernel\kernelbase.py", line 621, in shell_main
    await self.dispatch_shell(msg, subshell_id=subshell_id)
  File "C:\Users\chris\AppData\Roaming\Python\Python314\site-packages\ipykernel\kernelbase.py", line 478, in dispatch_shell
    await result
  File "C:\Users\chris\AppData\Roaming\Python\Python314\site-packages\ipykernel\ipkernel.py", line 372, in execute_request
    await super().execute_request(stream, ident, parent)
  File "C:\Users\chris\AppData\Roaming\Python\Python314\site-packages\ipykernel\kernelbase.py", line 834, in execute_request
    reply_content = await reply_content
  File "C:\Users\chris\AppData\Roaming\Python\Python314\site-packages\ipykernel\ipkernel.py", line 464, in do_execute
    res = shell.run_cell(
  File "C:\Users\chris\AppData\Roaming\Python\Python314\site-packages\ipykernel\zmqshell.py", line 663, in run_cell
    return super().run_cell(*args, **kwargs)
  File "C:\Users\chris\AppData\Roaming\Python\Python314\site-packages\IPython\core\interactiveshell.py", line 3170, in run_cell
    result = self._run_cell(
  File "C:\Users\chris\AppData\Roaming\Python\Python314\site-packages\IPython\core\interactiveshell.py", line 3225, in _run_cell
    result = runner(coro)
  File "C:\Users\chris\AppData\Roaming\Python\Python314\site-packages\IPython\core\async_helpers.py", line 128, in _pseudo_sync_runner
    coro.send(None)
  File "C:\Users\chris\AppData\Roaming\Python\Python314\site-packages\IPython\core\interactiveshell.py", line 3447, in run_cell_async
    has_raised = await self.run_ast_nodes(code_ast.body, cell_name,
  File "C:\Users\chris\AppData\Roaming\Python\Python314\site-packages\IPython\core\interactiveshell.py", line 3688, in run_ast_nodes
    if await self.run_code(code, result, async_=asy):
  File "C:\Users\chris\AppData\Roaming\Python\Python314\site-packages\IPython\core\interactiveshell.py", line 3748, in run_code
    exec(code_obj, self.user_global_ns, self.user_ns)
  File "C:\Users\chris\AppData\Local\Temp\ipykernel_4436\3007420965.py", line 73, in <module>
    runpy.run_path(str(script_path), run_name="__main__")
  File "<frozen runpy>", line 287, in run_path
  File "<frozen runpy>", line 98, in _run_module_code
  File "<frozen runpy>", line 88, in _run_code
  File "C:\Users\chris\Desktop\Code\TracesPresenter\Traces_presenter\Jupyter\Chaine\scripts_Mirabelle\function_coverage_Mirabelle.py", line 303, in <module>
    main(input_path, output_path, code_state_col=code_state_column)
  File "C:\Users\chris\Desktop\Code\TracesPresenter\Traces_presenter\Jupyter\Chaine\scripts_Mirabelle\function_coverage_Mirabelle.py", line 277, in main
    out.info(
Message: '  %s : %d fonction(s) traitée(s) (%d avec au moins un test réussi, %d par états de code distincts uniquement)'
Arguments: ('decalques.avenu', 18, 18, 0)
--- Logging error ---
Traceback (most recent call last):
  File "c:\Users\chris\AppData\Local\Programs\Python\Python314\Lib\logging\__init__.py", line 1154, in emit
    stream.write(msg + self.terminator)
    ~~~~~~~~~~~~^^^^^^^^^^^^^^^^^^^^^^^
ValueError: I/O operation on closed file.
Call stack:
  File "<frozen runpy>", line 198, in _run_module_as_main
  File "<frozen runpy>", line 88, in _run_code
  File "C:\Users\chris\AppData\Roaming\Python\Python314\site-packages\ipykernel_launcher.py", line 18, in <module>
    app.launch_new_instance()
  File "C:\Users\chris\AppData\Roaming\Python\Python314\site-packages\traitlets\config\application.py", line 1082, in launch_instance
    app.start()
  File "C:\Users\chris\AppData\Roaming\Python\Python314\site-packages\ipykernel\kernelapp.py", line 758, in start
    self.io_loop.start()
  File "C:\Users\chris\AppData\Roaming\Python\Python314\site-packages\tornado\platform\asyncio.py", line 211, in start
    self.asyncio_loop.run_forever()
  File "c:\Users\chris\AppData\Local\Programs\Python\Python314\Lib\asyncio\base_events.py", line 677, in run_forever
    self._run_once()
  File "c:\Users\chris\AppData\Local\Programs\Python\Python314\Lib\asyncio\base_events.py", line 2046, in _run_once
    handle._run()
  File "c:\Users\chris\AppData\Local\Programs\Python\Python314\Lib\asyncio\events.py", line 94, in _run
    self._context.run(self._callback, *self._args)
  File "C:\Users\chris\AppData\Roaming\Python\Python314\site-packages\ipykernel\kernelbase.py", line 621, in shell_main
    await self.dispatch_shell(msg, subshell_id=subshell_id)
  File "C:\Users\chris\AppData\Roaming\Python\Python314\site-packages\ipykernel\kernelbase.py", line 478, in dispatch_shell
    await result
  File "C:\Users\chris\AppData\Roaming\Python\Python314\site-packages\ipykernel\ipkernel.py", line 372, in execute_request
    await super().execute_request(stream, ident, parent)
  File "C:\Users\chris\AppData\Roaming\Python\Python314\site-packages\ipykernel\kernelbase.py", line 834, in execute_request
    reply_content = await reply_content
  File "C:\Users\chris\AppData\Roaming\Python\Python314\site-packages\ipykernel\ipkernel.py", line 464, in do_execute
    res = shell.run_cell(
  File "C:\Users\chris\AppData\Roaming\Python\Python314\site-packages\ipykernel\zmqshell.py", line 663, in run_cell
    return super().run_cell(*args, **kwargs)
  File "C:\Users\chris\AppData\Roaming\Python\Python314\site-packages\IPython\core\interactiveshell.py", line 3170, in run_cell
    result = self._run_cell(
  File "C:\Users\chris\AppData\Roaming\Python\Python314\site-packages\IPython\core\interactiveshell.py", line 3225, in _run_cell
    result = runner(coro)
  File "C:\Users\chris\AppData\Roaming\Python\Python314\site-packages\IPython\core\async_helpers.py", line 128, in _pseudo_sync_runner
    coro.send(None)
  File "C:\Users\chris\AppData\Roaming\Python\Python314\site-packages\IPython\core\interactiveshell.py", line 3447, in run_cell_async
    has_raised = await self.run_ast_nodes(code_ast.body, cell_name,
  File "C:\Users\chris\AppData\Roaming\Python\Python314\site-packages\IPython\core\interactiveshell.py", line 3688, in run_ast_nodes
    if await self.run_code(code, result, async_=asy):
  File "C:\Users\chris\AppData\Roaming\Python\Python314\site-packages\IPython\core\interactiveshell.py", line 3748, in run_code
    exec(code_obj, self.user_global_ns, self.user_ns)
  File "C:\Users\chris\AppData\Local\Temp\ipykernel_4436\3007420965.py", line 73, in <module>
    runpy.run_path(str(script_path), run_name="__main__")
  File "<frozen runpy>", line 287, in run_path
  File "<frozen runpy>", line 98, in _run_module_code
  File "<frozen runpy>", line 88, in _run_code
  File "C:\Users\chris\Desktop\Code\TracesPresenter\Traces_presenter\Jupyter\Chaine\scripts_Mirabelle\function_coverage_Mirabelle.py", line 303, in <module>
    main(input_path, output_path, code_state_col=code_state_column)
  File "C:\Users\chris\Desktop\Code\TracesPresenter\Traces_presenter\Jupyter\Chaine\scripts_Mirabelle\function_coverage_Mirabelle.py", line 277, in main
    out.info(
Message: '  %s : %d fonction(s) traitée(s) (%d avec au moins un test réussi, %d par états de code distincts uniquement)'
Arguments: ('decernera.promesse', 12, 12, 0)
--- Logging error ---
Traceback (most recent call last):
  File "c:\Users\chris\AppData\Local\Programs\Python\Python314\Lib\logging\__init__.py", line 1154, in emit
    stream.write(msg + self.terminator)
    ~~~~~~~~~~~~^^^^^^^^^^^^^^^^^^^^^^^
ValueError: I/O operation on closed file.
Call stack:
  File "<frozen runpy>", line 198, in _run_module_as_main
  File "<frozen runpy>", line 88, in _run_code
  File "C:\Users\chris\AppData\Roaming\Python\Python314\site-packages\ipykernel_launcher.py", line 18, in <module>
    app.launch_new_instance()
  File "C:\Users\chris\AppData\Roaming\Python\Python314\site-packages\traitlets\config\application.py", line 1082, in launch_instance
    app.start()
  File "C:\Users\chris\AppData\Roaming\Python\Python314\site-packages\ipykernel\kernelapp.py", line 758, in start
    self.io_loop.start()
  File "C:\Users\chris\AppData\Roaming\Python\Python314\site-packages\tornado\platform\asyncio.py", line 211, in start
    self.asyncio_loop.run_forever()
  File "c:\Users\chris\AppData\Local\Programs\Python\Python314\Lib\asyncio\base_events.py", line 677, in run_forever
    self._run_once()
  File "c:\Users\chris\AppData\Local\Programs\Python\Python314\Lib\asyncio\base_events.py", line 2046, in _run_once
    handle._run()
  File "c:\Users\chris\AppData\Local\Programs\Python\Python314\Lib\asyncio\events.py", line 94, in _run
    self._context.run(self._callback, *self._args)
  File "C:\Users\chris\AppData\Roaming\Python\Python314\site-packages\ipykernel\kernelbase.py", line 621, in shell_main
    await self.dispatch_shell(msg, subshell_id=subshell_id)
  File "C:\Users\chris\AppData\Roaming\Python\Python314\site-packages\ipykernel\kernelbase.py", line 478, in dispatch_shell
    await result
  File "C:\Users\chris\AppData\Roaming\Python\Python314\site-packages\ipykernel\ipkernel.py", line 372, in execute_request
    await super().execute_request(stream, ident, parent)
  File "C:\Users\chris\AppData\Roaming\Python\Python314\site-packages\ipykernel\kernelbase.py", line 834, in execute_request
    reply_content = await reply_content
  File "C:\Users\chris\AppData\Roaming\Python\Python314\site-packages\ipykernel\ipkernel.py", line 464, in do_execute
    res = shell.run_cell(
  File "C:\Users\chris\AppData\Roaming\Python\Python314\site-packages\ipykernel\zmqshell.py", line 663, in run_cell
    return super().run_cell(*args, **kwargs)
  File "C:\Users\chris\AppData\Roaming\Python\Python314\site-packages\IPython\core\interactiveshell.py", line 3170, in run_cell
    result = self._run_cell(
  File "C:\Users\chris\AppData\Roaming\Python\Python314\site-packages\IPython\core\interactiveshell.py", line 3225, in _run_cell
    result = runner(coro)
  File "C:\Users\chris\AppData\Roaming\Python\Python314\site-packages\IPython\core\async_helpers.py", line 128, in _pseudo_sync_runner
    coro.send(None)
  File "C:\Users\chris\AppData\Roaming\Python\Python314\site-packages\IPython\core\interactiveshell.py", line 3447, in run_cell_async
    has_raised = await self.run_ast_nodes(code_ast.body, cell_name,
  File "C:\Users\chris\AppData\Roaming\Python\Python314\site-packages\IPython\core\interactiveshell.py", line 3688, in run_ast_nodes
    if await self.run_code(code, result, async_=asy):
  File "C:\Users\chris\AppData\Roaming\Python\Python314\site-packages\IPython\core\interactiveshell.py", line 3748, in run_code
    exec(code_obj, self.user_global_ns, self.user_ns)
  File "C:\Users\chris\AppData\Local\Temp\ipykernel_4436\3007420965.py", line 73, in <module>
    runpy.run_path(str(script_path), run_name="__main__")
  File "<frozen runpy>", line 287, in run_path
  File "<frozen runpy>", line 98, in _run_module_code
  File "<frozen runpy>", line 88, in _run_code
  File "C:\Users\chris\Desktop\Code\TracesPresenter\Traces_presenter\Jupyter\Chaine\scripts_Mirabelle\function_coverage_Mirabelle.py", line 303, in <module>
    main(input_path, output_path, code_state_col=code_state_column)
  File "C:\Users\chris\Desktop\Code\TracesPresenter\Traces_presenter\Jupyter\Chaine\scripts_Mirabelle\function_coverage_Mirabelle.py", line 277, in main
    out.info(
Message: '  %s : %d fonction(s) traitée(s) (%d avec au moins un test réussi, %d par états de code distincts uniquement)'
Arguments: ('deprime.grondions', 15, 15, 0)
--- Logging error ---
Traceback (most recent call last):
  File "c:\Users\chris\AppData\Local\Programs\Python\Python314\Lib\logging\__init__.py", line 1154, in emit
    stream.write(msg + self.terminator)
    ~~~~~~~~~~~~^^^^^^^^^^^^^^^^^^^^^^^
ValueError: I/O operation on closed file.
Call stack:
  File "<frozen runpy>", line 198, in _run_module_as_main
  File "<frozen runpy>", line 88, in _run_code
  File "C:\Users\chris\AppData\Roaming\Python\Python314\site-packages\ipykernel_launcher.py", line 18, in <module>
    app.launch_new_instance()
  File "C:\Users\chris\AppData\Roaming\Python\Python314\site-packages\traitlets\config\application.py", line 1082, in launch_instance
    app.start()
  File "C:\Users\chris\AppData\Roaming\Python\Python314\site-packages\ipykernel\kernelapp.py", line 758, in start
    self.io_loop.start()
  File "C:\Users\chris\AppData\Roaming\Python\Python314\site-packages\tornado\platform\asyncio.py", line 211, in start
    self.asyncio_loop.run_forever()
  File "c:\Users\chris\AppData\Local\Programs\Python\Python314\Lib\asyncio\base_events.py", line 677, in run_forever
    self._run_once()
  File "c:\Users\chris\AppData\Local\Programs\Python\Python314\Lib\asyncio\base_events.py", line 2046, in _run_once
    handle._run()
  File "c:\Users\chris\AppData\Local\Programs\Python\Python314\Lib\asyncio\events.py", line 94, in _run
    self._context.run(self._callback, *self._args)
  File "C:\Users\chris\AppData\Roaming\Python\Python314\site-packages\ipykernel\kernelbase.py", line 621, in shell_main
    await self.dispatch_shell(msg, subshell_id=subshell_id)
  File "C:\Users\chris\AppData\Roaming\Python\Python314\site-packages\ipykernel\kernelbase.py", line 478, in dispatch_shell
    await result
  File "C:\Users\chris\AppData\Roaming\Python\Python314\site-packages\ipykernel\ipkernel.py", line 372, in execute_request
    await super().execute_request(stream, ident, parent)
  File "C:\Users\chris\AppData\Roaming\Python\Python314\site-packages\ipykernel\kernelbase.py", line 834, in execute_request
    reply_content = await reply_content
  File "C:\Users\chris\AppData\Roaming\Python\Python314\site-packages\ipykernel\ipkernel.py", line 464, in do_execute
    res = shell.run_cell(
  File "C:\Users\chris\AppData\Roaming\Python\Python314\site-packages\ipykernel\zmqshell.py", line 663, in run_cell
    return super().run_cell(*args, **kwargs)
  File "C:\Users\chris\AppData\Roaming\Python\Python314\site-packages\IPython\core\interactiveshell.py", line 3170, in run_cell
    result = self._run_cell(
  File "C:\Users\chris\AppData\Roaming\Python\Python314\site-packages\IPython\core\interactiveshell.py", line 3225, in _run_cell
    result = runner(coro)
  File "C:\Users\chris\AppData\Roaming\Python\Python314\site-packages\IPython\core\async_helpers.py", line 128, in _pseudo_sync_runner
    coro.send(None)
  File "C:\Users\chris\AppData\Roaming\Python\Python314\site-packages\IPython\core\interactiveshell.py", line 3447, in run_cell_async
    has_raised = await self.run_ast_nodes(code_ast.body, cell_name,
  File "C:\Users\chris\AppData\Roaming\Python\Python314\site-packages\IPython\core\interactiveshell.py", line 3688, in run_ast_nodes
    if await self.run_code(code, result, async_=asy):
  File "C:\Users\chris\AppData\Roaming\Python\Python314\site-packages\IPython\core\interactiveshell.py", line 3748, in run_code
    exec(code_obj, self.user_global_ns, self.user_ns)
  File "C:\Users\chris\AppData\Local\Temp\ipykernel_4436\3007420965.py", line 73, in <module>
    runpy.run_path(str(script_path), run_name="__main__")
  File "<frozen runpy>", line 287, in run_path
  File "<frozen runpy>", line 98, in _run_module_code
  File "<frozen runpy>", line 88, in _run_code
  File "C:\Users\chris\Desktop\Code\TracesPresenter\Traces_presenter\Jupyter\Chaine\scripts_Mirabelle\function_coverage_Mirabelle.py", line 303, in <module>
    main(input_path, output_path, code_state_col=code_state_column)
  File "C:\Users\chris\Desktop\Code\TracesPresenter\Traces_presenter\Jupyter\Chaine\scripts_Mirabelle\function_coverage_Mirabelle.py", line 277, in main
    out.info(
Message: '  %s : %d fonction(s) traitée(s) (%d avec au moins un test réussi, %d par états de code distincts uniquement)'
Arguments: ('deraser.mouilliez', 15, 15, 0)
--- Logging error ---
Traceback (most recent call last):
  File "c:\Users\chris\AppData\Local\Programs\Python\Python314\Lib\logging\__init__.py", line 1154, in emit
    stream.write(msg + self.terminator)
    ~~~~~~~~~~~~^^^^^^^^^^^^^^^^^^^^^^^
ValueError: I/O operation on closed file.
Call stack:
  File "<frozen runpy>", line 198, in _run_module_as_main
  File "<frozen runpy>", line 88, in _run_code
  File "C:\Users\chris\AppData\Roaming\Python\Python314\site-packages\ipykernel_launcher.py", line 18, in <module>
    app.launch_new_instance()
  File "C:\Users\chris\AppData\Roaming\Python\Python314\site-packages\traitlets\config\application.py", line 1082, in launch_instance
    app.start()
  File "C:\Users\chris\AppData\Roaming\Python\Python314\site-packages\ipykernel\kernelapp.py", line 758, in start
    self.io_loop.start()
  File "C:\Users\chris\AppData\Roaming\Python\Python314\site-packages\tornado\platform\asyncio.py", line 211, in start
    self.asyncio_loop.run_forever()
  File "c:\Users\chris\AppData\Local\Programs\Python\Python314\Lib\asyncio\base_events.py", line 677, in run_forever
    self._run_once()
  File "c:\Users\chris\AppData\Local\Programs\Python\Python314\Lib\asyncio\base_events.py", line 2046, in _run_once
    handle._run()
  File "c:\Users\chris\AppData\Local\Programs\Python\Python314\Lib\asyncio\events.py", line 94, in _run
    self._context.run(self._callback, *self._args)
  File "C:\Users\chris\AppData\Roaming\Python\Python314\site-packages\ipykernel\kernelbase.py", line 621, in shell_main
    await self.dispatch_shell(msg, subshell_id=subshell_id)
  File "C:\Users\chris\AppData\Roaming\Python\Python314\site-packages\ipykernel\kernelbase.py", line 478, in dispatch_shell
    await result
  File "C:\Users\chris\AppData\Roaming\Python\Python314\site-packages\ipykernel\ipkernel.py", line 372, in execute_request
    await super().execute_request(stream, ident, parent)
  File "C:\Users\chris\AppData\Roaming\Python\Python314\site-packages\ipykernel\kernelbase.py", line 834, in execute_request
    reply_content = await reply_content
  File "C:\Users\chris\AppData\Roaming\Python\Python314\site-packages\ipykernel\ipkernel.py", line 464, in do_execute
    res = shell.run_cell(
  File "C:\Users\chris\AppData\Roaming\Python\Python314\site-packages\ipykernel\zmqshell.py", line 663, in run_cell
    return super().run_cell(*args, **kwargs)
  File "C:\Users\chris\AppData\Roaming\Python\Python314\site-packages\IPython\core\interactiveshell.py", line 3170, in run_cell
    result = self._run_cell(
  File "C:\Users\chris\AppData\Roaming\Python\Python314\site-packages\IPython\core\interactiveshell.py", line 3225, in _run_cell
    result = runner(coro)
  File "C:\Users\chris\AppData\Roaming\Python\Python314\site-packages\IPython\core\async_helpers.py", line 128, in _pseudo_sync_runner
    coro.send(None)
  File "C:\Users\chris\AppData\Roaming\Python\Python314\site-packages\IPython\core\interactiveshell.py", line 3447, in run_cell_async
    has_raised = await self.run_ast_nodes(code_ast.body, cell_name,
  File "C:\Users\chris\AppData\Roaming\Python\Python314\site-packages\IPython\core\interactiveshell.py", line 3688, in run_ast_nodes
    if await self.run_code(code, result, async_=asy):
  File "C:\Users\chris\AppData\Roaming\Python\Python314\site-packages\IPython\core\interactiveshell.py", line 3748, in run_code
    exec(code_obj, self.user_global_ns, self.user_ns)
  File "C:\Users\chris\AppData\Local\Temp\ipykernel_4436\3007420965.py", line 73, in <module>
    runpy.run_path(str(script_path), run_name="__main__")
  File "<frozen runpy>", line 287, in run_path
  File "<frozen runpy>", line 98, in _run_module_code
  File "<frozen runpy>", line 88, in _run_code
  File "C:\Users\chris\Desktop\Code\TracesPresenter\Traces_presenter\Jupyter\Chaine\scripts_Mirabelle\function_coverage_Mirabelle.py", line 303, in <module>
    main(input_path, output_path, code_state_col=code_state_column)
  File "C:\Users\chris\Desktop\Code\TracesPresenter\Traces_presenter\Jupyter\Chaine\scripts_Mirabelle\function_coverage_Mirabelle.py", line 277, in main
    out.info(
Message: '  %s : %d fonction(s) traitée(s) (%d avec au moins un test réussi, %d par états de code distincts uniquement)'
Arguments: ('dotait.huilerons', 6, 6, 0)
--- Logging error ---
Traceback (most recent call last):
  File "c:\Users\chris\AppData\Local\Programs\Python\Python314\Lib\logging\__init__.py", line 1154, in emit
    stream.write(msg + self.terminator)
    ~~~~~~~~~~~~^^^^^^^^^^^^^^^^^^^^^^^
ValueError: I/O operation on closed file.
Call stack:
  File "<frozen runpy>", line 198, in _run_module_as_main
  File "<frozen runpy>", line 88, in _run_code
  File "C:\Users\chris\AppData\Roaming\Python\Python314\site-packages\ipykernel_launcher.py", line 18, in <module>
    app.launch_new_instance()
  File "C:\Users\chris\AppData\Roaming\Python\Python314\site-packages\traitlets\config\application.py", line 1082, in launch_instance
    app.start()
  File "C:\Users\chris\AppData\Roaming\Python\Python314\site-packages\ipykernel\kernelapp.py", line 758, in start
    self.io_loop.start()
  File "C:\Users\chris\AppData\Roaming\Python\Python314\site-packages\tornado\platform\asyncio.py", line 211, in start
    self.asyncio_loop.run_forever()
  File "c:\Users\chris\AppData\Local\Programs\Python\Python314\Lib\asyncio\base_events.py", line 677, in run_forever
    self._run_once()
  File "c:\Users\chris\AppData\Local\Programs\Python\Python314\Lib\asyncio\base_events.py", line 2046, in _run_once
    handle._run()
  File "c:\Users\chris\AppData\Local\Programs\Python\Python314\Lib\asyncio\events.py", line 94, in _run
    self._context.run(self._callback, *self._args)
  File "C:\Users\chris\AppData\Roaming\Python\Python314\site-packages\ipykernel\kernelbase.py", line 621, in shell_main
    await self.dispatch_shell(msg, subshell_id=subshell_id)
  File "C:\Users\chris\AppData\Roaming\Python\Python314\site-packages\ipykernel\kernelbase.py", line 478, in dispatch_shell
    await result
  File "C:\Users\chris\AppData\Roaming\Python\Python314\site-packages\ipykernel\ipkernel.py", line 372, in execute_request
    await super().execute_request(stream, ident, parent)
  File "C:\Users\chris\AppData\Roaming\Python\Python314\site-packages\ipykernel\kernelbase.py", line 834, in execute_request
    reply_content = await reply_content
  File "C:\Users\chris\AppData\Roaming\Python\Python314\site-packages\ipykernel\ipkernel.py", line 464, in do_execute
    res = shell.run_cell(
  File "C:\Users\chris\AppData\Roaming\Python\Python314\site-packages\ipykernel\zmqshell.py", line 663, in run_cell
    return super().run_cell(*args, **kwargs)
  File "C:\Users\chris\AppData\Roaming\Python\Python314\site-packages\IPython\core\interactiveshell.py", line 3170, in run_cell
    result = self._run_cell(
  File "C:\Users\chris\AppData\Roaming\Python\Python314\site-packages\IPython\core\interactiveshell.py", line 3225, in _run_cell
    result = runner(coro)
  File "C:\Users\chris\AppData\Roaming\Python\Python314\site-packages\IPython\core\async_helpers.py", line 128, in _pseudo_sync_runner
    coro.send(None)
  File "C:\Users\chris\AppData\Roaming\Python\Python314\site-packages\IPython\core\interactiveshell.py", line 3447, in run_cell_async
    has_raised = await self.run_ast_nodes(code_ast.body, cell_name,
  File "C:\Users\chris\AppData\Roaming\Python\Python314\site-packages\IPython\core\interactiveshell.py", line 3688, in run_ast_nodes
    if await self.run_code(code, result, async_=asy):
  File "C:\Users\chris\AppData\Roaming\Python\Python314\site-packages\IPython\core\interactiveshell.py", line 3748, in run_code
    exec(code_obj, self.user_global_ns, self.user_ns)
  File "C:\Users\chris\AppData\Local\Temp\ipykernel_4436\3007420965.py", line 73, in <module>
    runpy.run_path(str(script_path), run_name="__main__")
  File "<frozen runpy>", line 287, in run_path
  File "<frozen runpy>", line 98, in _run_module_code
  File "<frozen runpy>", line 88, in _run_code
  File "C:\Users\chris\Desktop\Code\TracesPresenter\Traces_presenter\Jupyter\Chaine\scripts_Mirabelle\function_coverage_Mirabelle.py", line 303, in <module>
    main(input_path, output_path, code_state_col=code_state_column)
  File "C:\Users\chris\Desktop\Code\TracesPresenter\Traces_presenter\Jupyter\Chaine\scripts_Mirabelle\function_coverage_Mirabelle.py", line 277, in main
    out.info(
Message: '  %s : %d fonction(s) traitée(s) (%d avec au moins un test réussi, %d par états de code distincts uniquement)'
Arguments: ('ecrieriez.indemnes', 0, 0, 0)
--- Logging error ---
Traceback (most recent call last):
  File "c:\Users\chris\AppData\Local\Programs\Python\Python314\Lib\logging\__init__.py", line 1154, in emit
    stream.write(msg + self.terminator)
    ~~~~~~~~~~~~^^^^^^^^^^^^^^^^^^^^^^^
ValueError: I/O operation on closed file.
Call stack:
  File "<frozen runpy>", line 198, in _run_module_as_main
  File "<frozen runpy>", line 88, in _run_code
  File "C:\Users\chris\AppData\Roaming\Python\Python314\site-packages\ipykernel_launcher.py", line 18, in <module>
    app.launch_new_instance()
  File "C:\Users\chris\AppData\Roaming\Python\Python314\site-packages\traitlets\config\application.py", line 1082, in launch_instance
    app.start()
  File "C:\Users\chris\AppData\Roaming\Python\Python314\site-packages\ipykernel\kernelapp.py", line 758, in start
    self.io_loop.start()
  File "C:\Users\chris\AppData\Roaming\Python\Python314\site-packages\tornado\platform\asyncio.py", line 211, in start
    self.asyncio_loop.run_forever()
  File "c:\Users\chris\AppData\Local\Programs\Python\Python314\Lib\asyncio\base_events.py", line 677, in run_forever
    self._run_once()
  File "c:\Users\chris\AppData\Local\Programs\Python\Python314\Lib\asyncio\base_events.py", line 2046, in _run_once
    handle._run()
  File "c:\Users\chris\AppData\Local\Programs\Python\Python314\Lib\asyncio\events.py", line 94, in _run
    self._context.run(self._callback, *self._args)
  File "C:\Users\chris\AppData\Roaming\Python\Python314\site-packages\ipykernel\kernelbase.py", line 621, in shell_main
    await self.dispatch_shell(msg, subshell_id=subshell_id)
  File "C:\Users\chris\AppData\Roaming\Python\Python314\site-packages\ipykernel\kernelbase.py", line 478, in dispatch_shell
    await result
  File "C:\Users\chris\AppData\Roaming\Python\Python314\site-packages\ipykernel\ipkernel.py", line 372, in execute_request
    await super().execute_request(stream, ident, parent)
  File "C:\Users\chris\AppData\Roaming\Python\Python314\site-packages\ipykernel\kernelbase.py", line 834, in execute_request
    reply_content = await reply_content
  File "C:\Users\chris\AppData\Roaming\Python\Python314\site-packages\ipykernel\ipkernel.py", line 464, in do_execute
    res = shell.run_cell(
  File "C:\Users\chris\AppData\Roaming\Python\Python314\site-packages\ipykernel\zmqshell.py", line 663, in run_cell
    return super().run_cell(*args, **kwargs)
  File "C:\Users\chris\AppData\Roaming\Python\Python314\site-packages\IPython\core\interactiveshell.py", line 3170, in run_cell
    result = self._run_cell(
  File "C:\Users\chris\AppData\Roaming\Python\Python314\site-packages\IPython\core\interactiveshell.py", line 3225, in _run_cell
    result = runner(coro)
  File "C:\Users\chris\AppData\Roaming\Python\Python314\site-packages\IPython\core\async_helpers.py", line 128, in _pseudo_sync_runner
    coro.send(None)
  File "C:\Users\chris\AppData\Roaming\Python\Python314\site-packages\IPython\core\interactiveshell.py", line 3447, in run_cell_async
    has_raised = await self.run_ast_nodes(code_ast.body, cell_name,
  File "C:\Users\chris\AppData\Roaming\Python\Python314\site-packages\IPython\core\interactiveshell.py", line 3688, in run_ast_nodes
    if await self.run_code(code, result, async_=asy):
  File "C:\Users\chris\AppData\Roaming\Python\Python314\site-packages\IPython\core\interactiveshell.py", line 3748, in run_code
    exec(code_obj, self.user_global_ns, self.user_ns)
  File "C:\Users\chris\AppData\Local\Temp\ipykernel_4436\3007420965.py", line 73, in <module>
    runpy.run_path(str(script_path), run_name="__main__")
  File "<frozen runpy>", line 287, in run_path
  File "<frozen runpy>", line 98, in _run_module_code
  File "<frozen runpy>", line 88, in _run_code
  File "C:\Users\chris\Desktop\Code\TracesPresenter\Traces_presenter\Jupyter\Chaine\scripts_Mirabelle\function_coverage_Mirabelle.py", line 303, in <module>
    main(input_path, output_path, code_state_col=code_state_column)
  File "C:\Users\chris\Desktop\Code\TracesPresenter\Traces_presenter\Jupyter\Chaine\scripts_Mirabelle\function_coverage_Mirabelle.py", line 277, in main
    out.info(
Message: '  %s : %d fonction(s) traitée(s) (%d avec au moins un test réussi, %d par états de code distincts uniquement)'
Arguments: ('egalisiez.pendrons', 4, 4, 0)
--- Logging error ---
Traceback (most recent call last):
  File "c:\Users\chris\AppData\Local\Programs\Python\Python314\Lib\logging\__init__.py", line 1154, in emit
    stream.write(msg + self.terminator)
    ~~~~~~~~~~~~^^^^^^^^^^^^^^^^^^^^^^^
ValueError: I/O operation on closed file.
Call stack:
  File "<frozen runpy>", line 198, in _run_module_as_main
  File "<frozen runpy>", line 88, in _run_code
  File "C:\Users\chris\AppData\Roaming\Python\Python314\site-packages\ipykernel_launcher.py", line 18, in <module>
    app.launch_new_instance()
  File "C:\Users\chris\AppData\Roaming\Python\Python314\site-packages\traitlets\config\application.py", line 1082, in launch_instance
    app.start()
  File "C:\Users\chris\AppData\Roaming\Python\Python314\site-packages\ipykernel\kernelapp.py", line 758, in start
    self.io_loop.start()
  File "C:\Users\chris\AppData\Roaming\Python\Python314\site-packages\tornado\platform\asyncio.py", line 211, in start
    self.asyncio_loop.run_forever()
  File "c:\Users\chris\AppData\Local\Programs\Python\Python314\Lib\asyncio\base_events.py", line 677, in run_forever
    self._run_once()
  File "c:\Users\chris\AppData\Local\Programs\Python\Python314\Lib\asyncio\base_events.py", line 2046, in _run_once
    handle._run()
  File "c:\Users\chris\AppData\Local\Programs\Python\Python314\Lib\asyncio\events.py", line 94, in _run
    self._context.run(self._callback, *self._args)
  File "C:\Users\chris\AppData\Roaming\Python\Python314\site-packages\ipykernel\kernelbase.py", line 621, in shell_main
    await self.dispatch_shell(msg, subshell_id=subshell_id)
  File "C:\Users\chris\AppData\Roaming\Python\Python314\site-packages\ipykernel\kernelbase.py", line 478, in dispatch_shell
    await result
  File "C:\Users\chris\AppData\Roaming\Python\Python314\site-packages\ipykernel\ipkernel.py", line 372, in execute_request
    await super().execute_request(stream, ident, parent)
  File "C:\Users\chris\AppData\Roaming\Python\Python314\site-packages\ipykernel\kernelbase.py", line 834, in execute_request
    reply_content = await reply_content
  File "C:\Users\chris\AppData\Roaming\Python\Python314\site-packages\ipykernel\ipkernel.py", line 464, in do_execute
    res = shell.run_cell(
  File "C:\Users\chris\AppData\Roaming\Python\Python314\site-packages\ipykernel\zmqshell.py", line 663, in run_cell
    return super().run_cell(*args, **kwargs)
  File "C:\Users\chris\AppData\Roaming\Python\Python314\site-packages\IPython\core\interactiveshell.py", line 3170, in run_cell
    result = self._run_cell(
  File "C:\Users\chris\AppData\Roaming\Python\Python314\site-packages\IPython\core\interactiveshell.py", line 3225, in _run_cell
    result = runner(coro)
  File "C:\Users\chris\AppData\Roaming\Python\Python314\site-packages\IPython\core\async_helpers.py", line 128, in _pseudo_sync_runner
    coro.send(None)
  File "C:\Users\chris\AppData\Roaming\Python\Python314\site-packages\IPython\core\interactiveshell.py", line 3447, in run_cell_async
    has_raised = await self.run_ast_nodes(code_ast.body, cell_name,
  File "C:\Users\chris\AppData\Roaming\Python\Python314\site-packages\IPython\core\interactiveshell.py", line 3688, in run_ast_nodes
    if await self.run_code(code, result, async_=asy):
  File "C:\Users\chris\AppData\Roaming\Python\Python314\site-packages\IPython\core\interactiveshell.py", line 3748, in run_code
    exec(code_obj, self.user_global_ns, self.user_ns)
  File "C:\Users\chris\AppData\Local\Temp\ipykernel_4436\3007420965.py", line 73, in <module>
    runpy.run_path(str(script_path), run_name="__main__")
  File "<frozen runpy>", line 287, in run_path
  File "<frozen runpy>", line 98, in _run_module_code
  File "<frozen runpy>", line 88, in _run_code
  File "C:\Users\chris\Desktop\Code\TracesPresenter\Traces_presenter\Jupyter\Chaine\scripts_Mirabelle\function_coverage_Mirabelle.py", line 303, in <module>
    main(input_path, output_path, code_state_col=code_state_column)
  File "C:\Users\chris\Desktop\Code\TracesPresenter\Traces_presenter\Jupyter\Chaine\scripts_Mirabelle\function_coverage_Mirabelle.py", line 277, in main
    out.info(
Message: '  %s : %d fonction(s) traitée(s) (%d avec au moins un test réussi, %d par états de code distincts uniquement)'
Arguments: ('epargnent.torpille', 0, 0, 0)
--- Logging error ---
Traceback (most recent call last):
  File "c:\Users\chris\AppData\Local\Programs\Python\Python314\Lib\logging\__init__.py", line 1154, in emit
    stream.write(msg + self.terminator)
    ~~~~~~~~~~~~^^^^^^^^^^^^^^^^^^^^^^^
ValueError: I/O operation on closed file.
Call stack:
  File "<frozen runpy>", line 198, in _run_module_as_main
  File "<frozen runpy>", line 88, in _run_code
  File "C:\Users\chris\AppData\Roaming\Python\Python314\site-packages\ipykernel_launcher.py", line 18, in <module>
    app.launch_new_instance()
  File "C:\Users\chris\AppData\Roaming\Python\Python314\site-packages\traitlets\config\application.py", line 1082, in launch_instance
    app.start()
  File "C:\Users\chris\AppData\Roaming\Python\Python314\site-packages\ipykernel\kernelapp.py", line 758, in start
    self.io_loop.start()
  File "C:\Users\chris\AppData\Roaming\Python\Python314\site-packages\tornado\platform\asyncio.py", line 211, in start
    self.asyncio_loop.run_forever()
  File "c:\Users\chris\AppData\Local\Programs\Python\Python314\Lib\asyncio\base_events.py", line 677, in run_forever
    self._run_once()
  File "c:\Users\chris\AppData\Local\Programs\Python\Python314\Lib\asyncio\base_events.py", line 2046, in _run_once
    handle._run()
  File "c:\Users\chris\AppData\Local\Programs\Python\Python314\Lib\asyncio\events.py", line 94, in _run
    self._context.run(self._callback, *self._args)
  File "C:\Users\chris\AppData\Roaming\Python\Python314\site-packages\ipykernel\kernelbase.py", line 621, in shell_main
    await self.dispatch_shell(msg, subshell_id=subshell_id)
  File "C:\Users\chris\AppData\Roaming\Python\Python314\site-packages\ipykernel\kernelbase.py", line 478, in dispatch_shell
    await result
  File "C:\Users\chris\AppData\Roaming\Python\Python314\site-packages\ipykernel\ipkernel.py", line 372, in execute_request
    await super().execute_request(stream, ident, parent)
  File "C:\Users\chris\AppData\Roaming\Python\Python314\site-packages\ipykernel\kernelbase.py", line 834, in execute_request
    reply_content = await reply_content
  File "C:\Users\chris\AppData\Roaming\Python\Python314\site-packages\ipykernel\ipkernel.py", line 464, in do_execute
    res = shell.run_cell(
  File "C:\Users\chris\AppData\Roaming\Python\Python314\site-packages\ipykernel\zmqshell.py", line 663, in run_cell
    return super().run_cell(*args, **kwargs)
  File "C:\Users\chris\AppData\Roaming\Python\Python314\site-packages\IPython\core\interactiveshell.py", line 3170, in run_cell
    result = self._run_cell(
  File "C:\Users\chris\AppData\Roaming\Python\Python314\site-packages\IPython\core\interactiveshell.py", line 3225, in _run_cell
    result = runner(coro)
  File "C:\Users\chris\AppData\Roaming\Python\Python314\site-packages\IPython\core\async_helpers.py", line 128, in _pseudo_sync_runner
    coro.send(None)
  File "C:\Users\chris\AppData\Roaming\Python\Python314\site-packages\IPython\core\interactiveshell.py", line 3447, in run_cell_async
    has_raised = await self.run_ast_nodes(code_ast.body, cell_name,
  File "C:\Users\chris\AppData\Roaming\Python\Python314\site-packages\IPython\core\interactiveshell.py", line 3688, in run_ast_nodes
    if await self.run_code(code, result, async_=asy):
  File "C:\Users\chris\AppData\Roaming\Python\Python314\site-packages\IPython\core\interactiveshell.py", line 3748, in run_code
    exec(code_obj, self.user_global_ns, self.user_ns)
  File "C:\Users\chris\AppData\Local\Temp\ipykernel_4436\3007420965.py", line 73, in <module>
    runpy.run_path(str(script_path), run_name="__main__")
  File "<frozen runpy>", line 287, in run_path
  File "<frozen runpy>", line 98, in _run_module_code
  File "<frozen runpy>", line 88, in _run_code
  File "C:\Users\chris\Desktop\Code\TracesPresenter\Traces_presenter\Jupyter\Chaine\scripts_Mirabelle\function_coverage_Mirabelle.py", line 303, in <module>
    main(input_path, output_path, code_state_col=code_state_column)
  File "C:\Users\chris\Desktop\Code\TracesPresenter\Traces_presenter\Jupyter\Chaine\scripts_Mirabelle\function_coverage_Mirabelle.py", line 277, in main
    out.info(
Message: '  %s : %d fonction(s) traitée(s) (%d avec au moins un test réussi, %d par états de code distincts uniquement)'
Arguments: ('estompes.renomme', 5, 5, 0)
--- Logging error ---
Traceback (most recent call last):
  File "c:\Users\chris\AppData\Local\Programs\Python\Python314\Lib\logging\__init__.py", line 1154, in emit
    stream.write(msg + self.terminator)
    ~~~~~~~~~~~~^^^^^^^^^^^^^^^^^^^^^^^
ValueError: I/O operation on closed file.
Call stack:
  File "<frozen runpy>", line 198, in _run_module_as_main
  File "<frozen runpy>", line 88, in _run_code
  File "C:\Users\chris\AppData\Roaming\Python\Python314\site-packages\ipykernel_launcher.py", line 18, in <module>
    app.launch_new_instance()
  File "C:\Users\chris\AppData\Roaming\Python\Python314\site-packages\traitlets\config\application.py", line 1082, in launch_instance
    app.start()
  File "C:\Users\chris\AppData\Roaming\Python\Python314\site-packages\ipykernel\kernelapp.py", line 758, in start
    self.io_loop.start()
  File "C:\Users\chris\AppData\Roaming\Python\Python314\site-packages\tornado\platform\asyncio.py", line 211, in start
    self.asyncio_loop.run_forever()
  File "c:\Users\chris\AppData\Local\Programs\Python\Python314\Lib\asyncio\base_events.py", line 677, in run_forever
    self._run_once()
  File "c:\Users\chris\AppData\Local\Programs\Python\Python314\Lib\asyncio\base_events.py", line 2046, in _run_once
    handle._run()
  File "c:\Users\chris\AppData\Local\Programs\Python\Python314\Lib\asyncio\events.py", line 94, in _run
    self._context.run(self._callback, *self._args)
  File "C:\Users\chris\AppData\Roaming\Python\Python314\site-packages\ipykernel\kernelbase.py", line 621, in shell_main
    await self.dispatch_shell(msg, subshell_id=subshell_id)
  File "C:\Users\chris\AppData\Roaming\Python\Python314\site-packages\ipykernel\kernelbase.py", line 478, in dispatch_shell
    await result
  File "C:\Users\chris\AppData\Roaming\Python\Python314\site-packages\ipykernel\ipkernel.py", line 372, in execute_request
    await super().execute_request(stream, ident, parent)
  File "C:\Users\chris\AppData\Roaming\Python\Python314\site-packages\ipykernel\kernelbase.py", line 834, in execute_request
    reply_content = await reply_content
  File "C:\Users\chris\AppData\Roaming\Python\Python314\site-packages\ipykernel\ipkernel.py", line 464, in do_execute
    res = shell.run_cell(
  File "C:\Users\chris\AppData\Roaming\Python\Python314\site-packages\ipykernel\zmqshell.py", line 663, in run_cell
    return super().run_cell(*args, **kwargs)
  File "C:\Users\chris\AppData\Roaming\Python\Python314\site-packages\IPython\core\interactiveshell.py", line 3170, in run_cell
    result = self._run_cell(
  File "C:\Users\chris\AppData\Roaming\Python\Python314\site-packages\IPython\core\interactiveshell.py", line 3225, in _run_cell
    result = runner(coro)
  File "C:\Users\chris\AppData\Roaming\Python\Python314\site-packages\IPython\core\async_helpers.py", line 128, in _pseudo_sync_runner
    coro.send(None)
  File "C:\Users\chris\AppData\Roaming\Python\Python314\site-packages\IPython\core\interactiveshell.py", line 3447, in run_cell_async
    has_raised = await self.run_ast_nodes(code_ast.body, cell_name,
  File "C:\Users\chris\AppData\Roaming\Python\Python314\site-packages\IPython\core\interactiveshell.py", line 3688, in run_ast_nodes
    if await self.run_code(code, result, async_=asy):
  File "C:\Users\chris\AppData\Roaming\Python\Python314\site-packages\IPython\core\interactiveshell.py", line 3748, in run_code
    exec(code_obj, self.user_global_ns, self.user_ns)
  File "C:\Users\chris\AppData\Local\Temp\ipykernel_4436\3007420965.py", line 73, in <module>
    runpy.run_path(str(script_path), run_name="__main__")
  File "<frozen runpy>", line 287, in run_path
  File "<frozen runpy>", line 98, in _run_module_code
  File "<frozen runpy>", line 88, in _run_code
  File "C:\Users\chris\Desktop\Code\TracesPresenter\Traces_presenter\Jupyter\Chaine\scripts_Mirabelle\function_coverage_Mirabelle.py", line 303, in <module>
    main(input_path, output_path, code_state_col=code_state_column)
  File "C:\Users\chris\Desktop\Code\TracesPresenter\Traces_presenter\Jupyter\Chaine\scripts_Mirabelle\function_coverage_Mirabelle.py", line 277, in main
    out.info(
Message: '  %s : %d fonction(s) traitée(s) (%d avec au moins un test réussi, %d par états de code distincts uniquement)'
Arguments: ('fanees.disserter', 0, 0, 0)
--- Logging error ---
Traceback (most recent call last):
  File "c:\Users\chris\AppData\Local\Programs\Python\Python314\Lib\logging\__init__.py", line 1154, in emit
    stream.write(msg + self.terminator)
    ~~~~~~~~~~~~^^^^^^^^^^^^^^^^^^^^^^^
ValueError: I/O operation on closed file.
Call stack:
  File "<frozen runpy>", line 198, in _run_module_as_main
  File "<frozen runpy>", line 88, in _run_code
  File "C:\Users\chris\AppData\Roaming\Python\Python314\site-packages\ipykernel_launcher.py", line 18, in <module>
    app.launch_new_instance()
  File "C:\Users\chris\AppData\Roaming\Python\Python314\site-packages\traitlets\config\application.py", line 1082, in launch_instance
    app.start()
  File "C:\Users\chris\AppData\Roaming\Python\Python314\site-packages\ipykernel\kernelapp.py", line 758, in start
    self.io_loop.start()
  File "C:\Users\chris\AppData\Roaming\Python\Python314\site-packages\tornado\platform\asyncio.py", line 211, in start
    self.asyncio_loop.run_forever()
  File "c:\Users\chris\AppData\Local\Programs\Python\Python314\Lib\asyncio\base_events.py", line 677, in run_forever
    self._run_once()
  File "c:\Users\chris\AppData\Local\Programs\Python\Python314\Lib\asyncio\base_events.py", line 2046, in _run_once
    handle._run()
  File "c:\Users\chris\AppData\Local\Programs\Python\Python314\Lib\asyncio\events.py", line 94, in _run
    self._context.run(self._callback, *self._args)
  File "C:\Users\chris\AppData\Roaming\Python\Python314\site-packages\ipykernel\kernelbase.py", line 621, in shell_main
    await self.dispatch_shell(msg, subshell_id=subshell_id)
  File "C:\Users\chris\AppData\Roaming\Python\Python314\site-packages\ipykernel\kernelbase.py", line 478, in dispatch_shell
    await result
  File "C:\Users\chris\AppData\Roaming\Python\Python314\site-packages\ipykernel\ipkernel.py", line 372, in execute_request
    await super().execute_request(stream, ident, parent)
  File "C:\Users\chris\AppData\Roaming\Python\Python314\site-packages\ipykernel\kernelbase.py", line 834, in execute_request
    reply_content = await reply_content
  File "C:\Users\chris\AppData\Roaming\Python\Python314\site-packages\ipykernel\ipkernel.py", line 464, in do_execute
    res = shell.run_cell(
  File "C:\Users\chris\AppData\Roaming\Python\Python314\site-packages\ipykernel\zmqshell.py", line 663, in run_cell
    return super().run_cell(*args, **kwargs)
  File "C:\Users\chris\AppData\Roaming\Python\Python314\site-packages\IPython\core\interactiveshell.py", line 3170, in run_cell
    result = self._run_cell(
  File "C:\Users\chris\AppData\Roaming\Python\Python314\site-packages\IPython\core\interactiveshell.py", line 3225, in _run_cell
    result = runner(coro)
  File "C:\Users\chris\AppData\Roaming\Python\Python314\site-packages\IPython\core\async_helpers.py", line 128, in _pseudo_sync_runner
    coro.send(None)
  File "C:\Users\chris\AppData\Roaming\Python\Python314\site-packages\IPython\core\interactiveshell.py", line 3447, in run_cell_async
    has_raised = await self.run_ast_nodes(code_ast.body, cell_name,
  File "C:\Users\chris\AppData\Roaming\Python\Python314\site-packages\IPython\core\interactiveshell.py", line 3688, in run_ast_nodes
    if await self.run_code(code, result, async_=asy):
  File "C:\Users\chris\AppData\Roaming\Python\Python314\site-packages\IPython\core\interactiveshell.py", line 3748, in run_code
    exec(code_obj, self.user_global_ns, self.user_ns)
  File "C:\Users\chris\AppData\Local\Temp\ipykernel_4436\3007420965.py", line 73, in <module>
    runpy.run_path(str(script_path), run_name="__main__")
  File "<frozen runpy>", line 287, in run_path
  File "<frozen runpy>", line 98, in _run_module_code
  File "<frozen runpy>", line 88, in _run_code
  File "C:\Users\chris\Desktop\Code\TracesPresenter\Traces_presenter\Jupyter\Chaine\scripts_Mirabelle\function_coverage_Mirabelle.py", line 303, in <module>
    main(input_path, output_path, code_state_col=code_state_column)
  File "C:\Users\chris\Desktop\Code\TracesPresenter\Traces_presenter\Jupyter\Chaine\scripts_Mirabelle\function_coverage_Mirabelle.py", line 277, in main
    out.info(
Message: '  %s : %d fonction(s) traitée(s) (%d avec au moins un test réussi, %d par états de code distincts uniquement)'
Arguments: ('flaneras.irriguer', 0, 0, 0)
--- Logging error ---
Traceback (most recent call last):
  File "c:\Users\chris\AppData\Local\Programs\Python\Python314\Lib\logging\__init__.py", line 1154, in emit
    stream.write(msg + self.terminator)
    ~~~~~~~~~~~~^^^^^^^^^^^^^^^^^^^^^^^
ValueError: I/O operation on closed file.
Call stack:
  File "<frozen runpy>", line 198, in _run_module_as_main
  File "<frozen runpy>", line 88, in _run_code
  File "C:\Users\chris\AppData\Roaming\Python\Python314\site-packages\ipykernel_launcher.py", line 18, in <module>
    app.launch_new_instance()
  File "C:\Users\chris\AppData\Roaming\Python\Python314\site-packages\traitlets\config\application.py", line 1082, in launch_instance
    app.start()
  File "C:\Users\chris\AppData\Roaming\Python\Python314\site-packages\ipykernel\kernelapp.py", line 758, in start
    self.io_loop.start()
  File "C:\Users\chris\AppData\Roaming\Python\Python314\site-packages\tornado\platform\asyncio.py", line 211, in start
    self.asyncio_loop.run_forever()
  File "c:\Users\chris\AppData\Local\Programs\Python\Python314\Lib\asyncio\base_events.py", line 677, in run_forever
    self._run_once()
  File "c:\Users\chris\AppData\Local\Programs\Python\Python314\Lib\asyncio\base_events.py", line 2046, in _run_once
    handle._run()
  File "c:\Users\chris\AppData\Local\Programs\Python\Python314\Lib\asyncio\events.py", line 94, in _run
    self._context.run(self._callback, *self._args)
  File "C:\Users\chris\AppData\Roaming\Python\Python314\site-packages\ipykernel\kernelbase.py", line 621, in shell_main
    await self.dispatch_shell(msg, subshell_id=subshell_id)
  File "C:\Users\chris\AppData\Roaming\Python\Python314\site-packages\ipykernel\kernelbase.py", line 478, in dispatch_shell
    await result
  File "C:\Users\chris\AppData\Roaming\Python\Python314\site-packages\ipykernel\ipkernel.py", line 372, in execute_request
    await super().execute_request(stream, ident, parent)
  File "C:\Users\chris\AppData\Roaming\Python\Python314\site-packages\ipykernel\kernelbase.py", line 834, in execute_request
    reply_content = await reply_content
  File "C:\Users\chris\AppData\Roaming\Python\Python314\site-packages\ipykernel\ipkernel.py", line 464, in do_execute
    res = shell.run_cell(
  File "C:\Users\chris\AppData\Roaming\Python\Python314\site-packages\ipykernel\zmqshell.py", line 663, in run_cell
    return super().run_cell(*args, **kwargs)
  File "C:\Users\chris\AppData\Roaming\Python\Python314\site-packages\IPython\core\interactiveshell.py", line 3170, in run_cell
    result = self._run_cell(
  File "C:\Users\chris\AppData\Roaming\Python\Python314\site-packages\IPython\core\interactiveshell.py", line 3225, in _run_cell
    result = runner(coro)
  File "C:\Users\chris\AppData\Roaming\Python\Python314\site-packages\IPython\core\async_helpers.py", line 128, in _pseudo_sync_runner
    coro.send(None)
  File "C:\Users\chris\AppData\Roaming\Python\Python314\site-packages\IPython\core\interactiveshell.py", line 3447, in run_cell_async
    has_raised = await self.run_ast_nodes(code_ast.body, cell_name,
  File "C:\Users\chris\AppData\Roaming\Python\Python314\site-packages\IPython\core\interactiveshell.py", line 3688, in run_ast_nodes
    if await self.run_code(code, result, async_=asy):
  File "C:\Users\chris\AppData\Roaming\Python\Python314\site-packages\IPython\core\interactiveshell.py", line 3748, in run_code
    exec(code_obj, self.user_global_ns, self.user_ns)
  File "C:\Users\chris\AppData\Local\Temp\ipykernel_4436\3007420965.py", line 73, in <module>
    runpy.run_path(str(script_path), run_name="__main__")
  File "<frozen runpy>", line 287, in run_path
  File "<frozen runpy>", line 98, in _run_module_code
  File "<frozen runpy>", line 88, in _run_code
  File "C:\Users\chris\Desktop\Code\TracesPresenter\Traces_presenter\Jupyter\Chaine\scripts_Mirabelle\function_coverage_Mirabelle.py", line 303, in <module>
    main(input_path, output_path, code_state_col=code_state_column)
  File "C:\Users\chris\Desktop\Code\TracesPresenter\Traces_presenter\Jupyter\Chaine\scripts_Mirabelle\function_coverage_Mirabelle.py", line 277, in main
    out.info(
Message: '  %s : %d fonction(s) traitée(s) (%d avec au moins un test réussi, %d par états de code distincts uniquement)'
Arguments: ('forestier.redonnes', 10, 10, 0)
--- Logging error ---
Traceback (most recent call last):
  File "c:\Users\chris\AppData\Local\Programs\Python\Python314\Lib\logging\__init__.py", line 1154, in emit
    stream.write(msg + self.terminator)
    ~~~~~~~~~~~~^^^^^^^^^^^^^^^^^^^^^^^
ValueError: I/O operation on closed file.
Call stack:
  File "<frozen runpy>", line 198, in _run_module_as_main
  File "<frozen runpy>", line 88, in _run_code
  File "C:\Users\chris\AppData\Roaming\Python\Python314\site-packages\ipykernel_launcher.py", line 18, in <module>
    app.launch_new_instance()
  File "C:\Users\chris\AppData\Roaming\Python\Python314\site-packages\traitlets\config\application.py", line 1082, in launch_instance
    app.start()
  File "C:\Users\chris\AppData\Roaming\Python\Python314\site-packages\ipykernel\kernelapp.py", line 758, in start
    self.io_loop.start()
  File "C:\Users\chris\AppData\Roaming\Python\Python314\site-packages\tornado\platform\asyncio.py", line 211, in start
    self.asyncio_loop.run_forever()
  File "c:\Users\chris\AppData\Local\Programs\Python\Python314\Lib\asyncio\base_events.py", line 677, in run_forever
    self._run_once()
  File "c:\Users\chris\AppData\Local\Programs\Python\Python314\Lib\asyncio\base_events.py", line 2046, in _run_once
    handle._run()
  File "c:\Users\chris\AppData\Local\Programs\Python\Python314\Lib\asyncio\events.py", line 94, in _run
    self._context.run(self._callback, *self._args)
  File "C:\Users\chris\AppData\Roaming\Python\Python314\site-packages\ipykernel\kernelbase.py", line 621, in shell_main
    await self.dispatch_shell(msg, subshell_id=subshell_id)
  File "C:\Users\chris\AppData\Roaming\Python\Python314\site-packages\ipykernel\kernelbase.py", line 478, in dispatch_shell
    await result
  File "C:\Users\chris\AppData\Roaming\Python\Python314\site-packages\ipykernel\ipkernel.py", line 372, in execute_request
    await super().execute_request(stream, ident, parent)
  File "C:\Users\chris\AppData\Roaming\Python\Python314\site-packages\ipykernel\kernelbase.py", line 834, in execute_request
    reply_content = await reply_content
  File "C:\Users\chris\AppData\Roaming\Python\Python314\site-packages\ipykernel\ipkernel.py", line 464, in do_execute
    res = shell.run_cell(
  File "C:\Users\chris\AppData\Roaming\Python\Python314\site-packages\ipykernel\zmqshell.py", line 663, in run_cell
    return super().run_cell(*args, **kwargs)
  File "C:\Users\chris\AppData\Roaming\Python\Python314\site-packages\IPython\core\interactiveshell.py", line 3170, in run_cell
    result = self._run_cell(
  File "C:\Users\chris\AppData\Roaming\Python\Python314\site-packages\IPython\core\interactiveshell.py", line 3225, in _run_cell
    result = runner(coro)
  File "C:\Users\chris\AppData\Roaming\Python\Python314\site-packages\IPython\core\async_helpers.py", line 128, in _pseudo_sync_runner
    coro.send(None)
  File "C:\Users\chris\AppData\Roaming\Python\Python314\site-packages\IPython\core\interactiveshell.py", line 3447, in run_cell_async
    has_raised = await self.run_ast_nodes(code_ast.body, cell_name,
  File "C:\Users\chris\AppData\Roaming\Python\Python314\site-packages\IPython\core\interactiveshell.py", line 3688, in run_ast_nodes
    if await self.run_code(code, result, async_=asy):
  File "C:\Users\chris\AppData\Roaming\Python\Python314\site-packages\IPython\core\interactiveshell.py", line 3748, in run_code
    exec(code_obj, self.user_global_ns, self.user_ns)
  File "C:\Users\chris\AppData\Local\Temp\ipykernel_4436\3007420965.py", line 73, in <module>
    runpy.run_path(str(script_path), run_name="__main__")
  File "<frozen runpy>", line 287, in run_path
  File "<frozen runpy>", line 98, in _run_module_code
  File "<frozen runpy>", line 88, in _run_code
  File "C:\Users\chris\Desktop\Code\TracesPresenter\Traces_presenter\Jupyter\Chaine\scripts_Mirabelle\function_coverage_Mirabelle.py", line 303, in <module>
    main(input_path, output_path, code_state_col=code_state_column)
  File "C:\Users\chris\Desktop\Code\TracesPresenter\Traces_presenter\Jupyter\Chaine\scripts_Mirabelle\function_coverage_Mirabelle.py", line 277, in main
    out.info(
Message: '  %s : %d fonction(s) traitée(s) (%d avec au moins un test réussi, %d par états de code distincts uniquement)'
Arguments: ('formol.resumiez', 0, 0, 0)
--- Logging error ---
Traceback (most recent call last):
  File "c:\Users\chris\AppData\Local\Programs\Python\Python314\Lib\logging\__init__.py", line 1154, in emit
    stream.write(msg + self.terminator)
    ~~~~~~~~~~~~^^^^^^^^^^^^^^^^^^^^^^^
ValueError: I/O operation on closed file.
Call stack:
  File "<frozen runpy>", line 198, in _run_module_as_main
  File "<frozen runpy>", line 88, in _run_code
  File "C:\Users\chris\AppData\Roaming\Python\Python314\site-packages\ipykernel_launcher.py", line 18, in <module>
    app.launch_new_instance()
  File "C:\Users\chris\AppData\Roaming\Python\Python314\site-packages\traitlets\config\application.py", line 1082, in launch_instance
    app.start()
  File "C:\Users\chris\AppData\Roaming\Python\Python314\site-packages\ipykernel\kernelapp.py", line 758, in start
    self.io_loop.start()
  File "C:\Users\chris\AppData\Roaming\Python\Python314\site-packages\tornado\platform\asyncio.py", line 211, in start
    self.asyncio_loop.run_forever()
  File "c:\Users\chris\AppData\Local\Programs\Python\Python314\Lib\asyncio\base_events.py", line 677, in run_forever
    self._run_once()
  File "c:\Users\chris\AppData\Local\Programs\Python\Python314\Lib\asyncio\base_events.py", line 2046, in _run_once
    handle._run()
  File "c:\Users\chris\AppData\Local\Programs\Python\Python314\Lib\asyncio\events.py", line 94, in _run
    self._context.run(self._callback, *self._args)
  File "C:\Users\chris\AppData\Roaming\Python\Python314\site-packages\ipykernel\kernelbase.py", line 621, in shell_main
    await self.dispatch_shell(msg, subshell_id=subshell_id)
  File "C:\Users\chris\AppData\Roaming\Python\Python314\site-packages\ipykernel\kernelbase.py", line 478, in dispatch_shell
    await result
  File "C:\Users\chris\AppData\Roaming\Python\Python314\site-packages\ipykernel\ipkernel.py", line 372, in execute_request
    await super().execute_request(stream, ident, parent)
  File "C:\Users\chris\AppData\Roaming\Python\Python314\site-packages\ipykernel\kernelbase.py", line 834, in execute_request
    reply_content = await reply_content
  File "C:\Users\chris\AppData\Roaming\Python\Python314\site-packages\ipykernel\ipkernel.py", line 464, in do_execute
    res = shell.run_cell(
  File "C:\Users\chris\AppData\Roaming\Python\Python314\site-packages\ipykernel\zmqshell.py", line 663, in run_cell
    return super().run_cell(*args, **kwargs)
  File "C:\Users\chris\AppData\Roaming\Python\Python314\site-packages\IPython\core\interactiveshell.py", line 3170, in run_cell
    result = self._run_cell(
  File "C:\Users\chris\AppData\Roaming\Python\Python314\site-packages\IPython\core\interactiveshell.py", line 3225, in _run_cell
    result = runner(coro)
  File "C:\Users\chris\AppData\Roaming\Python\Python314\site-packages\IPython\core\async_helpers.py", line 128, in _pseudo_sync_runner
    coro.send(None)
  File "C:\Users\chris\AppData\Roaming\Python\Python314\site-packages\IPython\core\interactiveshell.py", line 3447, in run_cell_async
    has_raised = await self.run_ast_nodes(code_ast.body, cell_name,
  File "C:\Users\chris\AppData\Roaming\Python\Python314\site-packages\IPython\core\interactiveshell.py", line 3688, in run_ast_nodes
    if await self.run_code(code, result, async_=asy):
  File "C:\Users\chris\AppData\Roaming\Python\Python314\site-packages\IPython\core\interactiveshell.py", line 3748, in run_code
    exec(code_obj, self.user_global_ns, self.user_ns)
  File "C:\Users\chris\AppData\Local\Temp\ipykernel_4436\3007420965.py", line 73, in <module>
    runpy.run_path(str(script_path), run_name="__main__")
  File "<frozen runpy>", line 287, in run_path
  File "<frozen runpy>", line 98, in _run_module_code
  File "<frozen runpy>", line 88, in _run_code
  File "C:\Users\chris\Desktop\Code\TracesPresenter\Traces_presenter\Jupyter\Chaine\scripts_Mirabelle\function_coverage_Mirabelle.py", line 303, in <module>
    main(input_path, output_path, code_state_col=code_state_column)
  File "C:\Users\chris\Desktop\Code\TracesPresenter\Traces_presenter\Jupyter\Chaine\scripts_Mirabelle\function_coverage_Mirabelle.py", line 277, in main
    out.info(
Message: '  %s : %d fonction(s) traitée(s) (%d avec au moins un test réussi, %d par états de code distincts uniquement)'
Arguments: ('fouinez.superflu', 13, 13, 0)
--- Logging error ---
Traceback (most recent call last):
  File "c:\Users\chris\AppData\Local\Programs\Python\Python314\Lib\logging\__init__.py", line 1154, in emit
    stream.write(msg + self.terminator)
    ~~~~~~~~~~~~^^^^^^^^^^^^^^^^^^^^^^^
ValueError: I/O operation on closed file.
Call stack:
  File "<frozen runpy>", line 198, in _run_module_as_main
  File "<frozen runpy>", line 88, in _run_code
  File "C:\Users\chris\AppData\Roaming\Python\Python314\site-packages\ipykernel_launcher.py", line 18, in <module>
    app.launch_new_instance()
  File "C:\Users\chris\AppData\Roaming\Python\Python314\site-packages\traitlets\config\application.py", line 1082, in launch_instance
    app.start()
  File "C:\Users\chris\AppData\Roaming\Python\Python314\site-packages\ipykernel\kernelapp.py", line 758, in start
    self.io_loop.start()
  File "C:\Users\chris\AppData\Roaming\Python\Python314\site-packages\tornado\platform\asyncio.py", line 211, in start
    self.asyncio_loop.run_forever()
  File "c:\Users\chris\AppData\Local\Programs\Python\Python314\Lib\asyncio\base_events.py", line 677, in run_forever
    self._run_once()
  File "c:\Users\chris\AppData\Local\Programs\Python\Python314\Lib\asyncio\base_events.py", line 2046, in _run_once
    handle._run()
  File "c:\Users\chris\AppData\Local\Programs\Python\Python314\Lib\asyncio\events.py", line 94, in _run
    self._context.run(self._callback, *self._args)
  File "C:\Users\chris\AppData\Roaming\Python\Python314\site-packages\ipykernel\kernelbase.py", line 621, in shell_main
    await self.dispatch_shell(msg, subshell_id=subshell_id)
  File "C:\Users\chris\AppData\Roaming\Python\Python314\site-packages\ipykernel\kernelbase.py", line 478, in dispatch_shell
    await result
  File "C:\Users\chris\AppData\Roaming\Python\Python314\site-packages\ipykernel\ipkernel.py", line 372, in execute_request
    await super().execute_request(stream, ident, parent)
  File "C:\Users\chris\AppData\Roaming\Python\Python314\site-packages\ipykernel\kernelbase.py", line 834, in execute_request
    reply_content = await reply_content
  File "C:\Users\chris\AppData\Roaming\Python\Python314\site-packages\ipykernel\ipkernel.py", line 464, in do_execute
    res = shell.run_cell(
  File "C:\Users\chris\AppData\Roaming\Python\Python314\site-packages\ipykernel\zmqshell.py", line 663, in run_cell
    return super().run_cell(*args, **kwargs)
  File "C:\Users\chris\AppData\Roaming\Python\Python314\site-packages\IPython\core\interactiveshell.py", line 3170, in run_cell
    result = self._run_cell(
  File "C:\Users\chris\AppData\Roaming\Python\Python314\site-packages\IPython\core\interactiveshell.py", line 3225, in _run_cell
    result = runner(coro)
  File "C:\Users\chris\AppData\Roaming\Python\Python314\site-packages\IPython\core\async_helpers.py", line 128, in _pseudo_sync_runner
    coro.send(None)
  File "C:\Users\chris\AppData\Roaming\Python\Python314\site-packages\IPython\core\interactiveshell.py", line 3447, in run_cell_async
    has_raised = await self.run_ast_nodes(code_ast.body, cell_name,
  File "C:\Users\chris\AppData\Roaming\Python\Python314\site-packages\IPython\core\interactiveshell.py", line 3688, in run_ast_nodes
    if await self.run_code(code, result, async_=asy):
  File "C:\Users\chris\AppData\Roaming\Python\Python314\site-packages\IPython\core\interactiveshell.py", line 3748, in run_code
    exec(code_obj, self.user_global_ns, self.user_ns)
  File "C:\Users\chris\AppData\Local\Temp\ipykernel_4436\3007420965.py", line 73, in <module>
    runpy.run_path(str(script_path), run_name="__main__")
  File "<frozen runpy>", line 287, in run_path
  File "<frozen runpy>", line 98, in _run_module_code
  File "<frozen runpy>", line 88, in _run_code
  File "C:\Users\chris\Desktop\Code\TracesPresenter\Traces_presenter\Jupyter\Chaine\scripts_Mirabelle\function_coverage_Mirabelle.py", line 303, in <module>
    main(input_path, output_path, code_state_col=code_state_column)
  File "C:\Users\chris\Desktop\Code\TracesPresenter\Traces_presenter\Jupyter\Chaine\scripts_Mirabelle\function_coverage_Mirabelle.py", line 277, in main
    out.info(
Message: '  %s : %d fonction(s) traitée(s) (%d avec au moins un test réussi, %d par états de code distincts uniquement)'
Arguments: ('fraisures.culinaire', 0, 0, 0)
--- Logging error ---
Traceback (most recent call last):
  File "c:\Users\chris\AppData\Local\Programs\Python\Python314\Lib\logging\__init__.py", line 1154, in emit
    stream.write(msg + self.terminator)
    ~~~~~~~~~~~~^^^^^^^^^^^^^^^^^^^^^^^
ValueError: I/O operation on closed file.
Call stack:
  File "<frozen runpy>", line 198, in _run_module_as_main
  File "<frozen runpy>", line 88, in _run_code
  File "C:\Users\chris\AppData\Roaming\Python\Python314\site-packages\ipykernel_launcher.py", line 18, in <module>
    app.launch_new_instance()
  File "C:\Users\chris\AppData\Roaming\Python\Python314\site-packages\traitlets\config\application.py", line 1082, in launch_instance
    app.start()
  File "C:\Users\chris\AppData\Roaming\Python\Python314\site-packages\ipykernel\kernelapp.py", line 758, in start
    self.io_loop.start()
  File "C:\Users\chris\AppData\Roaming\Python\Python314\site-packages\tornado\platform\asyncio.py", line 211, in start
    self.asyncio_loop.run_forever()
  File "c:\Users\chris\AppData\Local\Programs\Python\Python314\Lib\asyncio\base_events.py", line 677, in run_forever
    self._run_once()
  File "c:\Users\chris\AppData\Local\Programs\Python\Python314\Lib\asyncio\base_events.py", line 2046, in _run_once
    handle._run()
  File "c:\Users\chris\AppData\Local\Programs\Python\Python314\Lib\asyncio\events.py", line 94, in _run
    self._context.run(self._callback, *self._args)
  File "C:\Users\chris\AppData\Roaming\Python\Python314\site-packages\ipykernel\kernelbase.py", line 621, in shell_main
    await self.dispatch_shell(msg, subshell_id=subshell_id)
  File "C:\Users\chris\AppData\Roaming\Python\Python314\site-packages\ipykernel\kernelbase.py", line 478, in dispatch_shell
    await result
  File "C:\Users\chris\AppData\Roaming\Python\Python314\site-packages\ipykernel\ipkernel.py", line 372, in execute_request
    await super().execute_request(stream, ident, parent)
  File "C:\Users\chris\AppData\Roaming\Python\Python314\site-packages\ipykernel\kernelbase.py", line 834, in execute_request
    reply_content = await reply_content
  File "C:\Users\chris\AppData\Roaming\Python\Python314\site-packages\ipykernel\ipkernel.py", line 464, in do_execute
    res = shell.run_cell(
  File "C:\Users\chris\AppData\Roaming\Python\Python314\site-packages\ipykernel\zmqshell.py", line 663, in run_cell
    return super().run_cell(*args, **kwargs)
  File "C:\Users\chris\AppData\Roaming\Python\Python314\site-packages\IPython\core\interactiveshell.py", line 3170, in run_cell
    result = self._run_cell(
  File "C:\Users\chris\AppData\Roaming\Python\Python314\site-packages\IPython\core\interactiveshell.py", line 3225, in _run_cell
    result = runner(coro)
  File "C:\Users\chris\AppData\Roaming\Python\Python314\site-packages\IPython\core\async_helpers.py", line 128, in _pseudo_sync_runner
    coro.send(None)
  File "C:\Users\chris\AppData\Roaming\Python\Python314\site-packages\IPython\core\interactiveshell.py", line 3447, in run_cell_async
    has_raised = await self.run_ast_nodes(code_ast.body, cell_name,
  File "C:\Users\chris\AppData\Roaming\Python\Python314\site-packages\IPython\core\interactiveshell.py", line 3688, in run_ast_nodes
    if await self.run_code(code, result, async_=asy):
  File "C:\Users\chris\AppData\Roaming\Python\Python314\site-packages\IPython\core\interactiveshell.py", line 3748, in run_code
    exec(code_obj, self.user_global_ns, self.user_ns)
  File "C:\Users\chris\AppData\Local\Temp\ipykernel_4436\3007420965.py", line 73, in <module>
    runpy.run_path(str(script_path), run_name="__main__")
  File "<frozen runpy>", line 287, in run_path
  File "<frozen runpy>", line 98, in _run_module_code
  File "<frozen runpy>", line 88, in _run_code
  File "C:\Users\chris\Desktop\Code\TracesPresenter\Traces_presenter\Jupyter\Chaine\scripts_Mirabelle\function_coverage_Mirabelle.py", line 303, in <module>
    main(input_path, output_path, code_state_col=code_state_column)
  File "C:\Users\chris\Desktop\Code\TracesPresenter\Traces_presenter\Jupyter\Chaine\scripts_Mirabelle\function_coverage_Mirabelle.py", line 277, in main
    out.info(
Message: '  %s : %d fonction(s) traitée(s) (%d avec au moins un test réussi, %d par états de code distincts uniquement)'
Arguments: ('gueules.bouderons', 7, 7, 0)
--- Logging error ---
Traceback (most recent call last):
  File "c:\Users\chris\AppData\Local\Programs\Python\Python314\Lib\logging\__init__.py", line 1154, in emit
    stream.write(msg + self.terminator)
    ~~~~~~~~~~~~^^^^^^^^^^^^^^^^^^^^^^^
ValueError: I/O operation on closed file.
Call stack:
  File "<frozen runpy>", line 198, in _run_module_as_main
  File "<frozen runpy>", line 88, in _run_code
  File "C:\Users\chris\AppData\Roaming\Python\Python314\site-packages\ipykernel_launcher.py", line 18, in <module>
    app.launch_new_instance()
  File "C:\Users\chris\AppData\Roaming\Python\Python314\site-packages\traitlets\config\application.py", line 1082, in launch_instance
    app.start()
  File "C:\Users\chris\AppData\Roaming\Python\Python314\site-packages\ipykernel\kernelapp.py", line 758, in start
    self.io_loop.start()
  File "C:\Users\chris\AppData\Roaming\Python\Python314\site-packages\tornado\platform\asyncio.py", line 211, in start
    self.asyncio_loop.run_forever()
  File "c:\Users\chris\AppData\Local\Programs\Python\Python314\Lib\asyncio\base_events.py", line 677, in run_forever
    self._run_once()
  File "c:\Users\chris\AppData\Local\Programs\Python\Python314\Lib\asyncio\base_events.py", line 2046, in _run_once
    handle._run()
  File "c:\Users\chris\AppData\Local\Programs\Python\Python314\Lib\asyncio\events.py", line 94, in _run
    self._context.run(self._callback, *self._args)
  File "C:\Users\chris\AppData\Roaming\Python\Python314\site-packages\ipykernel\kernelbase.py", line 621, in shell_main
    await self.dispatch_shell(msg, subshell_id=subshell_id)
  File "C:\Users\chris\AppData\Roaming\Python\Python314\site-packages\ipykernel\kernelbase.py", line 478, in dispatch_shell
    await result
  File "C:\Users\chris\AppData\Roaming\Python\Python314\site-packages\ipykernel\ipkernel.py", line 372, in execute_request
    await super().execute_request(stream, ident, parent)
  File "C:\Users\chris\AppData\Roaming\Python\Python314\site-packages\ipykernel\kernelbase.py", line 834, in execute_request
    reply_content = await reply_content
  File "C:\Users\chris\AppData\Roaming\Python\Python314\site-packages\ipykernel\ipkernel.py", line 464, in do_execute
    res = shell.run_cell(
  File "C:\Users\chris\AppData\Roaming\Python\Python314\site-packages\ipykernel\zmqshell.py", line 663, in run_cell
    return super().run_cell(*args, **kwargs)
  File "C:\Users\chris\AppData\Roaming\Python\Python314\site-packages\IPython\core\interactiveshell.py", line 3170, in run_cell
    result = self._run_cell(
  File "C:\Users\chris\AppData\Roaming\Python\Python314\site-packages\IPython\core\interactiveshell.py", line 3225, in _run_cell
    result = runner(coro)
  File "C:\Users\chris\AppData\Roaming\Python\Python314\site-packages\IPython\core\async_helpers.py", line 128, in _pseudo_sync_runner
    coro.send(None)
  File "C:\Users\chris\AppData\Roaming\Python\Python314\site-packages\IPython\core\interactiveshell.py", line 3447, in run_cell_async
    has_raised = await self.run_ast_nodes(code_ast.body, cell_name,
  File "C:\Users\chris\AppData\Roaming\Python\Python314\site-packages\IPython\core\interactiveshell.py", line 3688, in run_ast_nodes
    if await self.run_code(code, result, async_=asy):
  File "C:\Users\chris\AppData\Roaming\Python\Python314\site-packages\IPython\core\interactiveshell.py", line 3748, in run_code
    exec(code_obj, self.user_global_ns, self.user_ns)
  File "C:\Users\chris\AppData\Local\Temp\ipykernel_4436\3007420965.py", line 73, in <module>
    runpy.run_path(str(script_path), run_name="__main__")
  File "<frozen runpy>", line 287, in run_path
  File "<frozen runpy>", line 98, in _run_module_code
  File "<frozen runpy>", line 88, in _run_code
  File "C:\Users\chris\Desktop\Code\TracesPresenter\Traces_presenter\Jupyter\Chaine\scripts_Mirabelle\function_coverage_Mirabelle.py", line 303, in <module>
    main(input_path, output_path, code_state_col=code_state_column)
  File "C:\Users\chris\Desktop\Code\TracesPresenter\Traces_presenter\Jupyter\Chaine\scripts_Mirabelle\function_coverage_Mirabelle.py", line 277, in main
    out.info(
Message: '  %s : %d fonction(s) traitée(s) (%d avec au moins un test réussi, %d par états de code distincts uniquement)'
Arguments: ('haschich.ecoeurait', 5, 5, 0)
--- Logging error ---
Traceback (most recent call last):
  File "c:\Users\chris\AppData\Local\Programs\Python\Python314\Lib\logging\__init__.py", line 1154, in emit
    stream.write(msg + self.terminator)
    ~~~~~~~~~~~~^^^^^^^^^^^^^^^^^^^^^^^
ValueError: I/O operation on closed file.
Call stack:
  File "<frozen runpy>", line 198, in _run_module_as_main
  File "<frozen runpy>", line 88, in _run_code
  File "C:\Users\chris\AppData\Roaming\Python\Python314\site-packages\ipykernel_launcher.py", line 18, in <module>
    app.launch_new_instance()
  File "C:\Users\chris\AppData\Roaming\Python\Python314\site-packages\traitlets\config\application.py", line 1082, in launch_instance
    app.start()
  File "C:\Users\chris\AppData\Roaming\Python\Python314\site-packages\ipykernel\kernelapp.py", line 758, in start
    self.io_loop.start()
  File "C:\Users\chris\AppData\Roaming\Python\Python314\site-packages\tornado\platform\asyncio.py", line 211, in start
    self.asyncio_loop.run_forever()
  File "c:\Users\chris\AppData\Local\Programs\Python\Python314\Lib\asyncio\base_events.py", line 677, in run_forever
    self._run_once()
  File "c:\Users\chris\AppData\Local\Programs\Python\Python314\Lib\asyncio\base_events.py", line 2046, in _run_once
    handle._run()
  File "c:\Users\chris\AppData\Local\Programs\Python\Python314\Lib\asyncio\events.py", line 94, in _run
    self._context.run(self._callback, *self._args)
  File "C:\Users\chris\AppData\Roaming\Python\Python314\site-packages\ipykernel\kernelbase.py", line 621, in shell_main
    await self.dispatch_shell(msg, subshell_id=subshell_id)
  File "C:\Users\chris\AppData\Roaming\Python\Python314\site-packages\ipykernel\kernelbase.py", line 478, in dispatch_shell
    await result
  File "C:\Users\chris\AppData\Roaming\Python\Python314\site-packages\ipykernel\ipkernel.py", line 372, in execute_request
    await super().execute_request(stream, ident, parent)
  File "C:\Users\chris\AppData\Roaming\Python\Python314\site-packages\ipykernel\kernelbase.py", line 834, in execute_request
    reply_content = await reply_content
  File "C:\Users\chris\AppData\Roaming\Python\Python314\site-packages\ipykernel\ipkernel.py", line 464, in do_execute
    res = shell.run_cell(
  File "C:\Users\chris\AppData\Roaming\Python\Python314\site-packages\ipykernel\zmqshell.py", line 663, in run_cell
    return super().run_cell(*args, **kwargs)
  File "C:\Users\chris\AppData\Roaming\Python\Python314\site-packages\IPython\core\interactiveshell.py", line 3170, in run_cell
    result = self._run_cell(
  File "C:\Users\chris\AppData\Roaming\Python\Python314\site-packages\IPython\core\interactiveshell.py", line 3225, in _run_cell
    result = runner(coro)
  File "C:\Users\chris\AppData\Roaming\Python\Python314\site-packages\IPython\core\async_helpers.py", line 128, in _pseudo_sync_runner
    coro.send(None)
  File "C:\Users\chris\AppData\Roaming\Python\Python314\site-packages\IPython\core\interactiveshell.py", line 3447, in run_cell_async
    has_raised = await self.run_ast_nodes(code_ast.body, cell_name,
  File "C:\Users\chris\AppData\Roaming\Python\Python314\site-packages\IPython\core\interactiveshell.py", line 3688, in run_ast_nodes
    if await self.run_code(code, result, async_=asy):
  File "C:\Users\chris\AppData\Roaming\Python\Python314\site-packages\IPython\core\interactiveshell.py", line 3748, in run_code
    exec(code_obj, self.user_global_ns, self.user_ns)
  File "C:\Users\chris\AppData\Local\Temp\ipykernel_4436\3007420965.py", line 73, in <module>
    runpy.run_path(str(script_path), run_name="__main__")
  File "<frozen runpy>", line 287, in run_path
  File "<frozen runpy>", line 98, in _run_module_code
  File "<frozen runpy>", line 88, in _run_code
  File "C:\Users\chris\Desktop\Code\TracesPresenter\Traces_presenter\Jupyter\Chaine\scripts_Mirabelle\function_coverage_Mirabelle.py", line 303, in <module>
    main(input_path, output_path, code_state_col=code_state_column)
  File "C:\Users\chris\Desktop\Code\TracesPresenter\Traces_presenter\Jupyter\Chaine\scripts_Mirabelle\function_coverage_Mirabelle.py", line 277, in main
    out.info(
Message: '  %s : %d fonction(s) traitée(s) (%d avec au moins un test réussi, %d par états de code distincts uniquement)'
Arguments: ('importons.boulaie', 10, 10, 0)
--- Logging error ---
Traceback (most recent call last):
  File "c:\Users\chris\AppData\Local\Programs\Python\Python314\Lib\logging\__init__.py", line 1154, in emit
    stream.write(msg + self.terminator)
    ~~~~~~~~~~~~^^^^^^^^^^^^^^^^^^^^^^^
ValueError: I/O operation on closed file.
Call stack:
  File "<frozen runpy>", line 198, in _run_module_as_main
  File "<frozen runpy>", line 88, in _run_code
  File "C:\Users\chris\AppData\Roaming\Python\Python314\site-packages\ipykernel_launcher.py", line 18, in <module>
    app.launch_new_instance()
  File "C:\Users\chris\AppData\Roaming\Python\Python314\site-packages\traitlets\config\application.py", line 1082, in launch_instance
    app.start()
  File "C:\Users\chris\AppData\Roaming\Python\Python314\site-packages\ipykernel\kernelapp.py", line 758, in start
    self.io_loop.start()
  File "C:\Users\chris\AppData\Roaming\Python\Python314\site-packages\tornado\platform\asyncio.py", line 211, in start
    self.asyncio_loop.run_forever()
  File "c:\Users\chris\AppData\Local\Programs\Python\Python314\Lib\asyncio\base_events.py", line 677, in run_forever
    self._run_once()
  File "c:\Users\chris\AppData\Local\Programs\Python\Python314\Lib\asyncio\base_events.py", line 2046, in _run_once
    handle._run()
  File "c:\Users\chris\AppData\Local\Programs\Python\Python314\Lib\asyncio\events.py", line 94, in _run
    self._context.run(self._callback, *self._args)
  File "C:\Users\chris\AppData\Roaming\Python\Python314\site-packages\ipykernel\kernelbase.py", line 621, in shell_main
    await self.dispatch_shell(msg, subshell_id=subshell_id)
  File "C:\Users\chris\AppData\Roaming\Python\Python314\site-packages\ipykernel\kernelbase.py", line 478, in dispatch_shell
    await result
  File "C:\Users\chris\AppData\Roaming\Python\Python314\site-packages\ipykernel\ipkernel.py", line 372, in execute_request
    await super().execute_request(stream, ident, parent)
  File "C:\Users\chris\AppData\Roaming\Python\Python314\site-packages\ipykernel\kernelbase.py", line 834, in execute_request
    reply_content = await reply_content
  File "C:\Users\chris\AppData\Roaming\Python\Python314\site-packages\ipykernel\ipkernel.py", line 464, in do_execute
    res = shell.run_cell(
  File "C:\Users\chris\AppData\Roaming\Python\Python314\site-packages\ipykernel\zmqshell.py", line 663, in run_cell
    return super().run_cell(*args, **kwargs)
  File "C:\Users\chris\AppData\Roaming\Python\Python314\site-packages\IPython\core\interactiveshell.py", line 3170, in run_cell
    result = self._run_cell(
  File "C:\Users\chris\AppData\Roaming\Python\Python314\site-packages\IPython\core\interactiveshell.py", line 3225, in _run_cell
    result = runner(coro)
  File "C:\Users\chris\AppData\Roaming\Python\Python314\site-packages\IPython\core\async_helpers.py", line 128, in _pseudo_sync_runner
    coro.send(None)
  File "C:\Users\chris\AppData\Roaming\Python\Python314\site-packages\IPython\core\interactiveshell.py", line 3447, in run_cell_async
    has_raised = await self.run_ast_nodes(code_ast.body, cell_name,
  File "C:\Users\chris\AppData\Roaming\Python\Python314\site-packages\IPython\core\interactiveshell.py", line 3688, in run_ast_nodes
    if await self.run_code(code, result, async_=asy):
  File "C:\Users\chris\AppData\Roaming\Python\Python314\site-packages\IPython\core\interactiveshell.py", line 3748, in run_code
    exec(code_obj, self.user_global_ns, self.user_ns)
  File "C:\Users\chris\AppData\Local\Temp\ipykernel_4436\3007420965.py", line 73, in <module>
    runpy.run_path(str(script_path), run_name="__main__")
  File "<frozen runpy>", line 287, in run_path
  File "<frozen runpy>", line 98, in _run_module_code
  File "<frozen runpy>", line 88, in _run_code
  File "C:\Users\chris\Desktop\Code\TracesPresenter\Traces_presenter\Jupyter\Chaine\scripts_Mirabelle\function_coverage_Mirabelle.py", line 303, in <module>
    main(input_path, output_path, code_state_col=code_state_column)
  File "C:\Users\chris\Desktop\Code\TracesPresenter\Traces_presenter\Jupyter\Chaine\scripts_Mirabelle\function_coverage_Mirabelle.py", line 277, in main
    out.info(
Message: '  %s : %d fonction(s) traitée(s) (%d avec au moins un test réussi, %d par états de code distincts uniquement)'
Arguments: ('irriteras.taquinant', 9, 9, 0)
--- Logging error ---
Traceback (most recent call last):
  File "c:\Users\chris\AppData\Local\Programs\Python\Python314\Lib\logging\__init__.py", line 1154, in emit
    stream.write(msg + self.terminator)
    ~~~~~~~~~~~~^^^^^^^^^^^^^^^^^^^^^^^
ValueError: I/O operation on closed file.
Call stack:
  File "<frozen runpy>", line 198, in _run_module_as_main
  File "<frozen runpy>", line 88, in _run_code
  File "C:\Users\chris\AppData\Roaming\Python\Python314\site-packages\ipykernel_launcher.py", line 18, in <module>
    app.launch_new_instance()
  File "C:\Users\chris\AppData\Roaming\Python\Python314\site-packages\traitlets\config\application.py", line 1082, in launch_instance
    app.start()
  File "C:\Users\chris\AppData\Roaming\Python\Python314\site-packages\ipykernel\kernelapp.py", line 758, in start
    self.io_loop.start()
  File "C:\Users\chris\AppData\Roaming\Python\Python314\site-packages\tornado\platform\asyncio.py", line 211, in start
    self.asyncio_loop.run_forever()
  File "c:\Users\chris\AppData\Local\Programs\Python\Python314\Lib\asyncio\base_events.py", line 677, in run_forever
    self._run_once()
  File "c:\Users\chris\AppData\Local\Programs\Python\Python314\Lib\asyncio\base_events.py", line 2046, in _run_once
    handle._run()
  File "c:\Users\chris\AppData\Local\Programs\Python\Python314\Lib\asyncio\events.py", line 94, in _run
    self._context.run(self._callback, *self._args)
  File "C:\Users\chris\AppData\Roaming\Python\Python314\site-packages\ipykernel\kernelbase.py", line 621, in shell_main
    await self.dispatch_shell(msg, subshell_id=subshell_id)
  File "C:\Users\chris\AppData\Roaming\Python\Python314\site-packages\ipykernel\kernelbase.py", line 478, in dispatch_shell
    await result
  File "C:\Users\chris\AppData\Roaming\Python\Python314\site-packages\ipykernel\ipkernel.py", line 372, in execute_request
    await super().execute_request(stream, ident, parent)
  File "C:\Users\chris\AppData\Roaming\Python\Python314\site-packages\ipykernel\kernelbase.py", line 834, in execute_request
    reply_content = await reply_content
  File "C:\Users\chris\AppData\Roaming\Python\Python314\site-packages\ipykernel\ipkernel.py", line 464, in do_execute
    res = shell.run_cell(
  File "C:\Users\chris\AppData\Roaming\Python\Python314\site-packages\ipykernel\zmqshell.py", line 663, in run_cell
    return super().run_cell(*args, **kwargs)
  File "C:\Users\chris\AppData\Roaming\Python\Python314\site-packages\IPython\core\interactiveshell.py", line 3170, in run_cell
    result = self._run_cell(
  File "C:\Users\chris\AppData\Roaming\Python\Python314\site-packages\IPython\core\interactiveshell.py", line 3225, in _run_cell
    result = runner(coro)
  File "C:\Users\chris\AppData\Roaming\Python\Python314\site-packages\IPython\core\async_helpers.py", line 128, in _pseudo_sync_runner
    coro.send(None)
  File "C:\Users\chris\AppData\Roaming\Python\Python314\site-packages\IPython\core\interactiveshell.py", line 3447, in run_cell_async
    has_raised = await self.run_ast_nodes(code_ast.body, cell_name,
  File "C:\Users\chris\AppData\Roaming\Python\Python314\site-packages\IPython\core\interactiveshell.py", line 3688, in run_ast_nodes
    if await self.run_code(code, result, async_=asy):
  File "C:\Users\chris\AppData\Roaming\Python\Python314\site-packages\IPython\core\interactiveshell.py", line 3748, in run_code
    exec(code_obj, self.user_global_ns, self.user_ns)
  File "C:\Users\chris\AppData\Local\Temp\ipykernel_4436\3007420965.py", line 73, in <module>
    runpy.run_path(str(script_path), run_name="__main__")
  File "<frozen runpy>", line 287, in run_path
  File "<frozen runpy>", line 98, in _run_module_code
  File "<frozen runpy>", line 88, in _run_code
  File "C:\Users\chris\Desktop\Code\TracesPresenter\Traces_presenter\Jupyter\Chaine\scripts_Mirabelle\function_coverage_Mirabelle.py", line 303, in <module>
    main(input_path, output_path, code_state_col=code_state_column)
  File "C:\Users\chris\Desktop\Code\TracesPresenter\Traces_presenter\Jupyter\Chaine\scripts_Mirabelle\function_coverage_Mirabelle.py", line 277, in main
    out.info(
Message: '  %s : %d fonction(s) traitée(s) (%d avec au moins un test réussi, %d par états de code distincts uniquement)'
Arguments: ('lamineurs.etatisees', 13, 13, 0)
--- Logging error ---
Traceback (most recent call last):
  File "c:\Users\chris\AppData\Local\Programs\Python\Python314\Lib\logging\__init__.py", line 1154, in emit
    stream.write(msg + self.terminator)
    ~~~~~~~~~~~~^^^^^^^^^^^^^^^^^^^^^^^
ValueError: I/O operation on closed file.
Call stack:
  File "<frozen runpy>", line 198, in _run_module_as_main
  File "<frozen runpy>", line 88, in _run_code
  File "C:\Users\chris\AppData\Roaming\Python\Python314\site-packages\ipykernel_launcher.py", line 18, in <module>
    app.launch_new_instance()
  File "C:\Users\chris\AppData\Roaming\Python\Python314\site-packages\traitlets\config\application.py", line 1082, in launch_instance
    app.start()
  File "C:\Users\chris\AppData\Roaming\Python\Python314\site-packages\ipykernel\kernelapp.py", line 758, in start
    self.io_loop.start()
  File "C:\Users\chris\AppData\Roaming\Python\Python314\site-packages\tornado\platform\asyncio.py", line 211, in start
    self.asyncio_loop.run_forever()
  File "c:\Users\chris\AppData\Local\Programs\Python\Python314\Lib\asyncio\base_events.py", line 677, in run_forever
    self._run_once()
  File "c:\Users\chris\AppData\Local\Programs\Python\Python314\Lib\asyncio\base_events.py", line 2046, in _run_once
    handle._run()
  File "c:\Users\chris\AppData\Local\Programs\Python\Python314\Lib\asyncio\events.py", line 94, in _run
    self._context.run(self._callback, *self._args)
  File "C:\Users\chris\AppData\Roaming\Python\Python314\site-packages\ipykernel\kernelbase.py", line 621, in shell_main
    await self.dispatch_shell(msg, subshell_id=subshell_id)
  File "C:\Users\chris\AppData\Roaming\Python\Python314\site-packages\ipykernel\kernelbase.py", line 478, in dispatch_shell
    await result
  File "C:\Users\chris\AppData\Roaming\Python\Python314\site-packages\ipykernel\ipkernel.py", line 372, in execute_request
    await super().execute_request(stream, ident, parent)
  File "C:\Users\chris\AppData\Roaming\Python\Python314\site-packages\ipykernel\kernelbase.py", line 834, in execute_request
    reply_content = await reply_content
  File "C:\Users\chris\AppData\Roaming\Python\Python314\site-packages\ipykernel\ipkernel.py", line 464, in do_execute
    res = shell.run_cell(
  File "C:\Users\chris\AppData\Roaming\Python\Python314\site-packages\ipykernel\zmqshell.py", line 663, in run_cell
    return super().run_cell(*args, **kwargs)
  File "C:\Users\chris\AppData\Roaming\Python\Python314\site-packages\IPython\core\interactiveshell.py", line 3170, in run_cell
    result = self._run_cell(
  File "C:\Users\chris\AppData\Roaming\Python\Python314\site-packages\IPython\core\interactiveshell.py", line 3225, in _run_cell
    result = runner(coro)
  File "C:\Users\chris\AppData\Roaming\Python\Python314\site-packages\IPython\core\async_helpers.py", line 128, in _pseudo_sync_runner
    coro.send(None)
  File "C:\Users\chris\AppData\Roaming\Python\Python314\site-packages\IPython\core\interactiveshell.py", line 3447, in run_cell_async
    has_raised = await self.run_ast_nodes(code_ast.body, cell_name,
  File "C:\Users\chris\AppData\Roaming\Python\Python314\site-packages\IPython\core\interactiveshell.py", line 3688, in run_ast_nodes
    if await self.run_code(code, result, async_=asy):
  File "C:\Users\chris\AppData\Roaming\Python\Python314\site-packages\IPython\core\interactiveshell.py", line 3748, in run_code
    exec(code_obj, self.user_global_ns, self.user_ns)
  File "C:\Users\chris\AppData\Local\Temp\ipykernel_4436\3007420965.py", line 73, in <module>
    runpy.run_path(str(script_path), run_name="__main__")
  File "<frozen runpy>", line 287, in run_path
  File "<frozen runpy>", line 98, in _run_module_code
  File "<frozen runpy>", line 88, in _run_code
  File "C:\Users\chris\Desktop\Code\TracesPresenter\Traces_presenter\Jupyter\Chaine\scripts_Mirabelle\function_coverage_Mirabelle.py", line 303, in <module>
    main(input_path, output_path, code_state_col=code_state_column)
  File "C:\Users\chris\Desktop\Code\TracesPresenter\Traces_presenter\Jupyter\Chaine\scripts_Mirabelle\function_coverage_Mirabelle.py", line 277, in main
    out.info(
Message: '  %s : %d fonction(s) traitée(s) (%d avec au moins un test réussi, %d par états de code distincts uniquement)'
Arguments: ('loriot.puzzle', 0, 0, 0)
--- Logging error ---
Traceback (most recent call last):
  File "c:\Users\chris\AppData\Local\Programs\Python\Python314\Lib\logging\__init__.py", line 1154, in emit
    stream.write(msg + self.terminator)
    ~~~~~~~~~~~~^^^^^^^^^^^^^^^^^^^^^^^
ValueError: I/O operation on closed file.
Call stack:
  File "<frozen runpy>", line 198, in _run_module_as_main
  File "<frozen runpy>", line 88, in _run_code
  File "C:\Users\chris\AppData\Roaming\Python\Python314\site-packages\ipykernel_launcher.py", line 18, in <module>
    app.launch_new_instance()
  File "C:\Users\chris\AppData\Roaming\Python\Python314\site-packages\traitlets\config\application.py", line 1082, in launch_instance
    app.start()
  File "C:\Users\chris\AppData\Roaming\Python\Python314\site-packages\ipykernel\kernelapp.py", line 758, in start
    self.io_loop.start()
  File "C:\Users\chris\AppData\Roaming\Python\Python314\site-packages\tornado\platform\asyncio.py", line 211, in start
    self.asyncio_loop.run_forever()
  File "c:\Users\chris\AppData\Local\Programs\Python\Python314\Lib\asyncio\base_events.py", line 677, in run_forever
    self._run_once()
  File "c:\Users\chris\AppData\Local\Programs\Python\Python314\Lib\asyncio\base_events.py", line 2046, in _run_once
    handle._run()
  File "c:\Users\chris\AppData\Local\Programs\Python\Python314\Lib\asyncio\events.py", line 94, in _run
    self._context.run(self._callback, *self._args)
  File "C:\Users\chris\AppData\Roaming\Python\Python314\site-packages\ipykernel\kernelbase.py", line 621, in shell_main
    await self.dispatch_shell(msg, subshell_id=subshell_id)
  File "C:\Users\chris\AppData\Roaming\Python\Python314\site-packages\ipykernel\kernelbase.py", line 478, in dispatch_shell
    await result
  File "C:\Users\chris\AppData\Roaming\Python\Python314\site-packages\ipykernel\ipkernel.py", line 372, in execute_request
    await super().execute_request(stream, ident, parent)
  File "C:\Users\chris\AppData\Roaming\Python\Python314\site-packages\ipykernel\kernelbase.py", line 834, in execute_request
    reply_content = await reply_content
  File "C:\Users\chris\AppData\Roaming\Python\Python314\site-packages\ipykernel\ipkernel.py", line 464, in do_execute
    res = shell.run_cell(
  File "C:\Users\chris\AppData\Roaming\Python\Python314\site-packages\ipykernel\zmqshell.py", line 663, in run_cell
    return super().run_cell(*args, **kwargs)
  File "C:\Users\chris\AppData\Roaming\Python\Python314\site-packages\IPython\core\interactiveshell.py", line 3170, in run_cell
    result = self._run_cell(
  File "C:\Users\chris\AppData\Roaming\Python\Python314\site-packages\IPython\core\interactiveshell.py", line 3225, in _run_cell
    result = runner(coro)
  File "C:\Users\chris\AppData\Roaming\Python\Python314\site-packages\IPython\core\async_helpers.py", line 128, in _pseudo_sync_runner
    coro.send(None)
  File "C:\Users\chris\AppData\Roaming\Python\Python314\site-packages\IPython\core\interactiveshell.py", line 3447, in run_cell_async
    has_raised = await self.run_ast_nodes(code_ast.body, cell_name,
  File "C:\Users\chris\AppData\Roaming\Python\Python314\site-packages\IPython\core\interactiveshell.py", line 3688, in run_ast_nodes
    if await self.run_code(code, result, async_=asy):
  File "C:\Users\chris\AppData\Roaming\Python\Python314\site-packages\IPython\core\interactiveshell.py", line 3748, in run_code
    exec(code_obj, self.user_global_ns, self.user_ns)
  File "C:\Users\chris\AppData\Local\Temp\ipykernel_4436\3007420965.py", line 73, in <module>
    runpy.run_path(str(script_path), run_name="__main__")
  File "<frozen runpy>", line 287, in run_path
  File "<frozen runpy>", line 98, in _run_module_code
  File "<frozen runpy>", line 88, in _run_code
  File "C:\Users\chris\Desktop\Code\TracesPresenter\Traces_presenter\Jupyter\Chaine\scripts_Mirabelle\function_coverage_Mirabelle.py", line 303, in <module>
    main(input_path, output_path, code_state_col=code_state_column)
  File "C:\Users\chris\Desktop\Code\TracesPresenter\Traces_presenter\Jupyter\Chaine\scripts_Mirabelle\function_coverage_Mirabelle.py", line 277, in main
    out.info(
Message: '  %s : %d fonction(s) traitée(s) (%d avec au moins un test réussi, %d par états de code distincts uniquement)'
Arguments: ('matraque.ramier', 6, 6, 0)
--- Logging error ---
Traceback (most recent call last):
  File "c:\Users\chris\AppData\Local\Programs\Python\Python314\Lib\logging\__init__.py", line 1154, in emit
    stream.write(msg + self.terminator)
    ~~~~~~~~~~~~^^^^^^^^^^^^^^^^^^^^^^^
ValueError: I/O operation on closed file.
Call stack:
  File "<frozen runpy>", line 198, in _run_module_as_main
  File "<frozen runpy>", line 88, in _run_code
  File "C:\Users\chris\AppData\Roaming\Python\Python314\site-packages\ipykernel_launcher.py", line 18, in <module>
    app.launch_new_instance()
  File "C:\Users\chris\AppData\Roaming\Python\Python314\site-packages\traitlets\config\application.py", line 1082, in launch_instance
    app.start()
  File "C:\Users\chris\AppData\Roaming\Python\Python314\site-packages\ipykernel\kernelapp.py", line 758, in start
    self.io_loop.start()
  File "C:\Users\chris\AppData\Roaming\Python\Python314\site-packages\tornado\platform\asyncio.py", line 211, in start
    self.asyncio_loop.run_forever()
  File "c:\Users\chris\AppData\Local\Programs\Python\Python314\Lib\asyncio\base_events.py", line 677, in run_forever
    self._run_once()
  File "c:\Users\chris\AppData\Local\Programs\Python\Python314\Lib\asyncio\base_events.py", line 2046, in _run_once
    handle._run()
  File "c:\Users\chris\AppData\Local\Programs\Python\Python314\Lib\asyncio\events.py", line 94, in _run
    self._context.run(self._callback, *self._args)
  File "C:\Users\chris\AppData\Roaming\Python\Python314\site-packages\ipykernel\kernelbase.py", line 621, in shell_main
    await self.dispatch_shell(msg, subshell_id=subshell_id)
  File "C:\Users\chris\AppData\Roaming\Python\Python314\site-packages\ipykernel\kernelbase.py", line 478, in dispatch_shell
    await result
  File "C:\Users\chris\AppData\Roaming\Python\Python314\site-packages\ipykernel\ipkernel.py", line 372, in execute_request
    await super().execute_request(stream, ident, parent)
  File "C:\Users\chris\AppData\Roaming\Python\Python314\site-packages\ipykernel\kernelbase.py", line 834, in execute_request
    reply_content = await reply_content
  File "C:\Users\chris\AppData\Roaming\Python\Python314\site-packages\ipykernel\ipkernel.py", line 464, in do_execute
    res = shell.run_cell(
  File "C:\Users\chris\AppData\Roaming\Python\Python314\site-packages\ipykernel\zmqshell.py", line 663, in run_cell
    return super().run_cell(*args, **kwargs)
  File "C:\Users\chris\AppData\Roaming\Python\Python314\site-packages\IPython\core\interactiveshell.py", line 3170, in run_cell
    result = self._run_cell(
  File "C:\Users\chris\AppData\Roaming\Python\Python314\site-packages\IPython\core\interactiveshell.py", line 3225, in _run_cell
    result = runner(coro)
  File "C:\Users\chris\AppData\Roaming\Python\Python314\site-packages\IPython\core\async_helpers.py", line 128, in _pseudo_sync_runner
    coro.send(None)
  File "C:\Users\chris\AppData\Roaming\Python\Python314\site-packages\IPython\core\interactiveshell.py", line 3447, in run_cell_async
    has_raised = await self.run_ast_nodes(code_ast.body, cell_name,
  File "C:\Users\chris\AppData\Roaming\Python\Python314\site-packages\IPython\core\interactiveshell.py", line 3688, in run_ast_nodes
    if await self.run_code(code, result, async_=asy):
  File "C:\Users\chris\AppData\Roaming\Python\Python314\site-packages\IPython\core\interactiveshell.py", line 3748, in run_code
    exec(code_obj, self.user_global_ns, self.user_ns)
  File "C:\Users\chris\AppData\Local\Temp\ipykernel_4436\3007420965.py", line 73, in <module>
    runpy.run_path(str(script_path), run_name="__main__")
  File "<frozen runpy>", line 287, in run_path
  File "<frozen runpy>", line 98, in _run_module_code
  File "<frozen runpy>", line 88, in _run_code
  File "C:\Users\chris\Desktop\Code\TracesPresenter\Traces_presenter\Jupyter\Chaine\scripts_Mirabelle\function_coverage_Mirabelle.py", line 303, in <module>
    main(input_path, output_path, code_state_col=code_state_column)
  File "C:\Users\chris\Desktop\Code\TracesPresenter\Traces_presenter\Jupyter\Chaine\scripts_Mirabelle\function_coverage_Mirabelle.py", line 277, in main
    out.info(
Message: '  %s : %d fonction(s) traitée(s) (%d avec au moins un test réussi, %d par états de code distincts uniquement)'
Arguments: ('native.colosses', 0, 0, 0)
--- Logging error ---
Traceback (most recent call last):
  File "c:\Users\chris\AppData\Local\Programs\Python\Python314\Lib\logging\__init__.py", line 1154, in emit
    stream.write(msg + self.terminator)
    ~~~~~~~~~~~~^^^^^^^^^^^^^^^^^^^^^^^
ValueError: I/O operation on closed file.
Call stack:
  File "<frozen runpy>", line 198, in _run_module_as_main
  File "<frozen runpy>", line 88, in _run_code
  File "C:\Users\chris\AppData\Roaming\Python\Python314\site-packages\ipykernel_launcher.py", line 18, in <module>
    app.launch_new_instance()
  File "C:\Users\chris\AppData\Roaming\Python\Python314\site-packages\traitlets\config\application.py", line 1082, in launch_instance
    app.start()
  File "C:\Users\chris\AppData\Roaming\Python\Python314\site-packages\ipykernel\kernelapp.py", line 758, in start
    self.io_loop.start()
  File "C:\Users\chris\AppData\Roaming\Python\Python314\site-packages\tornado\platform\asyncio.py", line 211, in start
    self.asyncio_loop.run_forever()
  File "c:\Users\chris\AppData\Local\Programs\Python\Python314\Lib\asyncio\base_events.py", line 677, in run_forever
    self._run_once()
  File "c:\Users\chris\AppData\Local\Programs\Python\Python314\Lib\asyncio\base_events.py", line 2046, in _run_once
    handle._run()
  File "c:\Users\chris\AppData\Local\Programs\Python\Python314\Lib\asyncio\events.py", line 94, in _run
    self._context.run(self._callback, *self._args)
  File "C:\Users\chris\AppData\Roaming\Python\Python314\site-packages\ipykernel\kernelbase.py", line 621, in shell_main
    await self.dispatch_shell(msg, subshell_id=subshell_id)
  File "C:\Users\chris\AppData\Roaming\Python\Python314\site-packages\ipykernel\kernelbase.py", line 478, in dispatch_shell
    await result
  File "C:\Users\chris\AppData\Roaming\Python\Python314\site-packages\ipykernel\ipkernel.py", line 372, in execute_request
    await super().execute_request(stream, ident, parent)
  File "C:\Users\chris\AppData\Roaming\Python\Python314\site-packages\ipykernel\kernelbase.py", line 834, in execute_request
    reply_content = await reply_content
  File "C:\Users\chris\AppData\Roaming\Python\Python314\site-packages\ipykernel\ipkernel.py", line 464, in do_execute
    res = shell.run_cell(
  File "C:\Users\chris\AppData\Roaming\Python\Python314\site-packages\ipykernel\zmqshell.py", line 663, in run_cell
    return super().run_cell(*args, **kwargs)
  File "C:\Users\chris\AppData\Roaming\Python\Python314\site-packages\IPython\core\interactiveshell.py", line 3170, in run_cell
    result = self._run_cell(
  File "C:\Users\chris\AppData\Roaming\Python\Python314\site-packages\IPython\core\interactiveshell.py", line 3225, in _run_cell
    result = runner(coro)
  File "C:\Users\chris\AppData\Roaming\Python\Python314\site-packages\IPython\core\async_helpers.py", line 128, in _pseudo_sync_runner
    coro.send(None)
  File "C:\Users\chris\AppData\Roaming\Python\Python314\site-packages\IPython\core\interactiveshell.py", line 3447, in run_cell_async
    has_raised = await self.run_ast_nodes(code_ast.body, cell_name,
  File "C:\Users\chris\AppData\Roaming\Python\Python314\site-packages\IPython\core\interactiveshell.py", line 3688, in run_ast_nodes
    if await self.run_code(code, result, async_=asy):
  File "C:\Users\chris\AppData\Roaming\Python\Python314\site-packages\IPython\core\interactiveshell.py", line 3748, in run_code
    exec(code_obj, self.user_global_ns, self.user_ns)
  File "C:\Users\chris\AppData\Local\Temp\ipykernel_4436\3007420965.py", line 73, in <module>
    runpy.run_path(str(script_path), run_name="__main__")
  File "<frozen runpy>", line 287, in run_path
  File "<frozen runpy>", line 98, in _run_module_code
  File "<frozen runpy>", line 88, in _run_code
  File "C:\Users\chris\Desktop\Code\TracesPresenter\Traces_presenter\Jupyter\Chaine\scripts_Mirabelle\function_coverage_Mirabelle.py", line 303, in <module>
    main(input_path, output_path, code_state_col=code_state_column)
  File "C:\Users\chris\Desktop\Code\TracesPresenter\Traces_presenter\Jupyter\Chaine\scripts_Mirabelle\function_coverage_Mirabelle.py", line 277, in main
    out.info(
Message: '  %s : %d fonction(s) traitée(s) (%d avec au moins un test réussi, %d par états de code distincts uniquement)'
Arguments: ('neuviemes.doperiez', 12, 12, 0)
--- Logging error ---
Traceback (most recent call last):
  File "c:\Users\chris\AppData\Local\Programs\Python\Python314\Lib\logging\__init__.py", line 1154, in emit
    stream.write(msg + self.terminator)
    ~~~~~~~~~~~~^^^^^^^^^^^^^^^^^^^^^^^
ValueError: I/O operation on closed file.
Call stack:
  File "<frozen runpy>", line 198, in _run_module_as_main
  File "<frozen runpy>", line 88, in _run_code
  File "C:\Users\chris\AppData\Roaming\Python\Python314\site-packages\ipykernel_launcher.py", line 18, in <module>
    app.launch_new_instance()
  File "C:\Users\chris\AppData\Roaming\Python\Python314\site-packages\traitlets\config\application.py", line 1082, in launch_instance
    app.start()
  File "C:\Users\chris\AppData\Roaming\Python\Python314\site-packages\ipykernel\kernelapp.py", line 758, in start
    self.io_loop.start()
  File "C:\Users\chris\AppData\Roaming\Python\Python314\site-packages\tornado\platform\asyncio.py", line 211, in start
    self.asyncio_loop.run_forever()
  File "c:\Users\chris\AppData\Local\Programs\Python\Python314\Lib\asyncio\base_events.py", line 677, in run_forever
    self._run_once()
  File "c:\Users\chris\AppData\Local\Programs\Python\Python314\Lib\asyncio\base_events.py", line 2046, in _run_once
    handle._run()
  File "c:\Users\chris\AppData\Local\Programs\Python\Python314\Lib\asyncio\events.py", line 94, in _run
    self._context.run(self._callback, *self._args)
  File "C:\Users\chris\AppData\Roaming\Python\Python314\site-packages\ipykernel\kernelbase.py", line 621, in shell_main
    await self.dispatch_shell(msg, subshell_id=subshell_id)
  File "C:\Users\chris\AppData\Roaming\Python\Python314\site-packages\ipykernel\kernelbase.py", line 478, in dispatch_shell
    await result
  File "C:\Users\chris\AppData\Roaming\Python\Python314\site-packages\ipykernel\ipkernel.py", line 372, in execute_request
    await super().execute_request(stream, ident, parent)
  File "C:\Users\chris\AppData\Roaming\Python\Python314\site-packages\ipykernel\kernelbase.py", line 834, in execute_request
    reply_content = await reply_content
  File "C:\Users\chris\AppData\Roaming\Python\Python314\site-packages\ipykernel\ipkernel.py", line 464, in do_execute
    res = shell.run_cell(
  File "C:\Users\chris\AppData\Roaming\Python\Python314\site-packages\ipykernel\zmqshell.py", line 663, in run_cell
    return super().run_cell(*args, **kwargs)
  File "C:\Users\chris\AppData\Roaming\Python\Python314\site-packages\IPython\core\interactiveshell.py", line 3170, in run_cell
    result = self._run_cell(
  File "C:\Users\chris\AppData\Roaming\Python\Python314\site-packages\IPython\core\interactiveshell.py", line 3225, in _run_cell
    result = runner(coro)
  File "C:\Users\chris\AppData\Roaming\Python\Python314\site-packages\IPython\core\async_helpers.py", line 128, in _pseudo_sync_runner
    coro.send(None)
  File "C:\Users\chris\AppData\Roaming\Python\Python314\site-packages\IPython\core\interactiveshell.py", line 3447, in run_cell_async
    has_raised = await self.run_ast_nodes(code_ast.body, cell_name,
  File "C:\Users\chris\AppData\Roaming\Python\Python314\site-packages\IPython\core\interactiveshell.py", line 3688, in run_ast_nodes
    if await self.run_code(code, result, async_=asy):
  File "C:\Users\chris\AppData\Roaming\Python\Python314\site-packages\IPython\core\interactiveshell.py", line 3748, in run_code
    exec(code_obj, self.user_global_ns, self.user_ns)
  File "C:\Users\chris\AppData\Local\Temp\ipykernel_4436\3007420965.py", line 73, in <module>
    runpy.run_path(str(script_path), run_name="__main__")
  File "<frozen runpy>", line 287, in run_path
  File "<frozen runpy>", line 98, in _run_module_code
  File "<frozen runpy>", line 88, in _run_code
  File "C:\Users\chris\Desktop\Code\TracesPresenter\Traces_presenter\Jupyter\Chaine\scripts_Mirabelle\function_coverage_Mirabelle.py", line 303, in <module>
    main(input_path, output_path, code_state_col=code_state_column)
  File "C:\Users\chris\Desktop\Code\TracesPresenter\Traces_presenter\Jupyter\Chaine\scripts_Mirabelle\function_coverage_Mirabelle.py", line 277, in main
    out.info(
Message: '  %s : %d fonction(s) traitée(s) (%d avec au moins un test réussi, %d par états de code distincts uniquement)'
Arguments: ('offrirait.rendors', 9, 9, 0)
--- Logging error ---
Traceback (most recent call last):
  File "c:\Users\chris\AppData\Local\Programs\Python\Python314\Lib\logging\__init__.py", line 1154, in emit
    stream.write(msg + self.terminator)
    ~~~~~~~~~~~~^^^^^^^^^^^^^^^^^^^^^^^
ValueError: I/O operation on closed file.
Call stack:
  File "<frozen runpy>", line 198, in _run_module_as_main
  File "<frozen runpy>", line 88, in _run_code
  File "C:\Users\chris\AppData\Roaming\Python\Python314\site-packages\ipykernel_launcher.py", line 18, in <module>
    app.launch_new_instance()
  File "C:\Users\chris\AppData\Roaming\Python\Python314\site-packages\traitlets\config\application.py", line 1082, in launch_instance
    app.start()
  File "C:\Users\chris\AppData\Roaming\Python\Python314\site-packages\ipykernel\kernelapp.py", line 758, in start
    self.io_loop.start()
  File "C:\Users\chris\AppData\Roaming\Python\Python314\site-packages\tornado\platform\asyncio.py", line 211, in start
    self.asyncio_loop.run_forever()
  File "c:\Users\chris\AppData\Local\Programs\Python\Python314\Lib\asyncio\base_events.py", line 677, in run_forever
    self._run_once()
  File "c:\Users\chris\AppData\Local\Programs\Python\Python314\Lib\asyncio\base_events.py", line 2046, in _run_once
    handle._run()
  File "c:\Users\chris\AppData\Local\Programs\Python\Python314\Lib\asyncio\events.py", line 94, in _run
    self._context.run(self._callback, *self._args)
  File "C:\Users\chris\AppData\Roaming\Python\Python314\site-packages\ipykernel\kernelbase.py", line 621, in shell_main
    await self.dispatch_shell(msg, subshell_id=subshell_id)
  File "C:\Users\chris\AppData\Roaming\Python\Python314\site-packages\ipykernel\kernelbase.py", line 478, in dispatch_shell
    await result
  File "C:\Users\chris\AppData\Roaming\Python\Python314\site-packages\ipykernel\ipkernel.py", line 372, in execute_request
    await super().execute_request(stream, ident, parent)
  File "C:\Users\chris\AppData\Roaming\Python\Python314\site-packages\ipykernel\kernelbase.py", line 834, in execute_request
    reply_content = await reply_content
  File "C:\Users\chris\AppData\Roaming\Python\Python314\site-packages\ipykernel\ipkernel.py", line 464, in do_execute
    res = shell.run_cell(
  File "C:\Users\chris\AppData\Roaming\Python\Python314\site-packages\ipykernel\zmqshell.py", line 663, in run_cell
    return super().run_cell(*args, **kwargs)
  File "C:\Users\chris\AppData\Roaming\Python\Python314\site-packages\IPython\core\interactiveshell.py", line 3170, in run_cell
    result = self._run_cell(
  File "C:\Users\chris\AppData\Roaming\Python\Python314\site-packages\IPython\core\interactiveshell.py", line 3225, in _run_cell
    result = runner(coro)
  File "C:\Users\chris\AppData\Roaming\Python\Python314\site-packages\IPython\core\async_helpers.py", line 128, in _pseudo_sync_runner
    coro.send(None)
  File "C:\Users\chris\AppData\Roaming\Python\Python314\site-packages\IPython\core\interactiveshell.py", line 3447, in run_cell_async
    has_raised = await self.run_ast_nodes(code_ast.body, cell_name,
  File "C:\Users\chris\AppData\Roaming\Python\Python314\site-packages\IPython\core\interactiveshell.py", line 3688, in run_ast_nodes
    if await self.run_code(code, result, async_=asy):
  File "C:\Users\chris\AppData\Roaming\Python\Python314\site-packages\IPython\core\interactiveshell.py", line 3748, in run_code
    exec(code_obj, self.user_global_ns, self.user_ns)
  File "C:\Users\chris\AppData\Local\Temp\ipykernel_4436\3007420965.py", line 73, in <module>
    runpy.run_path(str(script_path), run_name="__main__")
  File "<frozen runpy>", line 287, in run_path
  File "<frozen runpy>", line 98, in _run_module_code
  File "<frozen runpy>", line 88, in _run_code
  File "C:\Users\chris\Desktop\Code\TracesPresenter\Traces_presenter\Jupyter\Chaine\scripts_Mirabelle\function_coverage_Mirabelle.py", line 303, in <module>
    main(input_path, output_path, code_state_col=code_state_column)
  File "C:\Users\chris\Desktop\Code\TracesPresenter\Traces_presenter\Jupyter\Chaine\scripts_Mirabelle\function_coverage_Mirabelle.py", line 277, in main
    out.info(
Message: '  %s : %d fonction(s) traitée(s) (%d avec au moins un test réussi, %d par états de code distincts uniquement)'
Arguments: ('penombres.intermede', 5, 5, 0)
--- Logging error ---
Traceback (most recent call last):
  File "c:\Users\chris\AppData\Local\Programs\Python\Python314\Lib\logging\__init__.py", line 1154, in emit
    stream.write(msg + self.terminator)
    ~~~~~~~~~~~~^^^^^^^^^^^^^^^^^^^^^^^
ValueError: I/O operation on closed file.
Call stack:
  File "<frozen runpy>", line 198, in _run_module_as_main
  File "<frozen runpy>", line 88, in _run_code
  File "C:\Users\chris\AppData\Roaming\Python\Python314\site-packages\ipykernel_launcher.py", line 18, in <module>
    app.launch_new_instance()
  File "C:\Users\chris\AppData\Roaming\Python\Python314\site-packages\traitlets\config\application.py", line 1082, in launch_instance
    app.start()
  File "C:\Users\chris\AppData\Roaming\Python\Python314\site-packages\ipykernel\kernelapp.py", line 758, in start
    self.io_loop.start()
  File "C:\Users\chris\AppData\Roaming\Python\Python314\site-packages\tornado\platform\asyncio.py", line 211, in start
    self.asyncio_loop.run_forever()
  File "c:\Users\chris\AppData\Local\Programs\Python\Python314\Lib\asyncio\base_events.py", line 677, in run_forever
    self._run_once()
  File "c:\Users\chris\AppData\Local\Programs\Python\Python314\Lib\asyncio\base_events.py", line 2046, in _run_once
    handle._run()
  File "c:\Users\chris\AppData\Local\Programs\Python\Python314\Lib\asyncio\events.py", line 94, in _run
    self._context.run(self._callback, *self._args)
  File "C:\Users\chris\AppData\Roaming\Python\Python314\site-packages\ipykernel\kernelbase.py", line 621, in shell_main
    await self.dispatch_shell(msg, subshell_id=subshell_id)
  File "C:\Users\chris\AppData\Roaming\Python\Python314\site-packages\ipykernel\kernelbase.py", line 478, in dispatch_shell
    await result
  File "C:\Users\chris\AppData\Roaming\Python\Python314\site-packages\ipykernel\ipkernel.py", line 372, in execute_request
    await super().execute_request(stream, ident, parent)
  File "C:\Users\chris\AppData\Roaming\Python\Python314\site-packages\ipykernel\kernelbase.py", line 834, in execute_request
    reply_content = await reply_content
  File "C:\Users\chris\AppData\Roaming\Python\Python314\site-packages\ipykernel\ipkernel.py", line 464, in do_execute
    res = shell.run_cell(
  File "C:\Users\chris\AppData\Roaming\Python\Python314\site-packages\ipykernel\zmqshell.py", line 663, in run_cell
    return super().run_cell(*args, **kwargs)
  File "C:\Users\chris\AppData\Roaming\Python\Python314\site-packages\IPython\core\interactiveshell.py", line 3170, in run_cell
    result = self._run_cell(
  File "C:\Users\chris\AppData\Roaming\Python\Python314\site-packages\IPython\core\interactiveshell.py", line 3225, in _run_cell
    result = runner(coro)
  File "C:\Users\chris\AppData\Roaming\Python\Python314\site-packages\IPython\core\async_helpers.py", line 128, in _pseudo_sync_runner
    coro.send(None)
  File "C:\Users\chris\AppData\Roaming\Python\Python314\site-packages\IPython\core\interactiveshell.py", line 3447, in run_cell_async
    has_raised = await self.run_ast_nodes(code_ast.body, cell_name,
  File "C:\Users\chris\AppData\Roaming\Python\Python314\site-packages\IPython\core\interactiveshell.py", line 3688, in run_ast_nodes
    if await self.run_code(code, result, async_=asy):
  File "C:\Users\chris\AppData\Roaming\Python\Python314\site-packages\IPython\core\interactiveshell.py", line 3748, in run_code
    exec(code_obj, self.user_global_ns, self.user_ns)
  File "C:\Users\chris\AppData\Local\Temp\ipykernel_4436\3007420965.py", line 73, in <module>
    runpy.run_path(str(script_path), run_name="__main__")
  File "<frozen runpy>", line 287, in run_path
  File "<frozen runpy>", line 98, in _run_module_code
  File "<frozen runpy>", line 88, in _run_code
  File "C:\Users\chris\Desktop\Code\TracesPresenter\Traces_presenter\Jupyter\Chaine\scripts_Mirabelle\function_coverage_Mirabelle.py", line 303, in <module>
    main(input_path, output_path, code_state_col=code_state_column)
  File "C:\Users\chris\Desktop\Code\TracesPresenter\Traces_presenter\Jupyter\Chaine\scripts_Mirabelle\function_coverage_Mirabelle.py", line 277, in main
    out.info(
Message: '  %s : %d fonction(s) traitée(s) (%d avec au moins un test réussi, %d par états de code distincts uniquement)'
Arguments: ('pervenche.saturera', 0, 0, 0)
--- Logging error ---
Traceback (most recent call last):
  File "c:\Users\chris\AppData\Local\Programs\Python\Python314\Lib\logging\__init__.py", line 1154, in emit
    stream.write(msg + self.terminator)
    ~~~~~~~~~~~~^^^^^^^^^^^^^^^^^^^^^^^
ValueError: I/O operation on closed file.
Call stack:
  File "<frozen runpy>", line 198, in _run_module_as_main
  File "<frozen runpy>", line 88, in _run_code
  File "C:\Users\chris\AppData\Roaming\Python\Python314\site-packages\ipykernel_launcher.py", line 18, in <module>
    app.launch_new_instance()
  File "C:\Users\chris\AppData\Roaming\Python\Python314\site-packages\traitlets\config\application.py", line 1082, in launch_instance
    app.start()
  File "C:\Users\chris\AppData\Roaming\Python\Python314\site-packages\ipykernel\kernelapp.py", line 758, in start
    self.io_loop.start()
  File "C:\Users\chris\AppData\Roaming\Python\Python314\site-packages\tornado\platform\asyncio.py", line 211, in start
    self.asyncio_loop.run_forever()
  File "c:\Users\chris\AppData\Local\Programs\Python\Python314\Lib\asyncio\base_events.py", line 677, in run_forever
    self._run_once()
  File "c:\Users\chris\AppData\Local\Programs\Python\Python314\Lib\asyncio\base_events.py", line 2046, in _run_once
    handle._run()
  File "c:\Users\chris\AppData\Local\Programs\Python\Python314\Lib\asyncio\events.py", line 94, in _run
    self._context.run(self._callback, *self._args)
  File "C:\Users\chris\AppData\Roaming\Python\Python314\site-packages\ipykernel\kernelbase.py", line 621, in shell_main
    await self.dispatch_shell(msg, subshell_id=subshell_id)
  File "C:\Users\chris\AppData\Roaming\Python\Python314\site-packages\ipykernel\kernelbase.py", line 478, in dispatch_shell
    await result
  File "C:\Users\chris\AppData\Roaming\Python\Python314\site-packages\ipykernel\ipkernel.py", line 372, in execute_request
    await super().execute_request(stream, ident, parent)
  File "C:\Users\chris\AppData\Roaming\Python\Python314\site-packages\ipykernel\kernelbase.py", line 834, in execute_request
    reply_content = await reply_content
  File "C:\Users\chris\AppData\Roaming\Python\Python314\site-packages\ipykernel\ipkernel.py", line 464, in do_execute
    res = shell.run_cell(
  File "C:\Users\chris\AppData\Roaming\Python\Python314\site-packages\ipykernel\zmqshell.py", line 663, in run_cell
    return super().run_cell(*args, **kwargs)
  File "C:\Users\chris\AppData\Roaming\Python\Python314\site-packages\IPython\core\interactiveshell.py", line 3170, in run_cell
    result = self._run_cell(
  File "C:\Users\chris\AppData\Roaming\Python\Python314\site-packages\IPython\core\interactiveshell.py", line 3225, in _run_cell
    result = runner(coro)
  File "C:\Users\chris\AppData\Roaming\Python\Python314\site-packages\IPython\core\async_helpers.py", line 128, in _pseudo_sync_runner
    coro.send(None)
  File "C:\Users\chris\AppData\Roaming\Python\Python314\site-packages\IPython\core\interactiveshell.py", line 3447, in run_cell_async
    has_raised = await self.run_ast_nodes(code_ast.body, cell_name,
  File "C:\Users\chris\AppData\Roaming\Python\Python314\site-packages\IPython\core\interactiveshell.py", line 3688, in run_ast_nodes
    if await self.run_code(code, result, async_=asy):
  File "C:\Users\chris\AppData\Roaming\Python\Python314\site-packages\IPython\core\interactiveshell.py", line 3748, in run_code
    exec(code_obj, self.user_global_ns, self.user_ns)
  File "C:\Users\chris\AppData\Local\Temp\ipykernel_4436\3007420965.py", line 73, in <module>
    runpy.run_path(str(script_path), run_name="__main__")
  File "<frozen runpy>", line 287, in run_path
  File "<frozen runpy>", line 98, in _run_module_code
  File "<frozen runpy>", line 88, in _run_code
  File "C:\Users\chris\Desktop\Code\TracesPresenter\Traces_presenter\Jupyter\Chaine\scripts_Mirabelle\function_coverage_Mirabelle.py", line 303, in <module>
    main(input_path, output_path, code_state_col=code_state_column)
  File "C:\Users\chris\Desktop\Code\TracesPresenter\Traces_presenter\Jupyter\Chaine\scripts_Mirabelle\function_coverage_Mirabelle.py", line 277, in main
    out.info(
Message: '  %s : %d fonction(s) traitée(s) (%d avec au moins un test réussi, %d par états de code distincts uniquement)'
Arguments: ('plastique.ratatines', 14, 14, 0)
--- Logging error ---
Traceback (most recent call last):
  File "c:\Users\chris\AppData\Local\Programs\Python\Python314\Lib\logging\__init__.py", line 1154, in emit
    stream.write(msg + self.terminator)
    ~~~~~~~~~~~~^^^^^^^^^^^^^^^^^^^^^^^
ValueError: I/O operation on closed file.
Call stack:
  File "<frozen runpy>", line 198, in _run_module_as_main
  File "<frozen runpy>", line 88, in _run_code
  File "C:\Users\chris\AppData\Roaming\Python\Python314\site-packages\ipykernel_launcher.py", line 18, in <module>
    app.launch_new_instance()
  File "C:\Users\chris\AppData\Roaming\Python\Python314\site-packages\traitlets\config\application.py", line 1082, in launch_instance
    app.start()
  File "C:\Users\chris\AppData\Roaming\Python\Python314\site-packages\ipykernel\kernelapp.py", line 758, in start
    self.io_loop.start()
  File "C:\Users\chris\AppData\Roaming\Python\Python314\site-packages\tornado\platform\asyncio.py", line 211, in start
    self.asyncio_loop.run_forever()
  File "c:\Users\chris\AppData\Local\Programs\Python\Python314\Lib\asyncio\base_events.py", line 677, in run_forever
    self._run_once()
  File "c:\Users\chris\AppData\Local\Programs\Python\Python314\Lib\asyncio\base_events.py", line 2046, in _run_once
    handle._run()
  File "c:\Users\chris\AppData\Local\Programs\Python\Python314\Lib\asyncio\events.py", line 94, in _run
    self._context.run(self._callback, *self._args)
  File "C:\Users\chris\AppData\Roaming\Python\Python314\site-packages\ipykernel\kernelbase.py", line 621, in shell_main
    await self.dispatch_shell(msg, subshell_id=subshell_id)
  File "C:\Users\chris\AppData\Roaming\Python\Python314\site-packages\ipykernel\kernelbase.py", line 478, in dispatch_shell
    await result
  File "C:\Users\chris\AppData\Roaming\Python\Python314\site-packages\ipykernel\ipkernel.py", line 372, in execute_request
    await super().execute_request(stream, ident, parent)
  File "C:\Users\chris\AppData\Roaming\Python\Python314\site-packages\ipykernel\kernelbase.py", line 834, in execute_request
    reply_content = await reply_content
  File "C:\Users\chris\AppData\Roaming\Python\Python314\site-packages\ipykernel\ipkernel.py", line 464, in do_execute
    res = shell.run_cell(
  File "C:\Users\chris\AppData\Roaming\Python\Python314\site-packages\ipykernel\zmqshell.py", line 663, in run_cell
    return super().run_cell(*args, **kwargs)
  File "C:\Users\chris\AppData\Roaming\Python\Python314\site-packages\IPython\core\interactiveshell.py", line 3170, in run_cell
    result = self._run_cell(
  File "C:\Users\chris\AppData\Roaming\Python\Python314\site-packages\IPython\core\interactiveshell.py", line 3225, in _run_cell
    result = runner(coro)
  File "C:\Users\chris\AppData\Roaming\Python\Python314\site-packages\IPython\core\async_helpers.py", line 128, in _pseudo_sync_runner
    coro.send(None)
  File "C:\Users\chris\AppData\Roaming\Python\Python314\site-packages\IPython\core\interactiveshell.py", line 3447, in run_cell_async
    has_raised = await self.run_ast_nodes(code_ast.body, cell_name,
  File "C:\Users\chris\AppData\Roaming\Python\Python314\site-packages\IPython\core\interactiveshell.py", line 3688, in run_ast_nodes
    if await self.run_code(code, result, async_=asy):
  File "C:\Users\chris\AppData\Roaming\Python\Python314\site-packages\IPython\core\interactiveshell.py", line 3748, in run_code
    exec(code_obj, self.user_global_ns, self.user_ns)
  File "C:\Users\chris\AppData\Local\Temp\ipykernel_4436\3007420965.py", line 73, in <module>
    runpy.run_path(str(script_path), run_name="__main__")
  File "<frozen runpy>", line 287, in run_path
  File "<frozen runpy>", line 98, in _run_module_code
  File "<frozen runpy>", line 88, in _run_code
  File "C:\Users\chris\Desktop\Code\TracesPresenter\Traces_presenter\Jupyter\Chaine\scripts_Mirabelle\function_coverage_Mirabelle.py", line 303, in <module>
    main(input_path, output_path, code_state_col=code_state_column)
  File "C:\Users\chris\Desktop\Code\TracesPresenter\Traces_presenter\Jupyter\Chaine\scripts_Mirabelle\function_coverage_Mirabelle.py", line 277, in main
    out.info(
Message: '  %s : %d fonction(s) traitée(s) (%d avec au moins un test réussi, %d par états de code distincts uniquement)'
Arguments: ('postuler.petrifie', 9, 9, 0)
--- Logging error ---
Traceback (most recent call last):
  File "c:\Users\chris\AppData\Local\Programs\Python\Python314\Lib\logging\__init__.py", line 1154, in emit
    stream.write(msg + self.terminator)
    ~~~~~~~~~~~~^^^^^^^^^^^^^^^^^^^^^^^
ValueError: I/O operation on closed file.
Call stack:
  File "<frozen runpy>", line 198, in _run_module_as_main
  File "<frozen runpy>", line 88, in _run_code
  File "C:\Users\chris\AppData\Roaming\Python\Python314\site-packages\ipykernel_launcher.py", line 18, in <module>
    app.launch_new_instance()
  File "C:\Users\chris\AppData\Roaming\Python\Python314\site-packages\traitlets\config\application.py", line 1082, in launch_instance
    app.start()
  File "C:\Users\chris\AppData\Roaming\Python\Python314\site-packages\ipykernel\kernelapp.py", line 758, in start
    self.io_loop.start()
  File "C:\Users\chris\AppData\Roaming\Python\Python314\site-packages\tornado\platform\asyncio.py", line 211, in start
    self.asyncio_loop.run_forever()
  File "c:\Users\chris\AppData\Local\Programs\Python\Python314\Lib\asyncio\base_events.py", line 677, in run_forever
    self._run_once()
  File "c:\Users\chris\AppData\Local\Programs\Python\Python314\Lib\asyncio\base_events.py", line 2046, in _run_once
    handle._run()
  File "c:\Users\chris\AppData\Local\Programs\Python\Python314\Lib\asyncio\events.py", line 94, in _run
    self._context.run(self._callback, *self._args)
  File "C:\Users\chris\AppData\Roaming\Python\Python314\site-packages\ipykernel\kernelbase.py", line 621, in shell_main
    await self.dispatch_shell(msg, subshell_id=subshell_id)
  File "C:\Users\chris\AppData\Roaming\Python\Python314\site-packages\ipykernel\kernelbase.py", line 478, in dispatch_shell
    await result
  File "C:\Users\chris\AppData\Roaming\Python\Python314\site-packages\ipykernel\ipkernel.py", line 372, in execute_request
    await super().execute_request(stream, ident, parent)
  File "C:\Users\chris\AppData\Roaming\Python\Python314\site-packages\ipykernel\kernelbase.py", line 834, in execute_request
    reply_content = await reply_content
  File "C:\Users\chris\AppData\Roaming\Python\Python314\site-packages\ipykernel\ipkernel.py", line 464, in do_execute
    res = shell.run_cell(
  File "C:\Users\chris\AppData\Roaming\Python\Python314\site-packages\ipykernel\zmqshell.py", line 663, in run_cell
    return super().run_cell(*args, **kwargs)
  File "C:\Users\chris\AppData\Roaming\Python\Python314\site-packages\IPython\core\interactiveshell.py", line 3170, in run_cell
    result = self._run_cell(
  File "C:\Users\chris\AppData\Roaming\Python\Python314\site-packages\IPython\core\interactiveshell.py", line 3225, in _run_cell
    result = runner(coro)
  File "C:\Users\chris\AppData\Roaming\Python\Python314\site-packages\IPython\core\async_helpers.py", line 128, in _pseudo_sync_runner
    coro.send(None)
  File "C:\Users\chris\AppData\Roaming\Python\Python314\site-packages\IPython\core\interactiveshell.py", line 3447, in run_cell_async
    has_raised = await self.run_ast_nodes(code_ast.body, cell_name,
  File "C:\Users\chris\AppData\Roaming\Python\Python314\site-packages\IPython\core\interactiveshell.py", line 3688, in run_ast_nodes
    if await self.run_code(code, result, async_=asy):
  File "C:\Users\chris\AppData\Roaming\Python\Python314\site-packages\IPython\core\interactiveshell.py", line 3748, in run_code
    exec(code_obj, self.user_global_ns, self.user_ns)
  File "C:\Users\chris\AppData\Local\Temp\ipykernel_4436\3007420965.py", line 73, in <module>
    runpy.run_path(str(script_path), run_name="__main__")
  File "<frozen runpy>", line 287, in run_path
  File "<frozen runpy>", line 98, in _run_module_code
  File "<frozen runpy>", line 88, in _run_code
  File "C:\Users\chris\Desktop\Code\TracesPresenter\Traces_presenter\Jupyter\Chaine\scripts_Mirabelle\function_coverage_Mirabelle.py", line 303, in <module>
    main(input_path, output_path, code_state_col=code_state_column)
  File "C:\Users\chris\Desktop\Code\TracesPresenter\Traces_presenter\Jupyter\Chaine\scripts_Mirabelle\function_coverage_Mirabelle.py", line 277, in main
    out.info(
Message: '  %s : %d fonction(s) traitée(s) (%d avec au moins un test réussi, %d par états de code distincts uniquement)'
Arguments: ('purifiera.tenonner', 0, 0, 0)
--- Logging error ---
Traceback (most recent call last):
  File "c:\Users\chris\AppData\Local\Programs\Python\Python314\Lib\logging\__init__.py", line 1154, in emit
    stream.write(msg + self.terminator)
    ~~~~~~~~~~~~^^^^^^^^^^^^^^^^^^^^^^^
ValueError: I/O operation on closed file.
Call stack:
  File "<frozen runpy>", line 198, in _run_module_as_main
  File "<frozen runpy>", line 88, in _run_code
  File "C:\Users\chris\AppData\Roaming\Python\Python314\site-packages\ipykernel_launcher.py", line 18, in <module>
    app.launch_new_instance()
  File "C:\Users\chris\AppData\Roaming\Python\Python314\site-packages\traitlets\config\application.py", line 1082, in launch_instance
    app.start()
  File "C:\Users\chris\AppData\Roaming\Python\Python314\site-packages\ipykernel\kernelapp.py", line 758, in start
    self.io_loop.start()
  File "C:\Users\chris\AppData\Roaming\Python\Python314\site-packages\tornado\platform\asyncio.py", line 211, in start
    self.asyncio_loop.run_forever()
  File "c:\Users\chris\AppData\Local\Programs\Python\Python314\Lib\asyncio\base_events.py", line 677, in run_forever
    self._run_once()
  File "c:\Users\chris\AppData\Local\Programs\Python\Python314\Lib\asyncio\base_events.py", line 2046, in _run_once
    handle._run()
  File "c:\Users\chris\AppData\Local\Programs\Python\Python314\Lib\asyncio\events.py", line 94, in _run
    self._context.run(self._callback, *self._args)
  File "C:\Users\chris\AppData\Roaming\Python\Python314\site-packages\ipykernel\kernelbase.py", line 621, in shell_main
    await self.dispatch_shell(msg, subshell_id=subshell_id)
  File "C:\Users\chris\AppData\Roaming\Python\Python314\site-packages\ipykernel\kernelbase.py", line 478, in dispatch_shell
    await result
  File "C:\Users\chris\AppData\Roaming\Python\Python314\site-packages\ipykernel\ipkernel.py", line 372, in execute_request
    await super().execute_request(stream, ident, parent)
  File "C:\Users\chris\AppData\Roaming\Python\Python314\site-packages\ipykernel\kernelbase.py", line 834, in execute_request
    reply_content = await reply_content
  File "C:\Users\chris\AppData\Roaming\Python\Python314\site-packages\ipykernel\ipkernel.py", line 464, in do_execute
    res = shell.run_cell(
  File "C:\Users\chris\AppData\Roaming\Python\Python314\site-packages\ipykernel\zmqshell.py", line 663, in run_cell
    return super().run_cell(*args, **kwargs)
  File "C:\Users\chris\AppData\Roaming\Python\Python314\site-packages\IPython\core\interactiveshell.py", line 3170, in run_cell
    result = self._run_cell(
  File "C:\Users\chris\AppData\Roaming\Python\Python314\site-packages\IPython\core\interactiveshell.py", line 3225, in _run_cell
    result = runner(coro)
  File "C:\Users\chris\AppData\Roaming\Python\Python314\site-packages\IPython\core\async_helpers.py", line 128, in _pseudo_sync_runner
    coro.send(None)
  File "C:\Users\chris\AppData\Roaming\Python\Python314\site-packages\IPython\core\interactiveshell.py", line 3447, in run_cell_async
    has_raised = await self.run_ast_nodes(code_ast.body, cell_name,
  File "C:\Users\chris\AppData\Roaming\Python\Python314\site-packages\IPython\core\interactiveshell.py", line 3688, in run_ast_nodes
    if await self.run_code(code, result, async_=asy):
  File "C:\Users\chris\AppData\Roaming\Python\Python314\site-packages\IPython\core\interactiveshell.py", line 3748, in run_code
    exec(code_obj, self.user_global_ns, self.user_ns)
  File "C:\Users\chris\AppData\Local\Temp\ipykernel_4436\3007420965.py", line 73, in <module>
    runpy.run_path(str(script_path), run_name="__main__")
  File "<frozen runpy>", line 287, in run_path
  File "<frozen runpy>", line 98, in _run_module_code
  File "<frozen runpy>", line 88, in _run_code
  File "C:\Users\chris\Desktop\Code\TracesPresenter\Traces_presenter\Jupyter\Chaine\scripts_Mirabelle\function_coverage_Mirabelle.py", line 303, in <module>
    main(input_path, output_path, code_state_col=code_state_column)
  File "C:\Users\chris\Desktop\Code\TracesPresenter\Traces_presenter\Jupyter\Chaine\scripts_Mirabelle\function_coverage_Mirabelle.py", line 277, in main
    out.info(
Message: '  %s : %d fonction(s) traitée(s) (%d avec au moins un test réussi, %d par états de code distincts uniquement)'
Arguments: ('rayonnage.atterrait', 1, 1, 0)
--- Logging error ---
Traceback (most recent call last):
  File "c:\Users\chris\AppData\Local\Programs\Python\Python314\Lib\logging\__init__.py", line 1154, in emit
    stream.write(msg + self.terminator)
    ~~~~~~~~~~~~^^^^^^^^^^^^^^^^^^^^^^^
ValueError: I/O operation on closed file.
Call stack:
  File "<frozen runpy>", line 198, in _run_module_as_main
  File "<frozen runpy>", line 88, in _run_code
  File "C:\Users\chris\AppData\Roaming\Python\Python314\site-packages\ipykernel_launcher.py", line 18, in <module>
    app.launch_new_instance()
  File "C:\Users\chris\AppData\Roaming\Python\Python314\site-packages\traitlets\config\application.py", line 1082, in launch_instance
    app.start()
  File "C:\Users\chris\AppData\Roaming\Python\Python314\site-packages\ipykernel\kernelapp.py", line 758, in start
    self.io_loop.start()
  File "C:\Users\chris\AppData\Roaming\Python\Python314\site-packages\tornado\platform\asyncio.py", line 211, in start
    self.asyncio_loop.run_forever()
  File "c:\Users\chris\AppData\Local\Programs\Python\Python314\Lib\asyncio\base_events.py", line 677, in run_forever
    self._run_once()
  File "c:\Users\chris\AppData\Local\Programs\Python\Python314\Lib\asyncio\base_events.py", line 2046, in _run_once
    handle._run()
  File "c:\Users\chris\AppData\Local\Programs\Python\Python314\Lib\asyncio\events.py", line 94, in _run
    self._context.run(self._callback, *self._args)
  File "C:\Users\chris\AppData\Roaming\Python\Python314\site-packages\ipykernel\kernelbase.py", line 621, in shell_main
    await self.dispatch_shell(msg, subshell_id=subshell_id)
  File "C:\Users\chris\AppData\Roaming\Python\Python314\site-packages\ipykernel\kernelbase.py", line 478, in dispatch_shell
    await result
  File "C:\Users\chris\AppData\Roaming\Python\Python314\site-packages\ipykernel\ipkernel.py", line 372, in execute_request
    await super().execute_request(stream, ident, parent)
  File "C:\Users\chris\AppData\Roaming\Python\Python314\site-packages\ipykernel\kernelbase.py", line 834, in execute_request
    reply_content = await reply_content
  File "C:\Users\chris\AppData\Roaming\Python\Python314\site-packages\ipykernel\ipkernel.py", line 464, in do_execute
    res = shell.run_cell(
  File "C:\Users\chris\AppData\Roaming\Python\Python314\site-packages\ipykernel\zmqshell.py", line 663, in run_cell
    return super().run_cell(*args, **kwargs)
  File "C:\Users\chris\AppData\Roaming\Python\Python314\site-packages\IPython\core\interactiveshell.py", line 3170, in run_cell
    result = self._run_cell(
  File "C:\Users\chris\AppData\Roaming\Python\Python314\site-packages\IPython\core\interactiveshell.py", line 3225, in _run_cell
    result = runner(coro)
  File "C:\Users\chris\AppData\Roaming\Python\Python314\site-packages\IPython\core\async_helpers.py", line 128, in _pseudo_sync_runner
    coro.send(None)
  File "C:\Users\chris\AppData\Roaming\Python\Python314\site-packages\IPython\core\interactiveshell.py", line 3447, in run_cell_async
    has_raised = await self.run_ast_nodes(code_ast.body, cell_name,
  File "C:\Users\chris\AppData\Roaming\Python\Python314\site-packages\IPython\core\interactiveshell.py", line 3688, in run_ast_nodes
    if await self.run_code(code, result, async_=asy):
  File "C:\Users\chris\AppData\Roaming\Python\Python314\site-packages\IPython\core\interactiveshell.py", line 3748, in run_code
    exec(code_obj, self.user_global_ns, self.user_ns)
  File "C:\Users\chris\AppData\Local\Temp\ipykernel_4436\3007420965.py", line 73, in <module>
    runpy.run_path(str(script_path), run_name="__main__")
  File "<frozen runpy>", line 287, in run_path
  File "<frozen runpy>", line 98, in _run_module_code
  File "<frozen runpy>", line 88, in _run_code
  File "C:\Users\chris\Desktop\Code\TracesPresenter\Traces_presenter\Jupyter\Chaine\scripts_Mirabelle\function_coverage_Mirabelle.py", line 303, in <module>
    main(input_path, output_path, code_state_col=code_state_column)
  File "C:\Users\chris\Desktop\Code\TracesPresenter\Traces_presenter\Jupyter\Chaine\scripts_Mirabelle\function_coverage_Mirabelle.py", line 277, in main
    out.info(
Message: '  %s : %d fonction(s) traitée(s) (%d avec au moins un test réussi, %d par états de code distincts uniquement)'
Arguments: ('reclus.ridee', 0, 0, 0)
--- Logging error ---
Traceback (most recent call last):
  File "c:\Users\chris\AppData\Local\Programs\Python\Python314\Lib\logging\__init__.py", line 1154, in emit
    stream.write(msg + self.terminator)
    ~~~~~~~~~~~~^^^^^^^^^^^^^^^^^^^^^^^
ValueError: I/O operation on closed file.
Call stack:
  File "<frozen runpy>", line 198, in _run_module_as_main
  File "<frozen runpy>", line 88, in _run_code
  File "C:\Users\chris\AppData\Roaming\Python\Python314\site-packages\ipykernel_launcher.py", line 18, in <module>
    app.launch_new_instance()
  File "C:\Users\chris\AppData\Roaming\Python\Python314\site-packages\traitlets\config\application.py", line 1082, in launch_instance
    app.start()
  File "C:\Users\chris\AppData\Roaming\Python\Python314\site-packages\ipykernel\kernelapp.py", line 758, in start
    self.io_loop.start()
  File "C:\Users\chris\AppData\Roaming\Python\Python314\site-packages\tornado\platform\asyncio.py", line 211, in start
    self.asyncio_loop.run_forever()
  File "c:\Users\chris\AppData\Local\Programs\Python\Python314\Lib\asyncio\base_events.py", line 677, in run_forever
    self._run_once()
  File "c:\Users\chris\AppData\Local\Programs\Python\Python314\Lib\asyncio\base_events.py", line 2046, in _run_once
    handle._run()
  File "c:\Users\chris\AppData\Local\Programs\Python\Python314\Lib\asyncio\events.py", line 94, in _run
    self._context.run(self._callback, *self._args)
  File "C:\Users\chris\AppData\Roaming\Python\Python314\site-packages\ipykernel\kernelbase.py", line 621, in shell_main
    await self.dispatch_shell(msg, subshell_id=subshell_id)
  File "C:\Users\chris\AppData\Roaming\Python\Python314\site-packages\ipykernel\kernelbase.py", line 478, in dispatch_shell
    await result
  File "C:\Users\chris\AppData\Roaming\Python\Python314\site-packages\ipykernel\ipkernel.py", line 372, in execute_request
    await super().execute_request(stream, ident, parent)
  File "C:\Users\chris\AppData\Roaming\Python\Python314\site-packages\ipykernel\kernelbase.py", line 834, in execute_request
    reply_content = await reply_content
  File "C:\Users\chris\AppData\Roaming\Python\Python314\site-packages\ipykernel\ipkernel.py", line 464, in do_execute
    res = shell.run_cell(
  File "C:\Users\chris\AppData\Roaming\Python\Python314\site-packages\ipykernel\zmqshell.py", line 663, in run_cell
    return super().run_cell(*args, **kwargs)
  File "C:\Users\chris\AppData\Roaming\Python\Python314\site-packages\IPython\core\interactiveshell.py", line 3170, in run_cell
    result = self._run_cell(
  File "C:\Users\chris\AppData\Roaming\Python\Python314\site-packages\IPython\core\interactiveshell.py", line 3225, in _run_cell
    result = runner(coro)
  File "C:\Users\chris\AppData\Roaming\Python\Python314\site-packages\IPython\core\async_helpers.py", line 128, in _pseudo_sync_runner
    coro.send(None)
  File "C:\Users\chris\AppData\Roaming\Python\Python314\site-packages\IPython\core\interactiveshell.py", line 3447, in run_cell_async
    has_raised = await self.run_ast_nodes(code_ast.body, cell_name,
  File "C:\Users\chris\AppData\Roaming\Python\Python314\site-packages\IPython\core\interactiveshell.py", line 3688, in run_ast_nodes
    if await self.run_code(code, result, async_=asy):
  File "C:\Users\chris\AppData\Roaming\Python\Python314\site-packages\IPython\core\interactiveshell.py", line 3748, in run_code
    exec(code_obj, self.user_global_ns, self.user_ns)
  File "C:\Users\chris\AppData\Local\Temp\ipykernel_4436\3007420965.py", line 73, in <module>
    runpy.run_path(str(script_path), run_name="__main__")
  File "<frozen runpy>", line 287, in run_path
  File "<frozen runpy>", line 98, in _run_module_code
  File "<frozen runpy>", line 88, in _run_code
  File "C:\Users\chris\Desktop\Code\TracesPresenter\Traces_presenter\Jupyter\Chaine\scripts_Mirabelle\function_coverage_Mirabelle.py", line 303, in <module>
    main(input_path, output_path, code_state_col=code_state_column)
  File "C:\Users\chris\Desktop\Code\TracesPresenter\Traces_presenter\Jupyter\Chaine\scripts_Mirabelle\function_coverage_Mirabelle.py", line 277, in main
    out.info(
Message: '  %s : %d fonction(s) traitée(s) (%d avec au moins un test réussi, %d par états de code distincts uniquement)'
Arguments: ('recousons.faisais', 0, 0, 0)
--- Logging error ---
Traceback (most recent call last):
  File "c:\Users\chris\AppData\Local\Programs\Python\Python314\Lib\logging\__init__.py", line 1154, in emit
    stream.write(msg + self.terminator)
    ~~~~~~~~~~~~^^^^^^^^^^^^^^^^^^^^^^^
ValueError: I/O operation on closed file.
Call stack:
  File "<frozen runpy>", line 198, in _run_module_as_main
  File "<frozen runpy>", line 88, in _run_code
  File "C:\Users\chris\AppData\Roaming\Python\Python314\site-packages\ipykernel_launcher.py", line 18, in <module>
    app.launch_new_instance()
  File "C:\Users\chris\AppData\Roaming\Python\Python314\site-packages\traitlets\config\application.py", line 1082, in launch_instance
    app.start()
  File "C:\Users\chris\AppData\Roaming\Python\Python314\site-packages\ipykernel\kernelapp.py", line 758, in start
    self.io_loop.start()
  File "C:\Users\chris\AppData\Roaming\Python\Python314\site-packages\tornado\platform\asyncio.py", line 211, in start
    self.asyncio_loop.run_forever()
  File "c:\Users\chris\AppData\Local\Programs\Python\Python314\Lib\asyncio\base_events.py", line 677, in run_forever
    self._run_once()
  File "c:\Users\chris\AppData\Local\Programs\Python\Python314\Lib\asyncio\base_events.py", line 2046, in _run_once
    handle._run()
  File "c:\Users\chris\AppData\Local\Programs\Python\Python314\Lib\asyncio\events.py", line 94, in _run
    self._context.run(self._callback, *self._args)
  File "C:\Users\chris\AppData\Roaming\Python\Python314\site-packages\ipykernel\kernelbase.py", line 621, in shell_main
    await self.dispatch_shell(msg, subshell_id=subshell_id)
  File "C:\Users\chris\AppData\Roaming\Python\Python314\site-packages\ipykernel\kernelbase.py", line 478, in dispatch_shell
    await result
  File "C:\Users\chris\AppData\Roaming\Python\Python314\site-packages\ipykernel\ipkernel.py", line 372, in execute_request
    await super().execute_request(stream, ident, parent)
  File "C:\Users\chris\AppData\Roaming\Python\Python314\site-packages\ipykernel\kernelbase.py", line 834, in execute_request
    reply_content = await reply_content
  File "C:\Users\chris\AppData\Roaming\Python\Python314\site-packages\ipykernel\ipkernel.py", line 464, in do_execute
    res = shell.run_cell(
  File "C:\Users\chris\AppData\Roaming\Python\Python314\site-packages\ipykernel\zmqshell.py", line 663, in run_cell
    return super().run_cell(*args, **kwargs)
  File "C:\Users\chris\AppData\Roaming\Python\Python314\site-packages\IPython\core\interactiveshell.py", line 3170, in run_cell
    result = self._run_cell(
  File "C:\Users\chris\AppData\Roaming\Python\Python314\site-packages\IPython\core\interactiveshell.py", line 3225, in _run_cell
    result = runner(coro)
  File "C:\Users\chris\AppData\Roaming\Python\Python314\site-packages\IPython\core\async_helpers.py", line 128, in _pseudo_sync_runner
    coro.send(None)
  File "C:\Users\chris\AppData\Roaming\Python\Python314\site-packages\IPython\core\interactiveshell.py", line 3447, in run_cell_async
    has_raised = await self.run_ast_nodes(code_ast.body, cell_name,
  File "C:\Users\chris\AppData\Roaming\Python\Python314\site-packages\IPython\core\interactiveshell.py", line 3688, in run_ast_nodes
    if await self.run_code(code, result, async_=asy):
  File "C:\Users\chris\AppData\Roaming\Python\Python314\site-packages\IPython\core\interactiveshell.py", line 3748, in run_code
    exec(code_obj, self.user_global_ns, self.user_ns)
  File "C:\Users\chris\AppData\Local\Temp\ipykernel_4436\3007420965.py", line 73, in <module>
    runpy.run_path(str(script_path), run_name="__main__")
  File "<frozen runpy>", line 287, in run_path
  File "<frozen runpy>", line 98, in _run_module_code
  File "<frozen runpy>", line 88, in _run_code
  File "C:\Users\chris\Desktop\Code\TracesPresenter\Traces_presenter\Jupyter\Chaine\scripts_Mirabelle\function_coverage_Mirabelle.py", line 303, in <module>
    main(input_path, output_path, code_state_col=code_state_column)
  File "C:\Users\chris\Desktop\Code\TracesPresenter\Traces_presenter\Jupyter\Chaine\scripts_Mirabelle\function_coverage_Mirabelle.py", line 277, in main
    out.info(
Message: '  %s : %d fonction(s) traitée(s) (%d avec au moins un test réussi, %d par états de code distincts uniquement)'
Arguments: ('reculs.levais', 0, 0, 0)
--- Logging error ---
Traceback (most recent call last):
  File "c:\Users\chris\AppData\Local\Programs\Python\Python314\Lib\logging\__init__.py", line 1154, in emit
    stream.write(msg + self.terminator)
    ~~~~~~~~~~~~^^^^^^^^^^^^^^^^^^^^^^^
ValueError: I/O operation on closed file.
Call stack:
  File "<frozen runpy>", line 198, in _run_module_as_main
  File "<frozen runpy>", line 88, in _run_code
  File "C:\Users\chris\AppData\Roaming\Python\Python314\site-packages\ipykernel_launcher.py", line 18, in <module>
    app.launch_new_instance()
  File "C:\Users\chris\AppData\Roaming\Python\Python314\site-packages\traitlets\config\application.py", line 1082, in launch_instance
    app.start()
  File "C:\Users\chris\AppData\Roaming\Python\Python314\site-packages\ipykernel\kernelapp.py", line 758, in start
    self.io_loop.start()
  File "C:\Users\chris\AppData\Roaming\Python\Python314\site-packages\tornado\platform\asyncio.py", line 211, in start
    self.asyncio_loop.run_forever()
  File "c:\Users\chris\AppData\Local\Programs\Python\Python314\Lib\asyncio\base_events.py", line 677, in run_forever
    self._run_once()
  File "c:\Users\chris\AppData\Local\Programs\Python\Python314\Lib\asyncio\base_events.py", line 2046, in _run_once
    handle._run()
  File "c:\Users\chris\AppData\Local\Programs\Python\Python314\Lib\asyncio\events.py", line 94, in _run
    self._context.run(self._callback, *self._args)
  File "C:\Users\chris\AppData\Roaming\Python\Python314\site-packages\ipykernel\kernelbase.py", line 621, in shell_main
    await self.dispatch_shell(msg, subshell_id=subshell_id)
  File "C:\Users\chris\AppData\Roaming\Python\Python314\site-packages\ipykernel\kernelbase.py", line 478, in dispatch_shell
    await result
  File "C:\Users\chris\AppData\Roaming\Python\Python314\site-packages\ipykernel\ipkernel.py", line 372, in execute_request
    await super().execute_request(stream, ident, parent)
  File "C:\Users\chris\AppData\Roaming\Python\Python314\site-packages\ipykernel\kernelbase.py", line 834, in execute_request
    reply_content = await reply_content
  File "C:\Users\chris\AppData\Roaming\Python\Python314\site-packages\ipykernel\ipkernel.py", line 464, in do_execute
    res = shell.run_cell(
  File "C:\Users\chris\AppData\Roaming\Python\Python314\site-packages\ipykernel\zmqshell.py", line 663, in run_cell
    return super().run_cell(*args, **kwargs)
  File "C:\Users\chris\AppData\Roaming\Python\Python314\site-packages\IPython\core\interactiveshell.py", line 3170, in run_cell
    result = self._run_cell(
  File "C:\Users\chris\AppData\Roaming\Python\Python314\site-packages\IPython\core\interactiveshell.py", line 3225, in _run_cell
    result = runner(coro)
  File "C:\Users\chris\AppData\Roaming\Python\Python314\site-packages\IPython\core\async_helpers.py", line 128, in _pseudo_sync_runner
    coro.send(None)
  File "C:\Users\chris\AppData\Roaming\Python\Python314\site-packages\IPython\core\interactiveshell.py", line 3447, in run_cell_async
    has_raised = await self.run_ast_nodes(code_ast.body, cell_name,
  File "C:\Users\chris\AppData\Roaming\Python\Python314\site-packages\IPython\core\interactiveshell.py", line 3688, in run_ast_nodes
    if await self.run_code(code, result, async_=asy):
  File "C:\Users\chris\AppData\Roaming\Python\Python314\site-packages\IPython\core\interactiveshell.py", line 3748, in run_code
    exec(code_obj, self.user_global_ns, self.user_ns)
  File "C:\Users\chris\AppData\Local\Temp\ipykernel_4436\3007420965.py", line 73, in <module>
    runpy.run_path(str(script_path), run_name="__main__")
  File "<frozen runpy>", line 287, in run_path
  File "<frozen runpy>", line 98, in _run_module_code
  File "<frozen runpy>", line 88, in _run_code
  File "C:\Users\chris\Desktop\Code\TracesPresenter\Traces_presenter\Jupyter\Chaine\scripts_Mirabelle\function_coverage_Mirabelle.py", line 303, in <module>
    main(input_path, output_path, code_state_col=code_state_column)
  File "C:\Users\chris\Desktop\Code\TracesPresenter\Traces_presenter\Jupyter\Chaine\scripts_Mirabelle\function_coverage_Mirabelle.py", line 277, in main
    out.info(
Message: '  %s : %d fonction(s) traitée(s) (%d avec au moins un test réussi, %d par états de code distincts uniquement)'
Arguments: ('refondrez.purifies', 0, 0, 0)
--- Logging error ---
Traceback (most recent call last):
  File "c:\Users\chris\AppData\Local\Programs\Python\Python314\Lib\logging\__init__.py", line 1154, in emit
    stream.write(msg + self.terminator)
    ~~~~~~~~~~~~^^^^^^^^^^^^^^^^^^^^^^^
ValueError: I/O operation on closed file.
Call stack:
  File "<frozen runpy>", line 198, in _run_module_as_main
  File "<frozen runpy>", line 88, in _run_code
  File "C:\Users\chris\AppData\Roaming\Python\Python314\site-packages\ipykernel_launcher.py", line 18, in <module>
    app.launch_new_instance()
  File "C:\Users\chris\AppData\Roaming\Python\Python314\site-packages\traitlets\config\application.py", line 1082, in launch_instance
    app.start()
  File "C:\Users\chris\AppData\Roaming\Python\Python314\site-packages\ipykernel\kernelapp.py", line 758, in start
    self.io_loop.start()
  File "C:\Users\chris\AppData\Roaming\Python\Python314\site-packages\tornado\platform\asyncio.py", line 211, in start
    self.asyncio_loop.run_forever()
  File "c:\Users\chris\AppData\Local\Programs\Python\Python314\Lib\asyncio\base_events.py", line 677, in run_forever
    self._run_once()
  File "c:\Users\chris\AppData\Local\Programs\Python\Python314\Lib\asyncio\base_events.py", line 2046, in _run_once
    handle._run()
  File "c:\Users\chris\AppData\Local\Programs\Python\Python314\Lib\asyncio\events.py", line 94, in _run
    self._context.run(self._callback, *self._args)
  File "C:\Users\chris\AppData\Roaming\Python\Python314\site-packages\ipykernel\kernelbase.py", line 621, in shell_main
    await self.dispatch_shell(msg, subshell_id=subshell_id)
  File "C:\Users\chris\AppData\Roaming\Python\Python314\site-packages\ipykernel\kernelbase.py", line 478, in dispatch_shell
    await result
  File "C:\Users\chris\AppData\Roaming\Python\Python314\site-packages\ipykernel\ipkernel.py", line 372, in execute_request
    await super().execute_request(stream, ident, parent)
  File "C:\Users\chris\AppData\Roaming\Python\Python314\site-packages\ipykernel\kernelbase.py", line 834, in execute_request
    reply_content = await reply_content
  File "C:\Users\chris\AppData\Roaming\Python\Python314\site-packages\ipykernel\ipkernel.py", line 464, in do_execute
    res = shell.run_cell(
  File "C:\Users\chris\AppData\Roaming\Python\Python314\site-packages\ipykernel\zmqshell.py", line 663, in run_cell
    return super().run_cell(*args, **kwargs)
  File "C:\Users\chris\AppData\Roaming\Python\Python314\site-packages\IPython\core\interactiveshell.py", line 3170, in run_cell
    result = self._run_cell(
  File "C:\Users\chris\AppData\Roaming\Python\Python314\site-packages\IPython\core\interactiveshell.py", line 3225, in _run_cell
    result = runner(coro)
  File "C:\Users\chris\AppData\Roaming\Python\Python314\site-packages\IPython\core\async_helpers.py", line 128, in _pseudo_sync_runner
    coro.send(None)
  File "C:\Users\chris\AppData\Roaming\Python\Python314\site-packages\IPython\core\interactiveshell.py", line 3447, in run_cell_async
    has_raised = await self.run_ast_nodes(code_ast.body, cell_name,
  File "C:\Users\chris\AppData\Roaming\Python\Python314\site-packages\IPython\core\interactiveshell.py", line 3688, in run_ast_nodes
    if await self.run_code(code, result, async_=asy):
  File "C:\Users\chris\AppData\Roaming\Python\Python314\site-packages\IPython\core\interactiveshell.py", line 3748, in run_code
    exec(code_obj, self.user_global_ns, self.user_ns)
  File "C:\Users\chris\AppData\Local\Temp\ipykernel_4436\3007420965.py", line 73, in <module>
    runpy.run_path(str(script_path), run_name="__main__")
  File "<frozen runpy>", line 287, in run_path
  File "<frozen runpy>", line 98, in _run_module_code
  File "<frozen runpy>", line 88, in _run_code
  File "C:\Users\chris\Desktop\Code\TracesPresenter\Traces_presenter\Jupyter\Chaine\scripts_Mirabelle\function_coverage_Mirabelle.py", line 303, in <module>
    main(input_path, output_path, code_state_col=code_state_column)
  File "C:\Users\chris\Desktop\Code\TracesPresenter\Traces_presenter\Jupyter\Chaine\scripts_Mirabelle\function_coverage_Mirabelle.py", line 277, in main
    out.info(
Message: '  %s : %d fonction(s) traitée(s) (%d avec au moins un test réussi, %d par états de code distincts uniquement)'
Arguments: ('reformais.glissais', 9, 9, 0)
--- Logging error ---
Traceback (most recent call last):
  File "c:\Users\chris\AppData\Local\Programs\Python\Python314\Lib\logging\__init__.py", line 1154, in emit
    stream.write(msg + self.terminator)
    ~~~~~~~~~~~~^^^^^^^^^^^^^^^^^^^^^^^
ValueError: I/O operation on closed file.
Call stack:
  File "<frozen runpy>", line 198, in _run_module_as_main
  File "<frozen runpy>", line 88, in _run_code
  File "C:\Users\chris\AppData\Roaming\Python\Python314\site-packages\ipykernel_launcher.py", line 18, in <module>
    app.launch_new_instance()
  File "C:\Users\chris\AppData\Roaming\Python\Python314\site-packages\traitlets\config\application.py", line 1082, in launch_instance
    app.start()
  File "C:\Users\chris\AppData\Roaming\Python\Python314\site-packages\ipykernel\kernelapp.py", line 758, in start
    self.io_loop.start()
  File "C:\Users\chris\AppData\Roaming\Python\Python314\site-packages\tornado\platform\asyncio.py", line 211, in start
    self.asyncio_loop.run_forever()
  File "c:\Users\chris\AppData\Local\Programs\Python\Python314\Lib\asyncio\base_events.py", line 677, in run_forever
    self._run_once()
  File "c:\Users\chris\AppData\Local\Programs\Python\Python314\Lib\asyncio\base_events.py", line 2046, in _run_once
    handle._run()
  File "c:\Users\chris\AppData\Local\Programs\Python\Python314\Lib\asyncio\events.py", line 94, in _run
    self._context.run(self._callback, *self._args)
  File "C:\Users\chris\AppData\Roaming\Python\Python314\site-packages\ipykernel\kernelbase.py", line 621, in shell_main
    await self.dispatch_shell(msg, subshell_id=subshell_id)
  File "C:\Users\chris\AppData\Roaming\Python\Python314\site-packages\ipykernel\kernelbase.py", line 478, in dispatch_shell
    await result
  File "C:\Users\chris\AppData\Roaming\Python\Python314\site-packages\ipykernel\ipkernel.py", line 372, in execute_request
    await super().execute_request(stream, ident, parent)
  File "C:\Users\chris\AppData\Roaming\Python\Python314\site-packages\ipykernel\kernelbase.py", line 834, in execute_request
    reply_content = await reply_content
  File "C:\Users\chris\AppData\Roaming\Python\Python314\site-packages\ipykernel\ipkernel.py", line 464, in do_execute
    res = shell.run_cell(
  File "C:\Users\chris\AppData\Roaming\Python\Python314\site-packages\ipykernel\zmqshell.py", line 663, in run_cell
    return super().run_cell(*args, **kwargs)
  File "C:\Users\chris\AppData\Roaming\Python\Python314\site-packages\IPython\core\interactiveshell.py", line 3170, in run_cell
    result = self._run_cell(
  File "C:\Users\chris\AppData\Roaming\Python\Python314\site-packages\IPython\core\interactiveshell.py", line 3225, in _run_cell
    result = runner(coro)
  File "C:\Users\chris\AppData\Roaming\Python\Python314\site-packages\IPython\core\async_helpers.py", line 128, in _pseudo_sync_runner
    coro.send(None)
  File "C:\Users\chris\AppData\Roaming\Python\Python314\site-packages\IPython\core\interactiveshell.py", line 3447, in run_cell_async
    has_raised = await self.run_ast_nodes(code_ast.body, cell_name,
  File "C:\Users\chris\AppData\Roaming\Python\Python314\site-packages\IPython\core\interactiveshell.py", line 3688, in run_ast_nodes
    if await self.run_code(code, result, async_=asy):
  File "C:\Users\chris\AppData\Roaming\Python\Python314\site-packages\IPython\core\interactiveshell.py", line 3748, in run_code
    exec(code_obj, self.user_global_ns, self.user_ns)
  File "C:\Users\chris\AppData\Local\Temp\ipykernel_4436\3007420965.py", line 73, in <module>
    runpy.run_path(str(script_path), run_name="__main__")
  File "<frozen runpy>", line 287, in run_path
  File "<frozen runpy>", line 98, in _run_module_code
  File "<frozen runpy>", line 88, in _run_code
  File "C:\Users\chris\Desktop\Code\TracesPresenter\Traces_presenter\Jupyter\Chaine\scripts_Mirabelle\function_coverage_Mirabelle.py", line 303, in <module>
    main(input_path, output_path, code_state_col=code_state_column)
  File "C:\Users\chris\Desktop\Code\TracesPresenter\Traces_presenter\Jupyter\Chaine\scripts_Mirabelle\function_coverage_Mirabelle.py", line 277, in main
    out.info(
Message: '  %s : %d fonction(s) traitée(s) (%d avec au moins un test réussi, %d par états de code distincts uniquement)'
Arguments: ('regreer.editee', 0, 0, 0)
--- Logging error ---
Traceback (most recent call last):
  File "c:\Users\chris\AppData\Local\Programs\Python\Python314\Lib\logging\__init__.py", line 1154, in emit
    stream.write(msg + self.terminator)
    ~~~~~~~~~~~~^^^^^^^^^^^^^^^^^^^^^^^
ValueError: I/O operation on closed file.
Call stack:
  File "<frozen runpy>", line 198, in _run_module_as_main
  File "<frozen runpy>", line 88, in _run_code
  File "C:\Users\chris\AppData\Roaming\Python\Python314\site-packages\ipykernel_launcher.py", line 18, in <module>
    app.launch_new_instance()
  File "C:\Users\chris\AppData\Roaming\Python\Python314\site-packages\traitlets\config\application.py", line 1082, in launch_instance
    app.start()
  File "C:\Users\chris\AppData\Roaming\Python\Python314\site-packages\ipykernel\kernelapp.py", line 758, in start
    self.io_loop.start()
  File "C:\Users\chris\AppData\Roaming\Python\Python314\site-packages\tornado\platform\asyncio.py", line 211, in start
    self.asyncio_loop.run_forever()
  File "c:\Users\chris\AppData\Local\Programs\Python\Python314\Lib\asyncio\base_events.py", line 677, in run_forever
    self._run_once()
  File "c:\Users\chris\AppData\Local\Programs\Python\Python314\Lib\asyncio\base_events.py", line 2046, in _run_once
    handle._run()
  File "c:\Users\chris\AppData\Local\Programs\Python\Python314\Lib\asyncio\events.py", line 94, in _run
    self._context.run(self._callback, *self._args)
  File "C:\Users\chris\AppData\Roaming\Python\Python314\site-packages\ipykernel\kernelbase.py", line 621, in shell_main
    await self.dispatch_shell(msg, subshell_id=subshell_id)
  File "C:\Users\chris\AppData\Roaming\Python\Python314\site-packages\ipykernel\kernelbase.py", line 478, in dispatch_shell
    await result
  File "C:\Users\chris\AppData\Roaming\Python\Python314\site-packages\ipykernel\ipkernel.py", line 372, in execute_request
    await super().execute_request(stream, ident, parent)
  File "C:\Users\chris\AppData\Roaming\Python\Python314\site-packages\ipykernel\kernelbase.py", line 834, in execute_request
    reply_content = await reply_content
  File "C:\Users\chris\AppData\Roaming\Python\Python314\site-packages\ipykernel\ipkernel.py", line 464, in do_execute
    res = shell.run_cell(
  File "C:\Users\chris\AppData\Roaming\Python\Python314\site-packages\ipykernel\zmqshell.py", line 663, in run_cell
    return super().run_cell(*args, **kwargs)
  File "C:\Users\chris\AppData\Roaming\Python\Python314\site-packages\IPython\core\interactiveshell.py", line 3170, in run_cell
    result = self._run_cell(
  File "C:\Users\chris\AppData\Roaming\Python\Python314\site-packages\IPython\core\interactiveshell.py", line 3225, in _run_cell
    result = runner(coro)
  File "C:\Users\chris\AppData\Roaming\Python\Python314\site-packages\IPython\core\async_helpers.py", line 128, in _pseudo_sync_runner
    coro.send(None)
  File "C:\Users\chris\AppData\Roaming\Python\Python314\site-packages\IPython\core\interactiveshell.py", line 3447, in run_cell_async
    has_raised = await self.run_ast_nodes(code_ast.body, cell_name,
  File "C:\Users\chris\AppData\Roaming\Python\Python314\site-packages\IPython\core\interactiveshell.py", line 3688, in run_ast_nodes
    if await self.run_code(code, result, async_=asy):
  File "C:\Users\chris\AppData\Roaming\Python\Python314\site-packages\IPython\core\interactiveshell.py", line 3748, in run_code
    exec(code_obj, self.user_global_ns, self.user_ns)
  File "C:\Users\chris\AppData\Local\Temp\ipykernel_4436\3007420965.py", line 73, in <module>
    runpy.run_path(str(script_path), run_name="__main__")
  File "<frozen runpy>", line 287, in run_path
  File "<frozen runpy>", line 98, in _run_module_code
  File "<frozen runpy>", line 88, in _run_code
  File "C:\Users\chris\Desktop\Code\TracesPresenter\Traces_presenter\Jupyter\Chaine\scripts_Mirabelle\function_coverage_Mirabelle.py", line 303, in <module>
    main(input_path, output_path, code_state_col=code_state_column)
  File "C:\Users\chris\Desktop\Code\TracesPresenter\Traces_presenter\Jupyter\Chaine\scripts_Mirabelle\function_coverage_Mirabelle.py", line 277, in main
    out.info(
Message: '  %s : %d fonction(s) traitée(s) (%d avec au moins un test réussi, %d par états de code distincts uniquement)'
Arguments: ('rigidites.refais', 0, 0, 0)
--- Logging error ---
Traceback (most recent call last):
  File "c:\Users\chris\AppData\Local\Programs\Python\Python314\Lib\logging\__init__.py", line 1154, in emit
    stream.write(msg + self.terminator)
    ~~~~~~~~~~~~^^^^^^^^^^^^^^^^^^^^^^^
ValueError: I/O operation on closed file.
Call stack:
  File "<frozen runpy>", line 198, in _run_module_as_main
  File "<frozen runpy>", line 88, in _run_code
  File "C:\Users\chris\AppData\Roaming\Python\Python314\site-packages\ipykernel_launcher.py", line 18, in <module>
    app.launch_new_instance()
  File "C:\Users\chris\AppData\Roaming\Python\Python314\site-packages\traitlets\config\application.py", line 1082, in launch_instance
    app.start()
  File "C:\Users\chris\AppData\Roaming\Python\Python314\site-packages\ipykernel\kernelapp.py", line 758, in start
    self.io_loop.start()
  File "C:\Users\chris\AppData\Roaming\Python\Python314\site-packages\tornado\platform\asyncio.py", line 211, in start
    self.asyncio_loop.run_forever()
  File "c:\Users\chris\AppData\Local\Programs\Python\Python314\Lib\asyncio\base_events.py", line 677, in run_forever
    self._run_once()
  File "c:\Users\chris\AppData\Local\Programs\Python\Python314\Lib\asyncio\base_events.py", line 2046, in _run_once
    handle._run()
  File "c:\Users\chris\AppData\Local\Programs\Python\Python314\Lib\asyncio\events.py", line 94, in _run
    self._context.run(self._callback, *self._args)
  File "C:\Users\chris\AppData\Roaming\Python\Python314\site-packages\ipykernel\kernelbase.py", line 621, in shell_main
    await self.dispatch_shell(msg, subshell_id=subshell_id)
  File "C:\Users\chris\AppData\Roaming\Python\Python314\site-packages\ipykernel\kernelbase.py", line 478, in dispatch_shell
    await result
  File "C:\Users\chris\AppData\Roaming\Python\Python314\site-packages\ipykernel\ipkernel.py", line 372, in execute_request
    await super().execute_request(stream, ident, parent)
  File "C:\Users\chris\AppData\Roaming\Python\Python314\site-packages\ipykernel\kernelbase.py", line 834, in execute_request
    reply_content = await reply_content
  File "C:\Users\chris\AppData\Roaming\Python\Python314\site-packages\ipykernel\ipkernel.py", line 464, in do_execute
    res = shell.run_cell(
  File "C:\Users\chris\AppData\Roaming\Python\Python314\site-packages\ipykernel\zmqshell.py", line 663, in run_cell
    return super().run_cell(*args, **kwargs)
  File "C:\Users\chris\AppData\Roaming\Python\Python314\site-packages\IPython\core\interactiveshell.py", line 3170, in run_cell
    result = self._run_cell(
  File "C:\Users\chris\AppData\Roaming\Python\Python314\site-packages\IPython\core\interactiveshell.py", line 3225, in _run_cell
    result = runner(coro)
  File "C:\Users\chris\AppData\Roaming\Python\Python314\site-packages\IPython\core\async_helpers.py", line 128, in _pseudo_sync_runner
    coro.send(None)
  File "C:\Users\chris\AppData\Roaming\Python\Python314\site-packages\IPython\core\interactiveshell.py", line 3447, in run_cell_async
    has_raised = await self.run_ast_nodes(code_ast.body, cell_name,
  File "C:\Users\chris\AppData\Roaming\Python\Python314\site-packages\IPython\core\interactiveshell.py", line 3688, in run_ast_nodes
    if await self.run_code(code, result, async_=asy):
  File "C:\Users\chris\AppData\Roaming\Python\Python314\site-packages\IPython\core\interactiveshell.py", line 3748, in run_code
    exec(code_obj, self.user_global_ns, self.user_ns)
  File "C:\Users\chris\AppData\Local\Temp\ipykernel_4436\3007420965.py", line 73, in <module>
    runpy.run_path(str(script_path), run_name="__main__")
  File "<frozen runpy>", line 287, in run_path
  File "<frozen runpy>", line 98, in _run_module_code
  File "<frozen runpy>", line 88, in _run_code
  File "C:\Users\chris\Desktop\Code\TracesPresenter\Traces_presenter\Jupyter\Chaine\scripts_Mirabelle\function_coverage_Mirabelle.py", line 303, in <module>
    main(input_path, output_path, code_state_col=code_state_column)
  File "C:\Users\chris\Desktop\Code\TracesPresenter\Traces_presenter\Jupyter\Chaine\scripts_Mirabelle\function_coverage_Mirabelle.py", line 277, in main
    out.info(
Message: '  %s : %d fonction(s) traitée(s) (%d avec au moins un test réussi, %d par états de code distincts uniquement)'
Arguments: ('roulant.vrilla', 0, 0, 0)
--- Logging error ---
Traceback (most recent call last):
  File "c:\Users\chris\AppData\Local\Programs\Python\Python314\Lib\logging\__init__.py", line 1154, in emit
    stream.write(msg + self.terminator)
    ~~~~~~~~~~~~^^^^^^^^^^^^^^^^^^^^^^^
ValueError: I/O operation on closed file.
Call stack:
  File "<frozen runpy>", line 198, in _run_module_as_main
  File "<frozen runpy>", line 88, in _run_code
  File "C:\Users\chris\AppData\Roaming\Python\Python314\site-packages\ipykernel_launcher.py", line 18, in <module>
    app.launch_new_instance()
  File "C:\Users\chris\AppData\Roaming\Python\Python314\site-packages\traitlets\config\application.py", line 1082, in launch_instance
    app.start()
  File "C:\Users\chris\AppData\Roaming\Python\Python314\site-packages\ipykernel\kernelapp.py", line 758, in start
    self.io_loop.start()
  File "C:\Users\chris\AppData\Roaming\Python\Python314\site-packages\tornado\platform\asyncio.py", line 211, in start
    self.asyncio_loop.run_forever()
  File "c:\Users\chris\AppData\Local\Programs\Python\Python314\Lib\asyncio\base_events.py", line 677, in run_forever
    self._run_once()
  File "c:\Users\chris\AppData\Local\Programs\Python\Python314\Lib\asyncio\base_events.py", line 2046, in _run_once
    handle._run()
  File "c:\Users\chris\AppData\Local\Programs\Python\Python314\Lib\asyncio\events.py", line 94, in _run
    self._context.run(self._callback, *self._args)
  File "C:\Users\chris\AppData\Roaming\Python\Python314\site-packages\ipykernel\kernelbase.py", line 621, in shell_main
    await self.dispatch_shell(msg, subshell_id=subshell_id)
  File "C:\Users\chris\AppData\Roaming\Python\Python314\site-packages\ipykernel\kernelbase.py", line 478, in dispatch_shell
    await result
  File "C:\Users\chris\AppData\Roaming\Python\Python314\site-packages\ipykernel\ipkernel.py", line 372, in execute_request
    await super().execute_request(stream, ident, parent)
  File "C:\Users\chris\AppData\Roaming\Python\Python314\site-packages\ipykernel\kernelbase.py", line 834, in execute_request
    reply_content = await reply_content
  File "C:\Users\chris\AppData\Roaming\Python\Python314\site-packages\ipykernel\ipkernel.py", line 464, in do_execute
    res = shell.run_cell(
  File "C:\Users\chris\AppData\Roaming\Python\Python314\site-packages\ipykernel\zmqshell.py", line 663, in run_cell
    return super().run_cell(*args, **kwargs)
  File "C:\Users\chris\AppData\Roaming\Python\Python314\site-packages\IPython\core\interactiveshell.py", line 3170, in run_cell
    result = self._run_cell(
  File "C:\Users\chris\AppData\Roaming\Python\Python314\site-packages\IPython\core\interactiveshell.py", line 3225, in _run_cell
    result = runner(coro)
  File "C:\Users\chris\AppData\Roaming\Python\Python314\site-packages\IPython\core\async_helpers.py", line 128, in _pseudo_sync_runner
    coro.send(None)
  File "C:\Users\chris\AppData\Roaming\Python\Python314\site-packages\IPython\core\interactiveshell.py", line 3447, in run_cell_async
    has_raised = await self.run_ast_nodes(code_ast.body, cell_name,
  File "C:\Users\chris\AppData\Roaming\Python\Python314\site-packages\IPython\core\interactiveshell.py", line 3688, in run_ast_nodes
    if await self.run_code(code, result, async_=asy):
  File "C:\Users\chris\AppData\Roaming\Python\Python314\site-packages\IPython\core\interactiveshell.py", line 3748, in run_code
    exec(code_obj, self.user_global_ns, self.user_ns)
  File "C:\Users\chris\AppData\Local\Temp\ipykernel_4436\3007420965.py", line 73, in <module>
    runpy.run_path(str(script_path), run_name="__main__")
  File "<frozen runpy>", line 287, in run_path
  File "<frozen runpy>", line 98, in _run_module_code
  File "<frozen runpy>", line 88, in _run_code
  File "C:\Users\chris\Desktop\Code\TracesPresenter\Traces_presenter\Jupyter\Chaine\scripts_Mirabelle\function_coverage_Mirabelle.py", line 303, in <module>
    main(input_path, output_path, code_state_col=code_state_column)
  File "C:\Users\chris\Desktop\Code\TracesPresenter\Traces_presenter\Jupyter\Chaine\scripts_Mirabelle\function_coverage_Mirabelle.py", line 277, in main
    out.info(
Message: '  %s : %d fonction(s) traitée(s) (%d avec au moins un test réussi, %d par états de code distincts uniquement)'
Arguments: ('sachent.gares', 5, 5, 0)
--- Logging error ---
Traceback (most recent call last):
  File "c:\Users\chris\AppData\Local\Programs\Python\Python314\Lib\logging\__init__.py", line 1154, in emit
    stream.write(msg + self.terminator)
    ~~~~~~~~~~~~^^^^^^^^^^^^^^^^^^^^^^^
ValueError: I/O operation on closed file.
Call stack:
  File "<frozen runpy>", line 198, in _run_module_as_main
  File "<frozen runpy>", line 88, in _run_code
  File "C:\Users\chris\AppData\Roaming\Python\Python314\site-packages\ipykernel_launcher.py", line 18, in <module>
    app.launch_new_instance()
  File "C:\Users\chris\AppData\Roaming\Python\Python314\site-packages\traitlets\config\application.py", line 1082, in launch_instance
    app.start()
  File "C:\Users\chris\AppData\Roaming\Python\Python314\site-packages\ipykernel\kernelapp.py", line 758, in start
    self.io_loop.start()
  File "C:\Users\chris\AppData\Roaming\Python\Python314\site-packages\tornado\platform\asyncio.py", line 211, in start
    self.asyncio_loop.run_forever()
  File "c:\Users\chris\AppData\Local\Programs\Python\Python314\Lib\asyncio\base_events.py", line 677, in run_forever
    self._run_once()
  File "c:\Users\chris\AppData\Local\Programs\Python\Python314\Lib\asyncio\base_events.py", line 2046, in _run_once
    handle._run()
  File "c:\Users\chris\AppData\Local\Programs\Python\Python314\Lib\asyncio\events.py", line 94, in _run
    self._context.run(self._callback, *self._args)
  File "C:\Users\chris\AppData\Roaming\Python\Python314\site-packages\ipykernel\kernelbase.py", line 621, in shell_main
    await self.dispatch_shell(msg, subshell_id=subshell_id)
  File "C:\Users\chris\AppData\Roaming\Python\Python314\site-packages\ipykernel\kernelbase.py", line 478, in dispatch_shell
    await result
  File "C:\Users\chris\AppData\Roaming\Python\Python314\site-packages\ipykernel\ipkernel.py", line 372, in execute_request
    await super().execute_request(stream, ident, parent)
  File "C:\Users\chris\AppData\Roaming\Python\Python314\site-packages\ipykernel\kernelbase.py", line 834, in execute_request
    reply_content = await reply_content
  File "C:\Users\chris\AppData\Roaming\Python\Python314\site-packages\ipykernel\ipkernel.py", line 464, in do_execute
    res = shell.run_cell(
  File "C:\Users\chris\AppData\Roaming\Python\Python314\site-packages\ipykernel\zmqshell.py", line 663, in run_cell
    return super().run_cell(*args, **kwargs)
  File "C:\Users\chris\AppData\Roaming\Python\Python314\site-packages\IPython\core\interactiveshell.py", line 3170, in run_cell
    result = self._run_cell(
  File "C:\Users\chris\AppData\Roaming\Python\Python314\site-packages\IPython\core\interactiveshell.py", line 3225, in _run_cell
    result = runner(coro)
  File "C:\Users\chris\AppData\Roaming\Python\Python314\site-packages\IPython\core\async_helpers.py", line 128, in _pseudo_sync_runner
    coro.send(None)
  File "C:\Users\chris\AppData\Roaming\Python\Python314\site-packages\IPython\core\interactiveshell.py", line 3447, in run_cell_async
    has_raised = await self.run_ast_nodes(code_ast.body, cell_name,
  File "C:\Users\chris\AppData\Roaming\Python\Python314\site-packages\IPython\core\interactiveshell.py", line 3688, in run_ast_nodes
    if await self.run_code(code, result, async_=asy):
  File "C:\Users\chris\AppData\Roaming\Python\Python314\site-packages\IPython\core\interactiveshell.py", line 3748, in run_code
    exec(code_obj, self.user_global_ns, self.user_ns)
  File "C:\Users\chris\AppData\Local\Temp\ipykernel_4436\3007420965.py", line 73, in <module>
    runpy.run_path(str(script_path), run_name="__main__")
  File "<frozen runpy>", line 287, in run_path
  File "<frozen runpy>", line 98, in _run_module_code
  File "<frozen runpy>", line 88, in _run_code
  File "C:\Users\chris\Desktop\Code\TracesPresenter\Traces_presenter\Jupyter\Chaine\scripts_Mirabelle\function_coverage_Mirabelle.py", line 303, in <module>
    main(input_path, output_path, code_state_col=code_state_column)
  File "C:\Users\chris\Desktop\Code\TracesPresenter\Traces_presenter\Jupyter\Chaine\scripts_Mirabelle\function_coverage_Mirabelle.py", line 277, in main
    out.info(
Message: '  %s : %d fonction(s) traitée(s) (%d avec au moins un test réussi, %d par états de code distincts uniquement)'
Arguments: ('seconds.etagerais', 0, 0, 0)
--- Logging error ---
Traceback (most recent call last):
  File "c:\Users\chris\AppData\Local\Programs\Python\Python314\Lib\logging\__init__.py", line 1154, in emit
    stream.write(msg + self.terminator)
    ~~~~~~~~~~~~^^^^^^^^^^^^^^^^^^^^^^^
ValueError: I/O operation on closed file.
Call stack:
  File "<frozen runpy>", line 198, in _run_module_as_main
  File "<frozen runpy>", line 88, in _run_code
  File "C:\Users\chris\AppData\Roaming\Python\Python314\site-packages\ipykernel_launcher.py", line 18, in <module>
    app.launch_new_instance()
  File "C:\Users\chris\AppData\Roaming\Python\Python314\site-packages\traitlets\config\application.py", line 1082, in launch_instance
    app.start()
  File "C:\Users\chris\AppData\Roaming\Python\Python314\site-packages\ipykernel\kernelapp.py", line 758, in start
    self.io_loop.start()
  File "C:\Users\chris\AppData\Roaming\Python\Python314\site-packages\tornado\platform\asyncio.py", line 211, in start
    self.asyncio_loop.run_forever()
  File "c:\Users\chris\AppData\Local\Programs\Python\Python314\Lib\asyncio\base_events.py", line 677, in run_forever
    self._run_once()
  File "c:\Users\chris\AppData\Local\Programs\Python\Python314\Lib\asyncio\base_events.py", line 2046, in _run_once
    handle._run()
  File "c:\Users\chris\AppData\Local\Programs\Python\Python314\Lib\asyncio\events.py", line 94, in _run
    self._context.run(self._callback, *self._args)
  File "C:\Users\chris\AppData\Roaming\Python\Python314\site-packages\ipykernel\kernelbase.py", line 621, in shell_main
    await self.dispatch_shell(msg, subshell_id=subshell_id)
  File "C:\Users\chris\AppData\Roaming\Python\Python314\site-packages\ipykernel\kernelbase.py", line 478, in dispatch_shell
    await result
  File "C:\Users\chris\AppData\Roaming\Python\Python314\site-packages\ipykernel\ipkernel.py", line 372, in execute_request
    await super().execute_request(stream, ident, parent)
  File "C:\Users\chris\AppData\Roaming\Python\Python314\site-packages\ipykernel\kernelbase.py", line 834, in execute_request
    reply_content = await reply_content
  File "C:\Users\chris\AppData\Roaming\Python\Python314\site-packages\ipykernel\ipkernel.py", line 464, in do_execute
    res = shell.run_cell(
  File "C:\Users\chris\AppData\Roaming\Python\Python314\site-packages\ipykernel\zmqshell.py", line 663, in run_cell
    return super().run_cell(*args, **kwargs)
  File "C:\Users\chris\AppData\Roaming\Python\Python314\site-packages\IPython\core\interactiveshell.py", line 3170, in run_cell
    result = self._run_cell(
  File "C:\Users\chris\AppData\Roaming\Python\Python314\site-packages\IPython\core\interactiveshell.py", line 3225, in _run_cell
    result = runner(coro)
  File "C:\Users\chris\AppData\Roaming\Python\Python314\site-packages\IPython\core\async_helpers.py", line 128, in _pseudo_sync_runner
    coro.send(None)
  File "C:\Users\chris\AppData\Roaming\Python\Python314\site-packages\IPython\core\interactiveshell.py", line 3447, in run_cell_async
    has_raised = await self.run_ast_nodes(code_ast.body, cell_name,
  File "C:\Users\chris\AppData\Roaming\Python\Python314\site-packages\IPython\core\interactiveshell.py", line 3688, in run_ast_nodes
    if await self.run_code(code, result, async_=asy):
  File "C:\Users\chris\AppData\Roaming\Python\Python314\site-packages\IPython\core\interactiveshell.py", line 3748, in run_code
    exec(code_obj, self.user_global_ns, self.user_ns)
  File "C:\Users\chris\AppData\Local\Temp\ipykernel_4436\3007420965.py", line 73, in <module>
    runpy.run_path(str(script_path), run_name="__main__")
  File "<frozen runpy>", line 287, in run_path
  File "<frozen runpy>", line 98, in _run_module_code
  File "<frozen runpy>", line 88, in _run_code
  File "C:\Users\chris\Desktop\Code\TracesPresenter\Traces_presenter\Jupyter\Chaine\scripts_Mirabelle\function_coverage_Mirabelle.py", line 303, in <module>
    main(input_path, output_path, code_state_col=code_state_column)
  File "C:\Users\chris\Desktop\Code\TracesPresenter\Traces_presenter\Jupyter\Chaine\scripts_Mirabelle\function_coverage_Mirabelle.py", line 277, in main
    out.info(
Message: '  %s : %d fonction(s) traitée(s) (%d avec au moins un test réussi, %d par états de code distincts uniquement)'
Arguments: ('sommes.leveras', 10, 10, 0)
--- Logging error ---
Traceback (most recent call last):
  File "c:\Users\chris\AppData\Local\Programs\Python\Python314\Lib\logging\__init__.py", line 1154, in emit
    stream.write(msg + self.terminator)
    ~~~~~~~~~~~~^^^^^^^^^^^^^^^^^^^^^^^
ValueError: I/O operation on closed file.
Call stack:
  File "<frozen runpy>", line 198, in _run_module_as_main
  File "<frozen runpy>", line 88, in _run_code
  File "C:\Users\chris\AppData\Roaming\Python\Python314\site-packages\ipykernel_launcher.py", line 18, in <module>
    app.launch_new_instance()
  File "C:\Users\chris\AppData\Roaming\Python\Python314\site-packages\traitlets\config\application.py", line 1082, in launch_instance
    app.start()
  File "C:\Users\chris\AppData\Roaming\Python\Python314\site-packages\ipykernel\kernelapp.py", line 758, in start
    self.io_loop.start()
  File "C:\Users\chris\AppData\Roaming\Python\Python314\site-packages\tornado\platform\asyncio.py", line 211, in start
    self.asyncio_loop.run_forever()
  File "c:\Users\chris\AppData\Local\Programs\Python\Python314\Lib\asyncio\base_events.py", line 677, in run_forever
    self._run_once()
  File "c:\Users\chris\AppData\Local\Programs\Python\Python314\Lib\asyncio\base_events.py", line 2046, in _run_once
    handle._run()
  File "c:\Users\chris\AppData\Local\Programs\Python\Python314\Lib\asyncio\events.py", line 94, in _run
    self._context.run(self._callback, *self._args)
  File "C:\Users\chris\AppData\Roaming\Python\Python314\site-packages\ipykernel\kernelbase.py", line 621, in shell_main
    await self.dispatch_shell(msg, subshell_id=subshell_id)
  File "C:\Users\chris\AppData\Roaming\Python\Python314\site-packages\ipykernel\kernelbase.py", line 478, in dispatch_shell
    await result
  File "C:\Users\chris\AppData\Roaming\Python\Python314\site-packages\ipykernel\ipkernel.py", line 372, in execute_request
    await super().execute_request(stream, ident, parent)
  File "C:\Users\chris\AppData\Roaming\Python\Python314\site-packages\ipykernel\kernelbase.py", line 834, in execute_request
    reply_content = await reply_content
  File "C:\Users\chris\AppData\Roaming\Python\Python314\site-packages\ipykernel\ipkernel.py", line 464, in do_execute
    res = shell.run_cell(
  File "C:\Users\chris\AppData\Roaming\Python\Python314\site-packages\ipykernel\zmqshell.py", line 663, in run_cell
    return super().run_cell(*args, **kwargs)
  File "C:\Users\chris\AppData\Roaming\Python\Python314\site-packages\IPython\core\interactiveshell.py", line 3170, in run_cell
    result = self._run_cell(
  File "C:\Users\chris\AppData\Roaming\Python\Python314\site-packages\IPython\core\interactiveshell.py", line 3225, in _run_cell
    result = runner(coro)
  File "C:\Users\chris\AppData\Roaming\Python\Python314\site-packages\IPython\core\async_helpers.py", line 128, in _pseudo_sync_runner
    coro.send(None)
  File "C:\Users\chris\AppData\Roaming\Python\Python314\site-packages\IPython\core\interactiveshell.py", line 3447, in run_cell_async
    has_raised = await self.run_ast_nodes(code_ast.body, cell_name,
  File "C:\Users\chris\AppData\Roaming\Python\Python314\site-packages\IPython\core\interactiveshell.py", line 3688, in run_ast_nodes
    if await self.run_code(code, result, async_=asy):
  File "C:\Users\chris\AppData\Roaming\Python\Python314\site-packages\IPython\core\interactiveshell.py", line 3748, in run_code
    exec(code_obj, self.user_global_ns, self.user_ns)
  File "C:\Users\chris\AppData\Local\Temp\ipykernel_4436\3007420965.py", line 73, in <module>
    runpy.run_path(str(script_path), run_name="__main__")
  File "<frozen runpy>", line 287, in run_path
  File "<frozen runpy>", line 98, in _run_module_code
  File "<frozen runpy>", line 88, in _run_code
  File "C:\Users\chris\Desktop\Code\TracesPresenter\Traces_presenter\Jupyter\Chaine\scripts_Mirabelle\function_coverage_Mirabelle.py", line 303, in <module>
    main(input_path, output_path, code_state_col=code_state_column)
  File "C:\Users\chris\Desktop\Code\TracesPresenter\Traces_presenter\Jupyter\Chaine\scripts_Mirabelle\function_coverage_Mirabelle.py", line 277, in main
    out.info(
Message: '  %s : %d fonction(s) traitée(s) (%d avec au moins un test réussi, %d par états de code distincts uniquement)'
Arguments: ('sondez.diligence', 9, 9, 0)
--- Logging error ---
Traceback (most recent call last):
  File "c:\Users\chris\AppData\Local\Programs\Python\Python314\Lib\logging\__init__.py", line 1154, in emit
    stream.write(msg + self.terminator)
    ~~~~~~~~~~~~^^^^^^^^^^^^^^^^^^^^^^^
ValueError: I/O operation on closed file.
Call stack:
  File "<frozen runpy>", line 198, in _run_module_as_main
  File "<frozen runpy>", line 88, in _run_code
  File "C:\Users\chris\AppData\Roaming\Python\Python314\site-packages\ipykernel_launcher.py", line 18, in <module>
    app.launch_new_instance()
  File "C:\Users\chris\AppData\Roaming\Python\Python314\site-packages\traitlets\config\application.py", line 1082, in launch_instance
    app.start()
  File "C:\Users\chris\AppData\Roaming\Python\Python314\site-packages\ipykernel\kernelapp.py", line 758, in start
    self.io_loop.start()
  File "C:\Users\chris\AppData\Roaming\Python\Python314\site-packages\tornado\platform\asyncio.py", line 211, in start
    self.asyncio_loop.run_forever()
  File "c:\Users\chris\AppData\Local\Programs\Python\Python314\Lib\asyncio\base_events.py", line 677, in run_forever
    self._run_once()
  File "c:\Users\chris\AppData\Local\Programs\Python\Python314\Lib\asyncio\base_events.py", line 2046, in _run_once
    handle._run()
  File "c:\Users\chris\AppData\Local\Programs\Python\Python314\Lib\asyncio\events.py", line 94, in _run
    self._context.run(self._callback, *self._args)
  File "C:\Users\chris\AppData\Roaming\Python\Python314\site-packages\ipykernel\kernelbase.py", line 621, in shell_main
    await self.dispatch_shell(msg, subshell_id=subshell_id)
  File "C:\Users\chris\AppData\Roaming\Python\Python314\site-packages\ipykernel\kernelbase.py", line 478, in dispatch_shell
    await result
  File "C:\Users\chris\AppData\Roaming\Python\Python314\site-packages\ipykernel\ipkernel.py", line 372, in execute_request
    await super().execute_request(stream, ident, parent)
  File "C:\Users\chris\AppData\Roaming\Python\Python314\site-packages\ipykernel\kernelbase.py", line 834, in execute_request
    reply_content = await reply_content
  File "C:\Users\chris\AppData\Roaming\Python\Python314\site-packages\ipykernel\ipkernel.py", line 464, in do_execute
    res = shell.run_cell(
  File "C:\Users\chris\AppData\Roaming\Python\Python314\site-packages\ipykernel\zmqshell.py", line 663, in run_cell
    return super().run_cell(*args, **kwargs)
  File "C:\Users\chris\AppData\Roaming\Python\Python314\site-packages\IPython\core\interactiveshell.py", line 3170, in run_cell
    result = self._run_cell(
  File "C:\Users\chris\AppData\Roaming\Python\Python314\site-packages\IPython\core\interactiveshell.py", line 3225, in _run_cell
    result = runner(coro)
  File "C:\Users\chris\AppData\Roaming\Python\Python314\site-packages\IPython\core\async_helpers.py", line 128, in _pseudo_sync_runner
    coro.send(None)
  File "C:\Users\chris\AppData\Roaming\Python\Python314\site-packages\IPython\core\interactiveshell.py", line 3447, in run_cell_async
    has_raised = await self.run_ast_nodes(code_ast.body, cell_name,
  File "C:\Users\chris\AppData\Roaming\Python\Python314\site-packages\IPython\core\interactiveshell.py", line 3688, in run_ast_nodes
    if await self.run_code(code, result, async_=asy):
  File "C:\Users\chris\AppData\Roaming\Python\Python314\site-packages\IPython\core\interactiveshell.py", line 3748, in run_code
    exec(code_obj, self.user_global_ns, self.user_ns)
  File "C:\Users\chris\AppData\Local\Temp\ipykernel_4436\3007420965.py", line 73, in <module>
    runpy.run_path(str(script_path), run_name="__main__")
  File "<frozen runpy>", line 287, in run_path
  File "<frozen runpy>", line 98, in _run_module_code
  File "<frozen runpy>", line 88, in _run_code
  File "C:\Users\chris\Desktop\Code\TracesPresenter\Traces_presenter\Jupyter\Chaine\scripts_Mirabelle\function_coverage_Mirabelle.py", line 303, in <module>
    main(input_path, output_path, code_state_col=code_state_column)
  File "C:\Users\chris\Desktop\Code\TracesPresenter\Traces_presenter\Jupyter\Chaine\scripts_Mirabelle\function_coverage_Mirabelle.py", line 277, in main
    out.info(
Message: '  %s : %d fonction(s) traitée(s) (%d avec au moins un test réussi, %d par états de code distincts uniquement)'
Arguments: ('sportif.oculiste', 0, 0, 0)
--- Logging error ---
Traceback (most recent call last):
  File "c:\Users\chris\AppData\Local\Programs\Python\Python314\Lib\logging\__init__.py", line 1154, in emit
    stream.write(msg + self.terminator)
    ~~~~~~~~~~~~^^^^^^^^^^^^^^^^^^^^^^^
ValueError: I/O operation on closed file.
Call stack:
  File "<frozen runpy>", line 198, in _run_module_as_main
  File "<frozen runpy>", line 88, in _run_code
  File "C:\Users\chris\AppData\Roaming\Python\Python314\site-packages\ipykernel_launcher.py", line 18, in <module>
    app.launch_new_instance()
  File "C:\Users\chris\AppData\Roaming\Python\Python314\site-packages\traitlets\config\application.py", line 1082, in launch_instance
    app.start()
  File "C:\Users\chris\AppData\Roaming\Python\Python314\site-packages\ipykernel\kernelapp.py", line 758, in start
    self.io_loop.start()
  File "C:\Users\chris\AppData\Roaming\Python\Python314\site-packages\tornado\platform\asyncio.py", line 211, in start
    self.asyncio_loop.run_forever()
  File "c:\Users\chris\AppData\Local\Programs\Python\Python314\Lib\asyncio\base_events.py", line 677, in run_forever
    self._run_once()
  File "c:\Users\chris\AppData\Local\Programs\Python\Python314\Lib\asyncio\base_events.py", line 2046, in _run_once
    handle._run()
  File "c:\Users\chris\AppData\Local\Programs\Python\Python314\Lib\asyncio\events.py", line 94, in _run
    self._context.run(self._callback, *self._args)
  File "C:\Users\chris\AppData\Roaming\Python\Python314\site-packages\ipykernel\kernelbase.py", line 621, in shell_main
    await self.dispatch_shell(msg, subshell_id=subshell_id)
  File "C:\Users\chris\AppData\Roaming\Python\Python314\site-packages\ipykernel\kernelbase.py", line 478, in dispatch_shell
    await result
  File "C:\Users\chris\AppData\Roaming\Python\Python314\site-packages\ipykernel\ipkernel.py", line 372, in execute_request
    await super().execute_request(stream, ident, parent)
  File "C:\Users\chris\AppData\Roaming\Python\Python314\site-packages\ipykernel\kernelbase.py", line 834, in execute_request
    reply_content = await reply_content
  File "C:\Users\chris\AppData\Roaming\Python\Python314\site-packages\ipykernel\ipkernel.py", line 464, in do_execute
    res = shell.run_cell(
  File "C:\Users\chris\AppData\Roaming\Python\Python314\site-packages\ipykernel\zmqshell.py", line 663, in run_cell
    return super().run_cell(*args, **kwargs)
  File "C:\Users\chris\AppData\Roaming\Python\Python314\site-packages\IPython\core\interactiveshell.py", line 3170, in run_cell
    result = self._run_cell(
  File "C:\Users\chris\AppData\Roaming\Python\Python314\site-packages\IPython\core\interactiveshell.py", line 3225, in _run_cell
    result = runner(coro)
  File "C:\Users\chris\AppData\Roaming\Python\Python314\site-packages\IPython\core\async_helpers.py", line 128, in _pseudo_sync_runner
    coro.send(None)
  File "C:\Users\chris\AppData\Roaming\Python\Python314\site-packages\IPython\core\interactiveshell.py", line 3447, in run_cell_async
    has_raised = await self.run_ast_nodes(code_ast.body, cell_name,
  File "C:\Users\chris\AppData\Roaming\Python\Python314\site-packages\IPython\core\interactiveshell.py", line 3688, in run_ast_nodes
    if await self.run_code(code, result, async_=asy):
  File "C:\Users\chris\AppData\Roaming\Python\Python314\site-packages\IPython\core\interactiveshell.py", line 3748, in run_code
    exec(code_obj, self.user_global_ns, self.user_ns)
  File "C:\Users\chris\AppData\Local\Temp\ipykernel_4436\3007420965.py", line 73, in <module>
    runpy.run_path(str(script_path), run_name="__main__")
  File "<frozen runpy>", line 287, in run_path
  File "<frozen runpy>", line 98, in _run_module_code
  File "<frozen runpy>", line 88, in _run_code
  File "C:\Users\chris\Desktop\Code\TracesPresenter\Traces_presenter\Jupyter\Chaine\scripts_Mirabelle\function_coverage_Mirabelle.py", line 303, in <module>
    main(input_path, output_path, code_state_col=code_state_column)
  File "C:\Users\chris\Desktop\Code\TracesPresenter\Traces_presenter\Jupyter\Chaine\scripts_Mirabelle\function_coverage_Mirabelle.py", line 277, in main
    out.info(
Message: '  %s : %d fonction(s) traitée(s) (%d avec au moins un test réussi, %d par états de code distincts uniquement)'
Arguments: ('sulfatees.frisa', 12, 12, 0)
--- Logging error ---
Traceback (most recent call last):
  File "c:\Users\chris\AppData\Local\Programs\Python\Python314\Lib\logging\__init__.py", line 1154, in emit
    stream.write(msg + self.terminator)
    ~~~~~~~~~~~~^^^^^^^^^^^^^^^^^^^^^^^
ValueError: I/O operation on closed file.
Call stack:
  File "<frozen runpy>", line 198, in _run_module_as_main
  File "<frozen runpy>", line 88, in _run_code
  File "C:\Users\chris\AppData\Roaming\Python\Python314\site-packages\ipykernel_launcher.py", line 18, in <module>
    app.launch_new_instance()
  File "C:\Users\chris\AppData\Roaming\Python\Python314\site-packages\traitlets\config\application.py", line 1082, in launch_instance
    app.start()
  File "C:\Users\chris\AppData\Roaming\Python\Python314\site-packages\ipykernel\kernelapp.py", line 758, in start
    self.io_loop.start()
  File "C:\Users\chris\AppData\Roaming\Python\Python314\site-packages\tornado\platform\asyncio.py", line 211, in start
    self.asyncio_loop.run_forever()
  File "c:\Users\chris\AppData\Local\Programs\Python\Python314\Lib\asyncio\base_events.py", line 677, in run_forever
    self._run_once()
  File "c:\Users\chris\AppData\Local\Programs\Python\Python314\Lib\asyncio\base_events.py", line 2046, in _run_once
    handle._run()
  File "c:\Users\chris\AppData\Local\Programs\Python\Python314\Lib\asyncio\events.py", line 94, in _run
    self._context.run(self._callback, *self._args)
  File "C:\Users\chris\AppData\Roaming\Python\Python314\site-packages\ipykernel\kernelbase.py", line 621, in shell_main
    await self.dispatch_shell(msg, subshell_id=subshell_id)
  File "C:\Users\chris\AppData\Roaming\Python\Python314\site-packages\ipykernel\kernelbase.py", line 478, in dispatch_shell
    await result
  File "C:\Users\chris\AppData\Roaming\Python\Python314\site-packages\ipykernel\ipkernel.py", line 372, in execute_request
    await super().execute_request(stream, ident, parent)
  File "C:\Users\chris\AppData\Roaming\Python\Python314\site-packages\ipykernel\kernelbase.py", line 834, in execute_request
    reply_content = await reply_content
  File "C:\Users\chris\AppData\Roaming\Python\Python314\site-packages\ipykernel\ipkernel.py", line 464, in do_execute
    res = shell.run_cell(
  File "C:\Users\chris\AppData\Roaming\Python\Python314\site-packages\ipykernel\zmqshell.py", line 663, in run_cell
    return super().run_cell(*args, **kwargs)
  File "C:\Users\chris\AppData\Roaming\Python\Python314\site-packages\IPython\core\interactiveshell.py", line 3170, in run_cell
    result = self._run_cell(
  File "C:\Users\chris\AppData\Roaming\Python\Python314\site-packages\IPython\core\interactiveshell.py", line 3225, in _run_cell
    result = runner(coro)
  File "C:\Users\chris\AppData\Roaming\Python\Python314\site-packages\IPython\core\async_helpers.py", line 128, in _pseudo_sync_runner
    coro.send(None)
  File "C:\Users\chris\AppData\Roaming\Python\Python314\site-packages\IPython\core\interactiveshell.py", line 3447, in run_cell_async
    has_raised = await self.run_ast_nodes(code_ast.body, cell_name,
  File "C:\Users\chris\AppData\Roaming\Python\Python314\site-packages\IPython\core\interactiveshell.py", line 3688, in run_ast_nodes
    if await self.run_code(code, result, async_=asy):
  File "C:\Users\chris\AppData\Roaming\Python\Python314\site-packages\IPython\core\interactiveshell.py", line 3748, in run_code
    exec(code_obj, self.user_global_ns, self.user_ns)
  File "C:\Users\chris\AppData\Local\Temp\ipykernel_4436\3007420965.py", line 73, in <module>
    runpy.run_path(str(script_path), run_name="__main__")
  File "<frozen runpy>", line 287, in run_path
  File "<frozen runpy>", line 98, in _run_module_code
  File "<frozen runpy>", line 88, in _run_code
  File "C:\Users\chris\Desktop\Code\TracesPresenter\Traces_presenter\Jupyter\Chaine\scripts_Mirabelle\function_coverage_Mirabelle.py", line 303, in <module>
    main(input_path, output_path, code_state_col=code_state_column)
  File "C:\Users\chris\Desktop\Code\TracesPresenter\Traces_presenter\Jupyter\Chaine\scripts_Mirabelle\function_coverage_Mirabelle.py", line 277, in main
    out.info(
Message: '  %s : %d fonction(s) traitée(s) (%d avec au moins un test réussi, %d par états de code distincts uniquement)'
Arguments: ('targuions.detaille', 5, 5, 0)
--- Logging error ---
Traceback (most recent call last):
  File "c:\Users\chris\AppData\Local\Programs\Python\Python314\Lib\logging\__init__.py", line 1154, in emit
    stream.write(msg + self.terminator)
    ~~~~~~~~~~~~^^^^^^^^^^^^^^^^^^^^^^^
ValueError: I/O operation on closed file.
Call stack:
  File "<frozen runpy>", line 198, in _run_module_as_main
  File "<frozen runpy>", line 88, in _run_code
  File "C:\Users\chris\AppData\Roaming\Python\Python314\site-packages\ipykernel_launcher.py", line 18, in <module>
    app.launch_new_instance()
  File "C:\Users\chris\AppData\Roaming\Python\Python314\site-packages\traitlets\config\application.py", line 1082, in launch_instance
    app.start()
  File "C:\Users\chris\AppData\Roaming\Python\Python314\site-packages\ipykernel\kernelapp.py", line 758, in start
    self.io_loop.start()
  File "C:\Users\chris\AppData\Roaming\Python\Python314\site-packages\tornado\platform\asyncio.py", line 211, in start
    self.asyncio_loop.run_forever()
  File "c:\Users\chris\AppData\Local\Programs\Python\Python314\Lib\asyncio\base_events.py", line 677, in run_forever
    self._run_once()
  File "c:\Users\chris\AppData\Local\Programs\Python\Python314\Lib\asyncio\base_events.py", line 2046, in _run_once
    handle._run()
  File "c:\Users\chris\AppData\Local\Programs\Python\Python314\Lib\asyncio\events.py", line 94, in _run
    self._context.run(self._callback, *self._args)
  File "C:\Users\chris\AppData\Roaming\Python\Python314\site-packages\ipykernel\kernelbase.py", line 621, in shell_main
    await self.dispatch_shell(msg, subshell_id=subshell_id)
  File "C:\Users\chris\AppData\Roaming\Python\Python314\site-packages\ipykernel\kernelbase.py", line 478, in dispatch_shell
    await result
  File "C:\Users\chris\AppData\Roaming\Python\Python314\site-packages\ipykernel\ipkernel.py", line 372, in execute_request
    await super().execute_request(stream, ident, parent)
  File "C:\Users\chris\AppData\Roaming\Python\Python314\site-packages\ipykernel\kernelbase.py", line 834, in execute_request
    reply_content = await reply_content
  File "C:\Users\chris\AppData\Roaming\Python\Python314\site-packages\ipykernel\ipkernel.py", line 464, in do_execute
    res = shell.run_cell(
  File "C:\Users\chris\AppData\Roaming\Python\Python314\site-packages\ipykernel\zmqshell.py", line 663, in run_cell
    return super().run_cell(*args, **kwargs)
  File "C:\Users\chris\AppData\Roaming\Python\Python314\site-packages\IPython\core\interactiveshell.py", line 3170, in run_cell
    result = self._run_cell(
  File "C:\Users\chris\AppData\Roaming\Python\Python314\site-packages\IPython\core\interactiveshell.py", line 3225, in _run_cell
    result = runner(coro)
  File "C:\Users\chris\AppData\Roaming\Python\Python314\site-packages\IPython\core\async_helpers.py", line 128, in _pseudo_sync_runner
    coro.send(None)
  File "C:\Users\chris\AppData\Roaming\Python\Python314\site-packages\IPython\core\interactiveshell.py", line 3447, in run_cell_async
    has_raised = await self.run_ast_nodes(code_ast.body, cell_name,
  File "C:\Users\chris\AppData\Roaming\Python\Python314\site-packages\IPython\core\interactiveshell.py", line 3688, in run_ast_nodes
    if await self.run_code(code, result, async_=asy):
  File "C:\Users\chris\AppData\Roaming\Python\Python314\site-packages\IPython\core\interactiveshell.py", line 3748, in run_code
    exec(code_obj, self.user_global_ns, self.user_ns)
  File "C:\Users\chris\AppData\Local\Temp\ipykernel_4436\3007420965.py", line 73, in <module>
    runpy.run_path(str(script_path), run_name="__main__")
  File "<frozen runpy>", line 287, in run_path
  File "<frozen runpy>", line 98, in _run_module_code
  File "<frozen runpy>", line 88, in _run_code
  File "C:\Users\chris\Desktop\Code\TracesPresenter\Traces_presenter\Jupyter\Chaine\scripts_Mirabelle\function_coverage_Mirabelle.py", line 303, in <module>
    main(input_path, output_path, code_state_col=code_state_column)
  File "C:\Users\chris\Desktop\Code\TracesPresenter\Traces_presenter\Jupyter\Chaine\scripts_Mirabelle\function_coverage_Mirabelle.py", line 277, in main
    out.info(
Message: '  %s : %d fonction(s) traitée(s) (%d avec au moins un test réussi, %d par états de code distincts uniquement)'
Arguments: ('tisses.indolent', 14, 14, 0)
--- Logging error ---
Traceback (most recent call last):
  File "c:\Users\chris\AppData\Local\Programs\Python\Python314\Lib\logging\__init__.py", line 1154, in emit
    stream.write(msg + self.terminator)
    ~~~~~~~~~~~~^^^^^^^^^^^^^^^^^^^^^^^
ValueError: I/O operation on closed file.
Call stack:
  File "<frozen runpy>", line 198, in _run_module_as_main
  File "<frozen runpy>", line 88, in _run_code
  File "C:\Users\chris\AppData\Roaming\Python\Python314\site-packages\ipykernel_launcher.py", line 18, in <module>
    app.launch_new_instance()
  File "C:\Users\chris\AppData\Roaming\Python\Python314\site-packages\traitlets\config\application.py", line 1082, in launch_instance
    app.start()
  File "C:\Users\chris\AppData\Roaming\Python\Python314\site-packages\ipykernel\kernelapp.py", line 758, in start
    self.io_loop.start()
  File "C:\Users\chris\AppData\Roaming\Python\Python314\site-packages\tornado\platform\asyncio.py", line 211, in start
    self.asyncio_loop.run_forever()
  File "c:\Users\chris\AppData\Local\Programs\Python\Python314\Lib\asyncio\base_events.py", line 677, in run_forever
    self._run_once()
  File "c:\Users\chris\AppData\Local\Programs\Python\Python314\Lib\asyncio\base_events.py", line 2046, in _run_once
    handle._run()
  File "c:\Users\chris\AppData\Local\Programs\Python\Python314\Lib\asyncio\events.py", line 94, in _run
    self._context.run(self._callback, *self._args)
  File "C:\Users\chris\AppData\Roaming\Python\Python314\site-packages\ipykernel\kernelbase.py", line 621, in shell_main
    await self.dispatch_shell(msg, subshell_id=subshell_id)
  File "C:\Users\chris\AppData\Roaming\Python\Python314\site-packages\ipykernel\kernelbase.py", line 478, in dispatch_shell
    await result
  File "C:\Users\chris\AppData\Roaming\Python\Python314\site-packages\ipykernel\ipkernel.py", line 372, in execute_request
    await super().execute_request(stream, ident, parent)
  File "C:\Users\chris\AppData\Roaming\Python\Python314\site-packages\ipykernel\kernelbase.py", line 834, in execute_request
    reply_content = await reply_content
  File "C:\Users\chris\AppData\Roaming\Python\Python314\site-packages\ipykernel\ipkernel.py", line 464, in do_execute
    res = shell.run_cell(
  File "C:\Users\chris\AppData\Roaming\Python\Python314\site-packages\ipykernel\zmqshell.py", line 663, in run_cell
    return super().run_cell(*args, **kwargs)
  File "C:\Users\chris\AppData\Roaming\Python\Python314\site-packages\IPython\core\interactiveshell.py", line 3170, in run_cell
    result = self._run_cell(
  File "C:\Users\chris\AppData\Roaming\Python\Python314\site-packages\IPython\core\interactiveshell.py", line 3225, in _run_cell
    result = runner(coro)
  File "C:\Users\chris\AppData\Roaming\Python\Python314\site-packages\IPython\core\async_helpers.py", line 128, in _pseudo_sync_runner
    coro.send(None)
  File "C:\Users\chris\AppData\Roaming\Python\Python314\site-packages\IPython\core\interactiveshell.py", line 3447, in run_cell_async
    has_raised = await self.run_ast_nodes(code_ast.body, cell_name,
  File "C:\Users\chris\AppData\Roaming\Python\Python314\site-packages\IPython\core\interactiveshell.py", line 3688, in run_ast_nodes
    if await self.run_code(code, result, async_=asy):
  File "C:\Users\chris\AppData\Roaming\Python\Python314\site-packages\IPython\core\interactiveshell.py", line 3748, in run_code
    exec(code_obj, self.user_global_ns, self.user_ns)
  File "C:\Users\chris\AppData\Local\Temp\ipykernel_4436\3007420965.py", line 73, in <module>
    runpy.run_path(str(script_path), run_name="__main__")
  File "<frozen runpy>", line 287, in run_path
  File "<frozen runpy>", line 98, in _run_module_code
  File "<frozen runpy>", line 88, in _run_code
  File "C:\Users\chris\Desktop\Code\TracesPresenter\Traces_presenter\Jupyter\Chaine\scripts_Mirabelle\function_coverage_Mirabelle.py", line 303, in <module>
    main(input_path, output_path, code_state_col=code_state_column)
  File "C:\Users\chris\Desktop\Code\TracesPresenter\Traces_presenter\Jupyter\Chaine\scripts_Mirabelle\function_coverage_Mirabelle.py", line 277, in main
    out.info(
Message: '  %s : %d fonction(s) traitée(s) (%d avec au moins un test réussi, %d par états de code distincts uniquement)'
Arguments: ('tonifiais.tour', 13, 13, 0)
--- Logging error ---
Traceback (most recent call last):
  File "c:\Users\chris\AppData\Local\Programs\Python\Python314\Lib\logging\__init__.py", line 1154, in emit
    stream.write(msg + self.terminator)
    ~~~~~~~~~~~~^^^^^^^^^^^^^^^^^^^^^^^
ValueError: I/O operation on closed file.
Call stack:
  File "<frozen runpy>", line 198, in _run_module_as_main
  File "<frozen runpy>", line 88, in _run_code
  File "C:\Users\chris\AppData\Roaming\Python\Python314\site-packages\ipykernel_launcher.py", line 18, in <module>
    app.launch_new_instance()
  File "C:\Users\chris\AppData\Roaming\Python\Python314\site-packages\traitlets\config\application.py", line 1082, in launch_instance
    app.start()
  File "C:\Users\chris\AppData\Roaming\Python\Python314\site-packages\ipykernel\kernelapp.py", line 758, in start
    self.io_loop.start()
  File "C:\Users\chris\AppData\Roaming\Python\Python314\site-packages\tornado\platform\asyncio.py", line 211, in start
    self.asyncio_loop.run_forever()
  File "c:\Users\chris\AppData\Local\Programs\Python\Python314\Lib\asyncio\base_events.py", line 677, in run_forever
    self._run_once()
  File "c:\Users\chris\AppData\Local\Programs\Python\Python314\Lib\asyncio\base_events.py", line 2046, in _run_once
    handle._run()
  File "c:\Users\chris\AppData\Local\Programs\Python\Python314\Lib\asyncio\events.py", line 94, in _run
    self._context.run(self._callback, *self._args)
  File "C:\Users\chris\AppData\Roaming\Python\Python314\site-packages\ipykernel\kernelbase.py", line 621, in shell_main
    await self.dispatch_shell(msg, subshell_id=subshell_id)
  File "C:\Users\chris\AppData\Roaming\Python\Python314\site-packages\ipykernel\kernelbase.py", line 478, in dispatch_shell
    await result
  File "C:\Users\chris\AppData\Roaming\Python\Python314\site-packages\ipykernel\ipkernel.py", line 372, in execute_request
    await super().execute_request(stream, ident, parent)
  File "C:\Users\chris\AppData\Roaming\Python\Python314\site-packages\ipykernel\kernelbase.py", line 834, in execute_request
    reply_content = await reply_content
  File "C:\Users\chris\AppData\Roaming\Python\Python314\site-packages\ipykernel\ipkernel.py", line 464, in do_execute
    res = shell.run_cell(
  File "C:\Users\chris\AppData\Roaming\Python\Python314\site-packages\ipykernel\zmqshell.py", line 663, in run_cell
    return super().run_cell(*args, **kwargs)
  File "C:\Users\chris\AppData\Roaming\Python\Python314\site-packages\IPython\core\interactiveshell.py", line 3170, in run_cell
    result = self._run_cell(
  File "C:\Users\chris\AppData\Roaming\Python\Python314\site-packages\IPython\core\interactiveshell.py", line 3225, in _run_cell
    result = runner(coro)
  File "C:\Users\chris\AppData\Roaming\Python\Python314\site-packages\IPython\core\async_helpers.py", line 128, in _pseudo_sync_runner
    coro.send(None)
  File "C:\Users\chris\AppData\Roaming\Python\Python314\site-packages\IPython\core\interactiveshell.py", line 3447, in run_cell_async
    has_raised = await self.run_ast_nodes(code_ast.body, cell_name,
  File "C:\Users\chris\AppData\Roaming\Python\Python314\site-packages\IPython\core\interactiveshell.py", line 3688, in run_ast_nodes
    if await self.run_code(code, result, async_=asy):
  File "C:\Users\chris\AppData\Roaming\Python\Python314\site-packages\IPython\core\interactiveshell.py", line 3748, in run_code
    exec(code_obj, self.user_global_ns, self.user_ns)
  File "C:\Users\chris\AppData\Local\Temp\ipykernel_4436\3007420965.py", line 73, in <module>
    runpy.run_path(str(script_path), run_name="__main__")
  File "<frozen runpy>", line 287, in run_path
  File "<frozen runpy>", line 98, in _run_module_code
  File "<frozen runpy>", line 88, in _run_code
  File "C:\Users\chris\Desktop\Code\TracesPresenter\Traces_presenter\Jupyter\Chaine\scripts_Mirabelle\function_coverage_Mirabelle.py", line 303, in <module>
    main(input_path, output_path, code_state_col=code_state_column)
  File "C:\Users\chris\Desktop\Code\TracesPresenter\Traces_presenter\Jupyter\Chaine\scripts_Mirabelle\function_coverage_Mirabelle.py", line 277, in main
    out.info(
Message: '  %s : %d fonction(s) traitée(s) (%d avec au moins un test réussi, %d par états de code distincts uniquement)'
Arguments: ('tribunes.carrosse', 5, 5, 0)
--- Logging error ---
Traceback (most recent call last):
  File "c:\Users\chris\AppData\Local\Programs\Python\Python314\Lib\logging\__init__.py", line 1154, in emit
    stream.write(msg + self.terminator)
    ~~~~~~~~~~~~^^^^^^^^^^^^^^^^^^^^^^^
ValueError: I/O operation on closed file.
Call stack:
  File "<frozen runpy>", line 198, in _run_module_as_main
  File "<frozen runpy>", line 88, in _run_code
  File "C:\Users\chris\AppData\Roaming\Python\Python314\site-packages\ipykernel_launcher.py", line 18, in <module>
    app.launch_new_instance()
  File "C:\Users\chris\AppData\Roaming\Python\Python314\site-packages\traitlets\config\application.py", line 1082, in launch_instance
    app.start()
  File "C:\Users\chris\AppData\Roaming\Python\Python314\site-packages\ipykernel\kernelapp.py", line 758, in start
    self.io_loop.start()
  File "C:\Users\chris\AppData\Roaming\Python\Python314\site-packages\tornado\platform\asyncio.py", line 211, in start
    self.asyncio_loop.run_forever()
  File "c:\Users\chris\AppData\Local\Programs\Python\Python314\Lib\asyncio\base_events.py", line 677, in run_forever
    self._run_once()
  File "c:\Users\chris\AppData\Local\Programs\Python\Python314\Lib\asyncio\base_events.py", line 2046, in _run_once
    handle._run()
  File "c:\Users\chris\AppData\Local\Programs\Python\Python314\Lib\asyncio\events.py", line 94, in _run
    self._context.run(self._callback, *self._args)
  File "C:\Users\chris\AppData\Roaming\Python\Python314\site-packages\ipykernel\kernelbase.py", line 621, in shell_main
    await self.dispatch_shell(msg, subshell_id=subshell_id)
  File "C:\Users\chris\AppData\Roaming\Python\Python314\site-packages\ipykernel\kernelbase.py", line 478, in dispatch_shell
    await result
  File "C:\Users\chris\AppData\Roaming\Python\Python314\site-packages\ipykernel\ipkernel.py", line 372, in execute_request
    await super().execute_request(stream, ident, parent)
  File "C:\Users\chris\AppData\Roaming\Python\Python314\site-packages\ipykernel\kernelbase.py", line 834, in execute_request
    reply_content = await reply_content
  File "C:\Users\chris\AppData\Roaming\Python\Python314\site-packages\ipykernel\ipkernel.py", line 464, in do_execute
    res = shell.run_cell(
  File "C:\Users\chris\AppData\Roaming\Python\Python314\site-packages\ipykernel\zmqshell.py", line 663, in run_cell
    return super().run_cell(*args, **kwargs)
  File "C:\Users\chris\AppData\Roaming\Python\Python314\site-packages\IPython\core\interactiveshell.py", line 3170, in run_cell
    result = self._run_cell(
  File "C:\Users\chris\AppData\Roaming\Python\Python314\site-packages\IPython\core\interactiveshell.py", line 3225, in _run_cell
    result = runner(coro)
  File "C:\Users\chris\AppData\Roaming\Python\Python314\site-packages\IPython\core\async_helpers.py", line 128, in _pseudo_sync_runner
    coro.send(None)
  File "C:\Users\chris\AppData\Roaming\Python\Python314\site-packages\IPython\core\interactiveshell.py", line 3447, in run_cell_async
    has_raised = await self.run_ast_nodes(code_ast.body, cell_name,
  File "C:\Users\chris\AppData\Roaming\Python\Python314\site-packages\IPython\core\interactiveshell.py", line 3688, in run_ast_nodes
    if await self.run_code(code, result, async_=asy):
  File "C:\Users\chris\AppData\Roaming\Python\Python314\site-packages\IPython\core\interactiveshell.py", line 3748, in run_code
    exec(code_obj, self.user_global_ns, self.user_ns)
  File "C:\Users\chris\AppData\Local\Temp\ipykernel_4436\3007420965.py", line 73, in <module>
    runpy.run_path(str(script_path), run_name="__main__")
  File "<frozen runpy>", line 287, in run_path
  File "<frozen runpy>", line 98, in _run_module_code
  File "<frozen runpy>", line 88, in _run_code
  File "C:\Users\chris\Desktop\Code\TracesPresenter\Traces_presenter\Jupyter\Chaine\scripts_Mirabelle\function_coverage_Mirabelle.py", line 303, in <module>
    main(input_path, output_path, code_state_col=code_state_column)
  File "C:\Users\chris\Desktop\Code\TracesPresenter\Traces_presenter\Jupyter\Chaine\scripts_Mirabelle\function_coverage_Mirabelle.py", line 277, in main
    out.info(
Message: '  %s : %d fonction(s) traitée(s) (%d avec au moins un test réussi, %d par états de code distincts uniquement)'
Arguments: ('triplais.allonge', 5, 5, 0)
--- Logging error ---
Traceback (most recent call last):
  File "c:\Users\chris\AppData\Local\Programs\Python\Python314\Lib\logging\__init__.py", line 1154, in emit
    stream.write(msg + self.terminator)
    ~~~~~~~~~~~~^^^^^^^^^^^^^^^^^^^^^^^
ValueError: I/O operation on closed file.
Call stack:
  File "<frozen runpy>", line 198, in _run_module_as_main
  File "<frozen runpy>", line 88, in _run_code
  File "C:\Users\chris\AppData\Roaming\Python\Python314\site-packages\ipykernel_launcher.py", line 18, in <module>
    app.launch_new_instance()
  File "C:\Users\chris\AppData\Roaming\Python\Python314\site-packages\traitlets\config\application.py", line 1082, in launch_instance
    app.start()
  File "C:\Users\chris\AppData\Roaming\Python\Python314\site-packages\ipykernel\kernelapp.py", line 758, in start
    self.io_loop.start()
  File "C:\Users\chris\AppData\Roaming\Python\Python314\site-packages\tornado\platform\asyncio.py", line 211, in start
    self.asyncio_loop.run_forever()
  File "c:\Users\chris\AppData\Local\Programs\Python\Python314\Lib\asyncio\base_events.py", line 677, in run_forever
    self._run_once()
  File "c:\Users\chris\AppData\Local\Programs\Python\Python314\Lib\asyncio\base_events.py", line 2046, in _run_once
    handle._run()
  File "c:\Users\chris\AppData\Local\Programs\Python\Python314\Lib\asyncio\events.py", line 94, in _run
    self._context.run(self._callback, *self._args)
  File "C:\Users\chris\AppData\Roaming\Python\Python314\site-packages\ipykernel\kernelbase.py", line 621, in shell_main
    await self.dispatch_shell(msg, subshell_id=subshell_id)
  File "C:\Users\chris\AppData\Roaming\Python\Python314\site-packages\ipykernel\kernelbase.py", line 478, in dispatch_shell
    await result
  File "C:\Users\chris\AppData\Roaming\Python\Python314\site-packages\ipykernel\ipkernel.py", line 372, in execute_request
    await super().execute_request(stream, ident, parent)
  File "C:\Users\chris\AppData\Roaming\Python\Python314\site-packages\ipykernel\kernelbase.py", line 834, in execute_request
    reply_content = await reply_content
  File "C:\Users\chris\AppData\Roaming\Python\Python314\site-packages\ipykernel\ipkernel.py", line 464, in do_execute
    res = shell.run_cell(
  File "C:\Users\chris\AppData\Roaming\Python\Python314\site-packages\ipykernel\zmqshell.py", line 663, in run_cell
    return super().run_cell(*args, **kwargs)
  File "C:\Users\chris\AppData\Roaming\Python\Python314\site-packages\IPython\core\interactiveshell.py", line 3170, in run_cell
    result = self._run_cell(
  File "C:\Users\chris\AppData\Roaming\Python\Python314\site-packages\IPython\core\interactiveshell.py", line 3225, in _run_cell
    result = runner(coro)
  File "C:\Users\chris\AppData\Roaming\Python\Python314\site-packages\IPython\core\async_helpers.py", line 128, in _pseudo_sync_runner
    coro.send(None)
  File "C:\Users\chris\AppData\Roaming\Python\Python314\site-packages\IPython\core\interactiveshell.py", line 3447, in run_cell_async
    has_raised = await self.run_ast_nodes(code_ast.body, cell_name,
  File "C:\Users\chris\AppData\Roaming\Python\Python314\site-packages\IPython\core\interactiveshell.py", line 3688, in run_ast_nodes
    if await self.run_code(code, result, async_=asy):
  File "C:\Users\chris\AppData\Roaming\Python\Python314\site-packages\IPython\core\interactiveshell.py", line 3748, in run_code
    exec(code_obj, self.user_global_ns, self.user_ns)
  File "C:\Users\chris\AppData\Local\Temp\ipykernel_4436\3007420965.py", line 73, in <module>
    runpy.run_path(str(script_path), run_name="__main__")
  File "<frozen runpy>", line 287, in run_path
  File "<frozen runpy>", line 98, in _run_module_code
  File "<frozen runpy>", line 88, in _run_code
  File "C:\Users\chris\Desktop\Code\TracesPresenter\Traces_presenter\Jupyter\Chaine\scripts_Mirabelle\function_coverage_Mirabelle.py", line 303, in <module>
    main(input_path, output_path, code_state_col=code_state_column)
  File "C:\Users\chris\Desktop\Code\TracesPresenter\Traces_presenter\Jupyter\Chaine\scripts_Mirabelle\function_coverage_Mirabelle.py", line 277, in main
    out.info(
Message: '  %s : %d fonction(s) traitée(s) (%d avec au moins un test réussi, %d par états de code distincts uniquement)'
Arguments: ('vaches.recopiera', 6, 6, 0)
--- Logging error ---
Traceback (most recent call last):
  File "c:\Users\chris\AppData\Local\Programs\Python\Python314\Lib\logging\__init__.py", line 1154, in emit
    stream.write(msg + self.terminator)
    ~~~~~~~~~~~~^^^^^^^^^^^^^^^^^^^^^^^
ValueError: I/O operation on closed file.
Call stack:
  File "<frozen runpy>", line 198, in _run_module_as_main
  File "<frozen runpy>", line 88, in _run_code
  File "C:\Users\chris\AppData\Roaming\Python\Python314\site-packages\ipykernel_launcher.py", line 18, in <module>
    app.launch_new_instance()
  File "C:\Users\chris\AppData\Roaming\Python\Python314\site-packages\traitlets\config\application.py", line 1082, in launch_instance
    app.start()
  File "C:\Users\chris\AppData\Roaming\Python\Python314\site-packages\ipykernel\kernelapp.py", line 758, in start
    self.io_loop.start()
  File "C:\Users\chris\AppData\Roaming\Python\Python314\site-packages\tornado\platform\asyncio.py", line 211, in start
    self.asyncio_loop.run_forever()
  File "c:\Users\chris\AppData\Local\Programs\Python\Python314\Lib\asyncio\base_events.py", line 677, in run_forever
    self._run_once()
  File "c:\Users\chris\AppData\Local\Programs\Python\Python314\Lib\asyncio\base_events.py", line 2046, in _run_once
    handle._run()
  File "c:\Users\chris\AppData\Local\Programs\Python\Python314\Lib\asyncio\events.py", line 94, in _run
    self._context.run(self._callback, *self._args)
  File "C:\Users\chris\AppData\Roaming\Python\Python314\site-packages\ipykernel\kernelbase.py", line 621, in shell_main
    await self.dispatch_shell(msg, subshell_id=subshell_id)
  File "C:\Users\chris\AppData\Roaming\Python\Python314\site-packages\ipykernel\kernelbase.py", line 478, in dispatch_shell
    await result
  File "C:\Users\chris\AppData\Roaming\Python\Python314\site-packages\ipykernel\ipkernel.py", line 372, in execute_request
    await super().execute_request(stream, ident, parent)
  File "C:\Users\chris\AppData\Roaming\Python\Python314\site-packages\ipykernel\kernelbase.py", line 834, in execute_request
    reply_content = await reply_content
  File "C:\Users\chris\AppData\Roaming\Python\Python314\site-packages\ipykernel\ipkernel.py", line 464, in do_execute
    res = shell.run_cell(
  File "C:\Users\chris\AppData\Roaming\Python\Python314\site-packages\ipykernel\zmqshell.py", line 663, in run_cell
    return super().run_cell(*args, **kwargs)
  File "C:\Users\chris\AppData\Roaming\Python\Python314\site-packages\IPython\core\interactiveshell.py", line 3170, in run_cell
    result = self._run_cell(
  File "C:\Users\chris\AppData\Roaming\Python\Python314\site-packages\IPython\core\interactiveshell.py", line 3225, in _run_cell
    result = runner(coro)
  File "C:\Users\chris\AppData\Roaming\Python\Python314\site-packages\IPython\core\async_helpers.py", line 128, in _pseudo_sync_runner
    coro.send(None)
  File "C:\Users\chris\AppData\Roaming\Python\Python314\site-packages\IPython\core\interactiveshell.py", line 3447, in run_cell_async
    has_raised = await self.run_ast_nodes(code_ast.body, cell_name,
  File "C:\Users\chris\AppData\Roaming\Python\Python314\site-packages\IPython\core\interactiveshell.py", line 3688, in run_ast_nodes
    if await self.run_code(code, result, async_=asy):
  File "C:\Users\chris\AppData\Roaming\Python\Python314\site-packages\IPython\core\interactiveshell.py", line 3748, in run_code
    exec(code_obj, self.user_global_ns, self.user_ns)
  File "C:\Users\chris\AppData\Local\Temp\ipykernel_4436\3007420965.py", line 73, in <module>
    runpy.run_path(str(script_path), run_name="__main__")
  File "<frozen runpy>", line 287, in run_path
  File "<frozen runpy>", line 98, in _run_module_code
  File "<frozen runpy>", line 88, in _run_code
  File "C:\Users\chris\Desktop\Code\TracesPresenter\Traces_presenter\Jupyter\Chaine\scripts_Mirabelle\function_coverage_Mirabelle.py", line 303, in <module>
    main(input_path, output_path, code_state_col=code_state_column)
  File "C:\Users\chris\Desktop\Code\TracesPresenter\Traces_presenter\Jupyter\Chaine\scripts_Mirabelle\function_coverage_Mirabelle.py", line 277, in main
    out.info(
Message: '  %s : %d fonction(s) traitée(s) (%d avec au moins un test réussi, %d par états de code distincts uniquement)'
Arguments: ('verrues.clamais', 12, 12, 0)
--- Logging error ---
Traceback (most recent call last):
  File "c:\Users\chris\AppData\Local\Programs\Python\Python314\Lib\logging\__init__.py", line 1154, in emit
    stream.write(msg + self.terminator)
    ~~~~~~~~~~~~^^^^^^^^^^^^^^^^^^^^^^^
ValueError: I/O operation on closed file.
Call stack:
  File "<frozen runpy>", line 198, in _run_module_as_main
  File "<frozen runpy>", line 88, in _run_code
  File "C:\Users\chris\AppData\Roaming\Python\Python314\site-packages\ipykernel_launcher.py", line 18, in <module>
    app.launch_new_instance()
  File "C:\Users\chris\AppData\Roaming\Python\Python314\site-packages\traitlets\config\application.py", line 1082, in launch_instance
    app.start()
  File "C:\Users\chris\AppData\Roaming\Python\Python314\site-packages\ipykernel\kernelapp.py", line 758, in start
    self.io_loop.start()
  File "C:\Users\chris\AppData\Roaming\Python\Python314\site-packages\tornado\platform\asyncio.py", line 211, in start
    self.asyncio_loop.run_forever()
  File "c:\Users\chris\AppData\Local\Programs\Python\Python314\Lib\asyncio\base_events.py", line 677, in run_forever
    self._run_once()
  File "c:\Users\chris\AppData\Local\Programs\Python\Python314\Lib\asyncio\base_events.py", line 2046, in _run_once
    handle._run()
  File "c:\Users\chris\AppData\Local\Programs\Python\Python314\Lib\asyncio\events.py", line 94, in _run
    self._context.run(self._callback, *self._args)
  File "C:\Users\chris\AppData\Roaming\Python\Python314\site-packages\ipykernel\kernelbase.py", line 621, in shell_main
    await self.dispatch_shell(msg, subshell_id=subshell_id)
  File "C:\Users\chris\AppData\Roaming\Python\Python314\site-packages\ipykernel\kernelbase.py", line 478, in dispatch_shell
    await result
  File "C:\Users\chris\AppData\Roaming\Python\Python314\site-packages\ipykernel\ipkernel.py", line 372, in execute_request
    await super().execute_request(stream, ident, parent)
  File "C:\Users\chris\AppData\Roaming\Python\Python314\site-packages\ipykernel\kernelbase.py", line 834, in execute_request
    reply_content = await reply_content
  File "C:\Users\chris\AppData\Roaming\Python\Python314\site-packages\ipykernel\ipkernel.py", line 464, in do_execute
    res = shell.run_cell(
  File "C:\Users\chris\AppData\Roaming\Python\Python314\site-packages\ipykernel\zmqshell.py", line 663, in run_cell
    return super().run_cell(*args, **kwargs)
  File "C:\Users\chris\AppData\Roaming\Python\Python314\site-packages\IPython\core\interactiveshell.py", line 3170, in run_cell
    result = self._run_cell(
  File "C:\Users\chris\AppData\Roaming\Python\Python314\site-packages\IPython\core\interactiveshell.py", line 3225, in _run_cell
    result = runner(coro)
  File "C:\Users\chris\AppData\Roaming\Python\Python314\site-packages\IPython\core\async_helpers.py", line 128, in _pseudo_sync_runner
    coro.send(None)
  File "C:\Users\chris\AppData\Roaming\Python\Python314\site-packages\IPython\core\interactiveshell.py", line 3447, in run_cell_async
    has_raised = await self.run_ast_nodes(code_ast.body, cell_name,
  File "C:\Users\chris\AppData\Roaming\Python\Python314\site-packages\IPython\core\interactiveshell.py", line 3688, in run_ast_nodes
    if await self.run_code(code, result, async_=asy):
  File "C:\Users\chris\AppData\Roaming\Python\Python314\site-packages\IPython\core\interactiveshell.py", line 3748, in run_code
    exec(code_obj, self.user_global_ns, self.user_ns)
  File "C:\Users\chris\AppData\Local\Temp\ipykernel_4436\3007420965.py", line 73, in <module>
    runpy.run_path(str(script_path), run_name="__main__")
  File "<frozen runpy>", line 287, in run_path
  File "<frozen runpy>", line 98, in _run_module_code
  File "<frozen runpy>", line 88, in _run_code
  File "C:\Users\chris\Desktop\Code\TracesPresenter\Traces_presenter\Jupyter\Chaine\scripts_Mirabelle\function_coverage_Mirabelle.py", line 303, in <module>
    main(input_path, output_path, code_state_col=code_state_column)
  File "C:\Users\chris\Desktop\Code\TracesPresenter\Traces_presenter\Jupyter\Chaine\scripts_Mirabelle\function_coverage_Mirabelle.py", line 287, in main
    um.write_metric(METRIC_NAME, metric_map, write_path)
  File "C:\Users\chris\Desktop\Code\TracesPresenter\Traces_presenter\Jupyter\Chaine\scripts_Mirabelle\utils_Mirabelle.py", line 268, in write_metric
    out.info("Résultat écrit dans %s  (%d étudiant(s))", path, len(metric_map))
Message: 'Résultat écrit dans %s  (%d étudiant(s))'
Arguments: ('C:\\Users\\chris\\Desktop\\Code\\TracesPresenter\\Traces_presenter\\Jupyter\\Chaine\\csv\\FunctionCoverage.csv', 66)
