COMMANDE LOGIQUE
python C:\Users\chris\Desktop\Code\TracesPresenter\Traces_presenter\Jupyter\Chaine\scripts_Nowledgeable\session_count_Nowledgeable.py C:\Users\chris\Desktop\Code\TracesPresenter\Traces_presenter\Jupyter\Chaine\data\session_13568_answers_corrige.csv C:\Users\chris\Desktop\Code\TracesPresenter\Traces_presenter\Jupyter\Chaine\csv\SessionCount_Nowledgeable.csv

SORTIE DU SCRIPT
--- Logging error ---
Traceback (most recent call last):
  File "c:\Users\chris\AppData\Local\Programs\Python\Python314\Lib\logging\__init__.py", line 1154, in emit
    stream.write(msg + self.terminator)
    ~~~~~~~~~~~~^^^^^^^^^^^^^^^^^^^^^^^
ValueError: I/O operation on closed file.
Call stack:
  File "<frozen runpy>", line 198, in _run_module_as_main
  File "<frozen runpy>", line 88, in _run_code
  File "C:\Users\chris\AppData\Roaming\Python\Python314\site-packages\ipykernel_launcher.py", line 18, in <module>
    app.launch_new_instance()
  File "C:\Users\chris\AppData\Roaming\Python\Python314\site-packages\traitlets\config\application.py", line 1082, in launch_instance
    app.start()
  File "C:\Users\chris\AppData\Roaming\Python\Python314\site-packages\ipykernel\kernelapp.py", line 758, in start
    self.io_loop.start()
  File "C:\Users\chris\AppData\Roaming\Python\Python314\site-packages\tornado\platform\asyncio.py", line 211, in start
    self.asyncio_loop.run_forever()
  File "c:\Users\chris\AppData\Local\Programs\Python\Python314\Lib\asyncio\base_events.py", line 677, in run_forever
    self._run_once()
  File "c:\Users\chris\AppData\Local\Programs\Python\Python314\Lib\asyncio\base_events.py", line 2046, in _run_once
    handle._run()
  File "c:\Users\chris\AppData\Local\Programs\Python\Python314\Lib\asyncio\events.py", line 94, in _run
    self._context.run(self._callback, *self._args)
  File "C:\Users\chris\AppData\Roaming\Python\Python314\site-packages\ipykernel\kernelbase.py", line 621, in shell_main
    await self.dispatch_shell(msg, subshell_id=subshell_id)
  File "C:\Users\chris\AppData\Roaming\Python\Python314\site-packages\ipykernel\kernelbase.py", line 478, in dispatch_shell
    await result
  File "C:\Users\chris\AppData\Roaming\Python\Python314\site-packages\ipykernel\ipkernel.py", line 372, in execute_request
    await super().execute_request(stream, ident, parent)
  File "C:\Users\chris\AppData\Roaming\Python\Python314\site-packages\ipykernel\kernelbase.py", line 834, in execute_request
    reply_content = await reply_content
  File "C:\Users\chris\AppData\Roaming\Python\Python314\site-packages\ipykernel\ipkernel.py", line 464, in do_execute
    res = shell.run_cell(
  File "C:\Users\chris\AppData\Roaming\Python\Python314\site-packages\ipykernel\zmqshell.py", line 663, in run_cell
    return super().run_cell(*args, **kwargs)
  File "C:\Users\chris\AppData\Roaming\Python\Python314\site-packages\IPython\core\interactiveshell.py", line 3170, in run_cell
    result = self._run_cell(
  File "C:\Users\chris\AppData\Roaming\Python\Python314\site-packages\IPython\core\interactiveshell.py", line 3225, in _run_cell
    result = runner(coro)
  File "C:\Users\chris\AppData\Roaming\Python\Python314\site-packages\IPython\core\async_helpers.py", line 128, in _pseudo_sync_runner
    coro.send(None)
  File "C:\Users\chris\AppData\Roaming\Python\Python314\site-packages\IPython\core\interactiveshell.py", line 3447, in run_cell_async
    has_raised = await self.run_ast_nodes(code_ast.body, cell_name,
  File "C:\Users\chris\AppData\Roaming\Python\Python314\site-packages\IPython\core\interactiveshell.py", line 3688, in run_ast_nodes
    if await self.run_code(code, result, async_=asy):
  File "C:\Users\chris\AppData\Roaming\Python\Python314\site-packages\IPython\core\interactiveshell.py", line 3748, in run_code
    exec(code_obj, self.user_global_ns, self.user_ns)
  File "C:\Users\chris\AppData\Local\Temp\ipykernel_19112\1630972538.py", line 78, in <module>
    runpy.run_path(str(script_path), run_name="__main__")
  File "<frozen runpy>", line 287, in run_path
  File "<frozen runpy>", line 98, in _run_module_code
  File "<frozen runpy>", line 88, in _run_code
  File "C:\Users\chris\Desktop\Code\TracesPresenter\Traces_presenter\Jupyter\Chaine\scripts_Nowledgeable\session_count_Nowledgeable.py", line 249, in <module>
    main(input_path, output_path, gap)
  File "C:\Users\chris\Desktop\Code\TracesPresenter\Traces_presenter\Jupyter\Chaine\scripts_Nowledgeable\session_count_Nowledgeable.py", line 193, in main
    df = load_csv(read_path)
  File "C:\Users\chris\Desktop\Code\TracesPresenter\Traces_presenter\Jupyter\Chaine\scripts_Nowledgeable\session_count_Nowledgeable.py", line 156, in load_csv
    out.info("Chargement de %s …", path)
Message: 'Chargement de %s …'
Arguments: ('C:\\Users\\chris\\Desktop\\Code\\TracesPresenter\\Traces_presenter\\Jupyter\\Chaine\\data\\session_13568_answers_corrige.csv',)
--- Logging error ---
Traceback (most recent call last):
  File "c:\Users\chris\AppData\Local\Programs\Python\Python314\Lib\logging\__init__.py", line 1154, in emit
    stream.write(msg + self.terminator)
    ~~~~~~~~~~~~^^^^^^^^^^^^^^^^^^^^^^^
ValueError: I/O operation on closed file.
Call stack:
  File "<frozen runpy>", line 198, in _run_module_as_main
  File "<frozen runpy>", line 88, in _run_code
  File "C:\Users\chris\AppData\Roaming\Python\Python314\site-packages\ipykernel_launcher.py", line 18, in <module>
    app.launch_new_instance()
  File "C:\Users\chris\AppData\Roaming\Python\Python314\site-packages\traitlets\config\application.py", line 1082, in launch_instance
    app.start()
  File "C:\Users\chris\AppData\Roaming\Python\Python314\site-packages\ipykernel\kernelapp.py", line 758, in start
    self.io_loop.start()
  File "C:\Users\chris\AppData\Roaming\Python\Python314\site-packages\tornado\platform\asyncio.py", line 211, in start
    self.asyncio_loop.run_forever()
  File "c:\Users\chris\AppData\Local\Programs\Python\Python314\Lib\asyncio\base_events.py", line 677, in run_forever
    self._run_once()
  File "c:\Users\chris\AppData\Local\Programs\Python\Python314\Lib\asyncio\base_events.py", line 2046, in _run_once
    handle._run()
  File "c:\Users\chris\AppData\Local\Programs\Python\Python314\Lib\asyncio\events.py", line 94, in _run
    self._context.run(self._callback, *self._args)
  File "C:\Users\chris\AppData\Roaming\Python\Python314\site-packages\ipykernel\kernelbase.py", line 621, in shell_main
    await self.dispatch_shell(msg, subshell_id=subshell_id)
  File "C:\Users\chris\AppData\Roaming\Python\Python314\site-packages\ipykernel\kernelbase.py", line 478, in dispatch_shell
    await result
  File "C:\Users\chris\AppData\Roaming\Python\Python314\site-packages\ipykernel\ipkernel.py", line 372, in execute_request
    await super().execute_request(stream, ident, parent)
  File "C:\Users\chris\AppData\Roaming\Python\Python314\site-packages\ipykernel\kernelbase.py", line 834, in execute_request
    reply_content = await reply_content
  File "C:\Users\chris\AppData\Roaming\Python\Python314\site-packages\ipykernel\ipkernel.py", line 464, in do_execute
    res = shell.run_cell(
  File "C:\Users\chris\AppData\Roaming\Python\Python314\site-packages\ipykernel\zmqshell.py", line 663, in run_cell
    return super().run_cell(*args, **kwargs)
  File "C:\Users\chris\AppData\Roaming\Python\Python314\site-packages\IPython\core\interactiveshell.py", line 3170, in run_cell
    result = self._run_cell(
  File "C:\Users\chris\AppData\Roaming\Python\Python314\site-packages\IPython\core\interactiveshell.py", line 3225, in _run_cell
    result = runner(coro)
  File "C:\Users\chris\AppData\Roaming\Python\Python314\site-packages\IPython\core\async_helpers.py", line 128, in _pseudo_sync_runner
    coro.send(None)
  File "C:\Users\chris\AppData\Roaming\Python\Python314\site-packages\IPython\core\interactiveshell.py", line 3447, in run_cell_async
    has_raised = await self.run_ast_nodes(code_ast.body, cell_name,
  File "C:\Users\chris\AppData\Roaming\Python\Python314\site-packages\IPython\core\interactiveshell.py", line 3688, in run_ast_nodes
    if await self.run_code(code, result, async_=asy):
  File "C:\Users\chris\AppData\Roaming\Python\Python314\site-packages\IPython\core\interactiveshell.py", line 3748, in run_code
    exec(code_obj, self.user_global_ns, self.user_ns)
  File "C:\Users\chris\AppData\Local\Temp\ipykernel_19112\1630972538.py", line 78, in <module>
    runpy.run_path(str(script_path), run_name="__main__")
  File "<frozen runpy>", line 287, in run_path
  File "<frozen runpy>", line 98, in _run_module_code
  File "<frozen runpy>", line 88, in _run_code
  File "C:\Users\chris\Desktop\Code\TracesPresenter\Traces_presenter\Jupyter\Chaine\scripts_Nowledgeable\session_count_Nowledgeable.py", line 249, in <module>
    main(input_path, output_path, gap)
  File "C:\Users\chris\Desktop\Code\TracesPresenter\Traces_presenter\Jupyter\Chaine\scripts_Nowledgeable\session_count_Nowledgeable.py", line 193, in main
    df = load_csv(read_path)
  File "C:\Users\chris\Desktop\Code\TracesPresenter\Traces_presenter\Jupyter\Chaine\scripts_Nowledgeable\session_count_Nowledgeable.py", line 163, in load_csv
    out.info("  %d lignes, %d colonnes", len(df), len(df.columns))
Message: '  %d lignes, %d colonnes'
Arguments: (1422, 14)
--- Logging error ---
Traceback (most recent call last):
  File "c:\Users\chris\AppData\Local\Programs\Python\Python314\Lib\logging\__init__.py", line 1154, in emit
    stream.write(msg + self.terminator)
    ~~~~~~~~~~~~^^^^^^^^^^^^^^^^^^^^^^^
ValueError: I/O operation on closed file.
Call stack:
  File "<frozen runpy>", line 198, in _run_module_as_main
  File "<frozen runpy>", line 88, in _run_code
  File "C:\Users\chris\AppData\Roaming\Python\Python314\site-packages\ipykernel_launcher.py", line 18, in <module>
    app.launch_new_instance()
  File "C:\Users\chris\AppData\Roaming\Python\Python314\site-packages\traitlets\config\application.py", line 1082, in launch_instance
    app.start()
  File "C:\Users\chris\AppData\Roaming\Python\Python314\site-packages\ipykernel\kernelapp.py", line 758, in start
    self.io_loop.start()
  File "C:\Users\chris\AppData\Roaming\Python\Python314\site-packages\tornado\platform\asyncio.py", line 211, in start
    self.asyncio_loop.run_forever()
  File "c:\Users\chris\AppData\Local\Programs\Python\Python314\Lib\asyncio\base_events.py", line 677, in run_forever
    self._run_once()
  File "c:\Users\chris\AppData\Local\Programs\Python\Python314\Lib\asyncio\base_events.py", line 2046, in _run_once
    handle._run()
  File "c:\Users\chris\AppData\Local\Programs\Python\Python314\Lib\asyncio\events.py", line 94, in _run
    self._context.run(self._callback, *self._args)
  File "C:\Users\chris\AppData\Roaming\Python\Python314\site-packages\ipykernel\kernelbase.py", line 621, in shell_main
    await self.dispatch_shell(msg, subshell_id=subshell_id)
  File "C:\Users\chris\AppData\Roaming\Python\Python314\site-packages\ipykernel\kernelbase.py", line 478, in dispatch_shell
    await result
  File "C:\Users\chris\AppData\Roaming\Python\Python314\site-packages\ipykernel\ipkernel.py", line 372, in execute_request
    await super().execute_request(stream, ident, parent)
  File "C:\Users\chris\AppData\Roaming\Python\Python314\site-packages\ipykernel\kernelbase.py", line 834, in execute_request
    reply_content = await reply_content
  File "C:\Users\chris\AppData\Roaming\Python\Python314\site-packages\ipykernel\ipkernel.py", line 464, in do_execute
    res = shell.run_cell(
  File "C:\Users\chris\AppData\Roaming\Python\Python314\site-packages\ipykernel\zmqshell.py", line 663, in run_cell
    return super().run_cell(*args, **kwargs)
  File "C:\Users\chris\AppData\Roaming\Python\Python314\site-packages\IPython\core\interactiveshell.py", line 3170, in run_cell
    result = self._run_cell(
  File "C:\Users\chris\AppData\Roaming\Python\Python314\site-packages\IPython\core\interactiveshell.py", line 3225, in _run_cell
    result = runner(coro)
  File "C:\Users\chris\AppData\Roaming\Python\Python314\site-packages\IPython\core\async_helpers.py", line 128, in _pseudo_sync_runner
    coro.send(None)
  File "C:\Users\chris\AppData\Roaming\Python\Python314\site-packages\IPython\core\interactiveshell.py", line 3447, in run_cell_async
    has_raised = await self.run_ast_nodes(code_ast.body, cell_name,
  File "C:\Users\chris\AppData\Roaming\Python\Python314\site-packages\IPython\core\interactiveshell.py", line 3688, in run_ast_nodes
    if await self.run_code(code, result, async_=asy):
  File "C:\Users\chris\AppData\Roaming\Python\Python314\site-packages\IPython\core\interactiveshell.py", line 3748, in run_code
    exec(code_obj, self.user_global_ns, self.user_ns)
  File "C:\Users\chris\AppData\Local\Temp\ipykernel_19112\1630972538.py", line 78, in <module>
    runpy.run_path(str(script_path), run_name="__main__")
  File "<frozen runpy>", line 287, in run_path
  File "<frozen runpy>", line 98, in _run_module_code
  File "<frozen runpy>", line 88, in _run_code
  File "C:\Users\chris\Desktop\Code\TracesPresenter\Traces_presenter\Jupyter\Chaine\scripts_Nowledgeable\session_count_Nowledgeable.py", line 249, in <module>
    main(input_path, output_path, gap)
  File "C:\Users\chris\Desktop\Code\TracesPresenter\Traces_presenter\Jupyter\Chaine\scripts_Nowledgeable\session_count_Nowledgeable.py", line 202, in main
    activities = prepare_activities(df)
  File "C:\Users\chris\Desktop\Code\TracesPresenter\Traces_presenter\Jupyter\Chaine\scripts_Nowledgeable\session_count_Nowledgeable.py", line 120, in prepare_activities
    out.info(
Message: '%d activité(s) dupliquée(s) par answerUuid ont été retirées'
Arguments: (71,)
--- Logging error ---
Traceback (most recent call last):
  File "c:\Users\chris\AppData\Local\Programs\Python\Python314\Lib\logging\__init__.py", line 1154, in emit
    stream.write(msg + self.terminator)
    ~~~~~~~~~~~~^^^^^^^^^^^^^^^^^^^^^^^
ValueError: I/O operation on closed file.
Call stack:
  File "<frozen runpy>", line 198, in _run_module_as_main
  File "<frozen runpy>", line 88, in _run_code
  File "C:\Users\chris\AppData\Roaming\Python\Python314\site-packages\ipykernel_launcher.py", line 18, in <module>
    app.launch_new_instance()
  File "C:\Users\chris\AppData\Roaming\Python\Python314\site-packages\traitlets\config\application.py", line 1082, in launch_instance
    app.start()
  File "C:\Users\chris\AppData\Roaming\Python\Python314\site-packages\ipykernel\kernelapp.py", line 758, in start
    self.io_loop.start()
  File "C:\Users\chris\AppData\Roaming\Python\Python314\site-packages\tornado\platform\asyncio.py", line 211, in start
    self.asyncio_loop.run_forever()
  File "c:\Users\chris\AppData\Local\Programs\Python\Python314\Lib\asyncio\base_events.py", line 677, in run_forever
    self._run_once()
  File "c:\Users\chris\AppData\Local\Programs\Python\Python314\Lib\asyncio\base_events.py", line 2046, in _run_once
    handle._run()
  File "c:\Users\chris\AppData\Local\Programs\Python\Python314\Lib\asyncio\events.py", line 94, in _run
    self._context.run(self._callback, *self._args)
  File "C:\Users\chris\AppData\Roaming\Python\Python314\site-packages\ipykernel\kernelbase.py", line 621, in shell_main
    await self.dispatch_shell(msg, subshell_id=subshell_id)
  File "C:\Users\chris\AppData\Roaming\Python\Python314\site-packages\ipykernel\kernelbase.py", line 478, in dispatch_shell
    await result
  File "C:\Users\chris\AppData\Roaming\Python\Python314\site-packages\ipykernel\ipkernel.py", line 372, in execute_request
    await super().execute_request(stream, ident, parent)
  File "C:\Users\chris\AppData\Roaming\Python\Python314\site-packages\ipykernel\kernelbase.py", line 834, in execute_request
    reply_content = await reply_content
  File "C:\Users\chris\AppData\Roaming\Python\Python314\site-packages\ipykernel\ipkernel.py", line 464, in do_execute
    res = shell.run_cell(
  File "C:\Users\chris\AppData\Roaming\Python\Python314\site-packages\ipykernel\zmqshell.py", line 663, in run_cell
    return super().run_cell(*args, **kwargs)
  File "C:\Users\chris\AppData\Roaming\Python\Python314\site-packages\IPython\core\interactiveshell.py", line 3170, in run_cell
    result = self._run_cell(
  File "C:\Users\chris\AppData\Roaming\Python\Python314\site-packages\IPython\core\interactiveshell.py", line 3225, in _run_cell
    result = runner(coro)
  File "C:\Users\chris\AppData\Roaming\Python\Python314\site-packages\IPython\core\async_helpers.py", line 128, in _pseudo_sync_runner
    coro.send(None)
  File "C:\Users\chris\AppData\Roaming\Python\Python314\site-packages\IPython\core\interactiveshell.py", line 3447, in run_cell_async
    has_raised = await self.run_ast_nodes(code_ast.body, cell_name,
  File "C:\Users\chris\AppData\Roaming\Python\Python314\site-packages\IPython\core\interactiveshell.py", line 3688, in run_ast_nodes
    if await self.run_code(code, result, async_=asy):
  File "C:\Users\chris\AppData\Roaming\Python\Python314\site-packages\IPython\core\interactiveshell.py", line 3748, in run_code
    exec(code_obj, self.user_global_ns, self.user_ns)
  File "C:\Users\chris\AppData\Local\Temp\ipykernel_19112\1630972538.py", line 78, in <module>
    runpy.run_path(str(script_path), run_name="__main__")
  File "<frozen runpy>", line 287, in run_path
  File "<frozen runpy>", line 98, in _run_module_code
  File "<frozen runpy>", line 88, in _run_code
  File "C:\Users\chris\Desktop\Code\TracesPresenter\Traces_presenter\Jupyter\Chaine\scripts_Nowledgeable\session_count_Nowledgeable.py", line 249, in <module>
    main(input_path, output_path, gap)
  File "C:\Users\chris\Desktop\Code\TracesPresenter\Traces_presenter\Jupyter\Chaine\scripts_Nowledgeable\session_count_Nowledgeable.py", line 204, in main
    out.info("%d étudiant(s) trouvé(s)", len(students))
Message: '%d étudiant(s) trouvé(s)'
Arguments: (30,)
--- Logging error ---
Traceback (most recent call last):
  File "c:\Users\chris\AppData\Local\Programs\Python\Python314\Lib\logging\__init__.py", line 1154, in emit
    stream.write(msg + self.terminator)
    ~~~~~~~~~~~~^^^^^^^^^^^^^^^^^^^^^^^
ValueError: I/O operation on closed file.
Call stack:
  File "<frozen runpy>", line 198, in _run_module_as_main
  File "<frozen runpy>", line 88, in _run_code
  File "C:\Users\chris\AppData\Roaming\Python\Python314\site-packages\ipykernel_launcher.py", line 18, in <module>
    app.launch_new_instance()
  File "C:\Users\chris\AppData\Roaming\Python\Python314\site-packages\traitlets\config\application.py", line 1082, in launch_instance
    app.start()
  File "C:\Users\chris\AppData\Roaming\Python\Python314\site-packages\ipykernel\kernelapp.py", line 758, in start
    self.io_loop.start()
  File "C:\Users\chris\AppData\Roaming\Python\Python314\site-packages\tornado\platform\asyncio.py", line 211, in start
    self.asyncio_loop.run_forever()
  File "c:\Users\chris\AppData\Local\Programs\Python\Python314\Lib\asyncio\base_events.py", line 677, in run_forever
    self._run_once()
  File "c:\Users\chris\AppData\Local\Programs\Python\Python314\Lib\asyncio\base_events.py", line 2046, in _run_once
    handle._run()
  File "c:\Users\chris\AppData\Local\Programs\Python\Python314\Lib\asyncio\events.py", line 94, in _run
    self._context.run(self._callback, *self._args)
  File "C:\Users\chris\AppData\Roaming\Python\Python314\site-packages\ipykernel\kernelbase.py", line 621, in shell_main
    await self.dispatch_shell(msg, subshell_id=subshell_id)
  File "C:\Users\chris\AppData\Roaming\Python\Python314\site-packages\ipykernel\kernelbase.py", line 478, in dispatch_shell
    await result
  File "C:\Users\chris\AppData\Roaming\Python\Python314\site-packages\ipykernel\ipkernel.py", line 372, in execute_request
    await super().execute_request(stream, ident, parent)
  File "C:\Users\chris\AppData\Roaming\Python\Python314\site-packages\ipykernel\kernelbase.py", line 834, in execute_request
    reply_content = await reply_content
  File "C:\Users\chris\AppData\Roaming\Python\Python314\site-packages\ipykernel\ipkernel.py", line 464, in do_execute
    res = shell.run_cell(
  File "C:\Users\chris\AppData\Roaming\Python\Python314\site-packages\ipykernel\zmqshell.py", line 663, in run_cell
    return super().run_cell(*args, **kwargs)
  File "C:\Users\chris\AppData\Roaming\Python\Python314\site-packages\IPython\core\interactiveshell.py", line 3170, in run_cell
    result = self._run_cell(
  File "C:\Users\chris\AppData\Roaming\Python\Python314\site-packages\IPython\core\interactiveshell.py", line 3225, in _run_cell
    result = runner(coro)
  File "C:\Users\chris\AppData\Roaming\Python\Python314\site-packages\IPython\core\async_helpers.py", line 128, in _pseudo_sync_runner
    coro.send(None)
  File "C:\Users\chris\AppData\Roaming\Python\Python314\site-packages\IPython\core\interactiveshell.py", line 3447, in run_cell_async
    has_raised = await self.run_ast_nodes(code_ast.body, cell_name,
  File "C:\Users\chris\AppData\Roaming\Python\Python314\site-packages\IPython\core\interactiveshell.py", line 3688, in run_ast_nodes
    if await self.run_code(code, result, async_=asy):
  File "C:\Users\chris\AppData\Roaming\Python\Python314\site-packages\IPython\core\interactiveshell.py", line 3748, in run_code
    exec(code_obj, self.user_global_ns, self.user_ns)
  File "C:\Users\chris\AppData\Local\Temp\ipykernel_19112\1630972538.py", line 78, in <module>
    runpy.run_path(str(script_path), run_name="__main__")
  File "<frozen runpy>", line 287, in run_path
  File "<frozen runpy>", line 98, in _run_module_code
  File "<frozen runpy>", line 88, in _run_code
  File "C:\Users\chris\Desktop\Code\TracesPresenter\Traces_presenter\Jupyter\Chaine\scripts_Nowledgeable\session_count_Nowledgeable.py", line 249, in <module>
    main(input_path, output_path, gap)
  File "C:\Users\chris\Desktop\Code\TracesPresenter\Traces_presenter\Jupyter\Chaine\scripts_Nowledgeable\session_count_Nowledgeable.py", line 222, in main
    out.info(
Message: '  %s : %d session(s) (%d activité(s))'
Arguments: ('10032', 4, 26)
--- Logging error ---
Traceback (most recent call last):
  File "c:\Users\chris\AppData\Local\Programs\Python\Python314\Lib\logging\__init__.py", line 1154, in emit
    stream.write(msg + self.terminator)
    ~~~~~~~~~~~~^^^^^^^^^^^^^^^^^^^^^^^
ValueError: I/O operation on closed file.
Call stack:
  File "<frozen runpy>", line 198, in _run_module_as_main
  File "<frozen runpy>", line 88, in _run_code
  File "C:\Users\chris\AppData\Roaming\Python\Python314\site-packages\ipykernel_launcher.py", line 18, in <module>
    app.launch_new_instance()
  File "C:\Users\chris\AppData\Roaming\Python\Python314\site-packages\traitlets\config\application.py", line 1082, in launch_instance
    app.start()
  File "C:\Users\chris\AppData\Roaming\Python\Python314\site-packages\ipykernel\kernelapp.py", line 758, in start
    self.io_loop.start()
  File "C:\Users\chris\AppData\Roaming\Python\Python314\site-packages\tornado\platform\asyncio.py", line 211, in start
    self.asyncio_loop.run_forever()
  File "c:\Users\chris\AppData\Local\Programs\Python\Python314\Lib\asyncio\base_events.py", line 677, in run_forever
    self._run_once()
  File "c:\Users\chris\AppData\Local\Programs\Python\Python314\Lib\asyncio\base_events.py", line 2046, in _run_once
    handle._run()
  File "c:\Users\chris\AppData\Local\Programs\Python\Python314\Lib\asyncio\events.py", line 94, in _run
    self._context.run(self._callback, *self._args)
  File "C:\Users\chris\AppData\Roaming\Python\Python314\site-packages\ipykernel\kernelbase.py", line 621, in shell_main
    await self.dispatch_shell(msg, subshell_id=subshell_id)
  File "C:\Users\chris\AppData\Roaming\Python\Python314\site-packages\ipykernel\kernelbase.py", line 478, in dispatch_shell
    await result
  File "C:\Users\chris\AppData\Roaming\Python\Python314\site-packages\ipykernel\ipkernel.py", line 372, in execute_request
    await super().execute_request(stream, ident, parent)
  File "C:\Users\chris\AppData\Roaming\Python\Python314\site-packages\ipykernel\kernelbase.py", line 834, in execute_request
    reply_content = await reply_content
  File "C:\Users\chris\AppData\Roaming\Python\Python314\site-packages\ipykernel\ipkernel.py", line 464, in do_execute
    res = shell.run_cell(
  File "C:\Users\chris\AppData\Roaming\Python\Python314\site-packages\ipykernel\zmqshell.py", line 663, in run_cell
    return super().run_cell(*args, **kwargs)
  File "C:\Users\chris\AppData\Roaming\Python\Python314\site-packages\IPython\core\interactiveshell.py", line 3170, in run_cell
    result = self._run_cell(
  File "C:\Users\chris\AppData\Roaming\Python\Python314\site-packages\IPython\core\interactiveshell.py", line 3225, in _run_cell
    result = runner(coro)
  File "C:\Users\chris\AppData\Roaming\Python\Python314\site-packages\IPython\core\async_helpers.py", line 128, in _pseudo_sync_runner
    coro.send(None)
  File "C:\Users\chris\AppData\Roaming\Python\Python314\site-packages\IPython\core\interactiveshell.py", line 3447, in run_cell_async
    has_raised = await self.run_ast_nodes(code_ast.body, cell_name,
  File "C:\Users\chris\AppData\Roaming\Python\Python314\site-packages\IPython\core\interactiveshell.py", line 3688, in run_ast_nodes
    if await self.run_code(code, result, async_=asy):
  File "C:\Users\chris\AppData\Roaming\Python\Python314\site-packages\IPython\core\interactiveshell.py", line 3748, in run_code
    exec(code_obj, self.user_global_ns, self.user_ns)
  File "C:\Users\chris\AppData\Local\Temp\ipykernel_19112\1630972538.py", line 78, in <module>
    runpy.run_path(str(script_path), run_name="__main__")
  File "<frozen runpy>", line 287, in run_path
  File "<frozen runpy>", line 98, in _run_module_code
  File "<frozen runpy>", line 88, in _run_code
  File "C:\Users\chris\Desktop\Code\TracesPresenter\Traces_presenter\Jupyter\Chaine\scripts_Nowledgeable\session_count_Nowledgeable.py", line 249, in <module>
    main(input_path, output_path, gap)
  File "C:\Users\chris\Desktop\Code\TracesPresenter\Traces_presenter\Jupyter\Chaine\scripts_Nowledgeable\session_count_Nowledgeable.py", line 222, in main
    out.info(
Message: '  %s : %d session(s) (%d activité(s))'
Arguments: ('10056', 7, 73)
--- Logging error ---
Traceback (most recent call last):
  File "c:\Users\chris\AppData\Local\Programs\Python\Python314\Lib\logging\__init__.py", line 1154, in emit
    stream.write(msg + self.terminator)
    ~~~~~~~~~~~~^^^^^^^^^^^^^^^^^^^^^^^
ValueError: I/O operation on closed file.
Call stack:
  File "<frozen runpy>", line 198, in _run_module_as_main
  File "<frozen runpy>", line 88, in _run_code
  File "C:\Users\chris\AppData\Roaming\Python\Python314\site-packages\ipykernel_launcher.py", line 18, in <module>
    app.launch_new_instance()
  File "C:\Users\chris\AppData\Roaming\Python\Python314\site-packages\traitlets\config\application.py", line 1082, in launch_instance
    app.start()
  File "C:\Users\chris\AppData\Roaming\Python\Python314\site-packages\ipykernel\kernelapp.py", line 758, in start
    self.io_loop.start()
  File "C:\Users\chris\AppData\Roaming\Python\Python314\site-packages\tornado\platform\asyncio.py", line 211, in start
    self.asyncio_loop.run_forever()
  File "c:\Users\chris\AppData\Local\Programs\Python\Python314\Lib\asyncio\base_events.py", line 677, in run_forever
    self._run_once()
  File "c:\Users\chris\AppData\Local\Programs\Python\Python314\Lib\asyncio\base_events.py", line 2046, in _run_once
    handle._run()
  File "c:\Users\chris\AppData\Local\Programs\Python\Python314\Lib\asyncio\events.py", line 94, in _run
    self._context.run(self._callback, *self._args)
  File "C:\Users\chris\AppData\Roaming\Python\Python314\site-packages\ipykernel\kernelbase.py", line 621, in shell_main
    await self.dispatch_shell(msg, subshell_id=subshell_id)
  File "C:\Users\chris\AppData\Roaming\Python\Python314\site-packages\ipykernel\kernelbase.py", line 478, in dispatch_shell
    await result
  File "C:\Users\chris\AppData\Roaming\Python\Python314\site-packages\ipykernel\ipkernel.py", line 372, in execute_request
    await super().execute_request(stream, ident, parent)
  File "C:\Users\chris\AppData\Roaming\Python\Python314\site-packages\ipykernel\kernelbase.py", line 834, in execute_request
    reply_content = await reply_content
  File "C:\Users\chris\AppData\Roaming\Python\Python314\site-packages\ipykernel\ipkernel.py", line 464, in do_execute
    res = shell.run_cell(
  File "C:\Users\chris\AppData\Roaming\Python\Python314\site-packages\ipykernel\zmqshell.py", line 663, in run_cell
    return super().run_cell(*args, **kwargs)
  File "C:\Users\chris\AppData\Roaming\Python\Python314\site-packages\IPython\core\interactiveshell.py", line 3170, in run_cell
    result = self._run_cell(
  File "C:\Users\chris\AppData\Roaming\Python\Python314\site-packages\IPython\core\interactiveshell.py", line 3225, in _run_cell
    result = runner(coro)
  File "C:\Users\chris\AppData\Roaming\Python\Python314\site-packages\IPython\core\async_helpers.py", line 128, in _pseudo_sync_runner
    coro.send(None)
  File "C:\Users\chris\AppData\Roaming\Python\Python314\site-packages\IPython\core\interactiveshell.py", line 3447, in run_cell_async
    has_raised = await self.run_ast_nodes(code_ast.body, cell_name,
  File "C:\Users\chris\AppData\Roaming\Python\Python314\site-packages\IPython\core\interactiveshell.py", line 3688, in run_ast_nodes
    if await self.run_code(code, result, async_=asy):
  File "C:\Users\chris\AppData\Roaming\Python\Python314\site-packages\IPython\core\interactiveshell.py", line 3748, in run_code
    exec(code_obj, self.user_global_ns, self.user_ns)
  File "C:\Users\chris\AppData\Local\Temp\ipykernel_19112\1630972538.py", line 78, in <module>
    runpy.run_path(str(script_path), run_name="__main__")
  File "<frozen runpy>", line 287, in run_path
  File "<frozen runpy>", line 98, in _run_module_code
  File "<frozen runpy>", line 88, in _run_code
  File "C:\Users\chris\Desktop\Code\TracesPresenter\Traces_presenter\Jupyter\Chaine\scripts_Nowledgeable\session_count_Nowledgeable.py", line 249, in <module>
    main(input_path, output_path, gap)
  File "C:\Users\chris\Desktop\Code\TracesPresenter\Traces_presenter\Jupyter\Chaine\scripts_Nowledgeable\session_count_Nowledgeable.py", line 222, in main
    out.info(
Message: '  %s : %d session(s) (%d activité(s))'
Arguments: ('10058', 5, 40)
--- Logging error ---
Traceback (most recent call last):
  File "c:\Users\chris\AppData\Local\Programs\Python\Python314\Lib\logging\__init__.py", line 1154, in emit
    stream.write(msg + self.terminator)
    ~~~~~~~~~~~~^^^^^^^^^^^^^^^^^^^^^^^
ValueError: I/O operation on closed file.
Call stack:
  File "<frozen runpy>", line 198, in _run_module_as_main
  File "<frozen runpy>", line 88, in _run_code
  File "C:\Users\chris\AppData\Roaming\Python\Python314\site-packages\ipykernel_launcher.py", line 18, in <module>
    app.launch_new_instance()
  File "C:\Users\chris\AppData\Roaming\Python\Python314\site-packages\traitlets\config\application.py", line 1082, in launch_instance
    app.start()
  File "C:\Users\chris\AppData\Roaming\Python\Python314\site-packages\ipykernel\kernelapp.py", line 758, in start
    self.io_loop.start()
  File "C:\Users\chris\AppData\Roaming\Python\Python314\site-packages\tornado\platform\asyncio.py", line 211, in start
    self.asyncio_loop.run_forever()
  File "c:\Users\chris\AppData\Local\Programs\Python\Python314\Lib\asyncio\base_events.py", line 677, in run_forever
    self._run_once()
  File "c:\Users\chris\AppData\Local\Programs\Python\Python314\Lib\asyncio\base_events.py", line 2046, in _run_once
    handle._run()
  File "c:\Users\chris\AppData\Local\Programs\Python\Python314\Lib\asyncio\events.py", line 94, in _run
    self._context.run(self._callback, *self._args)
  File "C:\Users\chris\AppData\Roaming\Python\Python314\site-packages\ipykernel\kernelbase.py", line 621, in shell_main
    await self.dispatch_shell(msg, subshell_id=subshell_id)
  File "C:\Users\chris\AppData\Roaming\Python\Python314\site-packages\ipykernel\kernelbase.py", line 478, in dispatch_shell
    await result
  File "C:\Users\chris\AppData\Roaming\Python\Python314\site-packages\ipykernel\ipkernel.py", line 372, in execute_request
    await super().execute_request(stream, ident, parent)
  File "C:\Users\chris\AppData\Roaming\Python\Python314\site-packages\ipykernel\kernelbase.py", line 834, in execute_request
    reply_content = await reply_content
  File "C:\Users\chris\AppData\Roaming\Python\Python314\site-packages\ipykernel\ipkernel.py", line 464, in do_execute
    res = shell.run_cell(
  File "C:\Users\chris\AppData\Roaming\Python\Python314\site-packages\ipykernel\zmqshell.py", line 663, in run_cell
    return super().run_cell(*args, **kwargs)
  File "C:\Users\chris\AppData\Roaming\Python\Python314\site-packages\IPython\core\interactiveshell.py", line 3170, in run_cell
    result = self._run_cell(
  File "C:\Users\chris\AppData\Roaming\Python\Python314\site-packages\IPython\core\interactiveshell.py", line 3225, in _run_cell
    result = runner(coro)
  File "C:\Users\chris\AppData\Roaming\Python\Python314\site-packages\IPython\core\async_helpers.py", line 128, in _pseudo_sync_runner
    coro.send(None)
  File "C:\Users\chris\AppData\Roaming\Python\Python314\site-packages\IPython\core\interactiveshell.py", line 3447, in run_cell_async
    has_raised = await self.run_ast_nodes(code_ast.body, cell_name,
  File "C:\Users\chris\AppData\Roaming\Python\Python314\site-packages\IPython\core\interactiveshell.py", line 3688, in run_ast_nodes
    if await self.run_code(code, result, async_=asy):
  File "C:\Users\chris\AppData\Roaming\Python\Python314\site-packages\IPython\core\interactiveshell.py", line 3748, in run_code
    exec(code_obj, self.user_global_ns, self.user_ns)
  File "C:\Users\chris\AppData\Local\Temp\ipykernel_19112\1630972538.py", line 78, in <module>
    runpy.run_path(str(script_path), run_name="__main__")
  File "<frozen runpy>", line 287, in run_path
  File "<frozen runpy>", line 98, in _run_module_code
  File "<frozen runpy>", line 88, in _run_code
  File "C:\Users\chris\Desktop\Code\TracesPresenter\Traces_presenter\Jupyter\Chaine\scripts_Nowledgeable\session_count_Nowledgeable.py", line 249, in <module>
    main(input_path, output_path, gap)
  File "C:\Users\chris\Desktop\Code\TracesPresenter\Traces_presenter\Jupyter\Chaine\scripts_Nowledgeable\session_count_Nowledgeable.py", line 222, in main
    out.info(
Message: '  %s : %d session(s) (%d activité(s))'
Arguments: ('10119', 4, 106)
--- Logging error ---
Traceback (most recent call last):
  File "c:\Users\chris\AppData\Local\Programs\Python\Python314\Lib\logging\__init__.py", line 1154, in emit
    stream.write(msg + self.terminator)
    ~~~~~~~~~~~~^^^^^^^^^^^^^^^^^^^^^^^
ValueError: I/O operation on closed file.
Call stack:
  File "<frozen runpy>", line 198, in _run_module_as_main
  File "<frozen runpy>", line 88, in _run_code
  File "C:\Users\chris\AppData\Roaming\Python\Python314\site-packages\ipykernel_launcher.py", line 18, in <module>
    app.launch_new_instance()
  File "C:\Users\chris\AppData\Roaming\Python\Python314\site-packages\traitlets\config\application.py", line 1082, in launch_instance
    app.start()
  File "C:\Users\chris\AppData\Roaming\Python\Python314\site-packages\ipykernel\kernelapp.py", line 758, in start
    self.io_loop.start()
  File "C:\Users\chris\AppData\Roaming\Python\Python314\site-packages\tornado\platform\asyncio.py", line 211, in start
    self.asyncio_loop.run_forever()
  File "c:\Users\chris\AppData\Local\Programs\Python\Python314\Lib\asyncio\base_events.py", line 677, in run_forever
    self._run_once()
  File "c:\Users\chris\AppData\Local\Programs\Python\Python314\Lib\asyncio\base_events.py", line 2046, in _run_once
    handle._run()
  File "c:\Users\chris\AppData\Local\Programs\Python\Python314\Lib\asyncio\events.py", line 94, in _run
    self._context.run(self._callback, *self._args)
  File "C:\Users\chris\AppData\Roaming\Python\Python314\site-packages\ipykernel\kernelbase.py", line 621, in shell_main
    await self.dispatch_shell(msg, subshell_id=subshell_id)
  File "C:\Users\chris\AppData\Roaming\Python\Python314\site-packages\ipykernel\kernelbase.py", line 478, in dispatch_shell
    await result
  File "C:\Users\chris\AppData\Roaming\Python\Python314\site-packages\ipykernel\ipkernel.py", line 372, in execute_request
    await super().execute_request(stream, ident, parent)
  File "C:\Users\chris\AppData\Roaming\Python\Python314\site-packages\ipykernel\kernelbase.py", line 834, in execute_request
    reply_content = await reply_content
  File "C:\Users\chris\AppData\Roaming\Python\Python314\site-packages\ipykernel\ipkernel.py", line 464, in do_execute
    res = shell.run_cell(
  File "C:\Users\chris\AppData\Roaming\Python\Python314\site-packages\ipykernel\zmqshell.py", line 663, in run_cell
    return super().run_cell(*args, **kwargs)
  File "C:\Users\chris\AppData\Roaming\Python\Python314\site-packages\IPython\core\interactiveshell.py", line 3170, in run_cell
    result = self._run_cell(
  File "C:\Users\chris\AppData\Roaming\Python\Python314\site-packages\IPython\core\interactiveshell.py", line 3225, in _run_cell
    result = runner(coro)
  File "C:\Users\chris\AppData\Roaming\Python\Python314\site-packages\IPython\core\async_helpers.py", line 128, in _pseudo_sync_runner
    coro.send(None)
  File "C:\Users\chris\AppData\Roaming\Python\Python314\site-packages\IPython\core\interactiveshell.py", line 3447, in run_cell_async
    has_raised = await self.run_ast_nodes(code_ast.body, cell_name,
  File "C:\Users\chris\AppData\Roaming\Python\Python314\site-packages\IPython\core\interactiveshell.py", line 3688, in run_ast_nodes
    if await self.run_code(code, result, async_=asy):
  File "C:\Users\chris\AppData\Roaming\Python\Python314\site-packages\IPython\core\interactiveshell.py", line 3748, in run_code
    exec(code_obj, self.user_global_ns, self.user_ns)
  File "C:\Users\chris\AppData\Local\Temp\ipykernel_19112\1630972538.py", line 78, in <module>
    runpy.run_path(str(script_path), run_name="__main__")
  File "<frozen runpy>", line 287, in run_path
  File "<frozen runpy>", line 98, in _run_module_code
  File "<frozen runpy>", line 88, in _run_code
  File "C:\Users\chris\Desktop\Code\TracesPresenter\Traces_presenter\Jupyter\Chaine\scripts_Nowledgeable\session_count_Nowledgeable.py", line 249, in <module>
    main(input_path, output_path, gap)
  File "C:\Users\chris\Desktop\Code\TracesPresenter\Traces_presenter\Jupyter\Chaine\scripts_Nowledgeable\session_count_Nowledgeable.py", line 222, in main
    out.info(
Message: '  %s : %d session(s) (%d activité(s))'
Arguments: ('10120', 5, 16)
--- Logging error ---
Traceback (most recent call last):
  File "c:\Users\chris\AppData\Local\Programs\Python\Python314\Lib\logging\__init__.py", line 1154, in emit
    stream.write(msg + self.terminator)
    ~~~~~~~~~~~~^^^^^^^^^^^^^^^^^^^^^^^
ValueError: I/O operation on closed file.
Call stack:
  File "<frozen runpy>", line 198, in _run_module_as_main
  File "<frozen runpy>", line 88, in _run_code
  File "C:\Users\chris\AppData\Roaming\Python\Python314\site-packages\ipykernel_launcher.py", line 18, in <module>
    app.launch_new_instance()
  File "C:\Users\chris\AppData\Roaming\Python\Python314\site-packages\traitlets\config\application.py", line 1082, in launch_instance
    app.start()
  File "C:\Users\chris\AppData\Roaming\Python\Python314\site-packages\ipykernel\kernelapp.py", line 758, in start
    self.io_loop.start()
  File "C:\Users\chris\AppData\Roaming\Python\Python314\site-packages\tornado\platform\asyncio.py", line 211, in start
    self.asyncio_loop.run_forever()
  File "c:\Users\chris\AppData\Local\Programs\Python\Python314\Lib\asyncio\base_events.py", line 677, in run_forever
    self._run_once()
  File "c:\Users\chris\AppData\Local\Programs\Python\Python314\Lib\asyncio\base_events.py", line 2046, in _run_once
    handle._run()
  File "c:\Users\chris\AppData\Local\Programs\Python\Python314\Lib\asyncio\events.py", line 94, in _run
    self._context.run(self._callback, *self._args)
  File "C:\Users\chris\AppData\Roaming\Python\Python314\site-packages\ipykernel\kernelbase.py", line 621, in shell_main
    await self.dispatch_shell(msg, subshell_id=subshell_id)
  File "C:\Users\chris\AppData\Roaming\Python\Python314\site-packages\ipykernel\kernelbase.py", line 478, in dispatch_shell
    await result
  File "C:\Users\chris\AppData\Roaming\Python\Python314\site-packages\ipykernel\ipkernel.py", line 372, in execute_request
    await super().execute_request(stream, ident, parent)
  File "C:\Users\chris\AppData\Roaming\Python\Python314\site-packages\ipykernel\kernelbase.py", line 834, in execute_request
    reply_content = await reply_content
  File "C:\Users\chris\AppData\Roaming\Python\Python314\site-packages\ipykernel\ipkernel.py", line 464, in do_execute
    res = shell.run_cell(
  File "C:\Users\chris\AppData\Roaming\Python\Python314\site-packages\ipykernel\zmqshell.py", line 663, in run_cell
    return super().run_cell(*args, **kwargs)
  File "C:\Users\chris\AppData\Roaming\Python\Python314\site-packages\IPython\core\interactiveshell.py", line 3170, in run_cell
    result = self._run_cell(
  File "C:\Users\chris\AppData\Roaming\Python\Python314\site-packages\IPython\core\interactiveshell.py", line 3225, in _run_cell
    result = runner(coro)
  File "C:\Users\chris\AppData\Roaming\Python\Python314\site-packages\IPython\core\async_helpers.py", line 128, in _pseudo_sync_runner
    coro.send(None)
  File "C:\Users\chris\AppData\Roaming\Python\Python314\site-packages\IPython\core\interactiveshell.py", line 3447, in run_cell_async
    has_raised = await self.run_ast_nodes(code_ast.body, cell_name,
  File "C:\Users\chris\AppData\Roaming\Python\Python314\site-packages\IPython\core\interactiveshell.py", line 3688, in run_ast_nodes
    if await self.run_code(code, result, async_=asy):
  File "C:\Users\chris\AppData\Roaming\Python\Python314\site-packages\IPython\core\interactiveshell.py", line 3748, in run_code
    exec(code_obj, self.user_global_ns, self.user_ns)
  File "C:\Users\chris\AppData\Local\Temp\ipykernel_19112\1630972538.py", line 78, in <module>
    runpy.run_path(str(script_path), run_name="__main__")
  File "<frozen runpy>", line 287, in run_path
  File "<frozen runpy>", line 98, in _run_module_code
  File "<frozen runpy>", line 88, in _run_code
  File "C:\Users\chris\Desktop\Code\TracesPresenter\Traces_presenter\Jupyter\Chaine\scripts_Nowledgeable\session_count_Nowledgeable.py", line 249, in <module>
    main(input_path, output_path, gap)
  File "C:\Users\chris\Desktop\Code\TracesPresenter\Traces_presenter\Jupyter\Chaine\scripts_Nowledgeable\session_count_Nowledgeable.py", line 222, in main
    out.info(
Message: '  %s : %d session(s) (%d activité(s))'
Arguments: ('10121', 3, 84)
--- Logging error ---
Traceback (most recent call last):
  File "c:\Users\chris\AppData\Local\Programs\Python\Python314\Lib\logging\__init__.py", line 1154, in emit
    stream.write(msg + self.terminator)
    ~~~~~~~~~~~~^^^^^^^^^^^^^^^^^^^^^^^
ValueError: I/O operation on closed file.
Call stack:
  File "<frozen runpy>", line 198, in _run_module_as_main
  File "<frozen runpy>", line 88, in _run_code
  File "C:\Users\chris\AppData\Roaming\Python\Python314\site-packages\ipykernel_launcher.py", line 18, in <module>
    app.launch_new_instance()
  File "C:\Users\chris\AppData\Roaming\Python\Python314\site-packages\traitlets\config\application.py", line 1082, in launch_instance
    app.start()
  File "C:\Users\chris\AppData\Roaming\Python\Python314\site-packages\ipykernel\kernelapp.py", line 758, in start
    self.io_loop.start()
  File "C:\Users\chris\AppData\Roaming\Python\Python314\site-packages\tornado\platform\asyncio.py", line 211, in start
    self.asyncio_loop.run_forever()
  File "c:\Users\chris\AppData\Local\Programs\Python\Python314\Lib\asyncio\base_events.py", line 677, in run_forever
    self._run_once()
  File "c:\Users\chris\AppData\Local\Programs\Python\Python314\Lib\asyncio\base_events.py", line 2046, in _run_once
    handle._run()
  File "c:\Users\chris\AppData\Local\Programs\Python\Python314\Lib\asyncio\events.py", line 94, in _run
    self._context.run(self._callback, *self._args)
  File "C:\Users\chris\AppData\Roaming\Python\Python314\site-packages\ipykernel\kernelbase.py", line 621, in shell_main
    await self.dispatch_shell(msg, subshell_id=subshell_id)
  File "C:\Users\chris\AppData\Roaming\Python\Python314\site-packages\ipykernel\kernelbase.py", line 478, in dispatch_shell
    await result
  File "C:\Users\chris\AppData\Roaming\Python\Python314\site-packages\ipykernel\ipkernel.py", line 372, in execute_request
    await super().execute_request(stream, ident, parent)
  File "C:\Users\chris\AppData\Roaming\Python\Python314\site-packages\ipykernel\kernelbase.py", line 834, in execute_request
    reply_content = await reply_content
  File "C:\Users\chris\AppData\Roaming\Python\Python314\site-packages\ipykernel\ipkernel.py", line 464, in do_execute
    res = shell.run_cell(
  File "C:\Users\chris\AppData\Roaming\Python\Python314\site-packages\ipykernel\zmqshell.py", line 663, in run_cell
    return super().run_cell(*args, **kwargs)
  File "C:\Users\chris\AppData\Roaming\Python\Python314\site-packages\IPython\core\interactiveshell.py", line 3170, in run_cell
    result = self._run_cell(
  File "C:\Users\chris\AppData\Roaming\Python\Python314\site-packages\IPython\core\interactiveshell.py", line 3225, in _run_cell
    result = runner(coro)
  File "C:\Users\chris\AppData\Roaming\Python\Python314\site-packages\IPython\core\async_helpers.py", line 128, in _pseudo_sync_runner
    coro.send(None)
  File "C:\Users\chris\AppData\Roaming\Python\Python314\site-packages\IPython\core\interactiveshell.py", line 3447, in run_cell_async
    has_raised = await self.run_ast_nodes(code_ast.body, cell_name,
  File "C:\Users\chris\AppData\Roaming\Python\Python314\site-packages\IPython\core\interactiveshell.py", line 3688, in run_ast_nodes
    if await self.run_code(code, result, async_=asy):
  File "C:\Users\chris\AppData\Roaming\Python\Python314\site-packages\IPython\core\interactiveshell.py", line 3748, in run_code
    exec(code_obj, self.user_global_ns, self.user_ns)
  File "C:\Users\chris\AppData\Local\Temp\ipykernel_19112\1630972538.py", line 78, in <module>
    runpy.run_path(str(script_path), run_name="__main__")
  File "<frozen runpy>", line 287, in run_path
  File "<frozen runpy>", line 98, in _run_module_code
  File "<frozen runpy>", line 88, in _run_code
  File "C:\Users\chris\Desktop\Code\TracesPresenter\Traces_presenter\Jupyter\Chaine\scripts_Nowledgeable\session_count_Nowledgeable.py", line 249, in <module>
    main(input_path, output_path, gap)
  File "C:\Users\chris\Desktop\Code\TracesPresenter\Traces_presenter\Jupyter\Chaine\scripts_Nowledgeable\session_count_Nowledgeable.py", line 222, in main
    out.info(
Message: '  %s : %d session(s) (%d activité(s))'
Arguments: ('10123', 8, 20)
--- Logging error ---
Traceback (most recent call last):
  File "c:\Users\chris\AppData\Local\Programs\Python\Python314\Lib\logging\__init__.py", line 1154, in emit
    stream.write(msg + self.terminator)
    ~~~~~~~~~~~~^^^^^^^^^^^^^^^^^^^^^^^
ValueError: I/O operation on closed file.
Call stack:
  File "<frozen runpy>", line 198, in _run_module_as_main
  File "<frozen runpy>", line 88, in _run_code
  File "C:\Users\chris\AppData\Roaming\Python\Python314\site-packages\ipykernel_launcher.py", line 18, in <module>
    app.launch_new_instance()
  File "C:\Users\chris\AppData\Roaming\Python\Python314\site-packages\traitlets\config\application.py", line 1082, in launch_instance
    app.start()
  File "C:\Users\chris\AppData\Roaming\Python\Python314\site-packages\ipykernel\kernelapp.py", line 758, in start
    self.io_loop.start()
  File "C:\Users\chris\AppData\Roaming\Python\Python314\site-packages\tornado\platform\asyncio.py", line 211, in start
    self.asyncio_loop.run_forever()
  File "c:\Users\chris\AppData\Local\Programs\Python\Python314\Lib\asyncio\base_events.py", line 677, in run_forever
    self._run_once()
  File "c:\Users\chris\AppData\Local\Programs\Python\Python314\Lib\asyncio\base_events.py", line 2046, in _run_once
    handle._run()
  File "c:\Users\chris\AppData\Local\Programs\Python\Python314\Lib\asyncio\events.py", line 94, in _run
    self._context.run(self._callback, *self._args)
  File "C:\Users\chris\AppData\Roaming\Python\Python314\site-packages\ipykernel\kernelbase.py", line 621, in shell_main
    await self.dispatch_shell(msg, subshell_id=subshell_id)
  File "C:\Users\chris\AppData\Roaming\Python\Python314\site-packages\ipykernel\kernelbase.py", line 478, in dispatch_shell
    await result
  File "C:\Users\chris\AppData\Roaming\Python\Python314\site-packages\ipykernel\ipkernel.py", line 372, in execute_request
    await super().execute_request(stream, ident, parent)
  File "C:\Users\chris\AppData\Roaming\Python\Python314\site-packages\ipykernel\kernelbase.py", line 834, in execute_request
    reply_content = await reply_content
  File "C:\Users\chris\AppData\Roaming\Python\Python314\site-packages\ipykernel\ipkernel.py", line 464, in do_execute
    res = shell.run_cell(
  File "C:\Users\chris\AppData\Roaming\Python\Python314\site-packages\ipykernel\zmqshell.py", line 663, in run_cell
    return super().run_cell(*args, **kwargs)
  File "C:\Users\chris\AppData\Roaming\Python\Python314\site-packages\IPython\core\interactiveshell.py", line 3170, in run_cell
    result = self._run_cell(
  File "C:\Users\chris\AppData\Roaming\Python\Python314\site-packages\IPython\core\interactiveshell.py", line 3225, in _run_cell
    result = runner(coro)
  File "C:\Users\chris\AppData\Roaming\Python\Python314\site-packages\IPython\core\async_helpers.py", line 128, in _pseudo_sync_runner
    coro.send(None)
  File "C:\Users\chris\AppData\Roaming\Python\Python314\site-packages\IPython\core\interactiveshell.py", line 3447, in run_cell_async
    has_raised = await self.run_ast_nodes(code_ast.body, cell_name,
  File "C:\Users\chris\AppData\Roaming\Python\Python314\site-packages\IPython\core\interactiveshell.py", line 3688, in run_ast_nodes
    if await self.run_code(code, result, async_=asy):
  File "C:\Users\chris\AppData\Roaming\Python\Python314\site-packages\IPython\core\interactiveshell.py", line 3748, in run_code
    exec(code_obj, self.user_global_ns, self.user_ns)
  File "C:\Users\chris\AppData\Local\Temp\ipykernel_19112\1630972538.py", line 78, in <module>
    runpy.run_path(str(script_path), run_name="__main__")
  File "<frozen runpy>", line 287, in run_path
  File "<frozen runpy>", line 98, in _run_module_code
  File "<frozen runpy>", line 88, in _run_code
  File "C:\Users\chris\Desktop\Code\TracesPresenter\Traces_presenter\Jupyter\Chaine\scripts_Nowledgeable\session_count_Nowledgeable.py", line 249, in <module>
    main(input_path, output_path, gap)
  File "C:\Users\chris\Desktop\Code\TracesPresenter\Traces_presenter\Jupyter\Chaine\scripts_Nowledgeable\session_count_Nowledgeable.py", line 222, in main
    out.info(
Message: '  %s : %d session(s) (%d activité(s))'
Arguments: ('10124', 5, 36)
--- Logging error ---
Traceback (most recent call last):
  File "c:\Users\chris\AppData\Local\Programs\Python\Python314\Lib\logging\__init__.py", line 1154, in emit
    stream.write(msg + self.terminator)
    ~~~~~~~~~~~~^^^^^^^^^^^^^^^^^^^^^^^
ValueError: I/O operation on closed file.
Call stack:
  File "<frozen runpy>", line 198, in _run_module_as_main
  File "<frozen runpy>", line 88, in _run_code
  File "C:\Users\chris\AppData\Roaming\Python\Python314\site-packages\ipykernel_launcher.py", line 18, in <module>
    app.launch_new_instance()
  File "C:\Users\chris\AppData\Roaming\Python\Python314\site-packages\traitlets\config\application.py", line 1082, in launch_instance
    app.start()
  File "C:\Users\chris\AppData\Roaming\Python\Python314\site-packages\ipykernel\kernelapp.py", line 758, in start
    self.io_loop.start()
  File "C:\Users\chris\AppData\Roaming\Python\Python314\site-packages\tornado\platform\asyncio.py", line 211, in start
    self.asyncio_loop.run_forever()
  File "c:\Users\chris\AppData\Local\Programs\Python\Python314\Lib\asyncio\base_events.py", line 677, in run_forever
    self._run_once()
  File "c:\Users\chris\AppData\Local\Programs\Python\Python314\Lib\asyncio\base_events.py", line 2046, in _run_once
    handle._run()
  File "c:\Users\chris\AppData\Local\Programs\Python\Python314\Lib\asyncio\events.py", line 94, in _run
    self._context.run(self._callback, *self._args)
  File "C:\Users\chris\AppData\Roaming\Python\Python314\site-packages\ipykernel\kernelbase.py", line 621, in shell_main
    await self.dispatch_shell(msg, subshell_id=subshell_id)
  File "C:\Users\chris\AppData\Roaming\Python\Python314\site-packages\ipykernel\kernelbase.py", line 478, in dispatch_shell
    await result
  File "C:\Users\chris\AppData\Roaming\Python\Python314\site-packages\ipykernel\ipkernel.py", line 372, in execute_request
    await super().execute_request(stream, ident, parent)
  File "C:\Users\chris\AppData\Roaming\Python\Python314\site-packages\ipykernel\kernelbase.py", line 834, in execute_request
    reply_content = await reply_content
  File "C:\Users\chris\AppData\Roaming\Python\Python314\site-packages\ipykernel\ipkernel.py", line 464, in do_execute
    res = shell.run_cell(
  File "C:\Users\chris\AppData\Roaming\Python\Python314\site-packages\ipykernel\zmqshell.py", line 663, in run_cell
    return super().run_cell(*args, **kwargs)
  File "C:\Users\chris\AppData\Roaming\Python\Python314\site-packages\IPython\core\interactiveshell.py", line 3170, in run_cell
    result = self._run_cell(
  File "C:\Users\chris\AppData\Roaming\Python\Python314\site-packages\IPython\core\interactiveshell.py", line 3225, in _run_cell
    result = runner(coro)
  File "C:\Users\chris\AppData\Roaming\Python\Python314\site-packages\IPython\core\async_helpers.py", line 128, in _pseudo_sync_runner
    coro.send(None)
  File "C:\Users\chris\AppData\Roaming\Python\Python314\site-packages\IPython\core\interactiveshell.py", line 3447, in run_cell_async
    has_raised = await self.run_ast_nodes(code_ast.body, cell_name,
  File "C:\Users\chris\AppData\Roaming\Python\Python314\site-packages\IPython\core\interactiveshell.py", line 3688, in run_ast_nodes
    if await self.run_code(code, result, async_=asy):
  File "C:\Users\chris\AppData\Roaming\Python\Python314\site-packages\IPython\core\interactiveshell.py", line 3748, in run_code
    exec(code_obj, self.user_global_ns, self.user_ns)
  File "C:\Users\chris\AppData\Local\Temp\ipykernel_19112\1630972538.py", line 78, in <module>
    runpy.run_path(str(script_path), run_name="__main__")
  File "<frozen runpy>", line 287, in run_path
  File "<frozen runpy>", line 98, in _run_module_code
  File "<frozen runpy>", line 88, in _run_code
  File "C:\Users\chris\Desktop\Code\TracesPresenter\Traces_presenter\Jupyter\Chaine\scripts_Nowledgeable\session_count_Nowledgeable.py", line 249, in <module>
    main(input_path, output_path, gap)
  File "C:\Users\chris\Desktop\Code\TracesPresenter\Traces_presenter\Jupyter\Chaine\scripts_Nowledgeable\session_count_Nowledgeable.py", line 222, in main
    out.info(
Message: '  %s : %d session(s) (%d activité(s))'
Arguments: ('10126', 8, 27)
--- Logging error ---
Traceback (most recent call last):
  File "c:\Users\chris\AppData\Local\Programs\Python\Python314\Lib\logging\__init__.py", line 1154, in emit
    stream.write(msg + self.terminator)
    ~~~~~~~~~~~~^^^^^^^^^^^^^^^^^^^^^^^
ValueError: I/O operation on closed file.
Call stack:
  File "<frozen runpy>", line 198, in _run_module_as_main
  File "<frozen runpy>", line 88, in _run_code
  File "C:\Users\chris\AppData\Roaming\Python\Python314\site-packages\ipykernel_launcher.py", line 18, in <module>
    app.launch_new_instance()
  File "C:\Users\chris\AppData\Roaming\Python\Python314\site-packages\traitlets\config\application.py", line 1082, in launch_instance
    app.start()
  File "C:\Users\chris\AppData\Roaming\Python\Python314\site-packages\ipykernel\kernelapp.py", line 758, in start
    self.io_loop.start()
  File "C:\Users\chris\AppData\Roaming\Python\Python314\site-packages\tornado\platform\asyncio.py", line 211, in start
    self.asyncio_loop.run_forever()
  File "c:\Users\chris\AppData\Local\Programs\Python\Python314\Lib\asyncio\base_events.py", line 677, in run_forever
    self._run_once()
  File "c:\Users\chris\AppData\Local\Programs\Python\Python314\Lib\asyncio\base_events.py", line 2046, in _run_once
    handle._run()
  File "c:\Users\chris\AppData\Local\Programs\Python\Python314\Lib\asyncio\events.py", line 94, in _run
    self._context.run(self._callback, *self._args)
  File "C:\Users\chris\AppData\Roaming\Python\Python314\site-packages\ipykernel\kernelbase.py", line 621, in shell_main
    await self.dispatch_shell(msg, subshell_id=subshell_id)
  File "C:\Users\chris\AppData\Roaming\Python\Python314\site-packages\ipykernel\kernelbase.py", line 478, in dispatch_shell
    await result
  File "C:\Users\chris\AppData\Roaming\Python\Python314\site-packages\ipykernel\ipkernel.py", line 372, in execute_request
    await super().execute_request(stream, ident, parent)
  File "C:\Users\chris\AppData\Roaming\Python\Python314\site-packages\ipykernel\kernelbase.py", line 834, in execute_request
    reply_content = await reply_content
  File "C:\Users\chris\AppData\Roaming\Python\Python314\site-packages\ipykernel\ipkernel.py", line 464, in do_execute
    res = shell.run_cell(
  File "C:\Users\chris\AppData\Roaming\Python\Python314\site-packages\ipykernel\zmqshell.py", line 663, in run_cell
    return super().run_cell(*args, **kwargs)
  File "C:\Users\chris\AppData\Roaming\Python\Python314\site-packages\IPython\core\interactiveshell.py", line 3170, in run_cell
    result = self._run_cell(
  File "C:\Users\chris\AppData\Roaming\Python\Python314\site-packages\IPython\core\interactiveshell.py", line 3225, in _run_cell
    result = runner(coro)
  File "C:\Users\chris\AppData\Roaming\Python\Python314\site-packages\IPython\core\async_helpers.py", line 128, in _pseudo_sync_runner
    coro.send(None)
  File "C:\Users\chris\AppData\Roaming\Python\Python314\site-packages\IPython\core\interactiveshell.py", line 3447, in run_cell_async
    has_raised = await self.run_ast_nodes(code_ast.body, cell_name,
  File "C:\Users\chris\AppData\Roaming\Python\Python314\site-packages\IPython\core\interactiveshell.py", line 3688, in run_ast_nodes
    if await self.run_code(code, result, async_=asy):
  File "C:\Users\chris\AppData\Roaming\Python\Python314\site-packages\IPython\core\interactiveshell.py", line 3748, in run_code
    exec(code_obj, self.user_global_ns, self.user_ns)
  File "C:\Users\chris\AppData\Local\Temp\ipykernel_19112\1630972538.py", line 78, in <module>
    runpy.run_path(str(script_path), run_name="__main__")
  File "<frozen runpy>", line 287, in run_path
  File "<frozen runpy>", line 98, in _run_module_code
  File "<frozen runpy>", line 88, in _run_code
  File "C:\Users\chris\Desktop\Code\TracesPresenter\Traces_presenter\Jupyter\Chaine\scripts_Nowledgeable\session_count_Nowledgeable.py", line 249, in <module>
    main(input_path, output_path, gap)
  File "C:\Users\chris\Desktop\Code\TracesPresenter\Traces_presenter\Jupyter\Chaine\scripts_Nowledgeable\session_count_Nowledgeable.py", line 222, in main
    out.info(
Message: '  %s : %d session(s) (%d activité(s))'
Arguments: ('10127', 5, 33)
--- Logging error ---
Traceback (most recent call last):
  File "c:\Users\chris\AppData\Local\Programs\Python\Python314\Lib\logging\__init__.py", line 1154, in emit
    stream.write(msg + self.terminator)
    ~~~~~~~~~~~~^^^^^^^^^^^^^^^^^^^^^^^
ValueError: I/O operation on closed file.
Call stack:
  File "<frozen runpy>", line 198, in _run_module_as_main
  File "<frozen runpy>", line 88, in _run_code
  File "C:\Users\chris\AppData\Roaming\Python\Python314\site-packages\ipykernel_launcher.py", line 18, in <module>
    app.launch_new_instance()
  File "C:\Users\chris\AppData\Roaming\Python\Python314\site-packages\traitlets\config\application.py", line 1082, in launch_instance
    app.start()
  File "C:\Users\chris\AppData\Roaming\Python\Python314\site-packages\ipykernel\kernelapp.py", line 758, in start
    self.io_loop.start()
  File "C:\Users\chris\AppData\Roaming\Python\Python314\site-packages\tornado\platform\asyncio.py", line 211, in start
    self.asyncio_loop.run_forever()
  File "c:\Users\chris\AppData\Local\Programs\Python\Python314\Lib\asyncio\base_events.py", line 677, in run_forever
    self._run_once()
  File "c:\Users\chris\AppData\Local\Programs\Python\Python314\Lib\asyncio\base_events.py", line 2046, in _run_once
    handle._run()
  File "c:\Users\chris\AppData\Local\Programs\Python\Python314\Lib\asyncio\events.py", line 94, in _run
    self._context.run(self._callback, *self._args)
  File "C:\Users\chris\AppData\Roaming\Python\Python314\site-packages\ipykernel\kernelbase.py", line 621, in shell_main
    await self.dispatch_shell(msg, subshell_id=subshell_id)
  File "C:\Users\chris\AppData\Roaming\Python\Python314\site-packages\ipykernel\kernelbase.py", line 478, in dispatch_shell
    await result
  File "C:\Users\chris\AppData\Roaming\Python\Python314\site-packages\ipykernel\ipkernel.py", line 372, in execute_request
    await super().execute_request(stream, ident, parent)
  File "C:\Users\chris\AppData\Roaming\Python\Python314\site-packages\ipykernel\kernelbase.py", line 834, in execute_request
    reply_content = await reply_content
  File "C:\Users\chris\AppData\Roaming\Python\Python314\site-packages\ipykernel\ipkernel.py", line 464, in do_execute
    res = shell.run_cell(
  File "C:\Users\chris\AppData\Roaming\Python\Python314\site-packages\ipykernel\zmqshell.py", line 663, in run_cell
    return super().run_cell(*args, **kwargs)
  File "C:\Users\chris\AppData\Roaming\Python\Python314\site-packages\IPython\core\interactiveshell.py", line 3170, in run_cell
    result = self._run_cell(
  File "C:\Users\chris\AppData\Roaming\Python\Python314\site-packages\IPython\core\interactiveshell.py", line 3225, in _run_cell
    result = runner(coro)
  File "C:\Users\chris\AppData\Roaming\Python\Python314\site-packages\IPython\core\async_helpers.py", line 128, in _pseudo_sync_runner
    coro.send(None)
  File "C:\Users\chris\AppData\Roaming\Python\Python314\site-packages\IPython\core\interactiveshell.py", line 3447, in run_cell_async
    has_raised = await self.run_ast_nodes(code_ast.body, cell_name,
  File "C:\Users\chris\AppData\Roaming\Python\Python314\site-packages\IPython\core\interactiveshell.py", line 3688, in run_ast_nodes
    if await self.run_code(code, result, async_=asy):
  File "C:\Users\chris\AppData\Roaming\Python\Python314\site-packages\IPython\core\interactiveshell.py", line 3748, in run_code
    exec(code_obj, self.user_global_ns, self.user_ns)
  File "C:\Users\chris\AppData\Local\Temp\ipykernel_19112\1630972538.py", line 78, in <module>
    runpy.run_path(str(script_path), run_name="__main__")
  File "<frozen runpy>", line 287, in run_path
  File "<frozen runpy>", line 98, in _run_module_code
  File "<frozen runpy>", line 88, in _run_code
  File "C:\Users\chris\Desktop\Code\TracesPresenter\Traces_presenter\Jupyter\Chaine\scripts_Nowledgeable\session_count_Nowledgeable.py", line 249, in <module>
    main(input_path, output_path, gap)
  File "C:\Users\chris\Desktop\Code\TracesPresenter\Traces_presenter\Jupyter\Chaine\scripts_Nowledgeable\session_count_Nowledgeable.py", line 222, in main
    out.info(
Message: '  %s : %d session(s) (%d activité(s))'
Arguments: ('10129', 4, 39)
--- Logging error ---
Traceback (most recent call last):
  File "c:\Users\chris\AppData\Local\Programs\Python\Python314\Lib\logging\__init__.py", line 1154, in emit
    stream.write(msg + self.terminator)
    ~~~~~~~~~~~~^^^^^^^^^^^^^^^^^^^^^^^
ValueError: I/O operation on closed file.
Call stack:
  File "<frozen runpy>", line 198, in _run_module_as_main
  File "<frozen runpy>", line 88, in _run_code
  File "C:\Users\chris\AppData\Roaming\Python\Python314\site-packages\ipykernel_launcher.py", line 18, in <module>
    app.launch_new_instance()
  File "C:\Users\chris\AppData\Roaming\Python\Python314\site-packages\traitlets\config\application.py", line 1082, in launch_instance
    app.start()
  File "C:\Users\chris\AppData\Roaming\Python\Python314\site-packages\ipykernel\kernelapp.py", line 758, in start
    self.io_loop.start()
  File "C:\Users\chris\AppData\Roaming\Python\Python314\site-packages\tornado\platform\asyncio.py", line 211, in start
    self.asyncio_loop.run_forever()
  File "c:\Users\chris\AppData\Local\Programs\Python\Python314\Lib\asyncio\base_events.py", line 677, in run_forever
    self._run_once()
  File "c:\Users\chris\AppData\Local\Programs\Python\Python314\Lib\asyncio\base_events.py", line 2046, in _run_once
    handle._run()
  File "c:\Users\chris\AppData\Local\Programs\Python\Python314\Lib\asyncio\events.py", line 94, in _run
    self._context.run(self._callback, *self._args)
  File "C:\Users\chris\AppData\Roaming\Python\Python314\site-packages\ipykernel\kernelbase.py", line 621, in shell_main
    await self.dispatch_shell(msg, subshell_id=subshell_id)
  File "C:\Users\chris\AppData\Roaming\Python\Python314\site-packages\ipykernel\kernelbase.py", line 478, in dispatch_shell
    await result
  File "C:\Users\chris\AppData\Roaming\Python\Python314\site-packages\ipykernel\ipkernel.py", line 372, in execute_request
    await super().execute_request(stream, ident, parent)
  File "C:\Users\chris\AppData\Roaming\Python\Python314\site-packages\ipykernel\kernelbase.py", line 834, in execute_request
    reply_content = await reply_content
  File "C:\Users\chris\AppData\Roaming\Python\Python314\site-packages\ipykernel\ipkernel.py", line 464, in do_execute
    res = shell.run_cell(
  File "C:\Users\chris\AppData\Roaming\Python\Python314\site-packages\ipykernel\zmqshell.py", line 663, in run_cell
    return super().run_cell(*args, **kwargs)
  File "C:\Users\chris\AppData\Roaming\Python\Python314\site-packages\IPython\core\interactiveshell.py", line 3170, in run_cell
    result = self._run_cell(
  File "C:\Users\chris\AppData\Roaming\Python\Python314\site-packages\IPython\core\interactiveshell.py", line 3225, in _run_cell
    result = runner(coro)
  File "C:\Users\chris\AppData\Roaming\Python\Python314\site-packages\IPython\core\async_helpers.py", line 128, in _pseudo_sync_runner
    coro.send(None)
  File "C:\Users\chris\AppData\Roaming\Python\Python314\site-packages\IPython\core\interactiveshell.py", line 3447, in run_cell_async
    has_raised = await self.run_ast_nodes(code_ast.body, cell_name,
  File "C:\Users\chris\AppData\Roaming\Python\Python314\site-packages\IPython\core\interactiveshell.py", line 3688, in run_ast_nodes
    if await self.run_code(code, result, async_=asy):
  File "C:\Users\chris\AppData\Roaming\Python\Python314\site-packages\IPython\core\interactiveshell.py", line 3748, in run_code
    exec(code_obj, self.user_global_ns, self.user_ns)
  File "C:\Users\chris\AppData\Local\Temp\ipykernel_19112\1630972538.py", line 78, in <module>
    runpy.run_path(str(script_path), run_name="__main__")
  File "<frozen runpy>", line 287, in run_path
  File "<frozen runpy>", line 98, in _run_module_code
  File "<frozen runpy>", line 88, in _run_code
  File "C:\Users\chris\Desktop\Code\TracesPresenter\Traces_presenter\Jupyter\Chaine\scripts_Nowledgeable\session_count_Nowledgeable.py", line 249, in <module>
    main(input_path, output_path, gap)
  File "C:\Users\chris\Desktop\Code\TracesPresenter\Traces_presenter\Jupyter\Chaine\scripts_Nowledgeable\session_count_Nowledgeable.py", line 222, in main
    out.info(
Message: '  %s : %d session(s) (%d activité(s))'
Arguments: ('10132', 6, 65)
--- Logging error ---
Traceback (most recent call last):
  File "c:\Users\chris\AppData\Local\Programs\Python\Python314\Lib\logging\__init__.py", line 1154, in emit
    stream.write(msg + self.terminator)
    ~~~~~~~~~~~~^^^^^^^^^^^^^^^^^^^^^^^
ValueError: I/O operation on closed file.
Call stack:
  File "<frozen runpy>", line 198, in _run_module_as_main
  File "<frozen runpy>", line 88, in _run_code
  File "C:\Users\chris\AppData\Roaming\Python\Python314\site-packages\ipykernel_launcher.py", line 18, in <module>
    app.launch_new_instance()
  File "C:\Users\chris\AppData\Roaming\Python\Python314\site-packages\traitlets\config\application.py", line 1082, in launch_instance
    app.start()
  File "C:\Users\chris\AppData\Roaming\Python\Python314\site-packages\ipykernel\kernelapp.py", line 758, in start
    self.io_loop.start()
  File "C:\Users\chris\AppData\Roaming\Python\Python314\site-packages\tornado\platform\asyncio.py", line 211, in start
    self.asyncio_loop.run_forever()
  File "c:\Users\chris\AppData\Local\Programs\Python\Python314\Lib\asyncio\base_events.py", line 677, in run_forever
    self._run_once()
  File "c:\Users\chris\AppData\Local\Programs\Python\Python314\Lib\asyncio\base_events.py", line 2046, in _run_once
    handle._run()
  File "c:\Users\chris\AppData\Local\Programs\Python\Python314\Lib\asyncio\events.py", line 94, in _run
    self._context.run(self._callback, *self._args)
  File "C:\Users\chris\AppData\Roaming\Python\Python314\site-packages\ipykernel\kernelbase.py", line 621, in shell_main
    await self.dispatch_shell(msg, subshell_id=subshell_id)
  File "C:\Users\chris\AppData\Roaming\Python\Python314\site-packages\ipykernel\kernelbase.py", line 478, in dispatch_shell
    await result
  File "C:\Users\chris\AppData\Roaming\Python\Python314\site-packages\ipykernel\ipkernel.py", line 372, in execute_request
    await super().execute_request(stream, ident, parent)
  File "C:\Users\chris\AppData\Roaming\Python\Python314\site-packages\ipykernel\kernelbase.py", line 834, in execute_request
    reply_content = await reply_content
  File "C:\Users\chris\AppData\Roaming\Python\Python314\site-packages\ipykernel\ipkernel.py", line 464, in do_execute
    res = shell.run_cell(
  File "C:\Users\chris\AppData\Roaming\Python\Python314\site-packages\ipykernel\zmqshell.py", line 663, in run_cell
    return super().run_cell(*args, **kwargs)
  File "C:\Users\chris\AppData\Roaming\Python\Python314\site-packages\IPython\core\interactiveshell.py", line 3170, in run_cell
    result = self._run_cell(
  File "C:\Users\chris\AppData\Roaming\Python\Python314\site-packages\IPython\core\interactiveshell.py", line 3225, in _run_cell
    result = runner(coro)
  File "C:\Users\chris\AppData\Roaming\Python\Python314\site-packages\IPython\core\async_helpers.py", line 128, in _pseudo_sync_runner
    coro.send(None)
  File "C:\Users\chris\AppData\Roaming\Python\Python314\site-packages\IPython\core\interactiveshell.py", line 3447, in run_cell_async
    has_raised = await self.run_ast_nodes(code_ast.body, cell_name,
  File "C:\Users\chris\AppData\Roaming\Python\Python314\site-packages\IPython\core\interactiveshell.py", line 3688, in run_ast_nodes
    if await self.run_code(code, result, async_=asy):
  File "C:\Users\chris\AppData\Roaming\Python\Python314\site-packages\IPython\core\interactiveshell.py", line 3748, in run_code
    exec(code_obj, self.user_global_ns, self.user_ns)
  File "C:\Users\chris\AppData\Local\Temp\ipykernel_19112\1630972538.py", line 78, in <module>
    runpy.run_path(str(script_path), run_name="__main__")
  File "<frozen runpy>", line 287, in run_path
  File "<frozen runpy>", line 98, in _run_module_code
  File "<frozen runpy>", line 88, in _run_code
  File "C:\Users\chris\Desktop\Code\TracesPresenter\Traces_presenter\Jupyter\Chaine\scripts_Nowledgeable\session_count_Nowledgeable.py", line 249, in <module>
    main(input_path, output_path, gap)
  File "C:\Users\chris\Desktop\Code\TracesPresenter\Traces_presenter\Jupyter\Chaine\scripts_Nowledgeable\session_count_Nowledgeable.py", line 222, in main
    out.info(
Message: '  %s : %d session(s) (%d activité(s))'
Arguments: ('10133', 6, 22)
--- Logging error ---
Traceback (most recent call last):
  File "c:\Users\chris\AppData\Local\Programs\Python\Python314\Lib\logging\__init__.py", line 1154, in emit
    stream.write(msg + self.terminator)
    ~~~~~~~~~~~~^^^^^^^^^^^^^^^^^^^^^^^
ValueError: I/O operation on closed file.
Call stack:
  File "<frozen runpy>", line 198, in _run_module_as_main
  File "<frozen runpy>", line 88, in _run_code
  File "C:\Users\chris\AppData\Roaming\Python\Python314\site-packages\ipykernel_launcher.py", line 18, in <module>
    app.launch_new_instance()
  File "C:\Users\chris\AppData\Roaming\Python\Python314\site-packages\traitlets\config\application.py", line 1082, in launch_instance
    app.start()
  File "C:\Users\chris\AppData\Roaming\Python\Python314\site-packages\ipykernel\kernelapp.py", line 758, in start
    self.io_loop.start()
  File "C:\Users\chris\AppData\Roaming\Python\Python314\site-packages\tornado\platform\asyncio.py", line 211, in start
    self.asyncio_loop.run_forever()
  File "c:\Users\chris\AppData\Local\Programs\Python\Python314\Lib\asyncio\base_events.py", line 677, in run_forever
    self._run_once()
  File "c:\Users\chris\AppData\Local\Programs\Python\Python314\Lib\asyncio\base_events.py", line 2046, in _run_once
    handle._run()
  File "c:\Users\chris\AppData\Local\Programs\Python\Python314\Lib\asyncio\events.py", line 94, in _run
    self._context.run(self._callback, *self._args)
  File "C:\Users\chris\AppData\Roaming\Python\Python314\site-packages\ipykernel\kernelbase.py", line 621, in shell_main
    await self.dispatch_shell(msg, subshell_id=subshell_id)
  File "C:\Users\chris\AppData\Roaming\Python\Python314\site-packages\ipykernel\kernelbase.py", line 478, in dispatch_shell
    await result
  File "C:\Users\chris\AppData\Roaming\Python\Python314\site-packages\ipykernel\ipkernel.py", line 372, in execute_request
    await super().execute_request(stream, ident, parent)
  File "C:\Users\chris\AppData\Roaming\Python\Python314\site-packages\ipykernel\kernelbase.py", line 834, in execute_request
    reply_content = await reply_content
  File "C:\Users\chris\AppData\Roaming\Python\Python314\site-packages\ipykernel\ipkernel.py", line 464, in do_execute
    res = shell.run_cell(
  File "C:\Users\chris\AppData\Roaming\Python\Python314\site-packages\ipykernel\zmqshell.py", line 663, in run_cell
    return super().run_cell(*args, **kwargs)
  File "C:\Users\chris\AppData\Roaming\Python\Python314\site-packages\IPython\core\interactiveshell.py", line 3170, in run_cell
    result = self._run_cell(
  File "C:\Users\chris\AppData\Roaming\Python\Python314\site-packages\IPython\core\interactiveshell.py", line 3225, in _run_cell
    result = runner(coro)
  File "C:\Users\chris\AppData\Roaming\Python\Python314\site-packages\IPython\core\async_helpers.py", line 128, in _pseudo_sync_runner
    coro.send(None)
  File "C:\Users\chris\AppData\Roaming\Python\Python314\site-packages\IPython\core\interactiveshell.py", line 3447, in run_cell_async
    has_raised = await self.run_ast_nodes(code_ast.body, cell_name,
  File "C:\Users\chris\AppData\Roaming\Python\Python314\site-packages\IPython\core\interactiveshell.py", line 3688, in run_ast_nodes
    if await self.run_code(code, result, async_=asy):
  File "C:\Users\chris\AppData\Roaming\Python\Python314\site-packages\IPython\core\interactiveshell.py", line 3748, in run_code
    exec(code_obj, self.user_global_ns, self.user_ns)
  File "C:\Users\chris\AppData\Local\Temp\ipykernel_19112\1630972538.py", line 78, in <module>
    runpy.run_path(str(script_path), run_name="__main__")
  File "<frozen runpy>", line 287, in run_path
  File "<frozen runpy>", line 98, in _run_module_code
  File "<frozen runpy>", line 88, in _run_code
  File "C:\Users\chris\Desktop\Code\TracesPresenter\Traces_presenter\Jupyter\Chaine\scripts_Nowledgeable\session_count_Nowledgeable.py", line 249, in <module>
    main(input_path, output_path, gap)
  File "C:\Users\chris\Desktop\Code\TracesPresenter\Traces_presenter\Jupyter\Chaine\scripts_Nowledgeable\session_count_Nowledgeable.py", line 222, in main
    out.info(
Message: '  %s : %d session(s) (%d activité(s))'
Arguments: ('10222', 8, 39)
--- Logging error ---
Traceback (most recent call last):
  File "c:\Users\chris\AppData\Local\Programs\Python\Python314\Lib\logging\__init__.py", line 1154, in emit
    stream.write(msg + self.terminator)
    ~~~~~~~~~~~~^^^^^^^^^^^^^^^^^^^^^^^
ValueError: I/O operation on closed file.
Call stack:
  File "<frozen runpy>", line 198, in _run_module_as_main
  File "<frozen runpy>", line 88, in _run_code
  File "C:\Users\chris\AppData\Roaming\Python\Python314\site-packages\ipykernel_launcher.py", line 18, in <module>
    app.launch_new_instance()
  File "C:\Users\chris\AppData\Roaming\Python\Python314\site-packages\traitlets\config\application.py", line 1082, in launch_instance
    app.start()
  File "C:\Users\chris\AppData\Roaming\Python\Python314\site-packages\ipykernel\kernelapp.py", line 758, in start
    self.io_loop.start()
  File "C:\Users\chris\AppData\Roaming\Python\Python314\site-packages\tornado\platform\asyncio.py", line 211, in start
    self.asyncio_loop.run_forever()
  File "c:\Users\chris\AppData\Local\Programs\Python\Python314\Lib\asyncio\base_events.py", line 677, in run_forever
    self._run_once()
  File "c:\Users\chris\AppData\Local\Programs\Python\Python314\Lib\asyncio\base_events.py", line 2046, in _run_once
    handle._run()
  File "c:\Users\chris\AppData\Local\Programs\Python\Python314\Lib\asyncio\events.py", line 94, in _run
    self._context.run(self._callback, *self._args)
  File "C:\Users\chris\AppData\Roaming\Python\Python314\site-packages\ipykernel\kernelbase.py", line 621, in shell_main
    await self.dispatch_shell(msg, subshell_id=subshell_id)
  File "C:\Users\chris\AppData\Roaming\Python\Python314\site-packages\ipykernel\kernelbase.py", line 478, in dispatch_shell
    await result
  File "C:\Users\chris\AppData\Roaming\Python\Python314\site-packages\ipykernel\ipkernel.py", line 372, in execute_request
    await super().execute_request(stream, ident, parent)
  File "C:\Users\chris\AppData\Roaming\Python\Python314\site-packages\ipykernel\kernelbase.py", line 834, in execute_request
    reply_content = await reply_content
  File "C:\Users\chris\AppData\Roaming\Python\Python314\site-packages\ipykernel\ipkernel.py", line 464, in do_execute
    res = shell.run_cell(
  File "C:\Users\chris\AppData\Roaming\Python\Python314\site-packages\ipykernel\zmqshell.py", line 663, in run_cell
    return super().run_cell(*args, **kwargs)
  File "C:\Users\chris\AppData\Roaming\Python\Python314\site-packages\IPython\core\interactiveshell.py", line 3170, in run_cell
    result = self._run_cell(
  File "C:\Users\chris\AppData\Roaming\Python\Python314\site-packages\IPython\core\interactiveshell.py", line 3225, in _run_cell
    result = runner(coro)
  File "C:\Users\chris\AppData\Roaming\Python\Python314\site-packages\IPython\core\async_helpers.py", line 128, in _pseudo_sync_runner
    coro.send(None)
  File "C:\Users\chris\AppData\Roaming\Python\Python314\site-packages\IPython\core\interactiveshell.py", line 3447, in run_cell_async
    has_raised = await self.run_ast_nodes(code_ast.body, cell_name,
  File "C:\Users\chris\AppData\Roaming\Python\Python314\site-packages\IPython\core\interactiveshell.py", line 3688, in run_ast_nodes
    if await self.run_code(code, result, async_=asy):
  File "C:\Users\chris\AppData\Roaming\Python\Python314\site-packages\IPython\core\interactiveshell.py", line 3748, in run_code
    exec(code_obj, self.user_global_ns, self.user_ns)
  File "C:\Users\chris\AppData\Local\Temp\ipykernel_19112\1630972538.py", line 78, in <module>
    runpy.run_path(str(script_path), run_name="__main__")
  File "<frozen runpy>", line 287, in run_path
  File "<frozen runpy>", line 98, in _run_module_code
  File "<frozen runpy>", line 88, in _run_code
  File "C:\Users\chris\Desktop\Code\TracesPresenter\Traces_presenter\Jupyter\Chaine\scripts_Nowledgeable\session_count_Nowledgeable.py", line 249, in <module>
    main(input_path, output_path, gap)
  File "C:\Users\chris\Desktop\Code\TracesPresenter\Traces_presenter\Jupyter\Chaine\scripts_Nowledgeable\session_count_Nowledgeable.py", line 222, in main
    out.info(
Message: '  %s : %d session(s) (%d activité(s))'
Arguments: ('10231', 3, 78)
--- Logging error ---
Traceback (most recent call last):
  File "c:\Users\chris\AppData\Local\Programs\Python\Python314\Lib\logging\__init__.py", line 1154, in emit
    stream.write(msg + self.terminator)
    ~~~~~~~~~~~~^^^^^^^^^^^^^^^^^^^^^^^
ValueError: I/O operation on closed file.
Call stack:
  File "<frozen runpy>", line 198, in _run_module_as_main
  File "<frozen runpy>", line 88, in _run_code
  File "C:\Users\chris\AppData\Roaming\Python\Python314\site-packages\ipykernel_launcher.py", line 18, in <module>
    app.launch_new_instance()
  File "C:\Users\chris\AppData\Roaming\Python\Python314\site-packages\traitlets\config\application.py", line 1082, in launch_instance
    app.start()
  File "C:\Users\chris\AppData\Roaming\Python\Python314\site-packages\ipykernel\kernelapp.py", line 758, in start
    self.io_loop.start()
  File "C:\Users\chris\AppData\Roaming\Python\Python314\site-packages\tornado\platform\asyncio.py", line 211, in start
    self.asyncio_loop.run_forever()
  File "c:\Users\chris\AppData\Local\Programs\Python\Python314\Lib\asyncio\base_events.py", line 677, in run_forever
    self._run_once()
  File "c:\Users\chris\AppData\Local\Programs\Python\Python314\Lib\asyncio\base_events.py", line 2046, in _run_once
    handle._run()
  File "c:\Users\chris\AppData\Local\Programs\Python\Python314\Lib\asyncio\events.py", line 94, in _run
    self._context.run(self._callback, *self._args)
  File "C:\Users\chris\AppData\Roaming\Python\Python314\site-packages\ipykernel\kernelbase.py", line 621, in shell_main
    await self.dispatch_shell(msg, subshell_id=subshell_id)
  File "C:\Users\chris\AppData\Roaming\Python\Python314\site-packages\ipykernel\kernelbase.py", line 478, in dispatch_shell
    await result
  File "C:\Users\chris\AppData\Roaming\Python\Python314\site-packages\ipykernel\ipkernel.py", line 372, in execute_request
    await super().execute_request(stream, ident, parent)
  File "C:\Users\chris\AppData\Roaming\Python\Python314\site-packages\ipykernel\kernelbase.py", line 834, in execute_request
    reply_content = await reply_content
  File "C:\Users\chris\AppData\Roaming\Python\Python314\site-packages\ipykernel\ipkernel.py", line 464, in do_execute
    res = shell.run_cell(
  File "C:\Users\chris\AppData\Roaming\Python\Python314\site-packages\ipykernel\zmqshell.py", line 663, in run_cell
    return super().run_cell(*args, **kwargs)
  File "C:\Users\chris\AppData\Roaming\Python\Python314\site-packages\IPython\core\interactiveshell.py", line 3170, in run_cell
    result = self._run_cell(
  File "C:\Users\chris\AppData\Roaming\Python\Python314\site-packages\IPython\core\interactiveshell.py", line 3225, in _run_cell
    result = runner(coro)
  File "C:\Users\chris\AppData\Roaming\Python\Python314\site-packages\IPython\core\async_helpers.py", line 128, in _pseudo_sync_runner
    coro.send(None)
  File "C:\Users\chris\AppData\Roaming\Python\Python314\site-packages\IPython\core\interactiveshell.py", line 3447, in run_cell_async
    has_raised = await self.run_ast_nodes(code_ast.body, cell_name,
  File "C:\Users\chris\AppData\Roaming\Python\Python314\site-packages\IPython\core\interactiveshell.py", line 3688, in run_ast_nodes
    if await self.run_code(code, result, async_=asy):
  File "C:\Users\chris\AppData\Roaming\Python\Python314\site-packages\IPython\core\interactiveshell.py", line 3748, in run_code
    exec(code_obj, self.user_global_ns, self.user_ns)
  File "C:\Users\chris\AppData\Local\Temp\ipykernel_19112\1630972538.py", line 78, in <module>
    runpy.run_path(str(script_path), run_name="__main__")
  File "<frozen runpy>", line 287, in run_path
  File "<frozen runpy>", line 98, in _run_module_code
  File "<frozen runpy>", line 88, in _run_code
  File "C:\Users\chris\Desktop\Code\TracesPresenter\Traces_presenter\Jupyter\Chaine\scripts_Nowledgeable\session_count_Nowledgeable.py", line 249, in <module>
    main(input_path, output_path, gap)
  File "C:\Users\chris\Desktop\Code\TracesPresenter\Traces_presenter\Jupyter\Chaine\scripts_Nowledgeable\session_count_Nowledgeable.py", line 222, in main
    out.info(
Message: '  %s : %d session(s) (%d activité(s))'
Arguments: ('10232', 9, 38)
--- Logging error ---
Traceback (most recent call last):
  File "c:\Users\chris\AppData\Local\Programs\Python\Python314\Lib\logging\__init__.py", line 1154, in emit
    stream.write(msg + self.terminator)
    ~~~~~~~~~~~~^^^^^^^^^^^^^^^^^^^^^^^
ValueError: I/O operation on closed file.
Call stack:
  File "<frozen runpy>", line 198, in _run_module_as_main
  File "<frozen runpy>", line 88, in _run_code
  File "C:\Users\chris\AppData\Roaming\Python\Python314\site-packages\ipykernel_launcher.py", line 18, in <module>
    app.launch_new_instance()
  File "C:\Users\chris\AppData\Roaming\Python\Python314\site-packages\traitlets\config\application.py", line 1082, in launch_instance
    app.start()
  File "C:\Users\chris\AppData\Roaming\Python\Python314\site-packages\ipykernel\kernelapp.py", line 758, in start
    self.io_loop.start()
  File "C:\Users\chris\AppData\Roaming\Python\Python314\site-packages\tornado\platform\asyncio.py", line 211, in start
    self.asyncio_loop.run_forever()
  File "c:\Users\chris\AppData\Local\Programs\Python\Python314\Lib\asyncio\base_events.py", line 677, in run_forever
    self._run_once()
  File "c:\Users\chris\AppData\Local\Programs\Python\Python314\Lib\asyncio\base_events.py", line 2046, in _run_once
    handle._run()
  File "c:\Users\chris\AppData\Local\Programs\Python\Python314\Lib\asyncio\events.py", line 94, in _run
    self._context.run(self._callback, *self._args)
  File "C:\Users\chris\AppData\Roaming\Python\Python314\site-packages\ipykernel\kernelbase.py", line 621, in shell_main
    await self.dispatch_shell(msg, subshell_id=subshell_id)
  File "C:\Users\chris\AppData\Roaming\Python\Python314\site-packages\ipykernel\kernelbase.py", line 478, in dispatch_shell
    await result
  File "C:\Users\chris\AppData\Roaming\Python\Python314\site-packages\ipykernel\ipkernel.py", line 372, in execute_request
    await super().execute_request(stream, ident, parent)
  File "C:\Users\chris\AppData\Roaming\Python\Python314\site-packages\ipykernel\kernelbase.py", line 834, in execute_request
    reply_content = await reply_content
  File "C:\Users\chris\AppData\Roaming\Python\Python314\site-packages\ipykernel\ipkernel.py", line 464, in do_execute
    res = shell.run_cell(
  File "C:\Users\chris\AppData\Roaming\Python\Python314\site-packages\ipykernel\zmqshell.py", line 663, in run_cell
    return super().run_cell(*args, **kwargs)
  File "C:\Users\chris\AppData\Roaming\Python\Python314\site-packages\IPython\core\interactiveshell.py", line 3170, in run_cell
    result = self._run_cell(
  File "C:\Users\chris\AppData\Roaming\Python\Python314\site-packages\IPython\core\interactiveshell.py", line 3225, in _run_cell
    result = runner(coro)
  File "C:\Users\chris\AppData\Roaming\Python\Python314\site-packages\IPython\core\async_helpers.py", line 128, in _pseudo_sync_runner
    coro.send(None)
  File "C:\Users\chris\AppData\Roaming\Python\Python314\site-packages\IPython\core\interactiveshell.py", line 3447, in run_cell_async
    has_raised = await self.run_ast_nodes(code_ast.body, cell_name,
  File "C:\Users\chris\AppData\Roaming\Python\Python314\site-packages\IPython\core\interactiveshell.py", line 3688, in run_ast_nodes
    if await self.run_code(code, result, async_=asy):
  File "C:\Users\chris\AppData\Roaming\Python\Python314\site-packages\IPython\core\interactiveshell.py", line 3748, in run_code
    exec(code_obj, self.user_global_ns, self.user_ns)
  File "C:\Users\chris\AppData\Local\Temp\ipykernel_19112\1630972538.py", line 78, in <module>
    runpy.run_path(str(script_path), run_name="__main__")
  File "<frozen runpy>", line 287, in run_path
  File "<frozen runpy>", line 98, in _run_module_code
  File "<frozen runpy>", line 88, in _run_code
  File "C:\Users\chris\Desktop\Code\TracesPresenter\Traces_presenter\Jupyter\Chaine\scripts_Nowledgeable\session_count_Nowledgeable.py", line 249, in <module>
    main(input_path, output_path, gap)
  File "C:\Users\chris\Desktop\Code\TracesPresenter\Traces_presenter\Jupyter\Chaine\scripts_Nowledgeable\session_count_Nowledgeable.py", line 222, in main
    out.info(
Message: '  %s : %d session(s) (%d activité(s))'
Arguments: ('10233', 7, 41)
--- Logging error ---
Traceback (most recent call last):
  File "c:\Users\chris\AppData\Local\Programs\Python\Python314\Lib\logging\__init__.py", line 1154, in emit
    stream.write(msg + self.terminator)
    ~~~~~~~~~~~~^^^^^^^^^^^^^^^^^^^^^^^
ValueError: I/O operation on closed file.
Call stack:
  File "<frozen runpy>", line 198, in _run_module_as_main
  File "<frozen runpy>", line 88, in _run_code
  File "C:\Users\chris\AppData\Roaming\Python\Python314\site-packages\ipykernel_launcher.py", line 18, in <module>
    app.launch_new_instance()
  File "C:\Users\chris\AppData\Roaming\Python\Python314\site-packages\traitlets\config\application.py", line 1082, in launch_instance
    app.start()
  File "C:\Users\chris\AppData\Roaming\Python\Python314\site-packages\ipykernel\kernelapp.py", line 758, in start
    self.io_loop.start()
  File "C:\Users\chris\AppData\Roaming\Python\Python314\site-packages\tornado\platform\asyncio.py", line 211, in start
    self.asyncio_loop.run_forever()
  File "c:\Users\chris\AppData\Local\Programs\Python\Python314\Lib\asyncio\base_events.py", line 677, in run_forever
    self._run_once()
  File "c:\Users\chris\AppData\Local\Programs\Python\Python314\Lib\asyncio\base_events.py", line 2046, in _run_once
    handle._run()
  File "c:\Users\chris\AppData\Local\Programs\Python\Python314\Lib\asyncio\events.py", line 94, in _run
    self._context.run(self._callback, *self._args)
  File "C:\Users\chris\AppData\Roaming\Python\Python314\site-packages\ipykernel\kernelbase.py", line 621, in shell_main
    await self.dispatch_shell(msg, subshell_id=subshell_id)
  File "C:\Users\chris\AppData\Roaming\Python\Python314\site-packages\ipykernel\kernelbase.py", line 478, in dispatch_shell
    await result
  File "C:\Users\chris\AppData\Roaming\Python\Python314\site-packages\ipykernel\ipkernel.py", line 372, in execute_request
    await super().execute_request(stream, ident, parent)
  File "C:\Users\chris\AppData\Roaming\Python\Python314\site-packages\ipykernel\kernelbase.py", line 834, in execute_request
    reply_content = await reply_content
  File "C:\Users\chris\AppData\Roaming\Python\Python314\site-packages\ipykernel\ipkernel.py", line 464, in do_execute
    res = shell.run_cell(
  File "C:\Users\chris\AppData\Roaming\Python\Python314\site-packages\ipykernel\zmqshell.py", line 663, in run_cell
    return super().run_cell(*args, **kwargs)
  File "C:\Users\chris\AppData\Roaming\Python\Python314\site-packages\IPython\core\interactiveshell.py", line 3170, in run_cell
    result = self._run_cell(
  File "C:\Users\chris\AppData\Roaming\Python\Python314\site-packages\IPython\core\interactiveshell.py", line 3225, in _run_cell
    result = runner(coro)
  File "C:\Users\chris\AppData\Roaming\Python\Python314\site-packages\IPython\core\async_helpers.py", line 128, in _pseudo_sync_runner
    coro.send(None)
  File "C:\Users\chris\AppData\Roaming\Python\Python314\site-packages\IPython\core\interactiveshell.py", line 3447, in run_cell_async
    has_raised = await self.run_ast_nodes(code_ast.body, cell_name,
  File "C:\Users\chris\AppData\Roaming\Python\Python314\site-packages\IPython\core\interactiveshell.py", line 3688, in run_ast_nodes
    if await self.run_code(code, result, async_=asy):
  File "C:\Users\chris\AppData\Roaming\Python\Python314\site-packages\IPython\core\interactiveshell.py", line 3748, in run_code
    exec(code_obj, self.user_global_ns, self.user_ns)
  File "C:\Users\chris\AppData\Local\Temp\ipykernel_19112\1630972538.py", line 78, in <module>
    runpy.run_path(str(script_path), run_name="__main__")
  File "<frozen runpy>", line 287, in run_path
  File "<frozen runpy>", line 98, in _run_module_code
  File "<frozen runpy>", line 88, in _run_code
  File "C:\Users\chris\Desktop\Code\TracesPresenter\Traces_presenter\Jupyter\Chaine\scripts_Nowledgeable\session_count_Nowledgeable.py", line 249, in <module>
    main(input_path, output_path, gap)
  File "C:\Users\chris\Desktop\Code\TracesPresenter\Traces_presenter\Jupyter\Chaine\scripts_Nowledgeable\session_count_Nowledgeable.py", line 222, in main
    out.info(
Message: '  %s : %d session(s) (%d activité(s))'
Arguments: ('10453', 1, 56)
--- Logging error ---
Traceback (most recent call last):
  File "c:\Users\chris\AppData\Local\Programs\Python\Python314\Lib\logging\__init__.py", line 1154, in emit
    stream.write(msg + self.terminator)
    ~~~~~~~~~~~~^^^^^^^^^^^^^^^^^^^^^^^
ValueError: I/O operation on closed file.
Call stack:
  File "<frozen runpy>", line 198, in _run_module_as_main
  File "<frozen runpy>", line 88, in _run_code
  File "C:\Users\chris\AppData\Roaming\Python\Python314\site-packages\ipykernel_launcher.py", line 18, in <module>
    app.launch_new_instance()
  File "C:\Users\chris\AppData\Roaming\Python\Python314\site-packages\traitlets\config\application.py", line 1082, in launch_instance
    app.start()
  File "C:\Users\chris\AppData\Roaming\Python\Python314\site-packages\ipykernel\kernelapp.py", line 758, in start
    self.io_loop.start()
  File "C:\Users\chris\AppData\Roaming\Python\Python314\site-packages\tornado\platform\asyncio.py", line 211, in start
    self.asyncio_loop.run_forever()
  File "c:\Users\chris\AppData\Local\Programs\Python\Python314\Lib\asyncio\base_events.py", line 677, in run_forever
    self._run_once()
  File "c:\Users\chris\AppData\Local\Programs\Python\Python314\Lib\asyncio\base_events.py", line 2046, in _run_once
    handle._run()
  File "c:\Users\chris\AppData\Local\Programs\Python\Python314\Lib\asyncio\events.py", line 94, in _run
    self._context.run(self._callback, *self._args)
  File "C:\Users\chris\AppData\Roaming\Python\Python314\site-packages\ipykernel\kernelbase.py", line 621, in shell_main
    await self.dispatch_shell(msg, subshell_id=subshell_id)
  File "C:\Users\chris\AppData\Roaming\Python\Python314\site-packages\ipykernel\kernelbase.py", line 478, in dispatch_shell
    await result
  File "C:\Users\chris\AppData\Roaming\Python\Python314\site-packages\ipykernel\ipkernel.py", line 372, in execute_request
    await super().execute_request(stream, ident, parent)
  File "C:\Users\chris\AppData\Roaming\Python\Python314\site-packages\ipykernel\kernelbase.py", line 834, in execute_request
    reply_content = await reply_content
  File "C:\Users\chris\AppData\Roaming\Python\Python314\site-packages\ipykernel\ipkernel.py", line 464, in do_execute
    res = shell.run_cell(
  File "C:\Users\chris\AppData\Roaming\Python\Python314\site-packages\ipykernel\zmqshell.py", line 663, in run_cell
    return super().run_cell(*args, **kwargs)
  File "C:\Users\chris\AppData\Roaming\Python\Python314\site-packages\IPython\core\interactiveshell.py", line 3170, in run_cell
    result = self._run_cell(
  File "C:\Users\chris\AppData\Roaming\Python\Python314\site-packages\IPython\core\interactiveshell.py", line 3225, in _run_cell
    result = runner(coro)
  File "C:\Users\chris\AppData\Roaming\Python\Python314\site-packages\IPython\core\async_helpers.py", line 128, in _pseudo_sync_runner
    coro.send(None)
  File "C:\Users\chris\AppData\Roaming\Python\Python314\site-packages\IPython\core\interactiveshell.py", line 3447, in run_cell_async
    has_raised = await self.run_ast_nodes(code_ast.body, cell_name,
  File "C:\Users\chris\AppData\Roaming\Python\Python314\site-packages\IPython\core\interactiveshell.py", line 3688, in run_ast_nodes
    if await self.run_code(code, result, async_=asy):
  File "C:\Users\chris\AppData\Roaming\Python\Python314\site-packages\IPython\core\interactiveshell.py", line 3748, in run_code
    exec(code_obj, self.user_global_ns, self.user_ns)
  File "C:\Users\chris\AppData\Local\Temp\ipykernel_19112\1630972538.py", line 78, in <module>
    runpy.run_path(str(script_path), run_name="__main__")
  File "<frozen runpy>", line 287, in run_path
  File "<frozen runpy>", line 98, in _run_module_code
  File "<frozen runpy>", line 88, in _run_code
  File "C:\Users\chris\Desktop\Code\TracesPresenter\Traces_presenter\Jupyter\Chaine\scripts_Nowledgeable\session_count_Nowledgeable.py", line 249, in <module>
    main(input_path, output_path, gap)
  File "C:\Users\chris\Desktop\Code\TracesPresenter\Traces_presenter\Jupyter\Chaine\scripts_Nowledgeable\session_count_Nowledgeable.py", line 222, in main
    out.info(
Message: '  %s : %d session(s) (%d activité(s))'
Arguments: ('10454', 5, 48)
--- Logging error ---
Traceback (most recent call last):
  File "c:\Users\chris\AppData\Local\Programs\Python\Python314\Lib\logging\__init__.py", line 1154, in emit
    stream.write(msg + self.terminator)
    ~~~~~~~~~~~~^^^^^^^^^^^^^^^^^^^^^^^
ValueError: I/O operation on closed file.
Call stack:
  File "<frozen runpy>", line 198, in _run_module_as_main
  File "<frozen runpy>", line 88, in _run_code
  File "C:\Users\chris\AppData\Roaming\Python\Python314\site-packages\ipykernel_launcher.py", line 18, in <module>
    app.launch_new_instance()
  File "C:\Users\chris\AppData\Roaming\Python\Python314\site-packages\traitlets\config\application.py", line 1082, in launch_instance
    app.start()
  File "C:\Users\chris\AppData\Roaming\Python\Python314\site-packages\ipykernel\kernelapp.py", line 758, in start
    self.io_loop.start()
  File "C:\Users\chris\AppData\Roaming\Python\Python314\site-packages\tornado\platform\asyncio.py", line 211, in start
    self.asyncio_loop.run_forever()
  File "c:\Users\chris\AppData\Local\Programs\Python\Python314\Lib\asyncio\base_events.py", line 677, in run_forever
    self._run_once()
  File "c:\Users\chris\AppData\Local\Programs\Python\Python314\Lib\asyncio\base_events.py", line 2046, in _run_once
    handle._run()
  File "c:\Users\chris\AppData\Local\Programs\Python\Python314\Lib\asyncio\events.py", line 94, in _run
    self._context.run(self._callback, *self._args)
  File "C:\Users\chris\AppData\Roaming\Python\Python314\site-packages\ipykernel\kernelbase.py", line 621, in shell_main
    await self.dispatch_shell(msg, subshell_id=subshell_id)
  File "C:\Users\chris\AppData\Roaming\Python\Python314\site-packages\ipykernel\kernelbase.py", line 478, in dispatch_shell
    await result
  File "C:\Users\chris\AppData\Roaming\Python\Python314\site-packages\ipykernel\ipkernel.py", line 372, in execute_request
    await super().execute_request(stream, ident, parent)
  File "C:\Users\chris\AppData\Roaming\Python\Python314\site-packages\ipykernel\kernelbase.py", line 834, in execute_request
    reply_content = await reply_content
  File "C:\Users\chris\AppData\Roaming\Python\Python314\site-packages\ipykernel\ipkernel.py", line 464, in do_execute
    res = shell.run_cell(
  File "C:\Users\chris\AppData\Roaming\Python\Python314\site-packages\ipykernel\zmqshell.py", line 663, in run_cell
    return super().run_cell(*args, **kwargs)
  File "C:\Users\chris\AppData\Roaming\Python\Python314\site-packages\IPython\core\interactiveshell.py", line 3170, in run_cell
    result = self._run_cell(
  File "C:\Users\chris\AppData\Roaming\Python\Python314\site-packages\IPython\core\interactiveshell.py", line 3225, in _run_cell
    result = runner(coro)
  File "C:\Users\chris\AppData\Roaming\Python\Python314\site-packages\IPython\core\async_helpers.py", line 128, in _pseudo_sync_runner
    coro.send(None)
  File "C:\Users\chris\AppData\Roaming\Python\Python314\site-packages\IPython\core\interactiveshell.py", line 3447, in run_cell_async
    has_raised = await self.run_ast_nodes(code_ast.body, cell_name,
  File "C:\Users\chris\AppData\Roaming\Python\Python314\site-packages\IPython\core\interactiveshell.py", line 3688, in run_ast_nodes
    if await self.run_code(code, result, async_=asy):
  File "C:\Users\chris\AppData\Roaming\Python\Python314\site-packages\IPython\core\interactiveshell.py", line 3748, in run_code
    exec(code_obj, self.user_global_ns, self.user_ns)
  File "C:\Users\chris\AppData\Local\Temp\ipykernel_19112\1630972538.py", line 78, in <module>
    runpy.run_path(str(script_path), run_name="__main__")
  File "<frozen runpy>", line 287, in run_path
  File "<frozen runpy>", line 98, in _run_module_code
  File "<frozen runpy>", line 88, in _run_code
  File "C:\Users\chris\Desktop\Code\TracesPresenter\Traces_presenter\Jupyter\Chaine\scripts_Nowledgeable\session_count_Nowledgeable.py", line 249, in <module>
    main(input_path, output_path, gap)
  File "C:\Users\chris\Desktop\Code\TracesPresenter\Traces_presenter\Jupyter\Chaine\scripts_Nowledgeable\session_count_Nowledgeable.py", line 222, in main
    out.info(
Message: '  %s : %d session(s) (%d activité(s))'
Arguments: ('10455', 5, 72)
--- Logging error ---
Traceback (most recent call last):
  File "c:\Users\chris\AppData\Local\Programs\Python\Python314\Lib\logging\__init__.py", line 1154, in emit
    stream.write(msg + self.terminator)
    ~~~~~~~~~~~~^^^^^^^^^^^^^^^^^^^^^^^
ValueError: I/O operation on closed file.
Call stack:
  File "<frozen runpy>", line 198, in _run_module_as_main
  File "<frozen runpy>", line 88, in _run_code
  File "C:\Users\chris\AppData\Roaming\Python\Python314\site-packages\ipykernel_launcher.py", line 18, in <module>
    app.launch_new_instance()
  File "C:\Users\chris\AppData\Roaming\Python\Python314\site-packages\traitlets\config\application.py", line 1082, in launch_instance
    app.start()
  File "C:\Users\chris\AppData\Roaming\Python\Python314\site-packages\ipykernel\kernelapp.py", line 758, in start
    self.io_loop.start()
  File "C:\Users\chris\AppData\Roaming\Python\Python314\site-packages\tornado\platform\asyncio.py", line 211, in start
    self.asyncio_loop.run_forever()
  File "c:\Users\chris\AppData\Local\Programs\Python\Python314\Lib\asyncio\base_events.py", line 677, in run_forever
    self._run_once()
  File "c:\Users\chris\AppData\Local\Programs\Python\Python314\Lib\asyncio\base_events.py", line 2046, in _run_once
    handle._run()
  File "c:\Users\chris\AppData\Local\Programs\Python\Python314\Lib\asyncio\events.py", line 94, in _run
    self._context.run(self._callback, *self._args)
  File "C:\Users\chris\AppData\Roaming\Python\Python314\site-packages\ipykernel\kernelbase.py", line 621, in shell_main
    await self.dispatch_shell(msg, subshell_id=subshell_id)
  File "C:\Users\chris\AppData\Roaming\Python\Python314\site-packages\ipykernel\kernelbase.py", line 478, in dispatch_shell
    await result
  File "C:\Users\chris\AppData\Roaming\Python\Python314\site-packages\ipykernel\ipkernel.py", line 372, in execute_request
    await super().execute_request(stream, ident, parent)
  File "C:\Users\chris\AppData\Roaming\Python\Python314\site-packages\ipykernel\kernelbase.py", line 834, in execute_request
    reply_content = await reply_content
  File "C:\Users\chris\AppData\Roaming\Python\Python314\site-packages\ipykernel\ipkernel.py", line 464, in do_execute
    res = shell.run_cell(
  File "C:\Users\chris\AppData\Roaming\Python\Python314\site-packages\ipykernel\zmqshell.py", line 663, in run_cell
    return super().run_cell(*args, **kwargs)
  File "C:\Users\chris\AppData\Roaming\Python\Python314\site-packages\IPython\core\interactiveshell.py", line 3170, in run_cell
    result = self._run_cell(
  File "C:\Users\chris\AppData\Roaming\Python\Python314\site-packages\IPython\core\interactiveshell.py", line 3225, in _run_cell
    result = runner(coro)
  File "C:\Users\chris\AppData\Roaming\Python\Python314\site-packages\IPython\core\async_helpers.py", line 128, in _pseudo_sync_runner
    coro.send(None)
  File "C:\Users\chris\AppData\Roaming\Python\Python314\site-packages\IPython\core\interactiveshell.py", line 3447, in run_cell_async
    has_raised = await self.run_ast_nodes(code_ast.body, cell_name,
  File "C:\Users\chris\AppData\Roaming\Python\Python314\site-packages\IPython\core\interactiveshell.py", line 3688, in run_ast_nodes
    if await self.run_code(code, result, async_=asy):
  File "C:\Users\chris\AppData\Roaming\Python\Python314\site-packages\IPython\core\interactiveshell.py", line 3748, in run_code
    exec(code_obj, self.user_global_ns, self.user_ns)
  File "C:\Users\chris\AppData\Local\Temp\ipykernel_19112\1630972538.py", line 78, in <module>
    runpy.run_path(str(script_path), run_name="__main__")
  File "<frozen runpy>", line 287, in run_path
  File "<frozen runpy>", line 98, in _run_module_code
  File "<frozen runpy>", line 88, in _run_code
  File "C:\Users\chris\Desktop\Code\TracesPresenter\Traces_presenter\Jupyter\Chaine\scripts_Nowledgeable\session_count_Nowledgeable.py", line 249, in <module>
    main(input_path, output_path, gap)
  File "C:\Users\chris\Desktop\Code\TracesPresenter\Traces_presenter\Jupyter\Chaine\scripts_Nowledgeable\session_count_Nowledgeable.py", line 222, in main
    out.info(
Message: '  %s : %d session(s) (%d activité(s))'
Arguments: ('10457', 4, 29)
--- Logging error ---
Traceback (most recent call last):
  File "c:\Users\chris\AppData\Local\Programs\Python\Python314\Lib\logging\__init__.py", line 1154, in emit
    stream.write(msg + self.terminator)
    ~~~~~~~~~~~~^^^^^^^^^^^^^^^^^^^^^^^
ValueError: I/O operation on closed file.
Call stack:
  File "<frozen runpy>", line 198, in _run_module_as_main
  File "<frozen runpy>", line 88, in _run_code
  File "C:\Users\chris\AppData\Roaming\Python\Python314\site-packages\ipykernel_launcher.py", line 18, in <module>
    app.launch_new_instance()
  File "C:\Users\chris\AppData\Roaming\Python\Python314\site-packages\traitlets\config\application.py", line 1082, in launch_instance
    app.start()
  File "C:\Users\chris\AppData\Roaming\Python\Python314\site-packages\ipykernel\kernelapp.py", line 758, in start
    self.io_loop.start()
  File "C:\Users\chris\AppData\Roaming\Python\Python314\site-packages\tornado\platform\asyncio.py", line 211, in start
    self.asyncio_loop.run_forever()
  File "c:\Users\chris\AppData\Local\Programs\Python\Python314\Lib\asyncio\base_events.py", line 677, in run_forever
    self._run_once()
  File "c:\Users\chris\AppData\Local\Programs\Python\Python314\Lib\asyncio\base_events.py", line 2046, in _run_once
    handle._run()
  File "c:\Users\chris\AppData\Local\Programs\Python\Python314\Lib\asyncio\events.py", line 94, in _run
    self._context.run(self._callback, *self._args)
  File "C:\Users\chris\AppData\Roaming\Python\Python314\site-packages\ipykernel\kernelbase.py", line 621, in shell_main
    await self.dispatch_shell(msg, subshell_id=subshell_id)
  File "C:\Users\chris\AppData\Roaming\Python\Python314\site-packages\ipykernel\kernelbase.py", line 478, in dispatch_shell
    await result
  File "C:\Users\chris\AppData\Roaming\Python\Python314\site-packages\ipykernel\ipkernel.py", line 372, in execute_request
    await super().execute_request(stream, ident, parent)
  File "C:\Users\chris\AppData\Roaming\Python\Python314\site-packages\ipykernel\kernelbase.py", line 834, in execute_request
    reply_content = await reply_content
  File "C:\Users\chris\AppData\Roaming\Python\Python314\site-packages\ipykernel\ipkernel.py", line 464, in do_execute
    res = shell.run_cell(
  File "C:\Users\chris\AppData\Roaming\Python\Python314\site-packages\ipykernel\zmqshell.py", line 663, in run_cell
    return super().run_cell(*args, **kwargs)
  File "C:\Users\chris\AppData\Roaming\Python\Python314\site-packages\IPython\core\interactiveshell.py", line 3170, in run_cell
    result = self._run_cell(
  File "C:\Users\chris\AppData\Roaming\Python\Python314\site-packages\IPython\core\interactiveshell.py", line 3225, in _run_cell
    result = runner(coro)
  File "C:\Users\chris\AppData\Roaming\Python\Python314\site-packages\IPython\core\async_helpers.py", line 128, in _pseudo_sync_runner
    coro.send(None)
  File "C:\Users\chris\AppData\Roaming\Python\Python314\site-packages\IPython\core\interactiveshell.py", line 3447, in run_cell_async
    has_raised = await self.run_ast_nodes(code_ast.body, cell_name,
  File "C:\Users\chris\AppData\Roaming\Python\Python314\site-packages\IPython\core\interactiveshell.py", line 3688, in run_ast_nodes
    if await self.run_code(code, result, async_=asy):
  File "C:\Users\chris\AppData\Roaming\Python\Python314\site-packages\IPython\core\interactiveshell.py", line 3748, in run_code
    exec(code_obj, self.user_global_ns, self.user_ns)
  File "C:\Users\chris\AppData\Local\Temp\ipykernel_19112\1630972538.py", line 78, in <module>
    runpy.run_path(str(script_path), run_name="__main__")
  File "<frozen runpy>", line 287, in run_path
  File "<frozen runpy>", line 98, in _run_module_code
  File "<frozen runpy>", line 88, in _run_code
  File "C:\Users\chris\Desktop\Code\TracesPresenter\Traces_presenter\Jupyter\Chaine\scripts_Nowledgeable\session_count_Nowledgeable.py", line 249, in <module>
    main(input_path, output_path, gap)
  File "C:\Users\chris\Desktop\Code\TracesPresenter\Traces_presenter\Jupyter\Chaine\scripts_Nowledgeable\session_count_Nowledgeable.py", line 222, in main
    out.info(
Message: '  %s : %d session(s) (%d activité(s))'
Arguments: ('10460', 5, 36)
--- Logging error ---
Traceback (most recent call last):
  File "c:\Users\chris\AppData\Local\Programs\Python\Python314\Lib\logging\__init__.py", line 1154, in emit
    stream.write(msg + self.terminator)
    ~~~~~~~~~~~~^^^^^^^^^^^^^^^^^^^^^^^
ValueError: I/O operation on closed file.
Call stack:
  File "<frozen runpy>", line 198, in _run_module_as_main
  File "<frozen runpy>", line 88, in _run_code
  File "C:\Users\chris\AppData\Roaming\Python\Python314\site-packages\ipykernel_launcher.py", line 18, in <module>
    app.launch_new_instance()
  File "C:\Users\chris\AppData\Roaming\Python\Python314\site-packages\traitlets\config\application.py", line 1082, in launch_instance
    app.start()
  File "C:\Users\chris\AppData\Roaming\Python\Python314\site-packages\ipykernel\kernelapp.py", line 758, in start
    self.io_loop.start()
  File "C:\Users\chris\AppData\Roaming\Python\Python314\site-packages\tornado\platform\asyncio.py", line 211, in start
    self.asyncio_loop.run_forever()
  File "c:\Users\chris\AppData\Local\Programs\Python\Python314\Lib\asyncio\base_events.py", line 677, in run_forever
    self._run_once()
  File "c:\Users\chris\AppData\Local\Programs\Python\Python314\Lib\asyncio\base_events.py", line 2046, in _run_once
    handle._run()
  File "c:\Users\chris\AppData\Local\Programs\Python\Python314\Lib\asyncio\events.py", line 94, in _run
    self._context.run(self._callback, *self._args)
  File "C:\Users\chris\AppData\Roaming\Python\Python314\site-packages\ipykernel\kernelbase.py", line 621, in shell_main
    await self.dispatch_shell(msg, subshell_id=subshell_id)
  File "C:\Users\chris\AppData\Roaming\Python\Python314\site-packages\ipykernel\kernelbase.py", line 478, in dispatch_shell
    await result
  File "C:\Users\chris\AppData\Roaming\Python\Python314\site-packages\ipykernel\ipkernel.py", line 372, in execute_request
    await super().execute_request(stream, ident, parent)
  File "C:\Users\chris\AppData\Roaming\Python\Python314\site-packages\ipykernel\kernelbase.py", line 834, in execute_request
    reply_content = await reply_content
  File "C:\Users\chris\AppData\Roaming\Python\Python314\site-packages\ipykernel\ipkernel.py", line 464, in do_execute
    res = shell.run_cell(
  File "C:\Users\chris\AppData\Roaming\Python\Python314\site-packages\ipykernel\zmqshell.py", line 663, in run_cell
    return super().run_cell(*args, **kwargs)
  File "C:\Users\chris\AppData\Roaming\Python\Python314\site-packages\IPython\core\interactiveshell.py", line 3170, in run_cell
    result = self._run_cell(
  File "C:\Users\chris\AppData\Roaming\Python\Python314\site-packages\IPython\core\interactiveshell.py", line 3225, in _run_cell
    result = runner(coro)
  File "C:\Users\chris\AppData\Roaming\Python\Python314\site-packages\IPython\core\async_helpers.py", line 128, in _pseudo_sync_runner
    coro.send(None)
  File "C:\Users\chris\AppData\Roaming\Python\Python314\site-packages\IPython\core\interactiveshell.py", line 3447, in run_cell_async
    has_raised = await self.run_ast_nodes(code_ast.body, cell_name,
  File "C:\Users\chris\AppData\Roaming\Python\Python314\site-packages\IPython\core\interactiveshell.py", line 3688, in run_ast_nodes
    if await self.run_code(code, result, async_=asy):
  File "C:\Users\chris\AppData\Roaming\Python\Python314\site-packages\IPython\core\interactiveshell.py", line 3748, in run_code
    exec(code_obj, self.user_global_ns, self.user_ns)
  File "C:\Users\chris\AppData\Local\Temp\ipykernel_19112\1630972538.py", line 78, in <module>
    runpy.run_path(str(script_path), run_name="__main__")
  File "<frozen runpy>", line 287, in run_path
  File "<frozen runpy>", line 98, in _run_module_code
  File "<frozen runpy>", line 88, in _run_code
  File "C:\Users\chris\Desktop\Code\TracesPresenter\Traces_presenter\Jupyter\Chaine\scripts_Nowledgeable\session_count_Nowledgeable.py", line 249, in <module>
    main(input_path, output_path, gap)
  File "C:\Users\chris\Desktop\Code\TracesPresenter\Traces_presenter\Jupyter\Chaine\scripts_Nowledgeable\session_count_Nowledgeable.py", line 222, in main
    out.info(
Message: '  %s : %d session(s) (%d activité(s))'
Arguments: ('10649', 6, 23)
--- Logging error ---
Traceback (most recent call last):
  File "c:\Users\chris\AppData\Local\Programs\Python\Python314\Lib\logging\__init__.py", line 1154, in emit
    stream.write(msg + self.terminator)
    ~~~~~~~~~~~~^^^^^^^^^^^^^^^^^^^^^^^
ValueError: I/O operation on closed file.
Call stack:
  File "<frozen runpy>", line 198, in _run_module_as_main
  File "<frozen runpy>", line 88, in _run_code
  File "C:\Users\chris\AppData\Roaming\Python\Python314\site-packages\ipykernel_launcher.py", line 18, in <module>
    app.launch_new_instance()
  File "C:\Users\chris\AppData\Roaming\Python\Python314\site-packages\traitlets\config\application.py", line 1082, in launch_instance
    app.start()
  File "C:\Users\chris\AppData\Roaming\Python\Python314\site-packages\ipykernel\kernelapp.py", line 758, in start
    self.io_loop.start()
  File "C:\Users\chris\AppData\Roaming\Python\Python314\site-packages\tornado\platform\asyncio.py", line 211, in start
    self.asyncio_loop.run_forever()
  File "c:\Users\chris\AppData\Local\Programs\Python\Python314\Lib\asyncio\base_events.py", line 677, in run_forever
    self._run_once()
  File "c:\Users\chris\AppData\Local\Programs\Python\Python314\Lib\asyncio\base_events.py", line 2046, in _run_once
    handle._run()
  File "c:\Users\chris\AppData\Local\Programs\Python\Python314\Lib\asyncio\events.py", line 94, in _run
    self._context.run(self._callback, *self._args)
  File "C:\Users\chris\AppData\Roaming\Python\Python314\site-packages\ipykernel\kernelbase.py", line 621, in shell_main
    await self.dispatch_shell(msg, subshell_id=subshell_id)
  File "C:\Users\chris\AppData\Roaming\Python\Python314\site-packages\ipykernel\kernelbase.py", line 478, in dispatch_shell
    await result
  File "C:\Users\chris\AppData\Roaming\Python\Python314\site-packages\ipykernel\ipkernel.py", line 372, in execute_request
    await super().execute_request(stream, ident, parent)
  File "C:\Users\chris\AppData\Roaming\Python\Python314\site-packages\ipykernel\kernelbase.py", line 834, in execute_request
    reply_content = await reply_content
  File "C:\Users\chris\AppData\Roaming\Python\Python314\site-packages\ipykernel\ipkernel.py", line 464, in do_execute
    res = shell.run_cell(
  File "C:\Users\chris\AppData\Roaming\Python\Python314\site-packages\ipykernel\zmqshell.py", line 663, in run_cell
    return super().run_cell(*args, **kwargs)
  File "C:\Users\chris\AppData\Roaming\Python\Python314\site-packages\IPython\core\interactiveshell.py", line 3170, in run_cell
    result = self._run_cell(
  File "C:\Users\chris\AppData\Roaming\Python\Python314\site-packages\IPython\core\interactiveshell.py", line 3225, in _run_cell
    result = runner(coro)
  File "C:\Users\chris\AppData\Roaming\Python\Python314\site-packages\IPython\core\async_helpers.py", line 128, in _pseudo_sync_runner
    coro.send(None)
  File "C:\Users\chris\AppData\Roaming\Python\Python314\site-packages\IPython\core\interactiveshell.py", line 3447, in run_cell_async
    has_raised = await self.run_ast_nodes(code_ast.body, cell_name,
  File "C:\Users\chris\AppData\Roaming\Python\Python314\site-packages\IPython\core\interactiveshell.py", line 3688, in run_ast_nodes
    if await self.run_code(code, result, async_=asy):
  File "C:\Users\chris\AppData\Roaming\Python\Python314\site-packages\IPython\core\interactiveshell.py", line 3748, in run_code
    exec(code_obj, self.user_global_ns, self.user_ns)
  File "C:\Users\chris\AppData\Local\Temp\ipykernel_19112\1630972538.py", line 78, in <module>
    runpy.run_path(str(script_path), run_name="__main__")
  File "<frozen runpy>", line 287, in run_path
  File "<frozen runpy>", line 98, in _run_module_code
  File "<frozen runpy>", line 88, in _run_code
  File "C:\Users\chris\Desktop\Code\TracesPresenter\Traces_presenter\Jupyter\Chaine\scripts_Nowledgeable\session_count_Nowledgeable.py", line 249, in <module>
    main(input_path, output_path, gap)
  File "C:\Users\chris\Desktop\Code\TracesPresenter\Traces_presenter\Jupyter\Chaine\scripts_Nowledgeable\session_count_Nowledgeable.py", line 222, in main
    out.info(
Message: '  %s : %d session(s) (%d activité(s))'
Arguments: ('10657', 5, 149)
--- Logging error ---
Traceback (most recent call last):
  File "c:\Users\chris\AppData\Local\Programs\Python\Python314\Lib\logging\__init__.py", line 1154, in emit
    stream.write(msg + self.terminator)
    ~~~~~~~~~~~~^^^^^^^^^^^^^^^^^^^^^^^
ValueError: I/O operation on closed file.
Call stack:
  File "<frozen runpy>", line 198, in _run_module_as_main
  File "<frozen runpy>", line 88, in _run_code
  File "C:\Users\chris\AppData\Roaming\Python\Python314\site-packages\ipykernel_launcher.py", line 18, in <module>
    app.launch_new_instance()
  File "C:\Users\chris\AppData\Roaming\Python\Python314\site-packages\traitlets\config\application.py", line 1082, in launch_instance
    app.start()
  File "C:\Users\chris\AppData\Roaming\Python\Python314\site-packages\ipykernel\kernelapp.py", line 758, in start
    self.io_loop.start()
  File "C:\Users\chris\AppData\Roaming\Python\Python314\site-packages\tornado\platform\asyncio.py", line 211, in start
    self.asyncio_loop.run_forever()
  File "c:\Users\chris\AppData\Local\Programs\Python\Python314\Lib\asyncio\base_events.py", line 677, in run_forever
    self._run_once()
  File "c:\Users\chris\AppData\Local\Programs\Python\Python314\Lib\asyncio\base_events.py", line 2046, in _run_once
    handle._run()
  File "c:\Users\chris\AppData\Local\Programs\Python\Python314\Lib\asyncio\events.py", line 94, in _run
    self._context.run(self._callback, *self._args)
  File "C:\Users\chris\AppData\Roaming\Python\Python314\site-packages\ipykernel\kernelbase.py", line 621, in shell_main
    await self.dispatch_shell(msg, subshell_id=subshell_id)
  File "C:\Users\chris\AppData\Roaming\Python\Python314\site-packages\ipykernel\kernelbase.py", line 478, in dispatch_shell
    await result
  File "C:\Users\chris\AppData\Roaming\Python\Python314\site-packages\ipykernel\ipkernel.py", line 372, in execute_request
    await super().execute_request(stream, ident, parent)
  File "C:\Users\chris\AppData\Roaming\Python\Python314\site-packages\ipykernel\kernelbase.py", line 834, in execute_request
    reply_content = await reply_content
  File "C:\Users\chris\AppData\Roaming\Python\Python314\site-packages\ipykernel\ipkernel.py", line 464, in do_execute
    res = shell.run_cell(
  File "C:\Users\chris\AppData\Roaming\Python\Python314\site-packages\ipykernel\zmqshell.py", line 663, in run_cell
    return super().run_cell(*args, **kwargs)
  File "C:\Users\chris\AppData\Roaming\Python\Python314\site-packages\IPython\core\interactiveshell.py", line 3170, in run_cell
    result = self._run_cell(
  File "C:\Users\chris\AppData\Roaming\Python\Python314\site-packages\IPython\core\interactiveshell.py", line 3225, in _run_cell
    result = runner(coro)
  File "C:\Users\chris\AppData\Roaming\Python\Python314\site-packages\IPython\core\async_helpers.py", line 128, in _pseudo_sync_runner
    coro.send(None)
  File "C:\Users\chris\AppData\Roaming\Python\Python314\site-packages\IPython\core\interactiveshell.py", line 3447, in run_cell_async
    has_raised = await self.run_ast_nodes(code_ast.body, cell_name,
  File "C:\Users\chris\AppData\Roaming\Python\Python314\site-packages\IPython\core\interactiveshell.py", line 3688, in run_ast_nodes
    if await self.run_code(code, result, async_=asy):
  File "C:\Users\chris\AppData\Roaming\Python\Python314\site-packages\IPython\core\interactiveshell.py", line 3748, in run_code
    exec(code_obj, self.user_global_ns, self.user_ns)
  File "C:\Users\chris\AppData\Local\Temp\ipykernel_19112\1630972538.py", line 78, in <module>
    runpy.run_path(str(script_path), run_name="__main__")
  File "<frozen runpy>", line 287, in run_path
  File "<frozen runpy>", line 98, in _run_module_code
  File "<frozen runpy>", line 88, in _run_code
  File "C:\Users\chris\Desktop\Code\TracesPresenter\Traces_presenter\Jupyter\Chaine\scripts_Nowledgeable\session_count_Nowledgeable.py", line 249, in <module>
    main(input_path, output_path, gap)
  File "C:\Users\chris\Desktop\Code\TracesPresenter\Traces_presenter\Jupyter\Chaine\scripts_Nowledgeable\session_count_Nowledgeable.py", line 222, in main
    out.info(
Message: '  %s : %d session(s) (%d activité(s))'
Arguments: ('10658', 4, 32)
--- Logging error ---
Traceback (most recent call last):
  File "c:\Users\chris\AppData\Local\Programs\Python\Python314\Lib\logging\__init__.py", line 1154, in emit
    stream.write(msg + self.terminator)
    ~~~~~~~~~~~~^^^^^^^^^^^^^^^^^^^^^^^
ValueError: I/O operation on closed file.
Call stack:
  File "<frozen runpy>", line 198, in _run_module_as_main
  File "<frozen runpy>", line 88, in _run_code
  File "C:\Users\chris\AppData\Roaming\Python\Python314\site-packages\ipykernel_launcher.py", line 18, in <module>
    app.launch_new_instance()
  File "C:\Users\chris\AppData\Roaming\Python\Python314\site-packages\traitlets\config\application.py", line 1082, in launch_instance
    app.start()
  File "C:\Users\chris\AppData\Roaming\Python\Python314\site-packages\ipykernel\kernelapp.py", line 758, in start
    self.io_loop.start()
  File "C:\Users\chris\AppData\Roaming\Python\Python314\site-packages\tornado\platform\asyncio.py", line 211, in start
    self.asyncio_loop.run_forever()
  File "c:\Users\chris\AppData\Local\Programs\Python\Python314\Lib\asyncio\base_events.py", line 677, in run_forever
    self._run_once()
  File "c:\Users\chris\AppData\Local\Programs\Python\Python314\Lib\asyncio\base_events.py", line 2046, in _run_once
    handle._run()
  File "c:\Users\chris\AppData\Local\Programs\Python\Python314\Lib\asyncio\events.py", line 94, in _run
    self._context.run(self._callback, *self._args)
  File "C:\Users\chris\AppData\Roaming\Python\Python314\site-packages\ipykernel\kernelbase.py", line 621, in shell_main
    await self.dispatch_shell(msg, subshell_id=subshell_id)
  File "C:\Users\chris\AppData\Roaming\Python\Python314\site-packages\ipykernel\kernelbase.py", line 478, in dispatch_shell
    await result
  File "C:\Users\chris\AppData\Roaming\Python\Python314\site-packages\ipykernel\ipkernel.py", line 372, in execute_request
    await super().execute_request(stream, ident, parent)
  File "C:\Users\chris\AppData\Roaming\Python\Python314\site-packages\ipykernel\kernelbase.py", line 834, in execute_request
    reply_content = await reply_content
  File "C:\Users\chris\AppData\Roaming\Python\Python314\site-packages\ipykernel\ipkernel.py", line 464, in do_execute
    res = shell.run_cell(
  File "C:\Users\chris\AppData\Roaming\Python\Python314\site-packages\ipykernel\zmqshell.py", line 663, in run_cell
    return super().run_cell(*args, **kwargs)
  File "C:\Users\chris\AppData\Roaming\Python\Python314\site-packages\IPython\core\interactiveshell.py", line 3170, in run_cell
    result = self._run_cell(
  File "C:\Users\chris\AppData\Roaming\Python\Python314\site-packages\IPython\core\interactiveshell.py", line 3225, in _run_cell
    result = runner(coro)
  File "C:\Users\chris\AppData\Roaming\Python\Python314\site-packages\IPython\core\async_helpers.py", line 128, in _pseudo_sync_runner
    coro.send(None)
  File "C:\Users\chris\AppData\Roaming\Python\Python314\site-packages\IPython\core\interactiveshell.py", line 3447, in run_cell_async
    has_raised = await self.run_ast_nodes(code_ast.body, cell_name,
  File "C:\Users\chris\AppData\Roaming\Python\Python314\site-packages\IPython\core\interactiveshell.py", line 3688, in run_ast_nodes
    if await self.run_code(code, result, async_=asy):
  File "C:\Users\chris\AppData\Roaming\Python\Python314\site-packages\IPython\core\interactiveshell.py", line 3748, in run_code
    exec(code_obj, self.user_global_ns, self.user_ns)
  File "C:\Users\chris\AppData\Local\Temp\ipykernel_19112\1630972538.py", line 78, in <module>
    runpy.run_path(str(script_path), run_name="__main__")
  File "<frozen runpy>", line 287, in run_path
  File "<frozen runpy>", line 98, in _run_module_code
  File "<frozen runpy>", line 88, in _run_code
  File "C:\Users\chris\Desktop\Code\TracesPresenter\Traces_presenter\Jupyter\Chaine\scripts_Nowledgeable\session_count_Nowledgeable.py", line 249, in <module>
    main(input_path, output_path, gap)
  File "C:\Users\chris\Desktop\Code\TracesPresenter\Traces_presenter\Jupyter\Chaine\scripts_Nowledgeable\session_count_Nowledgeable.py", line 222, in main
    out.info(
Message: '  %s : %d session(s) (%d activité(s))'
Arguments: ('10659', 1, 9)
--- Logging error ---
Traceback (most recent call last):
  File "c:\Users\chris\AppData\Local\Programs\Python\Python314\Lib\logging\__init__.py", line 1154, in emit
    stream.write(msg + self.terminator)
    ~~~~~~~~~~~~^^^^^^^^^^^^^^^^^^^^^^^
ValueError: I/O operation on closed file.
Call stack:
  File "<frozen runpy>", line 198, in _run_module_as_main
  File "<frozen runpy>", line 88, in _run_code
  File "C:\Users\chris\AppData\Roaming\Python\Python314\site-packages\ipykernel_launcher.py", line 18, in <module>
    app.launch_new_instance()
  File "C:\Users\chris\AppData\Roaming\Python\Python314\site-packages\traitlets\config\application.py", line 1082, in launch_instance
    app.start()
  File "C:\Users\chris\AppData\Roaming\Python\Python314\site-packages\ipykernel\kernelapp.py", line 758, in start
    self.io_loop.start()
  File "C:\Users\chris\AppData\Roaming\Python\Python314\site-packages\tornado\platform\asyncio.py", line 211, in start
    self.asyncio_loop.run_forever()
  File "c:\Users\chris\AppData\Local\Programs\Python\Python314\Lib\asyncio\base_events.py", line 677, in run_forever
    self._run_once()
  File "c:\Users\chris\AppData\Local\Programs\Python\Python314\Lib\asyncio\base_events.py", line 2046, in _run_once
    handle._run()
  File "c:\Users\chris\AppData\Local\Programs\Python\Python314\Lib\asyncio\events.py", line 94, in _run
    self._context.run(self._callback, *self._args)
  File "C:\Users\chris\AppData\Roaming\Python\Python314\site-packages\ipykernel\kernelbase.py", line 621, in shell_main
    await self.dispatch_shell(msg, subshell_id=subshell_id)
  File "C:\Users\chris\AppData\Roaming\Python\Python314\site-packages\ipykernel\kernelbase.py", line 478, in dispatch_shell
    await result
  File "C:\Users\chris\AppData\Roaming\Python\Python314\site-packages\ipykernel\ipkernel.py", line 372, in execute_request
    await super().execute_request(stream, ident, parent)
  File "C:\Users\chris\AppData\Roaming\Python\Python314\site-packages\ipykernel\kernelbase.py", line 834, in execute_request
    reply_content = await reply_content
  File "C:\Users\chris\AppData\Roaming\Python\Python314\site-packages\ipykernel\ipkernel.py", line 464, in do_execute
    res = shell.run_cell(
  File "C:\Users\chris\AppData\Roaming\Python\Python314\site-packages\ipykernel\zmqshell.py", line 663, in run_cell
    return super().run_cell(*args, **kwargs)
  File "C:\Users\chris\AppData\Roaming\Python\Python314\site-packages\IPython\core\interactiveshell.py", line 3170, in run_cell
    result = self._run_cell(
  File "C:\Users\chris\AppData\Roaming\Python\Python314\site-packages\IPython\core\interactiveshell.py", line 3225, in _run_cell
    result = runner(coro)
  File "C:\Users\chris\AppData\Roaming\Python\Python314\site-packages\IPython\core\async_helpers.py", line 128, in _pseudo_sync_runner
    coro.send(None)
  File "C:\Users\chris\AppData\Roaming\Python\Python314\site-packages\IPython\core\interactiveshell.py", line 3447, in run_cell_async
    has_raised = await self.run_ast_nodes(code_ast.body, cell_name,
  File "C:\Users\chris\AppData\Roaming\Python\Python314\site-packages\IPython\core\interactiveshell.py", line 3688, in run_ast_nodes
    if await self.run_code(code, result, async_=asy):
  File "C:\Users\chris\AppData\Roaming\Python\Python314\site-packages\IPython\core\interactiveshell.py", line 3748, in run_code
    exec(code_obj, self.user_global_ns, self.user_ns)
  File "C:\Users\chris\AppData\Local\Temp\ipykernel_19112\1630972538.py", line 78, in <module>
    runpy.run_path(str(script_path), run_name="__main__")
  File "<frozen runpy>", line 287, in run_path
  File "<frozen runpy>", line 98, in _run_module_code
  File "<frozen runpy>", line 88, in _run_code
  File "C:\Users\chris\Desktop\Code\TracesPresenter\Traces_presenter\Jupyter\Chaine\scripts_Nowledgeable\session_count_Nowledgeable.py", line 249, in <module>
    main(input_path, output_path, gap)
  File "C:\Users\chris\Desktop\Code\TracesPresenter\Traces_presenter\Jupyter\Chaine\scripts_Nowledgeable\session_count_Nowledgeable.py", line 222, in main
    out.info(
Message: '  %s : %d session(s) (%d activité(s))'
Arguments: ('10938', 6, 15)
--- Logging error ---
Traceback (most recent call last):
  File "c:\Users\chris\AppData\Local\Programs\Python\Python314\Lib\logging\__init__.py", line 1154, in emit
    stream.write(msg + self.terminator)
    ~~~~~~~~~~~~^^^^^^^^^^^^^^^^^^^^^^^
ValueError: I/O operation on closed file.
Call stack:
  File "<frozen runpy>", line 198, in _run_module_as_main
  File "<frozen runpy>", line 88, in _run_code
  File "C:\Users\chris\AppData\Roaming\Python\Python314\site-packages\ipykernel_launcher.py", line 18, in <module>
    app.launch_new_instance()
  File "C:\Users\chris\AppData\Roaming\Python\Python314\site-packages\traitlets\config\application.py", line 1082, in launch_instance
    app.start()
  File "C:\Users\chris\AppData\Roaming\Python\Python314\site-packages\ipykernel\kernelapp.py", line 758, in start
    self.io_loop.start()
  File "C:\Users\chris\AppData\Roaming\Python\Python314\site-packages\tornado\platform\asyncio.py", line 211, in start
    self.asyncio_loop.run_forever()
  File "c:\Users\chris\AppData\Local\Programs\Python\Python314\Lib\asyncio\base_events.py", line 677, in run_forever
    self._run_once()
  File "c:\Users\chris\AppData\Local\Programs\Python\Python314\Lib\asyncio\base_events.py", line 2046, in _run_once
    handle._run()
  File "c:\Users\chris\AppData\Local\Programs\Python\Python314\Lib\asyncio\events.py", line 94, in _run
    self._context.run(self._callback, *self._args)
  File "C:\Users\chris\AppData\Roaming\Python\Python314\site-packages\ipykernel\kernelbase.py", line 621, in shell_main
    await self.dispatch_shell(msg, subshell_id=subshell_id)
  File "C:\Users\chris\AppData\Roaming\Python\Python314\site-packages\ipykernel\kernelbase.py", line 478, in dispatch_shell
    await result
  File "C:\Users\chris\AppData\Roaming\Python\Python314\site-packages\ipykernel\ipkernel.py", line 372, in execute_request
    await super().execute_request(stream, ident, parent)
  File "C:\Users\chris\AppData\Roaming\Python\Python314\site-packages\ipykernel\kernelbase.py", line 834, in execute_request
    reply_content = await reply_content
  File "C:\Users\chris\AppData\Roaming\Python\Python314\site-packages\ipykernel\ipkernel.py", line 464, in do_execute
    res = shell.run_cell(
  File "C:\Users\chris\AppData\Roaming\Python\Python314\site-packages\ipykernel\zmqshell.py", line 663, in run_cell
    return super().run_cell(*args, **kwargs)
  File "C:\Users\chris\AppData\Roaming\Python\Python314\site-packages\IPython\core\interactiveshell.py", line 3170, in run_cell
    result = self._run_cell(
  File "C:\Users\chris\AppData\Roaming\Python\Python314\site-packages\IPython\core\interactiveshell.py", line 3225, in _run_cell
    result = runner(coro)
  File "C:\Users\chris\AppData\Roaming\Python\Python314\site-packages\IPython\core\async_helpers.py", line 128, in _pseudo_sync_runner
    coro.send(None)
  File "C:\Users\chris\AppData\Roaming\Python\Python314\site-packages\IPython\core\interactiveshell.py", line 3447, in run_cell_async
    has_raised = await self.run_ast_nodes(code_ast.body, cell_name,
  File "C:\Users\chris\AppData\Roaming\Python\Python314\site-packages\IPython\core\interactiveshell.py", line 3688, in run_ast_nodes
    if await self.run_code(code, result, async_=asy):
  File "C:\Users\chris\AppData\Roaming\Python\Python314\site-packages\IPython\core\interactiveshell.py", line 3748, in run_code
    exec(code_obj, self.user_global_ns, self.user_ns)
  File "C:\Users\chris\AppData\Local\Temp\ipykernel_19112\1630972538.py", line 78, in <module>
    runpy.run_path(str(script_path), run_name="__main__")
  File "<frozen runpy>", line 287, in run_path
  File "<frozen runpy>", line 98, in _run_module_code
  File "<frozen runpy>", line 88, in _run_code
  File "C:\Users\chris\Desktop\Code\TracesPresenter\Traces_presenter\Jupyter\Chaine\scripts_Nowledgeable\session_count_Nowledgeable.py", line 249, in <module>
    main(input_path, output_path, gap)
  File "C:\Users\chris\Desktop\Code\TracesPresenter\Traces_presenter\Jupyter\Chaine\scripts_Nowledgeable\session_count_Nowledgeable.py", line 222, in main
    out.info(
Message: '  %s : %d session(s) (%d activité(s))'
Arguments: ('10939', 9, 61)
--- Logging error ---
Traceback (most recent call last):
  File "c:\Users\chris\AppData\Local\Programs\Python\Python314\Lib\logging\__init__.py", line 1154, in emit
    stream.write(msg + self.terminator)
    ~~~~~~~~~~~~^^^^^^^^^^^^^^^^^^^^^^^
ValueError: I/O operation on closed file.
Call stack:
  File "<frozen runpy>", line 198, in _run_module_as_main
  File "<frozen runpy>", line 88, in _run_code
  File "C:\Users\chris\AppData\Roaming\Python\Python314\site-packages\ipykernel_launcher.py", line 18, in <module>
    app.launch_new_instance()
  File "C:\Users\chris\AppData\Roaming\Python\Python314\site-packages\traitlets\config\application.py", line 1082, in launch_instance
    app.start()
  File "C:\Users\chris\AppData\Roaming\Python\Python314\site-packages\ipykernel\kernelapp.py", line 758, in start
    self.io_loop.start()
  File "C:\Users\chris\AppData\Roaming\Python\Python314\site-packages\tornado\platform\asyncio.py", line 211, in start
    self.asyncio_loop.run_forever()
  File "c:\Users\chris\AppData\Local\Programs\Python\Python314\Lib\asyncio\base_events.py", line 677, in run_forever
    self._run_once()
  File "c:\Users\chris\AppData\Local\Programs\Python\Python314\Lib\asyncio\base_events.py", line 2046, in _run_once
    handle._run()
  File "c:\Users\chris\AppData\Local\Programs\Python\Python314\Lib\asyncio\events.py", line 94, in _run
    self._context.run(self._callback, *self._args)
  File "C:\Users\chris\AppData\Roaming\Python\Python314\site-packages\ipykernel\kernelbase.py", line 621, in shell_main
    await self.dispatch_shell(msg, subshell_id=subshell_id)
  File "C:\Users\chris\AppData\Roaming\Python\Python314\site-packages\ipykernel\kernelbase.py", line 478, in dispatch_shell
    await result
  File "C:\Users\chris\AppData\Roaming\Python\Python314\site-packages\ipykernel\ipkernel.py", line 372, in execute_request
    await super().execute_request(stream, ident, parent)
  File "C:\Users\chris\AppData\Roaming\Python\Python314\site-packages\ipykernel\kernelbase.py", line 834, in execute_request
    reply_content = await reply_content
  File "C:\Users\chris\AppData\Roaming\Python\Python314\site-packages\ipykernel\ipkernel.py", line 464, in do_execute
    res = shell.run_cell(
  File "C:\Users\chris\AppData\Roaming\Python\Python314\site-packages\ipykernel\zmqshell.py", line 663, in run_cell
    return super().run_cell(*args, **kwargs)
  File "C:\Users\chris\AppData\Roaming\Python\Python314\site-packages\IPython\core\interactiveshell.py", line 3170, in run_cell
    result = self._run_cell(
  File "C:\Users\chris\AppData\Roaming\Python\Python314\site-packages\IPython\core\interactiveshell.py", line 3225, in _run_cell
    result = runner(coro)
  File "C:\Users\chris\AppData\Roaming\Python\Python314\site-packages\IPython\core\async_helpers.py", line 128, in _pseudo_sync_runner
    coro.send(None)
  File "C:\Users\chris\AppData\Roaming\Python\Python314\site-packages\IPython\core\interactiveshell.py", line 3447, in run_cell_async
    has_raised = await self.run_ast_nodes(code_ast.body, cell_name,
  File "C:\Users\chris\AppData\Roaming\Python\Python314\site-packages\IPython\core\interactiveshell.py", line 3688, in run_ast_nodes
    if await self.run_code(code, result, async_=asy):
  File "C:\Users\chris\AppData\Roaming\Python\Python314\site-packages\IPython\core\interactiveshell.py", line 3748, in run_code
    exec(code_obj, self.user_global_ns, self.user_ns)
  File "C:\Users\chris\AppData\Local\Temp\ipykernel_19112\1630972538.py", line 78, in <module>
    runpy.run_path(str(script_path), run_name="__main__")
  File "<frozen runpy>", line 287, in run_path
  File "<frozen runpy>", line 98, in _run_module_code
  File "<frozen runpy>", line 88, in _run_code
  File "C:\Users\chris\Desktop\Code\TracesPresenter\Traces_presenter\Jupyter\Chaine\scripts_Nowledgeable\session_count_Nowledgeable.py", line 249, in <module>
    main(input_path, output_path, gap)
  File "C:\Users\chris\Desktop\Code\TracesPresenter\Traces_presenter\Jupyter\Chaine\scripts_Nowledgeable\session_count_Nowledgeable.py", line 222, in main
    out.info(
Message: '  %s : %d session(s) (%d activité(s))'
Arguments: ('11714', 5, 36)
--- Logging error ---
Traceback (most recent call last):
  File "c:\Users\chris\AppData\Local\Programs\Python\Python314\Lib\logging\__init__.py", line 1154, in emit
    stream.write(msg + self.terminator)
    ~~~~~~~~~~~~^^^^^^^^^^^^^^^^^^^^^^^
ValueError: I/O operation on closed file.
Call stack:
  File "<frozen runpy>", line 198, in _run_module_as_main
  File "<frozen runpy>", line 88, in _run_code
  File "C:\Users\chris\AppData\Roaming\Python\Python314\site-packages\ipykernel_launcher.py", line 18, in <module>
    app.launch_new_instance()
  File "C:\Users\chris\AppData\Roaming\Python\Python314\site-packages\traitlets\config\application.py", line 1082, in launch_instance
    app.start()
  File "C:\Users\chris\AppData\Roaming\Python\Python314\site-packages\ipykernel\kernelapp.py", line 758, in start
    self.io_loop.start()
  File "C:\Users\chris\AppData\Roaming\Python\Python314\site-packages\tornado\platform\asyncio.py", line 211, in start
    self.asyncio_loop.run_forever()
  File "c:\Users\chris\AppData\Local\Programs\Python\Python314\Lib\asyncio\base_events.py", line 677, in run_forever
    self._run_once()
  File "c:\Users\chris\AppData\Local\Programs\Python\Python314\Lib\asyncio\base_events.py", line 2046, in _run_once
    handle._run()
  File "c:\Users\chris\AppData\Local\Programs\Python\Python314\Lib\asyncio\events.py", line 94, in _run
    self._context.run(self._callback, *self._args)
  File "C:\Users\chris\AppData\Roaming\Python\Python314\site-packages\ipykernel\kernelbase.py", line 621, in shell_main
    await self.dispatch_shell(msg, subshell_id=subshell_id)
  File "C:\Users\chris\AppData\Roaming\Python\Python314\site-packages\ipykernel\kernelbase.py", line 478, in dispatch_shell
    await result
  File "C:\Users\chris\AppData\Roaming\Python\Python314\site-packages\ipykernel\ipkernel.py", line 372, in execute_request
    await super().execute_request(stream, ident, parent)
  File "C:\Users\chris\AppData\Roaming\Python\Python314\site-packages\ipykernel\kernelbase.py", line 834, in execute_request
    reply_content = await reply_content
  File "C:\Users\chris\AppData\Roaming\Python\Python314\site-packages\ipykernel\ipkernel.py", line 464, in do_execute
    res = shell.run_cell(
  File "C:\Users\chris\AppData\Roaming\Python\Python314\site-packages\ipykernel\zmqshell.py", line 663, in run_cell
    return super().run_cell(*args, **kwargs)
  File "C:\Users\chris\AppData\Roaming\Python\Python314\site-packages\IPython\core\interactiveshell.py", line 3170, in run_cell
    result = self._run_cell(
  File "C:\Users\chris\AppData\Roaming\Python\Python314\site-packages\IPython\core\interactiveshell.py", line 3225, in _run_cell
    result = runner(coro)
  File "C:\Users\chris\AppData\Roaming\Python\Python314\site-packages\IPython\core\async_helpers.py", line 128, in _pseudo_sync_runner
    coro.send(None)
  File "C:\Users\chris\AppData\Roaming\Python\Python314\site-packages\IPython\core\interactiveshell.py", line 3447, in run_cell_async
    has_raised = await self.run_ast_nodes(code_ast.body, cell_name,
  File "C:\Users\chris\AppData\Roaming\Python\Python314\site-packages\IPython\core\interactiveshell.py", line 3688, in run_ast_nodes
    if await self.run_code(code, result, async_=asy):
  File "C:\Users\chris\AppData\Roaming\Python\Python314\site-packages\IPython\core\interactiveshell.py", line 3748, in run_code
    exec(code_obj, self.user_global_ns, self.user_ns)
  File "C:\Users\chris\AppData\Local\Temp\ipykernel_19112\1630972538.py", line 78, in <module>
    runpy.run_path(str(script_path), run_name="__main__")
  File "<frozen runpy>", line 287, in run_path
  File "<frozen runpy>", line 98, in _run_module_code
  File "<frozen runpy>", line 88, in _run_code
  File "C:\Users\chris\Desktop\Code\TracesPresenter\Traces_presenter\Jupyter\Chaine\scripts_Nowledgeable\session_count_Nowledgeable.py", line 249, in <module>
    main(input_path, output_path, gap)
  File "C:\Users\chris\Desktop\Code\TracesPresenter\Traces_presenter\Jupyter\Chaine\scripts_Nowledgeable\session_count_Nowledgeable.py", line 222, in main
    out.info(
Message: '  %s : %d session(s) (%d activité(s))'
Arguments: ('723', 1, 2)
--- Logging error ---
Traceback (most recent call last):
  File "c:\Users\chris\AppData\Local\Programs\Python\Python314\Lib\logging\__init__.py", line 1154, in emit
    stream.write(msg + self.terminator)
    ~~~~~~~~~~~~^^^^^^^^^^^^^^^^^^^^^^^
ValueError: I/O operation on closed file.
Call stack:
  File "<frozen runpy>", line 198, in _run_module_as_main
  File "<frozen runpy>", line 88, in _run_code
  File "C:\Users\chris\AppData\Roaming\Python\Python314\site-packages\ipykernel_launcher.py", line 18, in <module>
    app.launch_new_instance()
  File "C:\Users\chris\AppData\Roaming\Python\Python314\site-packages\traitlets\config\application.py", line 1082, in launch_instance
    app.start()
  File "C:\Users\chris\AppData\Roaming\Python\Python314\site-packages\ipykernel\kernelapp.py", line 758, in start
    self.io_loop.start()
  File "C:\Users\chris\AppData\Roaming\Python\Python314\site-packages\tornado\platform\asyncio.py", line 211, in start
    self.asyncio_loop.run_forever()
  File "c:\Users\chris\AppData\Local\Programs\Python\Python314\Lib\asyncio\base_events.py", line 677, in run_forever
    self._run_once()
  File "c:\Users\chris\AppData\Local\Programs\Python\Python314\Lib\asyncio\base_events.py", line 2046, in _run_once
    handle._run()
  File "c:\Users\chris\AppData\Local\Programs\Python\Python314\Lib\asyncio\events.py", line 94, in _run
    self._context.run(self._callback, *self._args)
  File "C:\Users\chris\AppData\Roaming\Python\Python314\site-packages\ipykernel\kernelbase.py", line 621, in shell_main
    await self.dispatch_shell(msg, subshell_id=subshell_id)
  File "C:\Users\chris\AppData\Roaming\Python\Python314\site-packages\ipykernel\kernelbase.py", line 478, in dispatch_shell
    await result
  File "C:\Users\chris\AppData\Roaming\Python\Python314\site-packages\ipykernel\ipkernel.py", line 372, in execute_request
    await super().execute_request(stream, ident, parent)
  File "C:\Users\chris\AppData\Roaming\Python\Python314\site-packages\ipykernel\kernelbase.py", line 834, in execute_request
    reply_content = await reply_content
  File "C:\Users\chris\AppData\Roaming\Python\Python314\site-packages\ipykernel\ipkernel.py", line 464, in do_execute
    res = shell.run_cell(
  File "C:\Users\chris\AppData\Roaming\Python\Python314\site-packages\ipykernel\zmqshell.py", line 663, in run_cell
    return super().run_cell(*args, **kwargs)
  File "C:\Users\chris\AppData\Roaming\Python\Python314\site-packages\IPython\core\interactiveshell.py", line 3170, in run_cell
    result = self._run_cell(
  File "C:\Users\chris\AppData\Roaming\Python\Python314\site-packages\IPython\core\interactiveshell.py", line 3225, in _run_cell
    result = runner(coro)
  File "C:\Users\chris\AppData\Roaming\Python\Python314\site-packages\IPython\core\async_helpers.py", line 128, in _pseudo_sync_runner
    coro.send(None)
  File "C:\Users\chris\AppData\Roaming\Python\Python314\site-packages\IPython\core\interactiveshell.py", line 3447, in run_cell_async
    has_raised = await self.run_ast_nodes(code_ast.body, cell_name,
  File "C:\Users\chris\AppData\Roaming\Python\Python314\site-packages\IPython\core\interactiveshell.py", line 3688, in run_ast_nodes
    if await self.run_code(code, result, async_=asy):
  File "C:\Users\chris\AppData\Roaming\Python\Python314\site-packages\IPython\core\interactiveshell.py", line 3748, in run_code
    exec(code_obj, self.user_global_ns, self.user_ns)
  File "C:\Users\chris\AppData\Local\Temp\ipykernel_19112\1630972538.py", line 78, in <module>
    runpy.run_path(str(script_path), run_name="__main__")
  File "<frozen runpy>", line 287, in run_path
  File "<frozen runpy>", line 98, in _run_module_code
  File "<frozen runpy>", line 88, in _run_code
  File "C:\Users\chris\Desktop\Code\TracesPresenter\Traces_presenter\Jupyter\Chaine\scripts_Nowledgeable\session_count_Nowledgeable.py", line 249, in <module>
    main(input_path, output_path, gap)
  File "C:\Users\chris\Desktop\Code\TracesPresenter\Traces_presenter\Jupyter\Chaine\scripts_Nowledgeable\session_count_Nowledgeable.py", line 229, in main
    out.info(
Message: '%d étudiant(s) ignoré(s) (aucune activité horodatée)'
Arguments: (0,)
--- Logging error ---
Traceback (most recent call last):
  File "c:\Users\chris\AppData\Local\Programs\Python\Python314\Lib\logging\__init__.py", line 1154, in emit
    stream.write(msg + self.terminator)
    ~~~~~~~~~~~~^^^^^^^^^^^^^^^^^^^^^^^
ValueError: I/O operation on closed file.
Call stack:
  File "<frozen runpy>", line 198, in _run_module_as_main
  File "<frozen runpy>", line 88, in _run_code
  File "C:\Users\chris\AppData\Roaming\Python\Python314\site-packages\ipykernel_launcher.py", line 18, in <module>
    app.launch_new_instance()
  File "C:\Users\chris\AppData\Roaming\Python\Python314\site-packages\traitlets\config\application.py", line 1082, in launch_instance
    app.start()
  File "C:\Users\chris\AppData\Roaming\Python\Python314\site-packages\ipykernel\kernelapp.py", line 758, in start
    self.io_loop.start()
  File "C:\Users\chris\AppData\Roaming\Python\Python314\site-packages\tornado\platform\asyncio.py", line 211, in start
    self.asyncio_loop.run_forever()
  File "c:\Users\chris\AppData\Local\Programs\Python\Python314\Lib\asyncio\base_events.py", line 677, in run_forever
    self._run_once()
  File "c:\Users\chris\AppData\Local\Programs\Python\Python314\Lib\asyncio\base_events.py", line 2046, in _run_once
    handle._run()
  File "c:\Users\chris\AppData\Local\Programs\Python\Python314\Lib\asyncio\events.py", line 94, in _run
    self._context.run(self._callback, *self._args)
  File "C:\Users\chris\AppData\Roaming\Python\Python314\site-packages\ipykernel\kernelbase.py", line 621, in shell_main
    await self.dispatch_shell(msg, subshell_id=subshell_id)
  File "C:\Users\chris\AppData\Roaming\Python\Python314\site-packages\ipykernel\kernelbase.py", line 478, in dispatch_shell
    await result
  File "C:\Users\chris\AppData\Roaming\Python\Python314\site-packages\ipykernel\ipkernel.py", line 372, in execute_request
    await super().execute_request(stream, ident, parent)
  File "C:\Users\chris\AppData\Roaming\Python\Python314\site-packages\ipykernel\kernelbase.py", line 834, in execute_request
    reply_content = await reply_content
  File "C:\Users\chris\AppData\Roaming\Python\Python314\site-packages\ipykernel\ipkernel.py", line 464, in do_execute
    res = shell.run_cell(
  File "C:\Users\chris\AppData\Roaming\Python\Python314\site-packages\ipykernel\zmqshell.py", line 663, in run_cell
    return super().run_cell(*args, **kwargs)
  File "C:\Users\chris\AppData\Roaming\Python\Python314\site-packages\IPython\core\interactiveshell.py", line 3170, in run_cell
    result = self._run_cell(
  File "C:\Users\chris\AppData\Roaming\Python\Python314\site-packages\IPython\core\interactiveshell.py", line 3225, in _run_cell
    result = runner(coro)
  File "C:\Users\chris\AppData\Roaming\Python\Python314\site-packages\IPython\core\async_helpers.py", line 128, in _pseudo_sync_runner
    coro.send(None)
  File "C:\Users\chris\AppData\Roaming\Python\Python314\site-packages\IPython\core\interactiveshell.py", line 3447, in run_cell_async
    has_raised = await self.run_ast_nodes(code_ast.body, cell_name,
  File "C:\Users\chris\AppData\Roaming\Python\Python314\site-packages\IPython\core\interactiveshell.py", line 3688, in run_ast_nodes
    if await self.run_code(code, result, async_=asy):
  File "C:\Users\chris\AppData\Roaming\Python\Python314\site-packages\IPython\core\interactiveshell.py", line 3748, in run_code
    exec(code_obj, self.user_global_ns, self.user_ns)
  File "C:\Users\chris\AppData\Local\Temp\ipykernel_19112\1630972538.py", line 78, in <module>
    runpy.run_path(str(script_path), run_name="__main__")
  File "<frozen runpy>", line 287, in run_path
  File "<frozen runpy>", line 98, in _run_module_code
  File "<frozen runpy>", line 88, in _run_code
  File "C:\Users\chris\Desktop\Code\TracesPresenter\Traces_presenter\Jupyter\Chaine\scripts_Nowledgeable\session_count_Nowledgeable.py", line 249, in <module>
    main(input_path, output_path, gap)
  File "C:\Users\chris\Desktop\Code\TracesPresenter\Traces_presenter\Jupyter\Chaine\scripts_Nowledgeable\session_count_Nowledgeable.py", line 233, in main
    write_metric(METRIC_NAME, metric_map, write_path)
  File "C:\Users\chris\Desktop\Code\TracesPresenter\Traces_presenter\Jupyter\Chaine\scripts_Nowledgeable\session_count_Nowledgeable.py", line 189, in write_metric
    out.info("Résultat écrit dans %s (%d étudiants)", path, len(metric_map))
Message: 'Résultat écrit dans %s (%d étudiants)'
Arguments: ('C:\\Users\\chris\\Desktop\\Code\\TracesPresenter\\Traces_presenter\\Jupyter\\Chaine\\csv\\SessionCount_Nowledgeable.csv', 30)
